No,機体名,★変形flag,ＨＰ,装甲,運動,索敵,ＥＮ,重量,直感,操縦,近,中,遠,名声,NT,SIZE,コスト,クレジット,地上,水中,宇宙,空中,種別
0,ボール,0,120,17,35,40,117,8,0,0,10,0,0,1,－,Ｓ,14,2910,-5,-5,3,-5,その他／連邦軍・ティターンズ・地球連合／機動戦士ガンダム／量産機
1,ボールK型,0,120,17,35,40,117,8,0,0,10,0,0,1,－,Ｓ,14,2910,-5,-5,3,-5,その他／連邦軍・ティターンズ・地球連合／第08MS小隊／量産機
2,ザクI,0,262,19,39,40,280,18,0,0,10,0,0,1,－,Ｍ,25,3540,2,-3,2,-4,MS系／ザク系／ジオン・ネオジオン軍・ザフト／機動戦士ガンダム／量産機
3,ザクタンク,0,230,15,30,62,212,16,0,0,0,0,10,1,－,Ｍ,21,2760,2,-3,-5,-5,MS系／ザク系／ジオン・ネオジオン軍・ザフト／MSV(モビルスーツバリエーション)／量産機
4,アッグ,0,256,21,60,42,283,15,0,20,30,0,0,1,－,Ｍ,27,6630,2,0,-5,-5,MS系／ジオン・ネオジオン軍・ザフト／MSV(モビルスーツバリエーション)／量産機
5,アッグガイ,0,307,26,52,48,333,19,10,20,30,0,0,1,－,Ｍ,30,9690,2,2,-5,-5,MS系／ジオン・ネオジオン軍・ザフト／MSV(モビルスーツバリエーション)／量産機
6,ジュアッグ,0,312,30,50,52,175,17,10,10,10,25,0,1,－,Ｍ,25,6010,2,2,-5,-5,MS系／ジオン・ネオジオン軍・ザフト／MSV(モビルスーツバリエーション)／量産機
7,ザク・マリンタイプ,0,308,21,56,42,252,18,0,20,0,30,0,1,－,Ｍ,24,6630,0,4,-5,-2,MS系／ザク系／ジオン・ネオジオン軍・ザフト／MSV(モビルスーツバリエーション)
8,グフ,0,290,30,52,42,312,18,10,30,30,0,0,1,－,Ｍ,20,8610,3,-3,-5,-4,MS系／ジオン・ネオジオン軍・ザフト／機動戦士ガンダム／グフ系／量産機
9,アッガイ,0,275,22,52,42,300,19,10,30,30,15,0,1,－,Ｍ,25,6810,2,3,-5,-4,MS系／ジオン・ネオジオン軍・ザフト／機動戦士ガンダム／量産機
10,ザクIIF型,0,275,21,43,42,300,18,0,30,0,30,0,10,－,Ｍ,17,6750,2,-3,2,-4,MS系／ザク系／ジオン・ネオジオン軍・ザフト／機動戦士ガンダム／量産機
11,ザクIIJ型,0,275,24,43,42,300,18,0,30,0,30,0,1,－,Ｍ,17,6810,3,-3,-5,-4,MS系／ザク系／ジオン・ネオジオン軍・ザフト／機動戦士ガンダム／量産機
12,デザートザク,0,275,24,43,42,300,18,0,30,0,30,0,1,－,Ｍ,19,6810,3,-3,-5,-4,MS系／ザク系／ジオン・ネオジオン軍・ザフト／機動戦士ガンダム／量産機
13,アクア・ジム,0,275,26,42,60,300,18,0,0,0,40,0,1,－,Ｍ,20,6810,0,4,-5,-4,MS系／ジム系／連邦軍・ティターンズ・地球連合／MSV(モビルスーツバリエーション)／量産機
14,ザクキャノン,0,276,30,37,68,300,18,0,0,0,30,30,1,－,Ｍ,21,7230,3,-3,-5,-4,MS系／ザク系／ジオン・ネオジオン軍・ザフト／機動戦士ガンダム／量産機
15,ジム,0,275,24,43,60,300,18,0,10,30,30,0,5,－,Ｍ,20,6810,2,-3,2,-4,MS系／ジム系／連邦軍・ティターンズ・地球連合／機動戦士ガンダム／量産機
16,ゴッグ,0,296,35,44,50,333,18,0,0,35,35,0,5,－,Ｍ,22,8580,2,3,-5,-5,MS系／ジオン・ネオジオン軍・ザフト／機動戦士ガンダム／量産機
17,宇宙仕様ジム・コマンド,0,294,28,52,55,320,18,0,0,40,40,0,1,－,Ｍ,22,8040,1,-3,3,-4,MS系／ジム系／連邦軍・ティターンズ・地球連合／ポケットの中の戦争／量産機
18,ジム・カスタム,0,345,33,70,58,397,18,50,90,140,140,0,10,－,Ｍ,28,12720,2,-5,2,-4,MS系／ジム系／連邦軍・ティターンズ・地球連合／スターダストメモリー／量産機
19,陸戦型ジム,0,282,25,48,42,312,18,0,0,35,35,0,1,－,Ｍ,18,7350,3,-3,-5,-4,MS系／ジム系／連邦軍・ティターンズ・地球連合／第08MS小隊／量産機
20,ジム・スナイパーカスタム,0,296,26,52,65,326,18,50,0,0,0,50,5,－,Ｍ,27,9180,2,-3,2,-4,MS系／ジム系／連邦軍・ティターンズ・地球連合／MSV(モビルスーツバリエーション)／量産機
21,グフ重装型,0,310,33,36,40,340,12,0,0,0,60,0,1,－,Ｍ,29,9210,3,-5,-5,-2,MS系／ジオン・ネオジオン軍・ザフト／MSV(モビルスーツバリエーション)／グフ系／量産機
22,ジム・キャノン,0,276,24,52,58,300,18,0,0,0,0,60,1,－,Ｍ,21,7290,2,-3,2,-4,MS系／ジム系／連邦軍・ティターンズ・地球連合／MSV(モビルスーツバリエーション)／量産機
23,ブルーディスティニー1号機,0,320,32,78,42,390,18,50,0,50,0,0,45,－,Ｍ,38,13470,3,-3,-5,-4,MS系／ガンダム系／連邦軍・ティターンズ・地球連合／戦慄のブルー
24,高機動型ザク,0,280,21,56,42,312,18,0,40,40,40,0,10,－,Ｍ,28,7350,-4,-4,4,-4,MS系／ザク系／ジオン・ネオジオン軍・ザフト／機動戦士ガンダム／量産機
25,イフリート,0,313,28,65,56,337,18,0,0,60,60,0,30,－,Ｍ,35,9630,3,-3,-5,-4,MS系／ジオン・ネオジオン軍・ザフト
26,ザクII改,0,294,27,54,52,320,18,0,60,60,60,0,1,－,Ｍ,22,8430,2,-3,2,-4,MS系／ザク系／ジオン・ネオジオン軍・ザフト／ポケットの中の戦争／量産機
27,サイコミュ試験用ザク,0,288,24,52,64,354,18,150,150,0,0,150,20,NT1,Ｍ,31,9720,0,-4,2,-5,MS系／ザク系／ジオン・ネオジオン軍・ザフト／機動戦士ガンダム
28,パワード・ジム,0,304,29,63,58,347,18,0,50,55,55,0,1,－,Ｍ,24,9780,2,-5,2,-4,MS系／ジム系／連邦軍・ティターンズ・地球連合／スターダストメモリー／量産機
29,ジム・クゥエル,0,345,35,74,52,397,18,0,0,60,60,0,10,－,Ｍ,28,13230,2,-3,2,-4,MS系／ジム系／連邦軍・ティターンズ・地球連合／スターダストメモリー／量産機
30,ガンタンクII,0,312,26,37,84,408,16,0,30,0,0,90,1,－,Ｍ,34,9240,3,-4,-5,-5,その他／連邦軍・ティターンズ・地球連合／機動戦士Zガンダム／量産機
31,ガンタンク,0,294,24,32,80,354,15,0,0,0,0,80,1,－,Ｍ,31,8010,2,-4,-2,-5,MS系／連邦軍・ティターンズ・地球連合／機動戦士ガンダム
32,グフ飛行試験型,0,292,28,62,48,340,18,0,60,0,80,0,1,－,Ｍ,26,8460,3,-3,-5,1,MS系／ジオン・ネオジオン軍・ザフト／MSV(モビルスーツバリエーション)／グフ系
33,高機動型ザク後期型,0,348,28,70,52,340,18,0,65,65,65,0,10,－,Ｍ,34,7350,-4,-4,4,-5,MS系／ザク系／ジオン・ネオジオン軍・ザフト／機動戦士ガンダム／量産機
34,陸戦型ガンダム,0,320,30,65,48,354,18,75,75,75,75,0,5,－,Ｍ,23,10470,3,-3,-5,-4,MS系／ガンダム系／連邦軍・ティターンズ・地球連合／第08MS小隊／量産機
35,ブルーディスティニー2号機,0,352,32,87,58,390,18,80,0,80,0,0,60,－,Ｍ,40,13920,2,-3,1,-4,MS系／ガンダム系／連邦軍・ティターンズ・地球連合／戦慄のブルー
36,ゾゴック,0,307,28,52,42,333,18,0,50,95,0,0,1,－,Ｍ,30,9690,2,-2,-5,-5,MS系／ジオン・ネオジオン軍・ザフト／MSV(モビルスーツバリエーション)
37,ザクIIS型,0,294,21,43,46,300,18,0,30,0,30,0,10,－,Ｍ,20,6750,2,-3,2,-4,MS系／ザク系／ジオン・ネオジオン軍・ザフト／機動戦士ガンダム／量産機
38,サイコミュ高機動試験型ザク,0,294,24,70,64,354,17,80,80,0,0,80,1,NT2,Ｍ,23,10260,-5,-5,4,-5,MS系／ザク系／ジオン・ネオジオン軍・ザフト／MSV(モビルスーツバリエーション)
39,量産型ガンキャノン,0,300,32,48,68,320,18,0,0,0,80,80,1,－,Ｍ,28,8670,2,-3,2,-4,MS系／連邦軍・ティターンズ・地球連合／ポケットの中の戦争／量産機
40,ガンダイバー,0,275,28,55,50,320,15,80,80,80,80,0,1,－,Ｍ,27,7470,2,3,-5,-2,MS系／ジム系／連邦軍・ティターンズ・地球連合／MSV(モビルスーツバリエーション)／量産機
41,ドム,0,300,28,56,48,326,18,0,0,85,85,0,1,－,Ｍ,20,9270,3,-2,-5,-4,MS系／ジオン・ネオジオン軍・ザフト／機動戦士ガンダム／ドム系／量産機
42,ザクレロ,0,417,24,74,58,390,25,60,60,0,0,0,1,－,Ｍ,38,12630,-6,-6,3,-6,MA系／ジオン・ネオジオン軍・ザフト／機動戦士ガンダム
43,ドラッツェ,0,256,19,56,45,312,29,0,0,90,90,0,1,－,Ｍ,27,6690,-5,-5,3,-5,MS系／ジオン・ネオジオン軍・ザフト／スターダストメモリー／量産機
44,ガンキャノン,0,305,39,48,68,354,18,0,0,0,95,95,50,－,Ｍ,33,9270,2,-1,2,-1,MS系／連邦軍・ティターンズ・地球連合／機動戦士ガンダム
45,ズゴック,0,307,28,52,42,333,18,0,0,95,95,0,1,－,Ｍ,17,9630,2,3,-5,-5,MS系／ジオン・ネオジオン軍・ザフト／機動戦士ガンダム／量産機
46,ジム・スナイパーII,0,308,28,56,70,340,18,100,0,0,0,100,1,－,Ｍ,29,9870,2,-3,2,-4,MS系／ジム系／連邦軍・ティターンズ・地球連合／ポケットの中の戦争／量産機
47,リック・ドム,0,300,28,56,48,326,18,0,0,90,90,0,1,－,Ｍ,20,9270,-3,-4,3,-5,MS系／ジオン・ネオジオン軍・ザフト／機動戦士ガンダム／ドム系／量産機
48,ハイゴッグ,0,305,26,65,55,347,15,0,0,0,90,90,10,－,Ｍ,29,9780,2,4,-5,-2,MS系／ジオン・ネオジオン軍・ザフト／ポケットの中の戦争／量産機
49,ジム・キャノンII,0,345,39,52,52,408,18,100,100,120,150,90,1,－,Ｍ,25,12840,2,-5,2,-4,MS系／ジム系／連邦軍・ティターンズ・地球連合／スターダストメモリー／量産機
50,グフ・カスタム,0,304,32,56,50,326,18,0,0,125,0,0,10,－,Ｍ,28,9120,4,-3,-5,-4,MS系／ジオン・ネオジオン軍・ザフト／第08MS小隊／グフ系／量産機
51,ガンキャノン重装型,0,320,48,39,68,390,18,0,0,0,0,130,1,－,Ｍ,25,10230,2,-3,2,-4,MS系／連邦軍・ティターンズ・地球連合／MSV(モビルスーツバリエーション)／量産機
52,イフリート改,0,313,28,70,58,337,18,100,0,90,90,0,20,－,Ｍ,36,11070,3,-3,-5,-4,MS系／ジオン・ネオジオン軍・ザフト／戦慄のブルー
53,量産型ギャン,0,320,30,62,54,354,18,0,100,130,0,0,1,－,Ｍ,30,10440,2,-3,2,-4,MS系／ジオン・ネオジオン軍・ザフト／機動戦士ガンダム／ギャン系／量産機
54,ガンダムEz8,0,352,31,65,50,354,18,90,90,90,90,0,20,－,Ｍ,34,11040,3,-3,-5,-4,MS系／ガンダム系／連邦軍・ティターンズ・地球連合／第08MS小隊
55,ギャンキャノン,0,294,30,62,54,310,13,0,0,130,0,100,1,－,Ｍ,29,10650,4,-5,2,-4,MS系／ジオン・ネオジオン軍・ザフト／MSV(モビルスーツバリエーション)／ギャン系／量産機
56,高機動型ギャン,0,334,30,68,54,310,13,0,100,130,0,0,1,－,Ｍ,31,11580,2,-5,2,-4,MS系／ジオン・ネオジオン軍・ザフト／MSV(モビルスーツバリエーション)／ギャン系／量産機
57,量産型ゲルググ,0,320,30,61,54,354,19,0,90,115,135,0,50,－,Ｍ,23,10440,2,-3,2,-4,MS系／ジオン・ネオジオン軍・ザフト／機動戦士ガンダム／ゲルググ系／量産機
58,ジムII,0,312,30,59,59,340,18,0,0,75,75,0,60,－,Ｍ,22,10350,2,-3,2,-4,MS系／ジム系／連邦軍・ティターンズ・地球連合／機動戦士Zガンダム／量産機
59,ドム・トローペン,0,313,28,61,50,347,18,0,0,135,135,0,50,－,Ｍ,22,9720,3,-2,-5,-4,MS系／ジオン・ネオジオン軍・ザフト／スターダストメモリー／ドム系／量産機
60,ゲルググキャノン,0,320,30,54,60,397,19,0,90,0,0,130,1,－,Ｍ,24,10950,2,-2,2,-4,MS系／ジオン・ネオジオン軍・ザフト／MSV(モビルスーツバリエーション)／ゲルググ系／量産機
61,ボルジャーノン,0,263,25,60,42,326,18,0,30,30,0,0,30,－,Ｍ,29,9060,2,-2,0,0,MS系／ザク系／ターンAガンダム
62,ガンダム・ピクシー,0,384,35,74,50,408,18,0,140,140,0,0,35,－,Ｍ,35,12060,3,-3,-5,-4,MS系／ガンダム系／連邦軍・ティターンズ・地球連合
63,ガルバルディβ,0,358,30,76,65,390,19,0,125,125,125,0,1,－,Ｍ,27,11430,2,-3,2,-4,MS系／連邦軍・ティターンズ・地球連合／機動戦士Zガンダム／量産機
64,ズゴックE,0,336,33,65,54,347,18,0,0,120,120,0,70,－,Ｍ,29,10410,3,3,-5,-4,MS系／ジオン・ネオジオン軍・ザフト／ポケットの中の戦争／量産機
65,高機動型ゲルググ,0,336,30,74,54,397,19,0,145,125,125,0,40,－,Ｍ,36,11040,1,-3,3,-4,MS系／ジオン・ネオジオン軍・ザフト／MSV(モビルスーツバリエーション)／ゲルググ系／量産機
66,ドワッジ,0,326,30,65,54,355,18,0,0,125,130,0,20,－,Ｍ,23,10830,3,-2,-5,-4,MS系／ジオン・ネオジオン軍・ザフト／機動戦士ガンダムZZ／ドム系／量産機
67,ブルーディスティニー3号機,0,352,32,78,58,390,18,80,0,80,0,0,10,－,Ｍ,40,13920,2,-3,1,-4,MS系／ガンダム系／連邦軍・ティターンズ・地球連合／戦慄のブルー
68,ガンダム,0,384,35,70,58,408,18,130,130,130,130,0,10,－,Ｍ,38,11490,2,-1,2,-1,MS系／ガンダム系／連邦軍・ティターンズ・地球連合／機動戦士ガンダム
69,ハイザック,0,336,32,65,55,354,18,0,0,0,100,0,50,－,Ｍ,24,11490,2,-3,2,-4,MS系／ザク系／連邦軍・ティターンズ・地球連合／機動戦士Zガンダム／量産機
70,ガンダムMk-II,0,384,41,94,65,425,18,135,135,135,135,0,60,－,Ｍ,31,22120,2,-3,2,-3,MS系／ガンダム系／エウーゴ・カラバ／機動戦士Zガンダム
71,ゲルググJ,0,336,30,78,72,397,19,0,155,100,155,190,1,－,Ｍ,27,11040,2,-3,2,-4,MS系／ジオン・ネオジオン軍・ザフト／ポケットの中の戦争／ゲルググ系／量産機
72,ゾック,0,400,39,43,64,432,23,0,0,0,165,0,1,－,Ｍ,38,14430,-5,3,-5,-5,MS系／ジオン・ネオジオン軍・ザフト／機動戦士ガンダム
73,G-3ガンダム,0,384,35,78,58,408,18,155,155,155,155,0,15,－,Ｍ,39,12660,2,-1,2,-1,MS系／ガンダム系／連邦軍・ティターンズ・地球連合／MSV(モビルスーツバリエーション)
74,ギラ・ドーガ,0,384,43,87,80,425,20,0,175,120,170,170,50,－,Ｍ,32,17070,2,-3,2,-3,MS系／ザク系／ジオン・ネオジオン軍・ザフト／逆襲のシャア／量産機
75,ゲルググM,0,320,31,63,58,372,19,0,165,165,165,0,1,－,Ｍ,24,10860,0,-4,3,-4,MS系／ジオン・ネオジオン軍・ザフト／スターダストメモリー／ゲルググ系／量産機
76,フルアーマーガンダム,0,400,43,52,60,408,18,135,165,145,145,0,10,－,Ｍ,28,13980,2,-3,2,-4,MS系／ガンダム系／連邦軍・ティターンズ・地球連合／MSV(モビルスーツバリエーション)
77,ケンプファー,0,320,26,96,58,408,18,0,0,165,165,0,50,－,Ｍ,27,16860,2,-3,2,-3,MS系／ジオン・ネオジオン軍・ザフト／ポケットの中の戦争
78,アレックス,0,400,37,78,58,425,18,140,0,120,155,0,130,NT2,Ｍ,30,17070,2,-3,2,-3,MS系／ガンダム系／連邦軍・ティターンズ・地球連合／ポケットの中の戦争
79,アッザム,0,435,39,52,64,460,22,150,150,150,150,0,1,－,Ｍ,41,17640,-5,-5,-5,3,MA系／ジオン・ネオジオン軍・ザフト／機動戦士ガンダム
80,リック・ディアス,0,390,43,87,58,447,18,170,170,170,170,0,50,－,Ｍ,36,22420,2,-3,2,-3,MS系／エウーゴ・カラバ／機動戦士Zガンダム／量産機
81,マラサイ,0,372,37,74,60,315,17,145,145,145,145,0,50,－,Ｍ,35,9610,2,-3,2,-3,MS系／連邦軍・ティターンズ・地球連合／機動戦士Zガンダム／量産機
82,ビグロ,0,441,28,87,60,432,24,175,175,160,0,0,1,－,Ｌ,42,16410,-6,-6,3,-6,MA系／ジオン・ネオジオン軍・ザフト／機動戦士ガンダム
83,リ・ガズィ,0,416,53,107,60,460,18,175,175,0,0,0,80,－,Ｍ,45,43660,2,-3,2,-3,MS系／ガンダム系／連邦軍・ティターンズ・地球連合／逆襲のシャア
84,ガンダムGP01(ゼフィランサス),0,410,41,83,60,425,18,150,175,175,175,0,20,－,Ｍ,31,21220,3,-4,-4,-3,MS系／ガンダム系／連邦軍・ティターンズ・地球連合／スターダストメモリー
85,ガンダムGP03S(ステイメン),0,410,41,91,60,425,18,170,180,0,180,180,20,－,Ｍ,32,22300,0,-4,3,-5,MS系／ガンダム系／連邦軍・ティターンズ・地球連合／スターダストメモリー
86,ガンダムGP02(サイサリス),0,410,50,70,60,532,22,180,180,180,0,180,50,－,Ｍ,34,25960,2,-5,2,-3,MS系／ガンダム系／ジオン・ネオジオン軍・ザフト／スターダストメモリー
87,ガンダムGP01Fb(フルバーニアン),0,410,41,83,60,425,18,150,175,175,175,0,40,－,Ｍ,31,21220,-4,-5,3,-5,MS系／ガンダム系／連邦軍・ティターンズ・地球連合／スターダストメモリー
88,グラブロ,0,492,43,60,60,504,26,100,150,90,100,0,70,－,Ｌ,45,26980,-5,3,-5,-5,MA系／ジオン・ネオジオン軍・ザフト／機動戦士ガンダム
89,ガンダムGP04(ガーベラ),0,400,35,86,65,445,19,180,180,180,180,0,50,－,Ｍ,32,15660,2,-4,2,-3,MS系／ガンダム系／連邦軍・ティターンズ・地球連合／スターダストメモリー
90,ガーベラ・テトラ,0,410,41,96,58,425,18,175,190,150,190,0,1,－,Ｍ,32,21220,2,-4,3,-4,MS系／ジオン・ネオジオン軍・ザフト／スターダストメモリー
91,ガブスレイ,0,410,52,105,67,460,18,160,185,185,185,185,100,－,Ｍ,45,46480,2,-3,2,-4,MS系／連邦軍・ティターンズ・地球連合／機動戦士Zガンダム
92,ギャプラン,0,422,43,113,70,454,19,150,185,185,185,0,100,－,Ｍ,46,46240,2,-3,2,-4,MS系／連邦軍・ティターンズ・地球連合／機動戦士Zガンダム／量産機
93,ヴァル・ヴァロ,0,460,35,100,60,482,22,160,185,0,190,0,100,－,Ｌ,45,19920,-5,-5,3,-5,MA系／ジオン・ネオジオン軍・ザフト／スターダストメモリー
94,ブラウ・ブロ,0,452,28,59,75,482,30,175,0,0,0,170,1,NT2,Ｌ,43,18750,-5,-5,3,-5,MA系／ジオン・ネオジオン軍・ザフト／機動戦士ガンダム
95,ジオング,0,480,43,78,74,496,20,180,0,0,185,185,30,NT3,Ｍ,37,35260,-5,-5,4,-5,MS系／ジオン・ネオジオン軍・ザフト／機動戦士ガンダム
96,ザク頭仕様Zガンダム,0,457,45,95,40,624,19,260,270,200,230,250,30,NT1,Ｍ,49,22060,2,-5,3,-1,MS系／ザク系／ガンダム系／エウーゴ・カラバ／機動戦士ガンダムZZ
97,ビグ・ザム,0,640,52,52,70,510,50,130,200,0,120,205,40,－,Ｌ,51,56020,2,-5,2,-5,MA系／ジオン・ネオジオン軍・ザフト／機動戦士ガンダム
98,エルメス,0,576,33,75,99,530,30,200,150,0,0,185,120,NT3,Ｌ,52,47220,-5,-5,3,-5,MA系／ジオン・ネオジオン軍・ザフト／機動戦士ガンダム
99,アッシマー,0,400,48,98,65,447,19,150,150,190,190,0,100,－,Ｍ,44,23320,2,-3,-5,-4,MS系／連邦軍・ティターンズ・地球連合／機動戦士Zガンダム／量産機
100,ハンブラビ,0,410,48,109,65,454,19,150,150,150,140,0,100,－,Ｍ,45,43720,2,-3,2,-4,MS系／連邦軍・ティターンズ・地球連合／機動戦士Zガンダム
101,パーフェクトジオング,0,617,43,82,74,578,40,185,0,0,185,185,150,NT3,Ｌ,44,47380,1,-3,3,-5,MS系／ジオン・ネオジオン軍・ザフト／MSV(モビルスーツバリエーション)
102,ガンダムGP03(デンドロビウム),0,704,48,96,95,532,30,200,200,0,200,200,50,－,Ｌ,59,23680,-6,-6,5,-6,MA系／ガンダム系／連邦軍・ティターンズ・地球連合／スターダストメモリー
103,ノイエ・ジール,0,704,56,87,60,532,76,160,200,185,185,190,80,－,Ｌ,56,21760,-6,-6,4,-6,MA系／ジオン・ネオジオン軍・ザフト／スターダストメモリー
104,ガンダムMk-II-NT,0,470,38,76,70,400,16,200,200,200,200,200,40,NT1,Ｍ,38,30520,1,-4,1,-2,MS系／ガンダム系／連邦軍・ティターンズ・地球連合／Z-MSV
105,ガーベラ・テトラ改,0,450,45,98,68,425,18,175,190,150,190,0,150,－,Ｍ,34,25360,2,-4,3,-4,MS系／ジオン・ネオジオン軍・ザフト／スターダストメモリー
106,∀ガンダム,0,547,65,118,68,763,20,200,200,150,160,150,270,－,Ｍ,62,179210,0,0,3,0,MS系／ガンダム系／ターンAガンダム
107,メッサーラ,0,442,53,122,65,460,23,190,180,170,180,0,130,NT2,Ｍ,48,53620,-5,-5,3,-4,MS系／連邦軍・ティターンズ・地球連合／機動戦士Zガンダム
108,バウンド・ドック,0,448,59,113,62,478,27,180,190,170,170,0,100,強1,Ｍ,38,57160,2,-3,3,-4,MS系／連邦軍・ティターンズ・地球連合／機動戦士Zガンダム
109,ティターンズ専用ガンダム,0,365,35,70,63,325,21,150,150,150,150,0,30,強1,Ｍ,33,11610,2,-1,2,-1,MS系／連邦軍・ティターンズ・地球連合／ガンダム系／専用機
110,連邦軍仕様ハイザック,0,360,33,70,65,210,18,0,0,0,100,0,90,－,Ｍ,31,8410,2,-3,2,-3,MS系／連邦軍・ティターンズ・地球連合／ザク系／量産機／機動戦士Zガンダム
111,ティターンズ専用ガンダムMk-II,0,384,41,94,65,425,18,135,135,135,135,0,50,－,Ｍ,41,22120,2,-3,2,-4,MS系／連邦軍・ティターンズ・地球連合／ガンダム系／専用機／機動戦士Zガンダム
112,黒い三連星専用ザクI,0,288,20,43,52,300,18,10,10,10,0,0,10,－,Ｍ,28,3930,1,-4,1,-3,MS系／ザク系／ジオン・ネオジオン軍・ザフト／MSV(モビルスーツバリエーション)／専用機
113,ランバ・ラル専用ザクI,0,288,20,43,52,300,18,10,35,40,0,0,10,－,Ｍ,28,3930,1,-4,1,-3,MS系／ザク系／ジオン・ネオジオン軍・ザフト／MSV(モビルスーツバリエーション)／専用機
114,マ・クベ専用グフ,0,290,30,52,42,312,18,10,30,30,0,0,20,－,Ｍ,29,8610,3,-3,-5,-4,MS系／ジオン・ネオジオン軍・ザフト／MSV(モビルスーツバリエーション)／グフ系／専用機
115,マツナガ専用ザクII,0,275,21,43,42,300,18,0,30,0,30,0,20,－,Ｍ,27,6750,2,-3,2,-4,MS系／ザク系／ジオン・ネオジオン軍・ザフト／MSV(モビルスーツバリエーション)／専用機
116,ライデン専用ザクII,0,294,21,43,46,300,18,0,30,0,30,0,25,－,Ｍ,28,6750,2,-3,2,-4,MS系／ザク系／ジオン・ネオジオン軍・ザフト／MSV(モビルスーツバリエーション)／専用機
117,シャア専用ザクII,0,320,26,61,48,300,18,0,0,0,30,0,30,－,Ｍ,30,6750,2,-3,2,-4,MS系／ザク系／ジオン・ネオジオン軍・ザフト／MSV(モビルスーツバリエーション)／専用機
118,高機動型ザク改良型,0,348,28,70,52,340,18,0,65,65,65,0,1,－,Ｍ,34,7350,-4,-4,4,-5,MS系／ザク系／ジオン・ネオジオン軍・ザフト／MSV(モビルスーツバリエーション)／量産機
119,黒い三連星専用高機動型ザク,0,336,26,61,54,326,18,0,60,60,60,0,40,－,Ｍ,31,7350,-4,-5,4,-4,MS系／ザク系／ジオン・ネオジオン軍・ザフト／MSV(モビルスーツバリエーション)／専用機
120,マツナガ専用高機動型ザク,0,316,26,61,42,326,18,0,40,40,40,0,40,－,Ｍ,21,7350,-4,-4,4,-5,MS系／ザク系／ジオン・ネオジオン軍・ザフト／MSV(モビルスーツバリエーション)／専用機
121,ギャン,0,320,30,62,54,354,18,0,100,130,0,0,20,－,Ｍ,33,10440,2,-3,2,-4,MS系／ジオン・ネオジオン軍・ザフト／MSV(モビルスーツバリエーション)／ギャン系／量産機
122,ライデン専用高機動型ザク後期型,0,348,28,70,54,340,18,0,80,80,80,0,50,－,Ｍ,24,7350,-4,-5,4,-5,MS系／ザク系／ジオン・ネオジオン軍・ザフト／MSV(モビルスーツバリエーション)／専用機
123,ニムバス専用ブルーディスティニー2号機,0,384,35,91,48,390,18,80,0,80,0,0,30,－,Ｍ,41,14490,5,-5,0,-2,MS系／ガンダム系／ジオン・ネオジオン軍・ザフト／戦慄のブルー／専用機
124,ガルマ専用ザクII,0,320,26,48,65,300,18,0,0,0,100,50,20,－,Ｍ,20,6750,2,-3,2,-4,MS系／ザク系／ジオン・ネオジオン軍・ザフト／MSV(モビルスーツバリエーション)／専用機
125,ドズル専用ザクII,0,320,21,43,65,300,18,0,100,0,100,0,30,－,Ｍ,30,6750,2,-3,2,-4,MS系／ザク系／ジオン・ネオジオン軍・ザフト／MSV(モビルスーツバリエーション)／専用機
126,シャア専用ザク,0,320,26,61,48,300,18,0,0,0,30,0,50,－,Ｍ,30,6750,2,-3,2,-4,MS系／ザク系／ジオン・ネオジオン軍・ザフト／機動戦士ガンダム／専用機
127,ランバ・ラル専用ドム,0,315,30,59,58,326,18,0,0,100,100,0,40,－,Ｍ,22,10320,3,-2,-5,-3,MS系／ジオン・ネオジオン軍・ザフト／MSV(モビルスーツバリエーション)／ドム系／専用機
128,先行量産型ゲルググ,0,320,30,61,59,354,19,0,90,115,135,0,30,－,Ｍ,33,10440,2,-3,2,-4,MS系／ジオン・ネオジオン軍・ザフト／機動戦士ガンダム／ゲルググ系／量産機
129,シャア専用ズゴック,0,339,30,61,42,333,18,0,0,95,95,0,50,－,Ｍ,29,9630,2,3,-5,-4,MS系／ジオン・ネオジオン軍・ザフト／機動戦士ガンダム／専用機
130,シャア専用リック・ドム,0,305,29,58,48,326,18,0,0,90,90,0,40,－,Ｍ,21,9810,-3,-4,3,-5,MS系／ジオン・ネオジオン軍・ザフト／MSV(モビルスーツバリエーション)／ドム系／専用機
131,ドワッジ改,0,358,32,72,64,355,18,0,0,145,145,0,1,－,Ｍ,26,11640,3,-2,-5,-4,MS系／ジオン・ネオジオン軍・ザフト／機動戦士ガンダムZZ／ドム系／量産機
132,ランバ・ラル専用ギャン,0,320,30,62,54,354,18,0,100,130,0,0,20,－,Ｍ,33,10440,2,-3,2,-4,MS系／ジオン・ネオジオン軍・ザフト／MSV(モビルスーツバリエーション)／ギャン系／専用機
133,ガトー専用ギャン,0,320,30,62,54,354,18,0,100,130,0,0,20,－,Ｍ,30,10440,2,-3,2,-4,MS系／ジオン・ネオジオン軍・ザフト／MSV(モビルスーツバリエーション)／ギャン系／専用機
134,シャア専用ギャン,0,320,30,62,54,354,18,0,100,130,0,0,40,－,Ｍ,33,10440,2,-3,2,-4,MS系／ジオン・ネオジオン軍・ザフト／MSV(モビルスーツバリエーション)／ギャン系／専用機
135,ハイザック・カスタム,0,345,32,65,90,354,18,160,170,0,175,0,20,－,Ｍ,32,12000,2,-3,2,-4,MS系／ザク系／連邦軍・ティターンズ・地球連合／機動戦士Zガンダム／量産機
136,スーパーガンダム,0,400,41,98,76,460,18,155,155,155,155,0,20,－,Ｍ,34,33280,0,-4,3,1,MS系／ガンダム系／連邦軍・ティターンズ・地球連合／機動戦士Zガンダム
137,指揮官仕様ゲルググM,0,352,33,67,58,372,19,0,165,165,165,0,40,－,Ｍ,34,11460,2,-4,2,-4,MS系／ジオン・ネオジオン軍・ザフト／スターダストメモリー／ゲルググ系／量産機
138,ランバ・ラル専用ゲルググ,0,320,30,61,54,354,19,0,90,115,135,0,40,－,Ｍ,33,10440,2,-3,2,-4,MS系／ジオン・ネオジオン軍・ザフト／MSV(モビルスーツバリエーション)／ゲルググ系／専用機
139,ガトー専用ゲルググ,0,320,30,61,54,354,19,0,90,115,135,0,40,－,Ｍ,23,10440,2,-3,2,-4,MS系／ジオン・ネオジオン軍・ザフト／スターダストメモリー／ゲルググ系／専用機
140,シャア専用ゲルググ,0,320,30,61,54,354,19,0,90,115,135,0,80,－,Ｍ,33,10440,2,-3,2,-4,MS系／ジオン・ネオジオン軍・ザフト／機動戦士ガンダム／ゲルググ系／専用機
141,黒い三連星専用高機動型ギャン,0,334,30,70,54,310,15,0,130,130,0,0,40,－,Ｍ,38,11580,3,-5,2,-3,MS系／ジオン・ネオジオン軍・ザフト／MSV(モビルスーツバリエーション)／ギャン系／専用機
142,マツナガ専用高機動型ギャン,0,334,30,70,54,310,15,0,130,130,0,0,40,－,Ｍ,39,11580,3,-5,2,-3,MS系／ジオン・ネオジオン軍・ザフト／MSV(モビルスーツバリエーション)／ギャン系／専用機
143,ライデン専用高機動型ギャン,0,334,30,70,54,310,15,0,130,130,0,0,40,－,Ｍ,38,11580,3,0,3,-3,MS系／ジオン・ネオジオン軍・ザフト／MSV(モビルスーツバリエーション)／ギャン系／専用機
144,黒い三連星専用高機動型ゲルググ,0,355,30,74,54,397,19,0,145,125,125,0,40,－,Ｍ,36,11040,1,-3,3,-4,MS系／ジオン・ネオジオン軍・ザフト／MSV(モビルスーツバリエーション)／ゲルググ系／専用機
145,マツナガ専用高機動型ゲルググ,0,355,30,74,54,397,19,0,145,125,125,0,40,－,Ｍ,36,11040,1,-3,3,-4,MS系／ジオン・ネオジオン軍・ザフト／MSV(モビルスーツバリエーション)／ゲルググ系／専用機
146,ライデン専用高機動型ゲルググ,0,368,32,78,54,397,19,0,145,125,125,0,50,－,Ｍ,27,11040,1,-3,3,-4,MS系／ジオン・ネオジオン軍・ザフト／MSV(モビルスーツバリエーション)／ゲルググ系／専用機
147,キャスバル専用ガンダム,0,384,35,70,58,408,18,150,150,150,150,150,120,NT2,Ｍ,35,11490,2,-1,2,-1,MS系／ガンダム系／ジオン・ネオジオン軍・ザフト／MSV(モビルスーツバリエーション)／専用機
148,連邦軍仕様ハイザック・カスタム,0,345,32,65,90,354,18,160,170,0,175,0,50,－,Ｍ,35,12000,2,-3,2,-4,MS系／ザク系／連邦軍・ティターンズ・地球連合／機動戦士Zガンダム／専用機／量産機
149,ティターンズ専用スーパーガンダム,0,400,41,98,76,460,18,155,155,155,155,0,80,－,Ｍ,45,33280,0,-4,3,1,MS系／ガンダム系／連邦軍・ティターンズ・地球連合／Z-MSV／専用機
150,クワトロ専用リック・ディアス,0,390,43,91,58,447,18,170,170,170,170,0,100,－,Ｍ,39,22420,2,-3,2,-4,MS系／エウーゴ・カラバ／機動戦士Zガンダム／専用機
151,シーマ専用ゲルググM,0,352,33,67,58,372,19,0,165,165,165,0,50,－,Ｍ,26,11460,2,-4,2,-4,MS系／ジオン・ネオジオン軍・ザフト／スターダストメモリー／ゲルググ系／専用機
152,ノイエ・ジールII,0,736,59,91,78,532,76,290,250,260,270,260,150,NT4,Ｌ,59,66700,-6,-6,4,-6,MA系／ジオン・ネオジオン軍・ザフト／専用機
153,サイコ・ガンダム,0,736,63,76,70,638,40,220,200,200,200,230,50,強4,Ｌ,62,112520,2,-5,2,-4,MS系／ガンダム系／連邦軍・ティターンズ・地球連合／機動戦士Zガンダム
154,百式,0,432,52,109,90,460,18,180,200,150,150,150,150,－,Ｍ,38,46540,2,-3,2,-3,MS系／ガンダム系／エウーゴ・カラバ／機動戦士Zガンダム
155,Zガンダム,0,448,56,122,82,478,19,250,270,200,230,250,200,NT6,Ｍ,52,54820,2,-3,2,-3,MS系／ガンダム系／エウーゴ・カラバ／機動戦士Zガンダム
156,キュベレイ,0,480,54,126,90,496,18,250,200,205,210,215,140,NT6,Ｍ,42,66580,2,-3,3,-4,MS系／ジオン・ネオジオン軍・ザフト／機動戦士Zガンダム
157,ジ・O,0,496,63,122,92,496,24,240,200,200,200,200,150,NT3,Ｍ,53,70120,1,-3,4,-5,MS系／連邦軍・ティターンズ・地球連合／機動戦士Zガンダム
158,ガブスレイ(MA) ,1,410,52,111,67,460,18,160,185,185,185,185,100,－,Ｍ,45,0,-5,-5,4,3,MA系／連邦軍・ティターンズ・地球連合／機動戦士Zガンダム
159,ギャプラン(MA) ,1,422,43,120,70,454,19,150,185,185,185,0,100,－,Ｍ,46,0,-5,-5,4,3,MA系／連邦軍・ティターンズ・地球連合／機動戦士Zガンダム／量産機
160,アッシマー(MA) ,1,400,48,105,65,447,19,150,150,190,190,0,100,－,Ｍ,44,0,-5,-5,-5,4,MA系／連邦軍・ティターンズ・地球連合／機動戦士Zガンダム／量産機
161,ハンブラビ(MA) ,1,410,48,115,65,454,19,150,150,150,140,0,100,－,Ｍ,45,0,-5,-5,4,3,MA系／連邦軍・ティターンズ・地球連合／機動戦士Zガンダム
162,メッサーラ(MA) ,1,442,53,129,65,460,23,190,180,170,180,0,130,NT2,Ｍ,48,0,-5,-5,3,-4,MA系／連邦軍・ティターンズ・地球連合／機動戦士Zガンダム
163,バウンド・ドック(MA) ,1,448,59,120,62,478,27,180,190,170,170,0,100,強1,Ｍ,38,0,-5,-5,4,3,MA系／連邦軍・ティターンズ・地球連合／機動戦士Zガンダム
164,サイコ・ガンダム(MA) ,1,736,63,83,70,638,30,220,200,200,200,230,50,強4,Ｌ,62,0,-5,-5,3,3,MA系／ガンダム系／連邦軍・ティターンズ・地球連合／機動戦士Zガンダム
165,ウェイブライダー ,1,448,56,129,82,478,24,250,270,200,230,250,1,NT5,Ｍ,52,0,-6,-6,4,4,MA系／ガンダム系／エウーゴ・カラバ／機動戦士Zガンダム
166,クェス専用ヤクト・ドーガ,0,458,44,94,70,505,21,190,150,160,180,0,20,NT2,Ｍ,37,18870,1,-5,3,-4,MS系／ジオン・ネオジオン軍・ザフト／逆襲のシャア／専用機
167,ギュネイ専用ヤクト・ドーガ,0,458,44,94,70,505,21,190,150,160,180,0,20,強2,Ｍ,37,18870,1,-5,3,-4,MS系／ジオン・ネオジオン軍・ザフト／逆襲のシャア／専用機
168,サザビー,0,482,50,94,85,534,25,210,240,200,180,0,100,NT5,Ｍ,40,32980,2,-4,3,-5,MS系／ジオン・ネオジオン軍・ザフト／逆襲のシャア
169,α・アジール,0,848,65,109,90,710,58,300,230,230,230,240,200,NT4,Ｌ,76,146540,-5,-5,4,-5,MA系／ジオン・ネオジオン軍・ザフト／逆襲のシャア
170,νガンダム,0,474,47,101,92,519,22,260,230,210,220,210,100,NT4,Ｍ,40,36640,2,-5,3,-4,MS系／ガンダム系／連邦軍・ティターンズ・地球連合／逆襲のシャア
171,ガンダムF91,0,478,46,110,90,534,20,280,260,260,270,230,50,NT3,Ｍ,58,36760,2,-3,2,0,MS系／ガンダム系／連邦軍・ティターンズ・地球連合／機動戦士ガンダムF91
172,ザクIII,0,416,56,113,65,460,21,180,170,160,170,0,20,－,Ｍ,46,48940,2,-3,2,-4,MS系／ザク系／ジオン・ネオジオン軍・ザフト／機動戦士ガンダムZZ
173,EW仕様ウイングガンダムゼロ,0,547,59,118,84,763,16,250,230,220,220,210,50,強5,Ｍ,60,110090,3,-5,2,3,MS系／ガンダム系／新機動戦記ガンダムW
174,Sガンダム,0,496,59,126,60,567,25,190,185,150,170,0,250,－,Ｍ,60,117380,2,-4,2,-4,MS系／ガンダム系／連邦軍・ティターンズ・地球連合／ガンダムセンチネル
175,Ex-Sガンダム,0,512,61,122,78,567,25,200,210,230,250,260,200,－,Ｍ,62,126650,2,-4,2,-4,MS系／ガンダム系／連邦軍・ティターンズ・地球連合／ガンダムセンチネル
176,ザビ家専用ビグ・ザム,0,640,52,52,70,510,59,130,200,0,120,205,120,－,Ｌ,52,59680,3,-5,2,-5,MA系／ジオン・ネオジオン軍・ザフト／MSV(モビルスーツバリエーション)／専用機
177,Gクルーザー ,1,512,61,129,78,567,25,0,145,145,145,0,1,－,Ｍ,62,0,-5,-5,4,4,MA系／ガンダム系／連邦軍・ティターンズ・地球連合／ガンダムセンチネル
178,ガルマ専用ドップ,0,128,14,52,35,234,9,0,10,0,15,0,10,－,Ｓ,19,5040,-4,-5,-5,2,ジオン・ネオジオン軍・ザフト／機動戦士ガンダム／専用機／車輌・戦闘機系
179,Gファイター,0,215,30,60,32,200,10,40,30,0,45,40,1,－,Ｍ,22,1350,-4,-4,3,3,連邦軍・ティターンズ・地球連合／機動戦士ガンダム／車輌・戦闘機系
180,コア・ブースター,0,283,20,67,40,284,10,20,50,20,0,0,1,－,Ｍ,28,8490,-5,-5,3,2,連邦軍・ティターンズ・地球連合／機動戦士ガンダム／車輌・戦闘機系
181,マゼラ・アタック,0,192,15,43,52,212,13,10,30,30,30,0,1,－,Ｓ,21,4980,4,-4,-5,-5,ジオン・ネオジオン軍・ザフト／機動戦士ガンダム／車輌・戦闘機系／量産機
182,ガザC,0,294,24,70,55,326,18,80,90,90,95,0,10,－,Ｍ,32,9120,0,-4,2,-5,MS系／ジオン・ネオジオン軍・ザフト／機動戦士Zガンダム／量産機
183,ガザC(MA) ,1,294,24,76,55,326,18,80,90,90,95,0,10,－,Ｍ,32,0,-5,-5,3,2,MA系／ジオン・ネオジオン軍・ザフト／機動戦士Zガンダム／量産機
184,ZZガンダム,0,500,47,101,82,616,23,220,220,200,200,220,80,NT4,Ｍ,51,49900,2,-4,3,-2,MS系／ガンダム系／エウーゴ・カラバ／機動戦士ガンダムZZ
185,Gフォートレス ,1,500,47,107,82,616,23,220,220,200,200,220,1,NT4,Ｍ,51,0,-5,-5,3,3,MA系／ガンダム系／エウーゴ・カラバ／機動戦士ガンダムZZ
186,Gアーマー,0,450,40,50,52,350,20,165,165,150,150,150,20,－,Ｍ,36,7800,-2,-2,4,4,連邦軍・ティターンズ・地球連合／機動戦士ガンダム／車輌・戦闘機系
187,サイコ・ガンダムMk-II,0,784,65,76,80,638,40,290,220,200,260,250,100,強4,Ｌ,64,130160,2,-5,2,-5,MS系／ガンダム系／連邦軍・ティターンズ・地球連合／機動戦士Zガンダム
188,ネオ・バードモード ,1,517,51,111,80,678,16,155,155,155,155,0,1,強1,Ｍ,57,0,-5,-5,3,3,MA系／ガンダム系／新機動戦記ガンダムW
189,サイコ・ガンダムMk-II(MA) ,1,784,65,83,80,638,40,290,220,200,260,250,100,強4,Ｌ,64,0,-5,-5,3,2,MA系／ガンダム系／連邦軍・ティターンズ・地球連合／機動戦士Zガンダム
190,V2ガンダム,0,480,47,133,75,593,18,250,260,210,230,230,80,－,Ｍ,59,52540,2,0,3,3,MS系／ガンダム系／機動戦士Vガンダム／リガ・ミリティア
191,ガンダムX,0,464,47,86,70,594,17,250,240,230,240,210,150,NT5,Ｍ,47,17610,1,-2,2,0,MS系／ガンダム系／連邦軍・ティターンズ・地球連合／機動新世紀ガンダムX
192,パラス・アテネ,0,422,50,87,78,460,21,190,210,210,200,0,90,－,Ｍ,35,47260,2,-4,2,-4,MS系／連邦軍・ティターンズ・地球連合／機動戦士Zガンダム
193,バーザム,0,377,41,83,65,425,19,150,175,175,180,0,50,－,Ｍ,30,15630,2,-3,2,-4,MS系／連邦軍・ティターンズ・地球連合／機動戦士Zガンダム／量産機
194,バイアラン,0,422,48,113,68,460,18,160,130,160,150,0,100,－,Ｍ,36,48640,-1,-5,3,3,MS系／連邦軍・ティターンズ・地球連合／機動戦士Zガンダム
195,バウ,0,432,54,124,70,460,18,180,190,160,150,0,10,－,Ｍ,38,50980,2,-3,2,-4,MS系／ジオン・ネオジオン軍・ザフト／機動戦士ガンダムZZ
196,ガンダムMk-III,0,400,43,100,63,432,22,200,130,130,0,0,40,NT1,Ｍ,32,25960,2,-3,2,-4,MS系／ガンダム系／エウーゴ・カラバ／Z-MSV
197,ゴッドガンダム,0,564,60,118,72,720,16,240,250,260,230,240,370,強5,Ｍ,71,78760,3,0,2,-4,MS系／ガンダム系／機動武闘伝Gガンダム
198,リ・ガズィ(BWS),0,416,53,113,60,460,18,175,175,0,0,0,80,－,Ｍ,45,49780,-5,-5,4,3,MA系／連邦軍・ティターンズ・地球連合／逆襲のシャア
199,ビギナ・ギナ,0,472,44,103,90,534,18,180,200,220,200,0,130,－,Ｍ,41,31960,2,-3,2,0,MS系／機動戦士ガンダムF91
200,V2アサルトガンダム,0,480,54,106,75,593,18,260,280,230,300,250,100,－,Ｍ,68,52540,2,0,3,3,MS系／ガンダム系／機動戦士Vガンダム／リガ・ミリティア
201,レズン専用ギラ・ドーガ,0,416,45,91,88,425,20,180,185,160,165,165,90,－,Ｍ,44,17070,2,-3,2,-4,MS系／ザク系／ジオン・ネオジオン軍・ザフト／逆襲のシャア／専用機
202,ナイチンゲール,0,563,52,101,90,594,27,250,250,250,250,250,150,NT4,Ｍ,61,52120,0,-4,3,-5,MS系／ジオン・ネオジオン軍・ザフト／ZZ/CCA-MSV
203,コア・ファイター,0,142,15,52,40,235,8,20,50,20,0,0,20,－,Ｍ,20,5710,-5,-5,1,1,連邦軍・ティターンズ・地球連合／機動戦士ガンダム／車輌・戦闘機系／量産機
204,ザクIII改,0,464,59,118,70,478,21,230,210,200,200,200,50,強1,Ｍ,46,58180,2,-3,2,-4,MS系／ザク系／ジオン・ネオジオン軍・ザフト／機動戦士ガンダムZZ
205,フルアーマーZZガンダム,0,500,55,84,85,653,23,300,280,255,270,300,150,NT3,Ｍ,55,52420,2,-5,2,-4,MS系／ガンダム系／エウーゴ・カラバ／機動戦士ガンダムZZ
206,ネモ,0,352,35,70,60,397,18,120,130,0,80,0,65,－,Ｍ,37,12660,2,-3,2,-4,MS系／ジム系／エウーゴ・カラバ／機動戦士Zガンダム／量産機
207,ジェガンJ型,0,384,43,87,58,425,19,140,165,150,150,150,1,－,Ｍ,37,17070,1,-4,2,-4,MS系／ジム系／連邦軍・ティターンズ・地球連合／機動戦士ガンダムF91／量産機
208,スタークジェガン,0,409,50,105,89,443,19,185,200,175,185,165,50,－,Ｍ,36,31840,1,-5,2,-5,MS系／ジム系／連邦軍・ティターンズ・地球連合／ZZ/CCA-MSV／ガンダムUC／量産機
209,量産型νガンダムF,0,444,50,115,75,600,21,200,200,150,170,180,1,NT2,Ｍ,42,40020,2,-3,2,-5,MS系／ガンダム系／連邦軍・ティターンズ・地球連合／M-MSV(大河原邦夫コレクション)／量産機
210,青の部隊仕様ディザートザク,0,235,35,55,45,300,13,50,50,100,55,60,30,－,Ｍ,31,6600,4,-3,-5,-4,MS系／ザク系／ジオン・ネオジオン軍・ザフト／機動戦士ガンダムZZ
211,青の部隊仕様ゲルググ,0,294,30,62,54,310,13,0,90,115,135,0,70,－,Ｍ,31,3720,1,-5,3,-4,MS系／ジオン・ネオジオン軍・ザフト／機動戦士ガンダムZZ
212,ホワイトベース,0,800,32,43,110,455,130,170,270,130,150,230,100,－,ＬＬ,56,274790,-5,-4,3,2,艦船系／連邦軍・ティターンズ・地球連合／機動戦士ガンダム
213,ドップ,0,115,14,48,35,234,9,0,10,0,15,0,1,－,Ｓ,18,5040,-4,-5,-5,2,ジオン・ネオジオン軍・ザフト／機動戦士ガンダム／車輌・戦闘機系／量産機
214,寒冷地仕様ジム,0,282,26,48,53,312,18,0,20,30,40,0,1,－,Ｍ,26,7830,2,-3,2,-4,MS系／ジム系／連邦軍・ティターンズ・地球連合／ポケットの中の戦争／量産機
215,ギガン,0,275,17,52,38,283,15,20,35,50,0,0,1,－,Ｍ,26,6750,2,-4,2,-5,MS系／ジオン・ネオジオン軍・ザフト／MS-X(モビルスーツ・ペズン)／量産機
216,ジム・ライトアーマー,0,270,20,52,60,300,18,0,40,45,45,0,1,－,Ｍ,18,7410,2,-3,2,-4,MS系／ジム系／連邦軍・ティターンズ・地球連合／MSV(モビルスーツバリエーション)／量産機
217,ジム改,0,304,29,54,58,333,18,0,50,55,58,0,1,－,Ｍ,21,9630,2,-5,2,-4,MS系／ジム系／連邦軍・ティターンズ・地球連合／スターダストメモリー／量産機
218,ガッシャ,0,336,30,55,58,250,15,0,85,85,85,0,10,－,Ｍ,20,9010,3,-5,2,-2,MS系／ジオン・ネオジオン軍・ザフト／MS-X(モビルスーツ・ペズン)
219,ザメル,0,518,32,65,88,478,27,0,150,0,0,150,30,－,Ｍ,44,26140,4,-3,-5,-5,MS系／ジオン・ネオジオン軍・ザフト／スターダストメモリー／量産機
220,リゲルグ,0,422,52,122,63,460,21,180,200,150,180,175,20,－,Ｍ,37,50860,2,-3,2,-4,MS系／ジオン・ネオジオン軍・ザフト／機動戦士ガンダムZZ／ゲルググ系／量産機
221,ZプラスC型,0,404,50,109,88,478,21,210,180,150,175,180,100,NT2,Ｍ,47,41260,-5,-5,2,-4,MS系／ガンダム系／エウーゴ・カラバ／ガンダムセンチネル／量産機
222,ZII,0,448,57,124,88,480,18,210,190,180,200,150,200,NT1,Ｍ,56,53740,2,-5,2,-4,MS系／ガンダム系／エウーゴ・カラバ／Z-MSV
223,ムサイ,0,576,27,45,80,920,117,0,220,100,120,180,120,－,ＬＬ,52,52060,-5,-5,3,-5,艦船系／ジオン・ネオジオン軍・ザフト／機動戦士ガンダム／量産機
224,クィン・マンサ,0,840,58,95,76,770,39,240,200,180,180,210,330,NT5,Ｌ,81,200000,2,-4,2,-5,MS系／ジオン・ネオジオン軍・ザフト／機動戦士ガンダムZZ
225,サラミス,0,576,27,45,95,1020,134,0,240,50,120,180,120,－,ＬＬ,56,52060,-5,-5,3,-5,艦船系／連邦軍・ティターンズ・地球連合／機動戦士ガンダム／量産機
226,ファルメル,0,850,32,34,100,650,45,170,220,100,120,180,50,－,ＬＬ,63,30460,-5,-5,3,-5,艦船系／ジオン・ネオジオン軍・ザフト／機動戦士ガンダム／専用機
227,マゼラン,0,768,31,40,90,1070,50,150,255,100,100,210,80,－,ＬＬ,74,76060,-5,-5,2,-5,艦船系／連邦軍・ティターンズ・地球連合／機動戦士ガンダム／量産機
228,ザンジバル,0,950,32,30,110,850,60,0,250,120,150,190,100,－,ＬＬ,70,55660,-2,-5,2,0,艦船系／ジオン・ネオジオン軍・ザフト／機動戦士ガンダム／量産機
229,グワジン,0,1050,28,26,180,850,80,0,260,100,130,200,100,－,ＬＬ,75,88490,-5,-5,3,-5,艦船系／ジオン・ネオジオン軍・ザフト／機動戦士ガンダム
230,ドロス,0,1480,54,30,100,900,200,180,300,175,175,175,180,－,ＬＬ,91,641720,-5,-5,3,-5,艦船系／ジオン・ネオジオン軍・ザフト／機動戦士ガンダム
231,ターンX,0,580,65,115,83,742,20,200,200,150,160,150,220,NT3,Ｍ,63,122870,0,-4,3,0,MS系／ガンダム系／ターンAガンダム
232,シェンロンガンダム,0,431,38,76,64,509,16,230,220,230,210,200,80,－,Ｍ,34,12060,3,0,-3,-2,MS系／ガンダム系／新機動戦記ガンダムW
233,ガルバルディα,0,352,32,70,48,390,18,0,100,100,100,0,1,－,Ｍ,35,10890,2,-3,2,-4,MS系／ジオン・ネオジオン軍・ザフト／MS-X(モビルスーツ・ペズン)
234,61式戦車,0,180,18,26,62,200,20,0,30,0,30,30,1,－,Ｓ,18,5130,4,-5,-5,-5,連邦軍・ティターンズ・地球連合／機動戦士ガンダム／車輌・戦闘機系／量産機
235,ファンファン,0,150,25,42,65,180,40,0,30,30,0,0,1,－,Ｓ,18,1200,0,-5,-5,1,連邦軍・ティターンズ・地球連合／機動戦士ガンダム／車輌・戦闘機系／量産機
236,ガンペリー,0,290,24,55,63,250,20,10,50,0,50,0,1,－,Ｍ,27,1050,0,-5,0,4,連邦軍・ティターンズ・地球連合／機動戦士ガンダム／車輌・戦闘機系／量産機
237,Gスカイ ,1,330,25,60,62,280,20,10,30,30,30,0,1,－,Ｍ,29,0,-3,-4,2,4,連邦軍・ティターンズ・地球連合／機動戦士ガンダム／車輌・戦闘機系
238,Gブル ,1,330,22,40,72,280,20,10,30,30,30,0,1,－,Ｍ,29,0,4,-3,-5,-3,連邦軍・ティターンズ・地球連合／機動戦士ガンダム／車輌・戦闘機系
239,ビックトレー,0,780,32,21,80,550,40,0,220,100,120,180,40,－,ＬＬ,52,96590,3,-5,-5,-2,艦船系／連邦軍・ティターンズ・地球連合／機動戦士ガンダム
240,ルッグン,0,200,20,40,82,200,20,30,40,0,40,0,1,－,Ｍ,20,1080,-5,-4,-5,4,ジオン・ネオジオン軍・ザフト／機動戦士ガンダム／車輌・戦闘機系／量産機
241,ギャロップ,0,608,32,43,72,532,40,0,210,120,150,0,30,－,Ｌ,49,24340,4,-5,-5,-4,艦船系／ジオン・ネオジオン軍・ザフト／機動戦士ガンダム／量産機
242,ガウ,0,736,32,43,72,600,150,0,220,100,120,180,20,－,ＬＬ,56,119180,-4,-5,-5,4,艦船系／ジオン・ネオジオン軍・ザフト／機動戦士ガンダム／量産機
243,チベ,0,720,32,43,78,600,150,0,220,100,120,180,50,－,ＬＬ,56,114050,-5,-5,3,-5,艦船系／ジオン・ネオジオン軍・ザフト／機動戦士ガンダム／量産機
244,ダブデ,0,832,32,42,70,708,40,0,220,100,120,180,100,－,ＬＬ,63,95780,4,-5,-5,0,艦船系／ジオン・ネオジオン軍・ザフト／機動戦士ガンダム／量産機
245,マッドアングラー,0,940,33,32,70,730,60,0,260,120,140,200,180,－,ＬＬ,96,89750,-6,3,-6,-6,艦船系／ジオン・ネオジオン軍・ザフト／機動戦士ガンダム
246,ユーコン,0,640,32,42,80,532,50,0,220,100,120,180,10,－,ＬＬ,51,58120,-6,3,-6,-6,艦船系／ジオン・ネオジオン軍・ザフト／機動戦士ガンダム／量産機
247,パプア,0,576,32,43,83,566,100,0,220,100,120,180,1,－,ＬＬ,50,49360,-6,-6,1,-6,艦船系／ジオン・ネオジオン軍・ザフト／機動戦士ガンダム
248,セイバーフィッシュ,0,233,15,52,30,212,10,0,20,0,15,0,1,－,Ｓ,22,5430,-5,-5,2,2,連邦軍・ティターンズ・地球連合／機動戦士ガンダム／車輌・戦闘機系／量産機
249,ジム・トレーナー,0,220,21,36,40,220,8,0,10,0,0,0,1,－,Ｍ,20,3810,1,-5,1,-2,MS系／ジム系／連邦軍・ティターンズ・地球連合／MSV(モビルスーツバリエーション)／量産機
250,ガンダムエピオン(MA) ,1,516,62,115,72,678,17,250,240,230,240,210,120,強1,Ｍ,58,0,-5,-5,3,3,MA系／ガンダム系／新機動戦記ガンダムW
251,ゼク・ツヴァイ,0,416,53,107,65,460,25,200,210,150,180,150,20,－,Ｍ,45,47740,2,-4,2,-4,MS系／連邦軍・ティターンズ・地球連合／ガンダムセンチネル
252,空中戦用試作ジム,0,240,15,42,50,250,11,10,50,30,30,20,25,－,Ｍ,23,4200,-1,-5,-5,3,MS系／ジム系／連邦軍・ティターンズ・地球連合／オリジナル系
253,ガンキャノンII,0,332,50,52,72,418,18,0,120,0,0,140,1,－,Ｍ,37,10410,2,-3,2,-3,MS系／連邦軍・ティターンズ・地球連合／MSV(モビルスーツバリエーション)
254,プロトタイプガンダム,0,328,30,62,58,325,20,120,120,130,130,0,30,－,Ｍ,29,9180,1,-3,2,-3,MS系／ガンダム系／連邦軍・ティターンズ・地球連合／MSV(モビルスーツバリエーション)
255,パーフェクトガンダム,0,416,43,52,75,461,18,210,220,185,190,190,70,－,Ｍ,31,37720,2,-4,2,-4,MS系／ガンダム系／連邦軍・ティターンズ・地球連合／MSV(モビルスーツバリエーション)
256,ペガサス,0,1114,28,24,160,967,120,0,220,100,120,180,180,－,ＬＬ,80,92000,-3,-5,3,2,艦船系／連邦軍・ティターンズ・地球連合／MSV(モビルスーツバリエーション)
257,V2アサルトバスター,0,510,54,106,85,593,18,280,280,250,300,270,100,－,Ｍ,69,58240,2,-2,1,1,MS系／ガンダム系／機動戦士Vガンダム／リガ・ミリティア
258,ザクタンク・グリーンマカク,0,230,15,30,62,212,16,0,20,0,0,20,20,－,Ｍ,12,5490,2,-3,-5,-5,その他／ザク系／ジオン・ネオジオン軍・ザフト／MSV(モビルスーツバリエーション)
259,Ξガンダム,0,510,53,114,70,570,28,300,300,270,270,270,120,NT3,Ｍ,53,52240,-1,-5,3,3,MS系／ガンダム系／閃光のハサウェイ
260,Gフライヤー ,1,490,39,100,72,460,17,155,155,155,155,0,1,強2,Ｍ,45,0,-1,-3,3,2,MA系／ガンダム系／連邦軍・ティターンズ・地球連合／Z-MSV／専用機
261,ラー・カイラム,0,1056,32,43,195,532,150,100,270,150,160,200,200,－,ＸＬ,73,588920,-4,-5,3,0,艦船系／連邦軍・ティターンズ・地球連合／逆襲のシャア
262,レッドウォーリア,0,530,35,100,70,450,30,230,250,205,210,210,95,－,Ｍ,48,12000,3,-3,3,-2,MS系／ガンダム系／オリジナル系
263,ミデア,0,225,20,21,65,400,50,50,100,0,50,50,10,－,Ｌ,26,4500,-4,-5,-4,3,車輌・戦闘機系／連邦軍・ティターンズ・地球連合／機動戦士ガンダム／量産機
264,ハンマ・ハンマ,0,460,44,94,70,571,24,250,220,210,250,220,65,－,Ｍ,39,18210,0,-5,3,-4,MS系／ジオン・ネオジオン軍・ザフト／機動戦士ガンダムZZ
265,高機動試作型ザク,0,275,21,56,54,300,18,0,80,80,80,0,15,－,Ｍ,18,6810,-3,-3,3,-5,MS系／ザク系／ジオン・ネオジオン軍・ザフト／第08MS小隊
266,フルアーマー百式改,0,457,63,109,85,460,19,240,240,210,220,200,100,NT5,Ｍ,49,57160,1,-4,3,-4,MS系／エウーゴ・カラバ／M-MSV(大河原邦夫コレクション)
267,マンスフィールド専用高機動型ザク,0,300,21,56,42,312,18,0,40,40,40,0,40,－,Ｍ,19,7350,-4,-4,4,-5,MS系／ザク系／ジオン・ネオジオン軍・ザフト／MSV(モビルスーツバリエーション)／専用機
268,ザクI改良型,0,170,17,38,40,180,10,0,10,10,0,0,1,－,Ｍ,17,3480,1,-4,1,-3,MS系／ザク系／ジオン・ネオジオン軍・ザフト／MSV(モビルスーツバリエーション)／量産機
269,ザクIIA型,0,210,16,36,41,200,11,0,20,0,20,0,1,－,Ｍ,16,6480,2,-5,2,-3,MS系／ザク系／ジオン・ネオジオン軍・ザフト／MSV(モビルスーツバリエーション)／量産機
270,E・レム専用高機動テストタイプザクII,0,275,21,50,42,300,18,0,80,80,80,0,40,－,Ｍ,17,6840,-4,-5,4,-4,MS系／ザク系／ジオン・ネオジオン軍・ザフト／MSV(モビルスーツバリエーション)／専用機
271,グフ試作実験機,0,286,30,52,42,312,18,10,30,25,0,0,1,－,Ｍ,19,7920,3,-3,-5,-4,MS系／ジオン・ネオジオン軍・ザフト／MSV(モビルスーツバリエーション)／グフ系
272,ナカガワ専用高機動型ザク,0,300,21,56,42,312,18,0,40,40,40,0,40,－,Ｍ,19,7350,-4,-4,4,-5,MS系／ザク系／ジオン・ネオジオン軍・ザフト／MSV(モビルスーツバリエーション)／専用機
273,ギリアム専用高機動型ザク後期型,0,348,28,70,54,340,18,0,80,80,80,0,50,－,Ｍ,31,7350,-4,-4,4,-5,MS系／ザク系／ジオン・ネオジオン軍・ザフト／MSV(モビルスーツバリエーション)／専用機
274,ハザード専用高機動型ザク後期型,0,348,28,70,54,340,18,0,80,80,80,0,50,－,Ｍ,24,7350,-4,-4,4,-5,MS系／ザク系／ジオン・ネオジオン軍・ザフト／MSV(モビルスーツバリエーション)／専用機
275,一般作業用ザク,0,160,12,38,42,200,16,0,15,0,0,0,1,－,Ｍ,18,1560,2,-2,-3,-3,MS系／ザク系／ジオン・ネオジオン軍・ザフト／MSV(モビルスーツバリエーション)／量産機
276,ザク・マインレイヤー,0,332,24,37,50,390,18,110,130,120,100,90,15,－,Ｍ,29,9630,1,-5,6,-3,MS系／ザク系／ジオン・ネオジオン軍・ザフト／MSV(モビルスーツバリエーション)／量産機
277,ザクIIビーム兵器運用テスト機,0,235,18,40,60,430,14,50,80,0,70,50,10,－,Ｍ,29,7650,0,-5,3,-2,MS系／ザク系／ジオン・ネオジオン軍・ザフト／オリジナル系
278,ザク強行偵察型,0,140,17,60,110,175,10,35,50,10,0,0,1,－,Ｍ,20,6900,2,-3,2,-3,MS系／ザク系／ジオン・ネオジオン軍・ザフト／MSV(モビルスーツバリエーション)／量産機
279,ザクII強行偵察型,0,200,22,60,130,230,13,60,80,75,50,0,10,－,Ｍ,25,7500,2,-3,2,-3,MS系／ザク系／ジオン・ネオジオン軍・ザフト／MSV(モビルスーツバリエーション)／量産機
280,グフ・フライトタイプ,0,297,30,61,48,250,18,0,120,0,80,0,1,－,Ｍ,18,8520,2,-2,-5,2,MS系／ジオン・ネオジオン軍・ザフト／MSV(モビルスーツバリエーション)／グフ系
281,ザクII本土防衛用高機動迎撃機,0,280,20,70,45,250,14,75,75,75,70,0,20,－,Ｍ,26,7500,1,-5,5,-1,MS系／ザク系／ジオン・ネオジオン軍・ザフト／オリジナル系
282,ゾディ・アック,0,768,54,109,60,596,44,0,220,100,110,190,175,－,ＬＬ,62,128810,-5,-5,3,3,MA系／ジオン・ネオジオン軍・ザフト／ガンダムセンチネル
283,ディープ・ストライカー,0,704,61,131,85,567,25,200,195,160,185,0,200,－,Ｌ,73,151850,-6,-6,5,-6,MS系／ガンダム系／ガンダムセンチネル
284,ザク・フリッパー,0,280,20,50,90,158,18,35,50,10,0,0,1,－,Ｍ,26,6870,0,-4,2,-5,MS系／ザク系／ジオン・ネオジオン軍・ザフト／MSV(モビルスーツバリエーション)／量産機
285,ネロ,0,377,42,87,75,425,20,0,120,100,85,60,10,－,Ｍ,31,16290,2,-3,2,-4,MS系／ジム系／連邦軍・ティターンズ・地球連合／ガンダムセンチネル／量産機
286,ネロ・トレーナータイプ,0,377,42,94,75,390,20,0,100,110,90,60,15,－,Ｍ,31,16890,2,-3,2,-4,MS系／ジム系／連邦軍・ティターンズ・地球連合／ガンダムセンチネル
287,EWACネロ,0,377,42,87,90,425,22,120,180,150,140,100,50,－,Ｍ,32,16890,2,-3,2,-4,MS系／ジム系／連邦軍・ティターンズ・地球連合／ガンダムセンチネル／量産機
288,サカイ専用ゲルググキャノン,0,334,32,59,60,397,19,0,90,0,0,130,30,－,Ｍ,35,10950,2,-2,2,-4,MS系／ジオン・ネオジオン軍・ザフト／MSV(モビルスーツバリエーション)／ゲルググ系／専用機
289,ライデン専用ゲルググキャノン,0,334,32,59,60,397,19,0,90,0,0,130,30,－,Ｍ,35,10950,2,-2,2,-4,MS系／ジオン・ネオジオン軍・ザフト／MSV(モビルスーツバリエーション)／ゲルググ系／専用機
290,寒冷地用ザクII,0,275,24,43,55,300,18,0,50,50,0,0,10,－,Ｍ,28,6810,3,-3,-5,-4,MS系／ザク系／ジオン・ネオジオン軍・ザフト／オリジナル系／量産機
291,グフ・ファントム,0,330,33,85,45,300,15,100,100,150,100,0,15,－,Ｍ,31,8100,6,-5,-5,1,MS系／ジオン・ネオジオン軍・ザフト／グフ系／オリジナル系
292,コロニー仕様ジム・コマンド,0,294,28,52,55,320,18,0,0,40,40,0,1,－,Ｍ,18,8040,2,-3,2,-4,MS系／ジム系／連邦軍・ティターンズ・地球連合／ポケットの中の戦争／量産機
293,アムロ専用アレックス,0,405,39,82,63,425,18,180,0,135,165,0,180,NT6,Ｍ,31,18810,1,-3,3,-3,MS系／ガンダム系／連邦軍・ティターンズ・地球連合／専用機／オリジナル系
294,ヌーベル・ジムIII,0,368,41,83,65,425,18,160,185,170,160,155,1,－,Ｍ,30,15660,2,-3,2,-4,MS系／ジム系／連邦軍・ティターンズ・地球連合／ガンダムセンチネル／量産機
295,β・アジール,0,880,67,114,90,780,58,300,230,230,230,240,300,NT4,Ｌ,80,159050,-5,-5,4,-5,MA系／ジオン・ネオジオン軍・ザフト／ZZ/CCA-MSV
296,クワトロ専用Zガンダム,0,419,42,93,119,535,20,300,300,290,280,270,120,NT5,Ｍ,51,52000,3,-5,5,-1,MS系／ガンダム系／専用機／オリジナル系
297,バーミンガム,0,1024,42,50,180,1270,230,200,290,0,200,230,100,－,ＬＬ,87,182000,-5,-5,4,-3,艦船系／連邦軍・ティターンズ・地球連合／スターダストメモリー
298,アルビオン,0,820,38,55,120,1320,152,200,280,130,150,250,100,－,ＬＬ,78,128090,-3,-5,3,3,艦船系／連邦軍・ティターンズ・地球連合／スターダストメモリー
299,ムサイ後期型,0,576,27,50,90,920,117,0,220,100,120,180,1,－,ＬＬ,52,52060,-9,-9,3,-9,艦船系／ジオン・ネオジオン軍・ザフト／第08MS小隊／量産機
300,ムサイ最終型,0,640,31,50,90,1020,117,0,220,100,120,180,100,－,ＬＬ,59,64060,-9,-9,3,-9,艦船系／ジオン・ネオジオン軍・ザフト／スターダストメモリー／量産機
301,ジム・カスタム・フルバーニアン,0,270,27,72,55,250,12,0,0,40,40,0,80,－,Ｍ,28,7980,1,-5,5,-3,MS系／ジム系／連邦軍・ティターンズ・地球連合／スターダストメモリー
302,フルアーマーガンダムMk-II,0,416,50,74,68,425,18,145,150,135,135,0,30,－,Ｍ,42,31060,2,-5,2,-2,MS系／ガンダム系／エウーゴ・カラバ／Z-MSV
303,メタス(MA) ,1,390,37,102,62,447,18,100,110,0,80,0,50,－,Ｍ,43,0,-5,-5,3,1,MA系／エウーゴ・カラバ／機動戦士Zガンダム
304,ZプラスC型(MA) ,1,404,50,115,88,478,21,210,180,150,175,180,100,NT2,Ｍ,47,0,-5,-5,3,-5,MA系／ガンダム系／エウーゴ・カラバ／ガンダムセンチネル／量産機
305,ZII(MA) ,1,448,57,124,88,480,18,210,190,180,200,150,200,NT1,Ｍ,56,0,-5,-5,4,3,MA系／ガンダム系／エウーゴ・カラバ／Z-MSV
306,プロトタイプガンダムMk-II,0,340,35,68,58,350,15,135,135,135,135,0,20,－,Ｍ,34,14400,2,-5,2,-2,MS系／ガンダム系／連邦軍・ティターンズ・地球連合／Z-MSV
307,マラサイ・カスタム,0,402,35,62,63,380,22,162,152,163,153,0,30,－,Ｍ,36,15210,2,-5,3,-2,MS系／連邦軍・ティターンズ・地球連合／Z-MSV／量産機
308,ガンダムMk-II・TEMPEST,0,480,40,75,60,400,15,170,170,135,175,0,100,NT5,Ｍ,41,18000,2,-5,2,-2,MS系／ガンダム系／連邦軍・ティターンズ・地球連合／オリジナル系
309,リゲルグ・カスタム,0,438,53,123,63,460,21,180,200,150,180,175,50,NT1,Ｍ,47,57940,0,-5,5,-4,MS系／ジオン・ネオジオン軍・ザフト／ZZ/CCA-MSV／ゲルググ系／量産機
310,連邦軍仕様ザクキャノン,0,276,30,37,68,300,18,0,0,0,30,30,50,－,Ｍ,29,7230,0,-3,1,-5,MS系／ザク系／連邦軍・ティターンズ・地球連合／機動戦士Zガンダム／MSV(モビルスーツバリエーション)
311,アクト・ザク,0,352,30,70,53,397,18,0,100,110,0,0,10,－,Ｍ,26,10950,2,-3,2,-5,MS系／ザク系／ジオン・ネオジオン軍・ザフト／MS-X(モビルスーツ・ペズン)／量産機
312,ジムIII,0,368,39,78,60,408,18,140,165,150,150,150,50,－,Ｍ,28,14580,2,-3,2,-4,MS系／ジム系／連邦軍・ティターンズ・地球連合／機動戦士ガンダムZZ／量産機
313,R・ジャジャ,0,410,52,105,50,447,20,120,130,150,150,0,20,－,Ｍ,33,46060,2,-5,3,-2,MS系／ジオン・ネオジオン軍・ザフト／機動戦士ガンダムZZ
314,ガズエル,0,416,52,105,52,447,20,190,180,90,95,0,50,－,Ｍ,34,46360,2,-3,2,-4,MS系／ジオン・ネオジオン軍・ザフト／機動戦士ガンダムZZ
315,ガズアル,0,416,52,105,52,447,20,190,180,90,95,0,50,－,Ｍ,34,46360,2,-3,2,-4,MS系／ジオン・ネオジオン軍・ザフト／機動戦士ガンダムZZ
316,ドーベン・ウルフ,0,448,56,113,60,478,22,190,200,170,200,0,60,－,Ｍ,47,53620,2,-3,2,-4,MS系／ジオン・ネオジオン軍・ザフト／機動戦士ガンダムZZ
317,プルツー専用キュベレイMk-II,0,480,54,126,80,496,18,270,210,205,210,215,100,強4,Ｍ,41,63040,2,-3,2,-4,MS系／ジオン・ネオジオン軍・ザフト／機動戦士ガンダムZZ／専用機
318,プル専用キュベレイMk-II,0,480,54,126,80,496,18,270,210,205,210,215,100,NT4,Ｍ,41,63040,2,-3,2,-4,MS系／ジオン・ネオジオン軍・ザフト／機動戦士ガンダムZZ／専用機
319,リ・ガズィ・カスタム,0,448,57,120,72,478,20,200,210,200,0,0,80,NT3,Ｍ,39,56860,2,-3,2,-4,MS系／ガンダム系／連邦軍・ティターンズ・地球連合／ZZ/CCA-MSV
320,リ・ガズィ・カスタム(BWS) ,1,448,57,126,72,478,20,200,210,200,0,0,80,NT3,Ｍ,39,0,-5,-5,4,3,MA系／ガンダム系／連邦軍・ティターンズ・地球連合／ZZ/CCA-MSV
321,HWS仕様νガンダム,0,488,61,94,95,519,22,270,250,210,220,230,50,NT5,Ｍ,49,47500,0,-2,4,-5,MS系／ガンダム系／連邦軍・ティターンズ・地球連合／ZZ/CCA-MSV
322,シルエットガンダム,0,456,44,100,95,520,20,290,280,260,280,250,80,－,Ｍ,50,22000,2,-3,2,0,MS系／ガンダム系／連邦軍・ティターンズ・地球連合／シルエットフォーミュラ
323,ビギナ・ゼラ,0,453,48,103,85,556,20,210,250,250,220,0,120,－,Ｍ,38,34120,2,-3,2,0,MS系／シルエットフォーミュラ
324,ガンイージ,0,395,39,83,75,460,18,200,230,190,195,200,20,－,Ｍ,30,16830,2,-2,2,0,MS系／機動戦士Vガンダム／リガ・ミリティア／量産機
325,Vガンダム,0,420,46,100,72,560,18,230,230,200,210,220,50,－,Ｍ,48,28020,2,-2,2,1,MS系／ガンダム系／機動戦士Vガンダム／リガ・ミリティア／量産機
326,ジェムズガン,0,390,38,80,62,430,18,140,165,150,150,150,30,－,Ｍ,40,15750,3,-3,-5,-3,MS系／ジム系／連邦軍・ティターンズ・地球連合／機動戦士Vガンダム／量産機
327,ジャベリン,0,390,38,83,65,452,18,140,165,150,150,150,1,－,Ｍ,28,16230,2,-3,3,-2,MS系／ジム系／連邦軍・ティターンズ・地球連合／機動戦士Vガンダム／量産機
328,トムリアット,0,378,36,80,78,422,20,200,190,150,170,180,10,－,Ｍ,41,15150,-5,-3,-5,2,MS系／機動戦士Vガンダム／ザンスカール帝国／量産機
329,宇宙戦仕様リーオー,0,272,19,35,60,297,16,250,240,230,240,210,30,－,Ｍ,17,4980,-3,-2,2,-5,MS系／新機動戦記ガンダムW／量産機
330,トーラス,0,400,42,62,62,430,40,250,240,230,240,210,10,－,Ｍ,38,4830,0,-2,2,0,MS系／新機動戦記ガンダムW／量産機
331,メリクリウス,0,480,48,60,63,450,40,250,240,230,240,210,30,－,Ｍ,42,17550,0,-3,2,-4,MS系／新機動戦記ガンダムW
332,ウイングガンダム,0,432,38,77,71,507,16,250,230,220,220,210,50,－,Ｍ,45,14430,3,-5,2,-4,MS系／ガンダム系／新機動戦記ガンダムW
333,ガンダムデスサイズ,0,432,37,81,68,466,16,250,230,220,220,210,50,－,Ｍ,43,14070,3,0,-4,-4,MS系／ガンダム系／新機動戦記ガンダムW
334,ウイング・バードモード ,1,432,38,83,71,507,16,250,230,220,220,210,1,－,Ｍ,45,0,-5,-5,3,3,MA系／ガンダム系／新機動戦記ガンダムW
335,ガンダムヘビーアームズ,0,431,44,71,80,530,16,250,230,220,220,210,40,－,Ｍ,43,12090,3,0,-4,-4,MS系／ガンダム系／新機動戦記ガンダムW
336,EW仕様ガンダムサンドロック改,0,498,53,91,76,700,16,250,230,220,220,210,80,－,Ｍ,56,29620,3,0,4,-4,MS系／ガンダム系／新機動戦記ガンダムW
337,ウイングガンダムゼロ,0,517,51,106,84,678,16,250,230,220,220,210,50,強1,Ｍ,57,64420,3,-5,2,1,MS系／ガンダム系／新機動戦記ガンダムW
338,EW仕様ガンダムヘビーアームズ改,0,498,53,89,84,742,16,250,230,220,220,210,80,－,Ｍ,58,34540,3,0,4,-4,MS系／ガンダム系／新機動戦記ガンダムW
339,ガンダムエピオン,0,516,62,110,72,678,17,250,240,230,240,210,120,強1,Ｍ,58,64480,2,-2,3,1,MS系／ガンダム系／新機動戦記ガンダムW
340,EW仕様ガンダムデスサイズヘル,0,498,47,101,74,700,16,250,230,220,220,210,80,－,Ｍ,56,52120,2,0,4,-2,MS系／ガンダム系／新機動戦記ガンダムW
341,トールギス,0,448,40,91,68,551,17,250,240,230,240,210,30,－,Ｍ,38,17520,1,-4,1,3,MS系／新機動戦記ガンダムW
342,アルトロンガンダム,0,481,47,91,69,678,16,250,230,220,220,210,50,－,Ｍ,44,24460,2,0,4,-2,MS系／ガンダム系／新機動戦記ガンダムW
343,ハイドラガンダム,0,660,62,95,72,800,24,250,240,230,240,210,320,－,Ｍ,66,200030,0,-2,2,-5,MS系／ガンダム系／G-UNIT
344,ガンダムジェミナス01,0,422,49,81,75,509,17,250,240,230,240,210,130,－,Ｍ,43,14580,1,-2,4,0,MS系／ガンダム系／G-UNIT
345,ガンダムXディバイダー,0,464,50,89,70,636,18,260,250,230,260,210,80,－,Ｍ,52,23380,2,-3,2,2,MS系／ガンダム系／機動新世紀ガンダムX
346,ガンダムDX,0,580,60,108,70,763,17,280,270,230,270,210,200,NT2,Ｍ,62,78940,2,-2,3,0,MS系／ガンダム系／連邦軍・ティターンズ・地球連合／機動新世紀ガンダムX
347,ドラゴンガンダム,0,492,50,110,70,455,16,240,100,200,180,200,50,強4,Ｍ,48,52020,2,-4,2,-2,MS系／ガンダム系／機動武闘伝Gガンダム
348,ガンダムローズ,0,498,56,90,68,598,16,240,100,150,230,240,50,NT4,Ｍ,52,28120,3,-1,2,-4,MS系／ガンダム系／機動武闘伝Gガンダム
349,シャイニングガンダム,0,467,50,98,72,636,20,240,200,220,180,180,150,強4,Ｍ,53,23380,3,-1,2,-3,MS系／ガンダム系／機動武闘伝Gガンダム
350,ノーベルガンダム,0,431,41,101,75,678,16,240,100,200,150,200,50,強5,Ｍ,53,23260,3,0,2,-4,MS系／ガンダム系／機動武闘伝Gガンダム
351,ガンダムシュピーゲル,0,464,48,110,78,720,16,240,100,210,180,200,10,強5,Ｍ,57,36460,3,0,2,-4,MS系／ガンダム系／機動武闘伝Gガンダム
352,ガンダムマックスター,0,552,62,85,65,630,16,240,100,230,150,240,250,強4,Ｍ,55,52020,3,-4,1,-4,MS系／ガンダム系／機動武闘伝Gガンダム
353,ライジングガンダム,0,405,44,91,72,636,16,240,100,180,150,240,50,－,Ｍ,50,59260,3,0,2,-4,MS系／ガンダム系／機動武闘伝Gガンダム
354,ボルトガンダム,0,670,70,75,55,630,20,240,100,200,230,150,250,強4,Ｍ,69,114800,4,-3,0,-3,MS系／ガンダム系／機動武闘伝Gガンダム
355,デビルガンダム,0,700,55,59,76,590,20,240,100,260,230,220,200,－,Ｍ,76,644000,3,0,0,-5,MS系／ガンダム系／機動武闘伝Gガンダム
356,マスターガンダム,0,579,60,114,82,763,16,240,200,260,230,200,150,強5,Ｍ,74,82730,3,0,2,-3,MS系／ガンダム系／機動武闘伝Gガンダム
357,グレイファントム,0,1250,35,30,170,1000,130,210,300,130,150,270,120,－,ＬＬ,88,286400,-4,-5,2,4,艦船系／連邦軍・ティターンズ・地球連合／ポケットの中の戦争
358,ガンガル,0,110,12,25,30,100,50,100,100,100,100,100,150,－,Ｍ,15,9000,0,0,0,0,その他
359,アドラステア,0,1600,50,30,120,900,300,300,300,300,300,300,200,－,ＬＬ,133,932000,3,0,-2,-2,艦船系／機動戦士Vガンダム／ザンスカール帝国／量産機
360,ギラ・ドーガ(サイコミュ試験タイプ),0,410,52,96,90,447,20,180,190,120,170,170,50,NT5,Ｍ,45,132050,2,-3,2,-4,MS系／ザク系／ジオン・ネオジオン軍・ザフト／ZZ/CCA-MSV
361,ゲーマルク,0,496,50,90,70,596,22,210,200,170,200,200,60,強2,Ｍ,62,236540,2,-4,2,-4,MS系／ジオン・ネオジオン軍・ザフト／機動戦士ガンダムZZ
362,カプール,0,349,33,53,64,380,20,0,175,0,165,180,10,－,Ｍ,36,10800,2,4,-5,-3,MS系／ジオン・ネオジオン軍・ザフト／機動戦士ガンダムZZ
363,アプサラスII,0,480,39,70,70,460,50,220,280,230,270,280,150,－,Ｌ,50,73780,-5,-5,2,2,MA系／ジオン・ネオジオン軍・ザフト／第08MS小隊
364,アプサラスIII,0,576,43,70,90,550,50,280,300,230,300,300,150,－,Ｌ,57,128630,-5,-5,2,2,MA系／ジオン・ネオジオン軍・ザフト／第08MS小隊
365,コアイージー,0,190,15,72,30,130,15,0,50,0,15,0,1,－,Ｍ,20,6000,-4,-6,1,4,その他／連邦軍・ティターンズ・地球連合／第08MS小隊／量産機
366,強化新型ガンガル,0,120,10,30,35,120,250,110,110,110,110,110,300,強1,Ｍ,22,9000,0,0,0,0,その他
367,Gキャノンマグナ,0,390,40,75,66,430,20,0,135,0,0,150,60,－,Ｍ,41,42700,2,-4,2,0,MS系／連邦軍・ティターンズ・地球連合／シルエットフォーミュラ／量産機
368,クラスターガンダム,0,420,54,115,105,735,20,280,260,260,270,230,200,NT2,Ｍ,58,52020,-2,-1,4,0,MS系／ガンダム系／連邦軍・ティターンズ・地球連合／シルエットフォーミュラ
369,クロスボーン・ガンダムX1,0,465,44,113,90,534,20,280,260,260,270,230,80,NT2,Ｍ,56,99470,3,-3,3,0,MS系／ガンダム系／機動戦士クロスボーンガンダム
370,クロスボーン・ガンダムX2,0,465,44,113,90,534,20,280,260,260,270,230,80,－,Ｍ,56,99470,3,-3,3,0,MS系／ガンダム系／機動戦士クロスボーンガンダム
371,クロスボーン・ガンダムX3,0,465,44,113,90,534,20,280,260,260,270,230,80,NT2,Ｍ,56,99470,3,-3,3,0,MS系／ガンダム系／機動戦士クロスボーンガンダム
372,ヘビーガンダム,0,416,39,52,62,408,18,150,165,145,145,170,50,－,Ｍ,35,33160,2,-4,2,-4,MS系／ガンダム系／連邦軍・ティターンズ・地球連合／MS-X(モビルスーツ・ペズン)
373,TINコッド,0,168,10,42,30,155,8,20,50,20,0,0,10,－,Ｓ,16,7410,-5,-5,-5,3,連邦軍・ティターンズ・地球連合／MSV(モビルスーツバリエーション)／車輌・戦闘機系／量産機
374,Gファルコン,0,376,31,93,50,393,18,0,150,150,150,0,50,－,Ｍ,38,28180,-5,-5,3,3,連邦軍・ティターンズ・地球連合／機動新世紀ガンダムX／車輌・戦闘機系
375,クーロンガンダム,0,540,62,100,80,630,16,220,180,200,210,200,170,強4,Ｍ,57,52020,3,-1,2,-1,MS系／ガンダム系／機動武闘伝Gガンダム
376,Gセイバー(スペースモード),0,430,42,92,85,450,32,280,280,260,270,250,100,－,Ｍ,47,110000,-1,-5,4,-2,MS系／ガンダム系
377,ガンガル(バードモード) ,1,110,10,40,30,100,50,100,100,100,100,100,150,－,Ｍ,15,0,0,0,0,0,その他
378,ホバートラック,0,160,12,42,80,250,20,0,25,0,0,0,1,－,Ｓ,20,1890,3,-5,-5,-4,連邦軍・ティターンズ・地球連合／第08MS小隊／車輌・戦闘機系／量産機
379,カプル,0,398,35,64,54,487,15,0,200,0,185,180,1,－,Ｍ,41,12000,2,4,0,-4,MS系／ターンAガンダム／量産機
380,ライノサラスA型,0,505,32,56,100,460,35,0,280,100,180,200,100,－,Ｌ,46,71500,3,-2,-5,-5,MA系／ジオン・ネオジオン軍・ザフト
381,Vダッシュガンダム,0,415,41,93,72,490,18,250,230,200,210,250,20,－,Ｍ,43,52180,2,-2,3,2,MS系／ガンダム系／機動戦士Vガンダム／リガ・ミリティア
382,トールギスIII,0,531,54,116,83,742,17,280,280,260,270,250,100,－,Ｍ,58,115670,1,-4,3,1,MS系／新機動戦記ガンダムW
383,ザクマリナー,0,270,22,50,42,275,13,0,80,0,40,0,10,－,Ｍ,25,4830,1,4,-5,-3,MS系／ザク系／ジオン・ネオジオン軍・ザフト／機動戦士ガンダムZZ／量産機
384,サイコ・ギラ・ドーガ,0,473,59,113,93,496,22,200,195,130,170,180,70,NT4,Ｍ,41,161120,2,-3,2,-4,MS系／ザク系／ジオン・ネオジオン軍・ザフト／ZZ/CCA-MSV
385,百式改,0,442,54,113,85,460,18,200,210,150,150,180,100,NT2,Ｍ,48,1264160,2,-3,2,-4,MS系／ガンダム系／エウーゴ・カラバ／Z-MSV
386,ハーディガン,0,400,33,65,65,400,20,165,180,150,150,180,30,－,Ｍ,37,12000,2,-2,3,0,MS系／ジム系／シルエットフォーミュラ／量産機
387,エゥーゴ仕様ジムII,0,312,30,59,59,340,18,0,0,75,75,0,10,－,Ｍ,22,21100,2,-3,2,-4,MS系／ジム系／エウーゴ・カラバ／機動戦士Zガンダム／量産機
388,バニング専用ジム・カスタム,0,345,33,70,58,397,18,50,90,140,140,0,100,－,Ｍ,36,30652,2,-5,2,-4,MS系／ジム系／連邦軍・ティターンズ・地球連合／スターダストメモリー／専用機
389,ホビー・ハイザック,0,273,23,65,55,354,18,0,100,0,100,0,60,－,Ｍ,21,6460,0,-1,0,0,MS系／ザク系／ジオン・ネオジオン軍・ザフト／逆襲のシャア／アドバンス・オブ・ゼータ
390,ガンダム・スカイ ,1,380,30,68,62,350,20,10,30,30,30,0,1,－,Ｍ,34,0,-5,-5,5,-2,MA系／ガンダム系／連邦軍・ティターンズ・地球連合／機動戦士ガンダム
391,パーフェクトザク,0,480,40,75,75,470,40,190,200,165,170,170,70,－,Ｍ,39,28000,2,-4,3,-3,MS系／ザク系／ジオン・ネオジオン軍・ザフト／MSV(モビルスーツバリエーション)
392,ネオガンダム,0,478,47,106,98,570,20,300,300,260,300,250,1,－,Ｍ,53,138980,2,-3,2,0,MS系／ガンダム系／シルエットフォーミュラ
393,シルエットガンダム改,0,500,47,100,103,520,20,300,280,260,290,250,80,－,Ｍ,52,62080,2,-3,2,0,MS系／ガンダム系／シルエットフォーミュラ
394,デザートグフ,0,290,30,52,42,312,18,10,30,30,0,0,20,－,Ｍ,29,16800,4,-3,-5,-4,MS系／ジオン・ネオジオン軍・ザフト／MSV(モビルスーツバリエーション)／グフ系
395,FAZZ,0,468,47,67,70,542,19,240,240,240,240,260,90,－,Ｍ,37,52300,2,-5,2,-4,MS系／ガンダム系／エウーゴ・カラバ／ガンダムセンチネル
396,ザク・デザートタイプ,0,275,24,43,55,300,18,50,50,50,55,0,10,－,Ｍ,28,13410,3,-3,-5,-4,MS系／ザク系／ジオン・ネオジオン軍・ザフト／MSV(モビルスーツバリエーション)／量産機
397,北アフリカ戦線仕様ゲルググ,0,320,30,61,59,354,19,0,90,115,135,0,10,－,Ｍ,33,21280,3,-3,0,-4,MS系／ジオン・ネオジオン軍・ザフト／ゲルググ系／オリジナル系／量産機
398,パブリク,0,115,12,40,30,150,5,20,30,0,0,10,1,－,Ｓ,14,6690,-5,-5,4,-4,その他／連邦軍・ティターンズ・地球連合／機動戦士ガンダム／量産機
399,ガトル,0,120,14,56,45,248,8,30,20,5,10,5,1,－,ＳＳ,10,11070,-5,-5,4,-5,その他／ジオン・ネオジオン軍・ザフト／機動戦士ガンダム／量産機
400,シーランス,0,150,10,48,32,135,5,10,30,0,0,0,50,－,ＳＳ,14,6840,-4,4,-5,-4,その他／ジオン・ネオジオン軍・ザフト／機動戦士ガンダム／量産機
401,ガザD,0,313,28,70,50,340,17,80,120,90,95,0,5,－,Ｍ,33,9660,2,-4,2,-5,MS系／ジオン・ネオジオン軍・ザフト／機動戦士ガンダムZZ／量産機
402,ガザD(MA) ,1,313,28,76,50,340,17,80,120,90,95,0,5,－,Ｍ,33,0,-5,-5,3,2,MA系／ジオン・ネオジオン軍・ザフト／機動戦士ガンダムZZ／量産機
403,ドライセン,0,396,48,96,58,447,22,110,115,70,50,120,50,－,Ｍ,42,26860,2,-3,2,-4,MS系／ジオン・ネオジオン軍・ザフト／機動戦士ガンダムZZ／ドム系／量産機
404,ギガンティック,0,624,50,70,60,530,26,170,230,150,160,215,150,－,Ｍ,52,64020,3,-5,1,-5,MS系／ジオン・ネオジオン軍・ザフト
405,ジャムル・フィン,0,403,37,131,66,478,20,135,140,0,0,90,115,－,Ｍ,46,43900,-5,-5,3,-4,MA系／ジオン・ネオジオン軍・ザフト／機動戦士ガンダムZZ
406,ガルスJ,0,368,40,70,64,408,21,90,125,110,40,0,5,－,Ｍ,28,14640,2,-3,2,-4,MS系／ジオン・ネオジオン軍・ザフト／機動戦士ガンダムZZ／量産機
407,ズサ,0,368,37,70,46,425,15,100,130,90,40,135,5,－,Ｍ,37,15030,2,-4,2,-4,MS系／ジオン・ネオジオン軍・ザフト／機動戦士ガンダムZZ／量産機
408,Gキャノン,0,387,38,73,66,430,20,0,135,0,0,150,5,－,Ｍ,40,15150,2,-4,2,0,MS系／連邦軍・ティターンズ・地球連合／機動戦士ガンダムF91
409,ガンダムF90,0,453,50,116,70,520,15,250,260,260,240,200,95,－,Ｍ,49,18750,2,-3,2,-4,MS系／ガンダム系／連邦軍・ティターンズ・地球連合／機動戦士ガンダムF90
410,Aタイプ仕様ガンダムF90,0,453,50,116,70,520,15,250,260,260,240,200,120,－,Ｍ,39,18450,2,-3,2,1,MS系／ガンダム系／連邦軍・ティターンズ・地球連合／機動戦士ガンダムF90
411,Dタイプ仕様ガンダムF90,0,453,50,116,70,520,15,250,260,260,240,200,120,－,Ｍ,39,18750,2,-3,2,-4,MS系／ガンダム系／連邦軍・ティターンズ・地球連合／機動戦士ガンダムF90
412,Pタイプ仕様ガンダムF90(MA) ,1,453,50,116,70,520,15,250,260,260,240,200,120,－,Ｍ,39,0,-5,-5,2,3,MA系／ガンダム系／連邦軍・ティターンズ・地球連合／機動戦士ガンダムF90
413,Sタイプ仕様ガンダムF90,0,453,50,116,70,520,15,250,260,260,240,200,120,－,Ｍ,39,18750,2,-3,2,-4,MS系／ガンダム系／連邦軍・ティターンズ・地球連合／機動戦士ガンダムF90
414,Vタイプ仕様ガンダムF90,0,453,50,116,70,520,15,250,260,260,240,200,120,－,Ｍ,39,18750,2,-3,2,-4,MS系／ガンダム系／連邦軍・ティターンズ・地球連合／機動戦士ガンダムF90
415,ハリソン大尉専用ガンダムF91,0,525,50,116,90,534,20,280,260,260,270,230,50,NT3,Ｍ,54,36760,2,-3,2,0,MS系／ガンダム系／連邦軍・ティターンズ・地球連合／専用機
416,フラット,0,360,37,62,40,350,16,180,180,130,140,130,5,－,Ｍ,35,10200,2,0,0,0,MS系／ターンAガンダム
417,フラット(MA) ,1,360,37,58,40,350,16,180,180,130,140,130,5,－,Ｍ,35,0,-5,-5,0,3,MA系／ターンAガンダム
418,ガンダムレオパルド,0,423,41,76,69,534,17,230,210,220,220,260,35,NT3,Ｍ,50,16800,3,-2,2,-4,MS系／ガンダム系／連邦軍・ティターンズ・地球連合／機動新世紀ガンダムX
419,ガンダムレオパルド・デストロイ,0,460,44,83,70,593,17,240,220,230,230,270,1,NT3,Ｍ,54,18090,3,-2,2,-4,MS系／ガンダム系／機動新世紀ガンダムX
420,ガンダムエアマスター,0,400,38,100,75,520,17,240,220,180,160,140,35,NT3,Ｍ,46,16860,0,-4,2,3,MS系／ガンダム系／連邦軍・ティターンズ・地球連合／機動新世紀ガンダムX
421,ガンダムエアマスター(FM) ,1,400,38,105,75,520,17,240,220,180,160,140,35,NT3,Ｍ,46,0,-5,-5,3,4,MA系／ガンダム系／連邦軍・ティターンズ・地球連合／機動新世紀ガンダムX
422,デビルガンダム(B),0,770,57,60,50,710,40,250,250,250,250,250,200,－,Ｍ,91,380000,1,1,1,-5,MS系／ガンダム系／機動武闘伝Gガンダム
423,ビグザム,0,600,52,44,70,490,50,130,200,0,120,205,50,－,Ｌ,38,56020,0,-1,2,1,MA系／ジオン・ネオジオン軍・ザフト／オリジナル系
424,ゲー・ドライ,0,632,64,120,90,660,27,310,380,200,0,390,240,NT6,Ｍ,53,111980,1,-3,3,-4,MA系／ジオン・ネオジオン軍・ザフト
425,リック・ドムII,0,313,28,61,50,347,18,0,0,100,100,0,5,－,Ｍ,22,9750,0,-4,3,-5,MS系／ジオン・ネオジオン軍・ザフト／ポケットの中の戦争／ドム系／量産機
426,ペズン・ドワッジ,0,330,28,70,50,340,14,0,0,120,115,0,15,－,Ｍ,32,11370,3,-5,-5,-4,MS系／ジオン・ネオジオン軍・ザフト／MS-X(モビルスーツ・ペズン)／ドム系／量産機
427,ブースターユニット装着仕様Sガンダム,0,500,45,100,65,440,32,190,195,150,170,120,50,－,Ｍ,45,135380,-5,-5,5,-5,MS系／ガンダム系／連邦軍・ティターンズ・地球連合／ガンダムセンチネル
428,メタス,0,390,37,96,62,447,18,100,110,0,80,0,50,－,Ｍ,43,22480,2,-3,2,-4,MS系／エウーゴ・カラバ／機動戦士Zガンダム
429,シャイニングアッガイ,0,290,22,50,42,200,13,10,30,30,15,0,200,強2,Ｍ,27,3900,1,3,-3,-3,MS系／機動武闘伝Gガンダム
430,ZプラスA1,0,420,46,100,88,530,21,210,180,150,175,180,150,NT2,Ｍ,47,40020,2,-3,-5,-5,MS系／ガンダム系／エウーゴ・カラバ／ガンダムセンチネル／量産機
431,ウェイブライダーA1 ,1,420,42,95,88,530,21,210,180,150,175,180,150,NT2,Ｍ,47,0,-5,-5,-5,3,MA系／ガンダム系／エウーゴ・カラバ／ガンダムセンチネル／量産機
432,ガンダムアシュタロン,0,461,48,98,50,632,19,250,230,270,225,200,100,NT2,Ｍ,51,19380,2,1,0,-1,MS系／ガンダム系／連邦軍・ティターンズ・地球連合／機動新世紀ガンダムX
433,ガンダムアシュタロン(MA) ,1,461,48,98,50,632,19,250,230,270,225,200,100,NT2,Ｍ,51,0,0,1,1,2,MA系／ガンダム系／連邦軍・ティターンズ・地球連合／機動新世紀ガンダムX
434,ガンダムMk-V,0,441,56,113,75,461,22,230,200,185,190,190,110,強1,Ｍ,37,52540,2,-3,2,-4,MS系／ガンダム系／ガンダムセンチネル
435,ガンダムアスクレプオス,0,438,39,86,70,636,18,270,260,240,250,220,130,－,Ｍ,50,14610,2,3,2,0,MS系／ガンダム系／G-UNIT
436,ガンダムアスクレプオス(接近戦モード) ,1,438,39,77,70,636,18,270,260,240,250,220,130,－,Ｍ,50,0,2,3,2,0,MS系／ガンダム系／G-UNIT
437,AB仕様ガンダムジェミナス01,0,414,41,76,75,570,40,250,240,230,240,210,1,－,Ｍ,48,13200,0,-4,4,0,MS系／ガンダム系／G-UNIT
438,ガンダムエルオーブースター,0,465,45,98,72,636,30,320,385,240,250,260,125,－,Ｍ,42,35560,1,-3,1,1,MS系／ガンダム系／G-UNIT
439,ガンダムエルオーブースター(MA) ,1,465,45,105,72,636,30,320,385,240,250,260,125,－,Ｍ,42,0,-5,-5,1,3,MA系／ガンダム系／G-UNIT
440,量産型ゾディ・アック,0,800,50,52,52,600,45,0,240,100,120,200,125,－,Ｌ,58,34000,-5,-5,3,0,MA系／ジオン・ネオジオン軍・ザフト／ガンダムセンチネル／量産機
441,ヘビーガン,0,384,36,83,60,430,18,150,175,160,160,160,30,－,Ｍ,40,12120,2,-3,2,0,MS系／ジム系／連邦軍・ティターンズ・地球連合／機動戦士ガンダムF91／量産機
442,ホワイトディンゴ仕様ジム,0,288,26,48,52,300,18,0,10,30,30,60,50,－,Ｍ,18,6810,2,-3,2,-4,MS系／ジム系／連邦軍・ティターンズ・地球連合
443,アイザック,0,270,24,82,125,210,14,40,60,20,0,10,5,－,Ｍ,28,8700,2,-5,2,-2,MS系／ザク系／ジオン・ネオジオン軍・ザフト／機動戦士ガンダムZZ／量産機
444,ゼク・アイン,0,384,45,91,60,425,19,0,100,0,165,0,5,－,Ｍ,41,17070,2,-3,2,-5,MS系／連邦軍・ティターンズ・地球連合／ガンダムセンチネル
445,ベルティゴ,0,435,41,93,70,520,20,280,270,230,210,270,110,NT2,Ｍ,52,17430,0,-3,2,2,MS系／機動新世紀ガンダムX
446,Gフライヤー ,1,490,39,100,72,460,17,155,155,155,155,0,1,－,Ｍ,34,0,-1,-3,3,2,MA系／ガンダム系／連邦軍・ティターンズ・地球連合／機動戦士Zガンダム
447,ガンダム6号機,0,384,35,61,68,443,19,140,140,100,130,130,65,－,Ｍ,29,12240,3,-2,2,-4,MS系／ガンダム系／連邦軍・ティターンズ・地球連合／M-MSV(大河原邦夫コレクション)
448,ガンタンクR-44,0,298,28,56,80,393,20,0,60,0,0,100,10,－,Ｍ,35,9060,2,-5,2,-4,MS系／連邦軍・ティターンズ・地球連合／機動戦士ガンダムF91
449,ガンタンクR-44(タンク形態) ,1,298,28,56,80,393,20,0,60,0,0,100,10,－,Ｍ,35,0,3,-5,-1,-5,MA系／連邦軍・ティターンズ・地球連合／機動戦士ガンダムF91
450,スモー,0,472,45,82,46,636,20,180,180,130,140,130,20,－,Ｍ,50,20140,0,0,1,0,MS系／ターンAガンダム／量産機
451,ゴールドスモー,0,504,52,95,62,636,20,185,185,150,130,120,40,－,Ｍ,53,29260,0,0,1,0,MS系／ターンAガンダム／専用機
452,デナン・ゾン,0,353,36,86,54,408,18,90,125,110,40,0,5,－,Ｍ,38,12210,2,-3,2,0,MS系／機動戦士ガンダムF91／量産機
453,ベルガ・ギロス,0,465,42,93,60,512,18,170,140,140,130,0,30,－,Ｍ,37,18090,2,-3,2,0,MS系／機動戦士ガンダムF91／量産機
454,ラフレシア,0,1120,63,96,100,652,40,320,380,320,350,300,250,強5,Ｌ,88,144830,-5,-5,3,-5,MA系／機動戦士ガンダムF91
455,ドッゴーラ,0,913,31,83,80,638,40,220,220,200,210,250,120,－,Ｌ,66,137720,-5,0,3,2,MA系／機動戦士Vガンダム／ザンスカール帝国
456,ゲルググ・リフターユニット試作機,0,294,30,62,54,310,20,150,185,160,180,0,50,－,Ｍ,36,8100,0,-3,1,3,MS系／ジオン・ネオジオン軍・ザフト／ゲルググ系／オリジナル系
457,クルツ専用ゲルググキャノン,0,334,32,59,60,397,19,0,90,0,0,130,30,－,Ｍ,35,10950,2,-2,2,-4,MS系／ジオン・ネオジオン軍・ザフト／MSV(モビルスーツバリエーション)／ゲルググ系／専用機
458,高機動型試験機,0,290,25,50,40,200,12,0,0,40,40,0,1,－,Ｍ,23,4050,2,-2,0,-1,MS系／ジオン・ネオジオン軍・ザフト／MSV(モビルスーツバリエーション)
459,プロトタイプ・グフ,0,282,30,52,42,312,18,10,30,30,0,0,1,－,Ｍ,28,7440,3,-3,-5,-4,MS系／ジオン・ネオジオン軍・ザフト／MSV(モビルスーツバリエーション)／グフ系
460,プロトタイプ・ドム,0,300,28,53,48,320,18,0,0,70,85,0,15,－,Ｍ,20,9030,3,-2,-5,-4,MS系／ジオン・ネオジオン軍・ザフト／MSV(モビルスーツバリエーション)／ドム系
461,ドム・トロピカルテストタイプ,0,300,28,56,48,326,18,0,0,85,85,0,15,－,Ｍ,20,9750,3,-2,-5,-4,MS系／ジオン・ネオジオン軍・ザフト／MSV(モビルスーツバリエーション)／ドム系
462,ディジェ,0,400,48,98,60,447,18,160,180,0,0,0,65,－,Ｍ,43,27220,2,-5,-5,0,MS系／エウーゴ・カラバ／機動戦士Zガンダム／量産機
463,ディジェSE-R,0,408,52,102,63,447,18,200,200,0,0,0,55,－,Ｍ,44,28540,2,-5,-5,0,MS系／エウーゴ・カラバ／Z-MSV
464,シャア専用グフ,0,290,30,52,42,312,18,10,30,30,0,0,50,－,Ｍ,29,8400,3,-3,-5,-4,MS系／ジオン・ネオジオン軍・ザフト／グフ系／専用機／オリジナル系
465,コレン専用カプル,0,398,39,81,75,509,15,175,175,190,185,180,50,－,Ｍ,44,11550,2,4,0,-4,MS系／ターンAガンダム／専用機
466,スレッガー専用ジム,0,280,24,48,64,300,18,0,0,50,50,0,80,－,Ｍ,25,8610,1,0,2,0,MS系／ジム系／連邦軍・ティターンズ・地球連合／専用機／オリジナル系
467,スーツキャリアー,0,380,20,65,50,250,23,0,90,50,70,70,10,－,Ｍ,29,5100,0,4,-2,-2,車輌・戦闘機系／機動戦士Zガンダム／エウーゴ・カラバ／量産機
468,ガンダムEz8 ハイモビリティ・カスタム,0,280,11,115,30,275,12,150,150,150,150,0,100,－,Ｍ,29,12000,-5,-5,6,-4,MS系／ガンダム系／連邦軍・ティターンズ・地球連合／オリジナル系
469,ガトー専用ザクII,0,305,29,74,65,285,13,0,150,100,150,0,40,－,Ｍ,30,4350,1,-1,4,0,MS系／ザク系／ジオン・ネオジオン軍・ザフト／MSV(モビルスーツバリエーション)／専用機
470,ゾロアット,0,368,38,83,67,408,20,0,130,130,135,0,20,－,Ｍ,39,15270,-4,-4,3,-4,MS系／機動戦士Vガンダム／ザンスカール帝国／量産機
471,テーベ隊仕様ゾロアット,0,368,38,83,67,408,20,0,130,130,135,0,40,－,Ｍ,39,15270,-4,-4,3,-4,MS系／機動戦士Vガンダム／リガ・ミリティア
472,後期仕様ゾック,0,400,39,43,64,432,23,0,0,0,165,0,20,－,Ｍ,38,14430,0,3,-5,-5,MS系／ジオン・ネオジオン軍・ザフト
473,量産型バウ,0,396,48,100,60,447,18,160,160,150,140,0,50,－,Ｍ,33,28360,2,-3,2,-4,MS系／ジオン・ネオジオン軍・ザフト／機動戦士ガンダムZZ／量産機
474,ビルゴ,0,430,35,58,55,360,40,200,200,190,200,175,1,－,Ｍ,27,6600,1,-2,1,-5,MS系／新機動戦記ガンダムW／量産機
475,ガンダムデスサイズヘル,0,481,46,98,74,636,16,250,230,220,220,210,50,－,Ｍ,53,35560,2,0,4,-4,MS系／ガンダム系／新機動戦記ガンダムW
476,クワトロ専用ガンダムMk-II,0,360,32,81,71,390,20,200,200,200,200,0,120,－,Ｍ,39,15000,0,-1,1,0,MS系／ガンダム系／専用機／オリジナル系
477,ボリノーク・サマーン,0,410,50,96,70,447,19,0,135,140,145,0,90,－,Ｍ,44,45100,2,-3,2,-4,MS系／連邦軍・ティターンズ・地球連合／機動戦士Zガンダム
478,V2バスターガンダム,0,480,47,106,85,593,18,280,280,240,290,280,100,－,Ｍ,68,52540,2,0,3,3,MS系／ガンダム系／機動戦士Vガンダム／リガ・ミリティア
479,ガンダムヴァサーゴ,0,480,48,91,65,650,17,250,290,300,250,200,100,NT5,Ｍ,53,18720,1,0,1,0,MS系／ガンダム系／連邦軍・ティターンズ・地球連合／機動新世紀ガンダムX
480,フルアーマーザク,0,500,55,70,75,540,40,210,220,185,190,190,40,－,Ｍ,46,12000,1,-5,3,-3,MS系／ザク系／ジオン・ネオジオン軍・ザフト／MSV(モビルスーツバリエーション)
481,黒い三連星専用ズゴック,0,307,28,52,42,333,18,0,0,95,95,0,40,－,Ｍ,30,9630,2,3,-5,-5,MS系／ジオン・ネオジオン軍・ザフト／専用機／オリジナル系
482,シーマ専用リック・ドム,0,329,29,66,58,341,18,0,0,90,90,0,40,－,Ｍ,23,10230,-4,-4,3,-5,MS系／ジオン・ネオジオン軍・ザフト／ドム系／専用機／オリジナル系
483,ライデン専用グフ・カスタム,0,304,32,56,50,326,18,0,0,125,0,0,50,－,Ｍ,21,9120,4,-3,-5,-4,MS系／ジオン・ネオジオン軍・ザフト／グフ系／専用機／オリジナル系
484,ティターンズ専用FAガンダムMk-III,0,416,52,98,65,432,22,270,270,260,270,220,50,強5,Ｍ,44,31840,2,-4,2,-4,MS系／ガンダム系／連邦軍・ティターンズ・地球連合／M-MSV(大河原邦夫コレクション)
485,ガトー専用リック・ドム,0,300,28,56,48,326,18,0,0,90,90,0,40,－,Ｍ,20,9270,-3,-4,3,-5,MS系／ジオン・ネオジオン軍・ザフト／ドム系／専用機／オリジナル系
486,ザクI(トップ機),0,160,19,45,55,198,12,0,40,40,10,0,50,－,Ｍ,18,3750,3,-1,2,-1,MS系／ザク系／ジオン・ネオジオン軍・ザフト／第08MS小隊／専用機
487,ザクII(デル機),0,227,17,40,50,243,13,0,15,0,40,0,40,－,Ｍ,21,3750,2,-2,2,-1,MS系／ザク系／ジオン・ネオジオン軍・ザフト／第08MS小隊／専用機
488,ザクII(アス機),0,227,17,40,50,243,13,0,15,0,40,0,40,－,Ｍ,21,750,2,-2,2,-1,MS系／ザク系／ジオン・ネオジオン軍・ザフト／第08MS小隊／専用機
489,モビルリブ,0,300,15,40,70,350,20,0,60,50,30,0,1,－,Ｓ,28,4500,4,-5,-1,-5,MA系／ターンAガンダム
490,ビッター専用ザクIIJ2,0,310,30,52,58,250,13,75,100,100,0,0,50,－,Ｍ,26,4200,3,-5,0,-4,MS系／ザク系／ジオン・ネオジオン軍・ザフト／MSV(モビルスーツバリエーション)／専用機
491,スーパー・ゲルググ,0,400,32,68,69,330,20,200,200,200,180,150,50,－,Ｍ,39,11250,1,-5,4,0,MS系／ジオン・ネオジオン軍・ザフト／ゲルググ系／オリジナル系
492,メタスマリナー,0,320,35,80,75,420,14,130,160,100,150,0,50,－,Ｍ,37,7800,0,4,-2,-2,MS系／エウーゴ・カラバ／Z-MSV
493,メタスマリナー(フライングアーマー形態) ,1,320,30,80,78,420,14,130,160,0,150,0,50,－,Ｍ,37,0,-4,2,-2,3,MA系／エウーゴ・カラバ／Z-MSV
494,キャノン・イルフート,0,430,30,65,50,400,30,150,150,150,150,200,50,－,Ｍ,37,6000,2,-4,2,-5,MS系／ターンAガンダム
495,ウォドム,0,514,43,77,70,636,40,0,110,120,130,100,200,－,Ｌ,52,17520,2,-5,0,-5,MS系／ターンAガンダム
496,陸戦型ジム・マッドドックス1号機,0,300,27,50,50,300,14,100,150,150,100,0,50,－,Ｍ,27,7500,4,-1,-4,-3,MS系／ジム系／連邦軍・ティターンズ・地球連合／オリジナル系
497,陸戦型ジム・マッドドックス2号機,0,300,27,40,60,300,14,100,150,150,100,0,50,－,Ｍ,27,1500,4,-1,-4,-3,MS系／ジム系／連邦軍・ティターンズ・地球連合／オリジナル系
498,ガンキャノン・エアードック,0,275,38,46,68,295,20,100,150,0,100,150,40,－,Ｍ,30,10800,3,-4,1,-1,MS系／連邦軍・ティターンズ・地球連合／オリジナル系
499,ガンキャノン・エアードック(FM) ,1,275,30,46,75,350,20,100,150,0,100,150,40,－,Ｍ,30,0,-4,-5,0,3,MA系／連邦軍・ティターンズ・地球連合／オリジナル系
500,量産型ビグ・ザム,0,480,43,44,60,510,45,150,240,0,150,240,30,－,Ｌ,44,29620,3,-1,0,-1,MA系／ジオン・ネオジオン軍・ザフト／オリジナル系／量産機
501,ミノフスキー粒子散布用ザク,0,265,25,55,75,420,20,100,150,0,120,150,40,－,Ｍ,31,8100,0,-3,3,2,MS系／ザク系／ジオン・ネオジオン軍・ザフト／オリジナル系
502,G3セイバー,0,475,54,105,85,475,32,285,285,265,275,255,100,－,Ｍ,47,64000,-1,-5,4,-2,MS系／ガンダム系
503,空中戦用ジム・カスタム,0,270,27,65,60,270,13,40,50,50,50,0,35,－,Ｍ,28,7650,-2,-4,-3,4,MS系／ジム系／オリジナル系
504,ホワイトディンゴ仕様ジム・スナイパーII,0,320,28,59,80,295,15,120,0,0,0,3290,50,－,Ｍ,22,6900,2,-4,2,-4,MS系／ジム系／連邦軍・ティターンズ・地球連合
505,サザビー量産型,0,408,50,80,65,380,40,200,210,170,160,0,35,－,Ｍ,38,22000,2,-5,0,0,MS系／ジオン・ネオジオン軍・ザフト／オリジナル系／量産機
506,寒冷地仕様サザビー,0,438,50,82,75,400,40,205,225,185,175,0,50,－,Ｍ,43,25000,2,-4,0,-1,MS系／ジオン・ネオジオン軍・ザフト／オリジナル系
507,量産型ZZガンダム,0,473,54,113,70,496,18,210,210,190,190,200,70,－,Ｍ,49,62140,2,-3,2,-4,MS系／ガンダム系／エウーゴ・カラバ／M-MSV(大河原邦夫コレクション)／量産機
508,ガンダム4号機,0,384,35,74,65,408,18,130,130,100,130,130,50,－,Ｍ,29,12720,-1,-3,3,-4,MS系／ガンダム系／連邦軍・ティターンズ・地球連合／M-MSV(大河原邦夫コレクション)
509,陸戦型ガンダム・ジムヘッド,0,320,30,65,48,354,18,75,75,75,75,0,25,－,Ｍ,33,10470,3,-3,-5,-4,MS系／ガンダム系／連邦軍・ティターンズ・地球連合／第08MS小隊
510,Vガンダムヘキサ,0,420,46,100,72,560,18,230,240,210,220,230,10,－,Ｍ,48,28020,2,-2,2,1,MS系／ガンダム系／機動戦士Vガンダム／リガ・ミリティア／量産機
511,ヴィッシュ専用グフ,0,290,30,52,42,312,18,10,30,30,0,0,60,－,Ｍ,29,8400,3,-3,-5,-4,MS系／ジオン・ネオジオン軍・ザフト／グフ系／専用機
512,アーガマ,0,1350,25,40,185,1100,120,250,300,200,250,300,150,－,ＬＬ,95,200000,-5,-5,3,1,艦船系／エウーゴ・カラバ／機動戦士Zガンダム
513,ネモII,0,325,37,84,68,360,15,130,150,0,90,90,5,－,Ｍ,34,12000,1,-2,1,-4,MS系／ジム系／エウーゴ・カラバ／Z-MSV／量産機
514,黒の部隊仕様デナン・ゾン,0,388,38,90,54,408,18,90,125,110,40,0,20,－,Ｍ,40,12660,2,-3,2,0,MS系／機動戦士ガンダムF91
515,Gアーマー(ガンダム搭載),0,450,40,50,52,350,20,180,180,160,160,160,50,－,Ｍ,36,12000,0,-3,2,3,その他／ガンダム系／連邦軍・ティターンズ・地球連合
516,グワダン,0,1600,30,34,190,1200,150,0,300,125,160,250,120,－,ＬＬ,107,500000,-3,-5,5,0,艦船系／ジオン・ネオジオン軍・ザフト／機動戦士Zガンダム
517,ガルダ,0,800,30,23,80,1500,200,0,300,150,200,300,150,－,ＬＬ,85,92000,0,-5,-4,3,艦船系／連邦軍・ティターンズ・地球連合／機動戦士Zガンダム／機動戦士ガンダムZZ／量産機
518,ウァッド,0,225,20,47,40,200,10,70,120,100,0,0,5,－,Ｓ,26,4050,2,-2,2,-4,MS系／ターンAガンダム
519,シュツルム・ディアス,0,390,43,96,60,447,20,160,180,150,100,0,50,－,Ｍ,32,23500,2,-3,2,-4,MS系／エウーゴ・カラバ／機動戦士ガンダムZZ
520,DFF仕様νガンダム,0,474,47,107,92,519,22,260,230,210,220,210,200,NT5,Ｍ,41,36820,2,-5,3,-4,MS系／ガンダム系
521,MSトレーラー,0,150,15,40,30,150,30,0,30,0,0,0,1,－,Ｍ,19,360,3,-5,-5,-5,その他／連邦軍・ティターンズ・地球連合／機動戦士ガンダム／量産機
522,スキウレ,0,300,25,50,70,175,20,0,75,0,50,75,5,－,Ｍ,26,15010,-5,-5,3,-5,その他／ジオン・ネオジオン軍・ザフト／MSV(モビルスーツバリエーション)／量産機
523,バストライナー,0,350,25,35,75,350,25,0,120,0,100,110,10,－,Ｍ,30,10520,0,-2,2,2,その他／連邦軍・ティターンズ・地球連合／MSV(モビルスーツバリエーション)
524,トールギスII,0,458,44,94,68,551,17,265,260,250,260,230,80,－,Ｍ,49,19380,1,0,2,1,MS系／新機動戦記ガンダムW
525,砂漠戦仕様ドム・トローペン,0,326,28,63,50,363,18,0,0,135,135,0,15,－,Ｍ,23,9720,5,-3,-6,-4,MS系／ジオン・ネオジオン軍・ザフト／ドム系／スターダストメモリー／量産機
526,クワトロ専用百式,0,450,38,78,100,400,20,230,250,210,210,210,120,－,Ｍ,44,52000,3,-5,3,-2,MS系／連邦軍・ティターンズ・地球連合／専用機／オリジナル系
527,ジェリド専用バウンド・ドック,0,448,59,113,62,478,27,180,190,170,170,0,30,強1,Ｍ,48,57160,2,-3,3,-4,MS系／連邦軍・ティターンズ・地球連合／機動戦士Zガンダム／専用機
528,ジェリド専用バウンド・ドック(MA) ,1,448,59,120,62,478,27,180,190,170,170,0,30,強1,Ｍ,48,0,-5,-5,4,3,MA系／連邦軍・ティターンズ・地球連合／機動戦士Zガンダム／専用機
529,メガライダー,0,406,27,80,40,410,25,160,200,180,160,0,40,－,Ｍ,37,13200,0,-5,1,1,その他／機動戦士ガンダムZZ
530,ガンダムヴァサーゴ・チェストブレイク,0,498,54,98,70,720,17,270,300,300,280,280,100,NT5,Ｍ,57,35200,2,-4,4,1,MS系／ガンダム系／連邦軍・ティターンズ・地球連合／機動新世紀ガンダムX
531,デナン・ゲー,0,375,50,95,72,560,17,95,120,115,50,0,5,－,Ｍ,47,16810,2,-3,2,0,MS系／機動戦士ガンダムF91／量産機
532,ベルガ・ダラス,0,435,41,93,60,512,18,160,135,125,100,0,35,－,Ｍ,46,17550,2,-3,2,0,MS系／機動戦士ガンダムF91／量産機
533,ダギ・イルス,0,445,42,100,80,520,18,180,160,150,150,0,25,－,Ｍ,48,18150,2,-3,2,0,MS系／機動戦士ガンダムF91／量産機
534,クワトロ専用ウェイブライダー ,1,419,42,105,110,535,20,300,300,290,280,270,1,NT5,Ｍ,51,0,-1,-3,4,1,MA系／ガンダム系／専用機／オリジナル系
535,ガンダムエアマスターバースト,0,458,41,113,75,570,17,255,235,220,200,200,80,NT3,Ｍ,51,18780,0,-4,2,3,MS系／ガンダム系／連邦軍・ティターンズ・地球連合／機動新世紀ガンダムX
536,ガンダムエアマスターバースト(FM) ,1,458,41,118,75,570,17,255,235,220,200,200,80,NT3,Ｍ,51,0,-5,-5,3,4,MA系／ガンダム系／連邦軍・ティターンズ・地球連合／機動新世紀ガンダムX
537,ネェル・アーガマ,0,835,28,46,90,1595,130,270,300,230,265,300,200,－,ＬＬ,95,772760,-4,-5,4,2,艦船系／エウーゴ・カラバ／機動戦士ガンダムZZ
538,ジャンヌダルク,0,1550,30,45,185,1300,150,255,290,200,240,290,125,－,ＬＬ,110,254000,-4,-5,2,0,艦船系／連邦軍・ティターンズ・地球連合／機動戦士Vガンダム
539,リーンホースJr.,0,1560,53,65,170,1200,130,250,280,200,250,260,120,－,ＬＬ,114,380040,-4,-5,2,2,艦船系／機動戦士Vガンダム／リガ・ミリティア
540,ビギナ・ギナII,0,473,48,107,81,534,20,230,230,220,190,0,50,NT3,Ｍ,41,34120,2,-4,3,-3,MS系／機動戦士クロスボーンガンダム
541,ヴィッシュ専用ゲルググ,0,320,30,61,54,354,19,0,90,115,135,0,50,－,Ｍ,33,10440,3,-3,-5,-4,MS系／ジオン・ネオジオン軍・ザフト／ゲルググ系／専用機
542,プロトタイプZZガンダム,0,456,50,85,77,570,19,225,230,210,210,220,90,NT3,Ｍ,50,35220,2,-4,3,-5,MS系／ガンダム系／エウーゴ・カラバ／M-MSV(大河原邦夫コレクション)
543,GフォートレスO型 ,1,456,50,75,57,570,19,225,230,210,210,220,90,NT3,Ｍ,50,0,-4,-4,3,2,MA系／ガンダム系／エウーゴ・カラバ／M-MSV(大河原邦夫コレクション)
544,ザニー,0,272,21,35,35,283,18,0,15,10,0,0,5,－,Ｍ,25,6720,2,-4,2,-4,MS系／連邦軍・ティターンズ・地球連合／量産機
545,ジーライン・スタンダードアーマー,0,339,33,67,58,397,18,130,130,130,130,0,25,－,Ｍ,36,12060,2,-3,2,-4,MS系／連邦軍・ティターンズ・地球連合／M-MSV(大河原邦夫コレクション)
546,ザクレロ改,0,438,24,74,58,390,25,0,120,100,80,0,50,－,Ｌ,39,13230,-6,-6,3,-6,MA系／ジオン・ネオジオン軍・ザフト／オリジナル系
547,ララァ専用キュベレイ,0,440,40,85,90,570,20,255,225,210,210,210,100,NT4,Ｍ,52,64000,3,-5,5,-3,MS系／ジオン・ネオジオン軍・ザフト／専用機／オリジナル系
548,ノリス専用グフ,0,290,30,52,42,312,18,10,30,30,0,0,50,－,Ｍ,29,8400,3,-3,-5,-4,MS系／ジオン・ネオジオン軍・ザフト／第08MS小隊／グフ系／専用機
549,リグ・シャッコー,0,450,41,87,70,460,14,220,240,220,210,200,70,－,Ｍ,45,18030,2,-3,2,2,MS系／機動戦士Vガンダム／ザンスカール帝国
550,メッサーラ・ディノファウスト・ジュピター,0,500,40,90,90,480,30,230,200,170,180,0,100,NT4,Ｍ,47,55000,-5,-5,5,-1,MS系／連邦軍・ティターンズ・地球連合／専用機
551,EW仕様ウイングガンダム,0,432,39,79,84,509,16,250,230,220,220,210,50,－,Ｍ,46,18690,3,-5,2,-4,MS系／ガンダム系／新機動戦記ガンダムW
552,EW仕様ウイングガンダム・バードモード ,1,432,39,84,80,509,16,250,230,220,220,210,1,－,Ｍ,46,0,-2,-3,3,2,MA系／ガンダム系／新機動戦記ガンダムW
553,EW仕様ガンダムデスサイズ,0,446,38,83,68,512,16,250,230,220,220,210,50,－,Ｍ,46,18600,3,0,-4,-4,MS系／ガンダム系／新機動戦記ガンダムW
554,EW仕様ガンダムヘビーアームズ,0,443,45,73,80,545,16,250,230,220,220,210,50,－,Ｍ,47,15720,3,0,-4,-4,MS系／ガンダム系／新機動戦記ガンダムW
555,EW仕様ガンダムサンドロック,0,431,45,71,76,487,16,250,230,220,220,210,50,－,Ｍ,44,12120,3,0,-4,-2,MS系／ガンダム系／新機動戦記ガンダムW
556,EW仕様シェンロンガンダム,0,431,39,76,67,509,16,230,220,230,210,200,50,－,Ｍ,44,12150,3,0,-4,-2,MS系／ガンダム系／新機動戦記ガンダムW
557,ガンダムMk-IV,0,440,48,80,90,440,40,300,150,250,250,250,50,－,Ｍ,42,52000,2,-5,2,0,MS系／ガンダム系／連邦軍・ティターンズ・地球連合
558,ジ・OII,0,640,53,98,100,640,45,280,260,260,260,240,100,NT3,Ｍ,58,40000,5,-5,0,-4,MS系／連邦軍・ティターンズ・地球連合
559,ペーネロペー,0,514,54,114,70,570,32,300,300,270,270,270,150,NT4,Ｍ,53,52240,-2,-5,3,3,MS系／ガンダム系／連邦軍・ティターンズ・地球連合／閃光のハサウェイ
560,マツナガ専用リック・ドム,0,300,28,56,48,326,18,0,0,90,90,0,40,－,Ｍ,30,9270,-3,-4,3,-5,MS系／ジオン・ネオジオン軍・ザフト／ドム系／専用機／オリジナル系
561,ライデン専用リック・ドム,0,300,28,56,48,326,18,0,0,90,90,0,40,－,Ｍ,30,9270,-3,-4,3,-5,MS系／ジオン・ネオジオン軍・ザフト／ドム系／専用機／オリジナル系
562,ランバ・ラル専用リック・ドム,0,329,29,66,58,341,18,0,0,90,90,0,40,－,Ｍ,23,10230,-4,-4,3,-5,MS系／ジオン・ネオジオン軍・ザフト／ドム系／専用機／オリジナル系
563,シャア仕様ザクIII改,0,464,59,118,70,478,21,230,210,200,200,200,50,強1,Ｍ,49,58180,2,-3,2,-4,MS系／ザク系／ジオン・ネオジオン軍・ザフト／専用機／オリジナル系
564,マツナガ専用ザクIII改,0,464,59,118,70,478,21,230,210,200,200,200,50,強1,Ｍ,49,58180,2,-3,2,-4,MS系／ザク系／ジオン・ネオジオン軍・ザフト／専用機／オリジナル系
565,ヴァイエイト,0,440,43,79,65,552,16,250,250,230,240,250,30,－,Ｍ,37,12120,2,-4,2,-4,MS系／新機動戦記ガンダムW
566,ヴァイエイト・シュイヴァン,0,564,58,80,74,600,18,260,280,260,280,300,230,－,Ｍ,54,64020,2,-4,2,-5,MS系／G-UNIT
567,ゾリディア,0,415,40,86,76,408,14,210,190,160,160,160,40,－,Ｍ,42,18780,3,0,3,3,MS系／機動戦士Vガンダム／ザンスカール帝国
568,アイナ専用ゲルググM,0,352,33,67,58,372,19,0,165,165,165,0,50,－,Ｍ,34,11460,2,-4,2,-5,MS系／ジオン・ネオジオン軍・ザフト／ゲルググ系／専用機／オリジナル系
569,アイナ専用グフ・カスタム,0,304,32,56,50,326,18,0,0,125,0,0,30,－,Ｍ,31,9120,4,-3,-5,-4,MS系／ジオン・ネオジオン軍・ザフト／グフ系／専用機／オリジナル系
570,ガンダムアシュタロンHC,0,498,58,98,56,700,19,280,260,270,245,220,80,NT2,Ｍ,56,36460,1,-2,4,1,MS系／ガンダム系／連邦軍・ティターンズ・地球連合／機動新世紀ガンダムX
571,ガンダムアシュタロンHC(MA) ,1,498,56,105,50,700,19,280,260,270,245,220,80,NT2,Ｍ,56,0,-5,-5,4,2,MA系／ガンダム系／連邦軍・ティターンズ・地球連合／機動新世紀ガンダムX
572,コンティオ,0,432,50,110,80,630,16,200,200,200,180,180,140,－,Ｍ,53,70020,2,-3,3,-5,MS系／機動戦士Vガンダム／ザンスカール帝国
573,ガルグイユ ,1,430,40,85,80,450,14,180,200,200,150,150,20,－,Ｍ,40,0,1,2,-4,-5,MS系／機動戦士Vガンダム／ザンスカール帝国
574,ガルグイユ(MA) ,1,430,40,70,80,450,14,180,200,200,150,150,20,－,Ｍ,40,0,-5,3,-5,-5,MA系／機動戦士Vガンダム／ザンスカール帝国
575,アムロ専用リック・ディアス,0,390,43,91,58,447,18,170,170,170,170,0,80,－,Ｍ,42,22420,2,-3,2,-4,MS系／エウーゴ・カラバ／専用機／オリジナル系
576,ロケットバズーカ仕様ジム・キャノン,0,276,24,37,58,300,18,0,0,0,0,60,30,－,Ｍ,18,7290,1,-4,3,-4,MS系／ジム系／連邦軍・ティターンズ・地球連合／MSV(モビルスーツバリエーション)／量産機
577,装甲強化仕様ジム,0,280,30,52,44,260,14,0,20,60,40,0,30,－,Ｍ,25,7500,2,-2,0,0,MS系／ジム系／連邦軍・ティターンズ・地球連合／オリジナル系／量産機
578,グフ・シュバイスフント,0,340,22,46,60,280,18,80,140,120,100,100,60,－,Ｍ,28,7500,4,-5,-5,-3,MS系／ジオン・ネオジオン軍・ザフト／グフ系／オリジナル系
579,シュロウガ,0,540,65,115,70,700,30,290,290,270,270,170,70,NT5,Ｌ,62,101000,2,-2,2,5,その他／バンプレストオリジナル
580,エビル・ドーガ,0,750,53,75,95,650,60,300,240,250,240,230,50,－,Ｌ,60,70000,-5,-5,5,1,MA系／オリジナル系／量産機
581,シャッコー,0,384,36,80,66,408,14,210,220,210,200,180,40,－,Ｍ,37,13320,0,-5,-3,3,MS系／機動戦士Vガンダム／ザンスカール帝国／量産機
582,クロノクル専用ゾロ,0,410,36,86,65,408,20,210,240,235,220,200,10,－,Ｍ,41,12600,-4,-4,-4,2,MS系／機動戦士Vガンダム／専用機／ザンスカール帝国
583,マーベット専用ゾロアット,0,404,41,87,67,408,20,0,130,130,135,0,40,－,Ｍ,41,15270,-4,-4,3,-5,MS系／機動戦士Vガンダム／専用機／リガ・ミリティア
584,アムロ仕様Zガンダム,0,448,56,122,82,478,19,250,270,200,230,250,80,NT3,Ｍ,55,54820,2,-3,3,-4,MS系／ガンダム系／連邦軍・ティターンズ・地球連合／オリジナル系
585,アビゴル,0,443,41,83,85,490,20,220,250,230,220,220,85,－,Ｍ,47,17520,0,-4,2,-4,MS系／機動戦士Vガンダム／ザンスカール帝国／量産機
586,アビゴル(MA) ,1,443,41,90,85,490,20,220,250,230,220,220,85,－,Ｍ,47,0,-5,-5,3,-5,MA系／機動戦士Vガンダム／ザンスカール帝国／量産機
587,マーメイドガンダム,0,450,52,75,64,420,20,195,205,200,180,170,50,強3,Ｍ,41,13200,2,2,0,-5,MS系／ガンダム系／機動武闘伝Gガンダム
588,プロトタイプ・ザク,0,135,10,25,30,110,8,0,10,0,0,0,1,－,Ｍ,12,3360,0,-3,1,-2,MS系／ザク系／ジオン・ネオジオン軍・ザフト／M-MSV(大河原邦夫コレクション)
589,ザクIIF2・高機動バックパック装備,0,325,25,90,50,275,16,0,110,80,50,0,10,－,Ｍ,34,7500,1,-3,4,1,MS系／ザク系／ジオン・ネオジオン軍・ザフト／オリジナル系
590,ザクIIF3,0,325,28,65,60,300,18,0,105,100,80,0,15,－,Ｍ,31,7800,2,-1,2,-1,MS系／ザク系／ジオン・ネオジオン軍・ザフト／オリジナル系
591,アムロ専用リ・ガズィ,0,412,35,85,72,420,18,200,200,180,150,150,50,－,Ｍ,43,44800,1,-5,3,0,MS系／ガンダム系／連邦軍・ティターンズ・地球連合／専用機／オリジナル系
592,アムロ専用リ・ガズィ(BWS),0,412,35,79,72,420,18,210,220,210,200,200,100,－,Ｍ,43,44800,-5,-2,4,3,MA系／ガンダム系／連邦軍・ティターンズ・地球連合／専用機／オリジナル系
593,隊長仕様リゼル,0,422,50,109,85,432,20,270,290,320,320,320,10,－,Ｍ,43,41380,1,-3,1,-5,MS系／連邦軍・ティターンズ・地球連合
594,隊長仕様リゼル(WR) ,1,422,50,115,85,432,20,270,290,320,320,320,10,－,Ｍ,43,0,-5,-5,3,3,MA系／連邦軍・ティターンズ・地球連合
595,メガゼータ,0,650,50,75,85,500,40,260,250,250,240,240,100,NT5,Ｍ,53,52000,1,-2,4,0,MS系／ガンダム系／エウーゴ・カラバ
596,クルツ専用グフ,0,290,30,52,42,312,18,10,30,30,0,0,50,－,Ｍ,29,8400,3,-3,-5,-4,MS系／ジオン・ネオジオン軍・ザフト／グフ系／専用機／オリジナル系
597,パーフェクトZガンダム,0,430,40,90,90,450,25,260,270,250,240,200,100,NT5,Ｍ,42,43000,1,-5,5,0,MS系／ガンダム系／オリジナル系
598,スーパーディアス,0,500,35,80,75,500,30,200,210,190,200,180,80,－,Ｍ,45,32800,2,-5,2,0,MS系／オリジナル系
599,アーマードガンダムMk-II,0,380,46,55,60,400,30,150,160,150,140,0,40,－,Ｍ,40,25000,1,0,2,0,MS系／ガンダム系／オリジナル系
600,ガンダムGP00(ブロッサム),0,410,43,87,60,425,18,180,180,180,180,180,50,－,Ｍ,31,22420,2,-3,2,-4,MS系／ガンダム系／連邦軍・ティターンズ・地球連合
601,ウォルターガンダム,0,408,46,97,70,500,20,240,200,200,200,200,75,強4,Ｍ,51,22000,-5,4,0,1,MA系／ガンダム系／機動武闘伝Gガンダム
602,グランドガンダム,0,513,55,59,50,780,35,240,200,200,200,200,75,強4,Ｍ,69,28000,5,-2,-2,-5,MS系／ガンダム系／機動武闘伝Gガンダム
603,ガンダムヘブンズソード,0,415,42,109,65,500,20,240,200,200,200,200,75,強4,Ｍ,50,22000,3,-3,0,1,MS系／ガンダム系／機動武闘伝Gガンダム
604,マスターガンダム風雲再起,0,1000,63,90,84,800,20,300,300,300,300,290,500,強5,Ｍ,78,128030,4,-2,2,2,MS系／ガンダム系／機動武闘伝Gガンダム
605,マーメイドガンダム(MA) ,1,400,42,95,64,400,20,195,205,200,180,170,50,強3,Ｍ,41,0,-5,5,-2,-5,MA系／ガンダム系／機動武闘伝Gガンダム
606,ネーデルガンダム(MA) ,1,450,50,1,60,500,20,190,190,180,180,150,50,強4,Ｍ,38,0,3,-5,-1,0,MA系／ガンダム系／機動武闘伝Gガンダム
607,ネーデルガンダム,0,450,50,40,65,500,20,190,190,180,180,150,50,強4,Ｍ,38,9000,2,0,0,0,MS系／ガンダム系／機動武闘伝Gガンダム
608,ジョンブルガンダム,0,395,38,73,70,530,20,170,195,195,190,160,50,強3,Ｍ,47,15000,4,-4,1,0,MS系／ガンダム系／機動武闘伝Gガンダム
609,マンダラガンダム,0,480,54,105,75,560,20,160,170,170,160,150,50,強2,Ｍ,44,40020,3,-5,1,2,MS系／ガンダム系／機動武闘伝Gガンダム
610,ランバーガンダム,0,575,60,80,70,600,20,175,175,175,175,175,50,強2,Ｍ,55,60020,4,-4,1,-4,MS系／ガンダム系／機動武闘伝Gガンダム
611,ネロスガンダム,0,382,40,80,65,450,20,180,190,195,180,150,50,強3,Ｍ,43,12000,4,-4,0,0,MS系／ガンダム系／機動武闘伝Gガンダム
612,マンダラガンダム(MA) ,1,480,70,73,50,560,20,160,170,170,160,150,50,強2,Ｍ,44,0,0,-5,1,2,MA系／ガンダム系／機動武闘伝Gガンダム
613,ザクI(指揮官機),0,170,18,30,50,180,12,0,20,30,0,0,5,－,Ｍ,17,3540,1,-4,1,-3,MS系／ザク系／ジオン・ネオジオン軍・ザフト／オリジナル系／量産機
614,キャラ専用ザクIII改,0,464,59,118,70,478,21,230,210,200,200,200,50,強1,Ｍ,49,58180,2,-3,2,-4,MS系／ザク系／ジオン・ネオジオン軍・ザフト／専用機／オリジナル系
615,ランバ・ラル専用ザクIIJ型,0,294,21,43,46,300,18,0,30,0,30,0,35,－,Ｍ,28,6750,2,-3,2,-4,MS系／ザク系／ジオン・ネオジオン軍・ザフト／専用機／オリジナル系
616,ガルマ専用ザクI,0,288,20,41,50,280,18,10,10,10,0,0,30,－,Ｍ,24,7410,3,-2,2,0,MS系／ザク系／ジオン・ネオジオン軍・ザフト／専用機／オリジナル系
617,バウ(MA) ,1,432,54,124,70,460,18,180,190,160,150,0,10,－,Ｍ,38,0,-5,-5,4,3,その他／ジオン・ネオジオン軍・ザフト／機動戦士ガンダムZZ
618,ウォルターガンダム(スタンディングモード) ,1,408,53,90,70,500,20,240,200,200,200,200,75,強4,Ｍ,51,0,3,1,-1,-1,MS系／ガンダム系／機動武闘伝Gガンダム
619,ガンダムヘブンズソード(アタックモード) ,1,415,42,99,65,500,20,240,200,200,200,200,75,強4,Ｍ,50,0,0,-4,0,6,MA系／ガンダム系／機動武闘伝Gガンダム
620,アムロ専用Zガンダム,0,410,42,93,119,535,20,300,300,290,280,280,100,NT5,Ｍ,48,12000,2,-1,3,1,MS系／ガンダム系／オリジナル系／専用機
621,ライデン専用ケンプファー,0,320,26,96,58,408,18,0,200,200,200,0,50,－,Ｍ,37,16860,2,-3,2,-4,MS系／ジオン・ネオジオン軍・ザフト／専用機／オリジナル系
622,シャア専用ボール,0,135,12,35,44,175,8,100,0,10,0,0,100,－,Ｓ,16,2940,-4,-4,2,-3,その他／専用機／オリジナル系
623,量産型キュベレイ,0,409,50,118,70,496,18,240,200,200,185,200,60,強4,Ｍ,47,49780,2,-3,2,-4,MS系／ジオン・ネオジオン軍・ザフト／機動戦士ガンダムZZ／量産機
624,ウォルフ専用ジム・キャノン,0,290,26,40,58,300,18,0,0,0,0,60,50,－,Ｍ,29,7830,2,-3,2,-4,MS系／ジム系／専用機／オリジナル系
625,高機動仕様ガンダム,0,384,35,100,65,300,18,330,340,310,310,300,85,－,Ｍ,40,12660,-4,-5,5,0,MS系／ガンダム系／オリジナル系
626,ジム・カナール,0,250,20,30,35,220,10,0,40,0,0,0,5,－,Ｍ,20,6450,0,-1,0,-1,MS系／ジム系
627,サーペント,0,425,50,62,45,360,30,150,150,150,130,0,10,－,Ｍ,36,10920,2,-3,2,-4,MS系／新機動戦記ガンダムW／量産機
628,サーペント・セカンド,0,430,52,65,50,380,30,160,175,160,155,0,10,－,Ｍ,38,23680,2,-3,2,-4,MS系／新機動戦記ガンダムW／量産機
629,ガンダム5号機,0,384,35,74,65,408,18,130,130,100,130,130,50,－,Ｍ,29,12720,-1,-3,3,-5,MS系／ガンダム系／連邦軍・ティターンズ・地球連合／M-MSV(大河原邦夫コレクション)
630,レズン専用サザビー,0,438,50,82,77,470,40,245,260,240,240,240,100,－,Ｍ,54,13800,1,-5,3,-1,MS系／ジオン・ネオジオン軍・ザフト／専用機／オリジナル系
631,ゴッドガンダム風雲再起,0,980,60,90,85,720,20,300,295,300,300,290,300,強5,Ｍ,75,110030,4,-2,2,2,MS系／ガンダム系／機動武闘伝Gガンダム
632,ティターンズ専用Zガンダム,0,448,56,122,82,478,19,250,270,200,230,250,100,NT3,Ｍ,55,54820,2,-3,3,-5,MS系／ガンダム系／連邦軍・ティターンズ・地球連合／専用機／オリジナル系
633,ウェイブライダー(ティターンズ) ,1,448,56,129,82,478,24,250,270,200,230,250,100,NT3,Ｍ,55,0,-5,-5,4,-1,MA系／ガンダム系／連邦軍・ティターンズ・地球連合／専用機／オリジナル系
634,夜行狙撃仕様ジム,0,285,18,30,85,300,20,100,120,0,0,150,30,－,Ｍ,26,7950,2,-3,0,-4,MS系／ジム系／オリジナル系
635,エスペランサ,0,460,45,60,60,400,30,100,150,90,100,0,1,－,Ｍ,39,9000,6,-5,-5,0,MA系／機動新世紀ガンダムX
636,ディアナ専用カプル,0,398,35,64,54,487,15,0,200,0,185,180,45,－,Ｍ,41,9000,2,4,0,-5,MS系／専用機／オリジナル系
637,ナイトファイター,0,650,40,65,85,480,30,190,210,0,195,210,50,－,Ｍ,49,9000,-5,-4,2,-1,その他／オリジナル系
638,ガンダム積載MSトレーラー,0,300,18,30,35,200,30,50,80,0,0,0,30,－,Ｍ,22,3450,3,-2,-5,-3,その他／ガンダム系／連邦軍・ティターンズ・地球連合／機動戦士ガンダム
639,ガ・ゾウム,0,336,35,74,50,376,18,0,200,200,200,0,65,－,Ｍ,35,11520,2,-3,2,-5,MS系／ジオン・ネオジオン軍・ザフト／機動戦士ガンダムZZ／量産機
640,ガ・ゾウム(MA) ,1,336,35,80,50,376,18,0,200,200,200,0,65,－,Ｍ,35,0,-5,-5,3,2,MA系／ジオン・ネオジオン軍・ザフト／機動戦士ガンダムZZ／量産機
641,ジャムル・フィン(MA) ,1,403,37,137,66,478,20,135,140,0,0,90,115,－,Ｍ,46,0,-5,-5,4,-5,MA系／ジオン・ネオジオン軍・ザフト／機動戦士ガンダムZZ
642,ナカガワ専用高機動型ゲルググ,0,355,30,74,54,397,19,0,145,125,125,0,50,－,Ｍ,36,11040,1,-3,3,-5,MS系／ジオン・ネオジオン軍・ザフト／ゲルググ系／専用機／オリジナル系
643,ギリアム専用ギャン,0,320,30,62,54,354,18,0,100,130,0,0,50,－,Ｍ,33,10440,2,-3,2,-4,MS系／ジオン・ネオジオン軍・ザフト／ギャン系／専用機／オリジナル系
644,高機動型ジオング,0,480,43,82,74,496,20,180,0,0,185,185,100,NT3,Ｍ,48,38560,-5,-5,4,-5,MS系／ジオン・ネオジオン軍・ザフト／オリジナル系
645,ザンネック,0,457,42,94,75,623,19,250,250,250,250,280,100,強5,Ｍ,51,28000,-2,-5,5,0,MS系／機動戦士Vガンダム／ザンスカール帝国
646,アイナ専用キュベレイ,0,450,40,80,75,520,20,255,220,210,210,210,100,－,Ｍ,49,52000,0,-5,4,2,MS系／ジオン・ネオジオン軍・ザフト／専用機／オリジナル系
647,ガルマ専用グフ,0,290,30,52,42,312,18,10,30,30,0,0,50,－,Ｍ,26,8400,3,-3,-5,-5,MS系／ジオン・ネオジオン軍・ザフト／グフ系／専用機／オリジナル系
648,ガルマ専用ズゴック,0,307,28,52,42,333,18,0,0,95,95,0,50,－,Ｍ,30,9630,2,3,-5,-5,MS系／ジオン・ネオジオン軍・ザフト／専用機／オリジナル系
649,ハモン専用マゼラ・アタック,0,192,15,43,52,212,13,10,30,30,30,0,50,－,Ｓ,21,2880,4,-4,-5,-5,その他／ジオン・ネオジオン軍・ザフト／専用機／オリジナル系
650,ジーライン・ライトアーマー,0,307,32,72,65,476,18,130,130,130,130,0,25,－,Ｍ,38,11490,2,-1,2,-1,MS系／連邦軍・ティターンズ・地球連合／M-MSV(大河原邦夫コレクション)
651,プロトZガンダム[X1型],0,410,48,122,80,420,25,200,200,200,200,200,75,－,Ｍ,45,42220,1,-3,2,0,MS系／ガンダム系／エウーゴ・カラバ／オリジナル系
652,プロトZガンダム(リック・ディアスヘッド),0,400,40,90,80,420,25,200,200,200,200,200,75,－,Ｍ,42,44800,1,-1,3,0,MS系／ガンダム系／エウーゴ・カラバ／オリジナル系
653,プロトZガンダム(ネモヘッド),0,400,40,90,80,420,25,200,200,200,200,200,75,－,Ｍ,42,44800,1,-1,3,0,MS系／ガンダム系／エウーゴ・カラバ／オリジナル系
654,シュネー・ヴァイス,0,333,28,48,90,362,18,250,250,110,110,250,50,NT5,Ｍ,35,10670,0,-4,4,-5,MS系／ジオン・ネオジオン軍・ザフト／ドム系／専用機／ZZ/CCA-MSV
655,ライデン専用ザクIII改,0,464,59,118,70,478,21,230,210,200,200,200,50,強1,Ｍ,49,58180,2,-3,2,-4,MS系／ザク系／ジオン・ネオジオン軍・ザフト／専用機／オリジナル系
656,ガンダムグリープ,0,540,46,115,76,730,25,250,250,250,240,240,130,－,Ｍ,60,182030,2,-3,4,0,MS系／ガンダム系／G-UNIT
657,ガンダムグリープ(アサルトモード) ,1,540,50,118,55,730,25,250,250,250,240,240,130,－,Ｍ,60,0,0,-5,3,3,MA系／ガンダム系／G-UNIT
658,ガンダムサンドロック,0,431,43,72,70,487,16,250,230,220,220,210,100,－,Ｍ,44,12030,3,0,-4,-4,MS系／ガンダム系／新機動戦記ガンダムW
659,シャイターン,0,450,50,74,60,650,35,200,200,180,180,230,50,－,Ｍ,50,12000,3,-1,2,0,MS系／機動戦士Vガンダム／ザンスカール帝国
660,Gダッシュ,0,450,30,80,50,400,35,210,210,200,200,195,50,－,Ｍ,39,12000,-4,-5,5,0,MA系／ガンダム系
661,ガンダムサンドロック改,0,481,50,89,76,657,16,250,230,200,200,210,80,－,Ｍ,51,23740,2,0,4,-4,MS系／ガンダム系／新機動戦記ガンダムW
662,ゴッゾー,0,267,35,60,60,300,25,0,100,0,70,100,10,－,Ｍ,31,6000,1,-1,1,0,MS系／ターンAガンダム
663,イーゲル,0,378,50,90,75,400,30,240,230,240,220,200,60,－,Ｍ,44,9000,3,0,1,0,MS系／ターンAガンダム
664,パーフェクトνガンダム,0,500,50,90,100,600,45,290,300,290,285,280,150,NT5,Ｍ,61,52000,1,0,2,-4,MS系／ガンダム系／オリジナル系
665,アフリカ戦線仕様ズゴック,0,307,28,52,42,333,18,0,0,95,95,0,40,－,Ｍ,30,9630,2,3,-5,-5,MS系／ジオン・ネオジオン軍・ザフト／オリジナル系
666,ランバ・ラル専用ズゴック,0,307,28,52,42,333,18,0,0,95,95,0,40,－,Ｍ,30,9630,2,3,-5,-5,MS系／ジオン・ネオジオン軍・ザフト／専用機／オリジナル系
667,黒い三連星専用ゴッグ,0,296,35,44,50,333,18,0,0,35,35,0,40,－,Ｍ,30,8580,2,3,-5,-5,MS系／ジオン・ネオジオン軍・ザフト／専用機／オリジナル系
668,レーテ・ドーガ,0,315,38,65,70,350,40,200,240,210,180,170,50,NT5,Ｍ,37,12000,1,-2,3,0,MS系／ジオン・ネオジオン軍・ザフト／オリジナル系
669,ペガサスIII,0,1350,28,30,180,1100,125,200,260,190,200,250,100,－,ＬＬ,84,200000,0,-4,2,2,艦船系／ガンダムセンチネル
670,ボール(ジオン鹵獲機),0,115,12,23,40,160,8,0,0,10,0,0,5,－,Ｓ,12,1800,-4,-4,2,-4,その他／ジオン・ネオジオン軍・ザフト／量産機
671,ジム(ジオン鹵獲機),0,240,21,36,42,220,11,0,10,30,30,0,5,－,Ｍ,21,3570,1,-5,1,-2,MS系／ジム系／ジオン・ネオジオン軍・ザフト
672,ガンタンク(ジオン鹵獲機),0,268,28,38,80,300,18,0,0,0,0,80,5,－,Ｍ,27,4200,3,-5,-5,-2,その他／ジオン・ネオジオン軍・ザフト
673,ガンキャノン(ジオン鹵獲機),0,275,38,50,68,295,20,0,0,0,95,95,5,－,Ｍ,30,4230,3,-5,2,-2,MS系／ジオン・ネオジオン軍・ザフト
674,ジオン仕様ガンダム,0,350,32,62,58,325,20,130,130,130,130,0,5,－,Ｍ,32,10800,2,0,1,1,MS系／ガンダム系／ジオン・ネオジオン軍・ザフト
675,ザクI(連邦鹵獲機),0,155,15,28,40,175,10,0,0,10,0,0,5,－,Ｍ,16,3450,1,-4,1,-3,MS系／ザク系／連邦軍・ティターンズ・地球連合／量産機
676,ザクII(連邦鹵獲機),0,210,18,38,42,215,11,0,30,0,30,0,5,－,Ｍ,17,3675,2,-5,2,-3,MS系／ザク系／連邦軍・ティターンズ・地球連合／量産機
677,ザクII指揮官機(連邦鹵獲機),0,240,30,55,50,250,11,0,0,0,100,0,5,－,Ｍ,24,3750,3,-5,3,0,MS系／ザク系／連邦軍・ティターンズ・地球連合／量産機
678,グフ(連邦鹵獲機),0,290,30,52,42,312,18,10,30,30,0,0,5,－,Ｍ,29,8400,3,-3,-5,-5,MS系／連邦軍・ティターンズ・地球連合／グフ系／量産機
679,ドム(連邦鹵獲機),0,300,28,56,48,326,18,0,0,85,85,0,5,－,Ｍ,30,9270,3,-2,-5,-5,MS系／連邦軍・ティターンズ・地球連合／ドム系／量産機
680,リック・ドム(連邦鹵獲機),0,300,28,56,48,326,18,0,0,90,90,0,5,－,Ｍ,30,9270,-3,-4,3,-5,MS系／連邦軍・ティターンズ・地球連合／ドム系／量産機
681,ゲルググ(連邦鹵獲機),0,305,27,60,54,310,13,0,90,115,135,0,5,－,Ｍ,29,10320,1,-5,3,-4,MS系／連邦軍・ティターンズ・地球連合／ゲルググ系／量産機
682,ゲルググ指揮官機(連邦鹵獲機),0,310,27,60,56,310,13,0,90,115,135,0,20,－,Ｍ,29,10320,1,-5,3,-4,MS系／連邦軍・ティターンズ・地球連合／ゲルググ系／量産機
683,ギャン(連邦鹵獲機),0,320,30,62,54,354,18,0,100,130,0,0,5,－,Ｍ,33,11340,2,-3,2,-5,MS系／連邦軍・ティターンズ・地球連合／ギャン系／量産機
684,ゴッグ(連邦鹵獲機),0,296,35,44,50,333,18,0,0,35,35,0,5,－,Ｍ,30,8580,2,3,-5,-5,MS系／連邦軍・ティターンズ・地球連合／量産機
685,アッガイ(連邦鹵獲機),0,275,22,52,42,300,19,10,30,30,15,0,5,－,Ｍ,28,6810,2,3,-5,-5,MS系／連邦軍・ティターンズ・地球連合／量産機
686,ズゴック(連邦鹵獲機),0,307,28,52,42,333,18,0,0,95,95,0,5,－,Ｍ,30,9630,2,3,-5,-5,MS系／連邦軍・ティターンズ・地球連合／量産機
687,ズゴック指揮官機(連邦鹵獲機),0,307,28,52,42,333,18,0,0,95,95,0,20,－,Ｍ,30,9630,2,3,-5,-5,MS系／連邦軍・ティターンズ・地球連合／量産機
688,ゾック(連邦鹵獲機),0,400,39,43,64,432,23,0,0,0,165,0,5,－,Ｍ,38,14430,-5,3,-5,-5,MS系／連邦軍・ティターンズ・地球連合
689,ジオング(連邦鹵獲機),0,480,43,78,74,496,20,180,0,0,185,185,5,NT3,Ｍ,47,35200,-5,-5,3,-5,MS系／連邦軍・ティターンズ・地球連合
690,陸戦型ジム(ジオン鹵獲機),0,283,25,48,42,312,18,0,0,35,35,0,5,－,Ｍ,28,7350,3,-3,-5,-5,MS系／ジム系／ジオン・ネオジオン軍・ザフト／量産機
691,陸戦型ガンダム(ジオン鹵獲機),0,320,30,65,48,354,18,75,75,75,75,0,5,－,Ｍ,33,10470,3,-3,-5,-5,MS系／ガンダム系／ジオン・ネオジオン軍・ザフト／量産機
692,シーマ専用高機動型ザクII改試作機,0,316,26,60,54,326,18,0,60,60,60,0,40,－,Ｍ,21,7350,-4,-5,4,-4,MS系／ザク系／ジオン・ネオジオン軍・ザフト／オリジナル系／専用機
693,ザクIIガンナー,0,200,21,30,42,205,11,0,30,0,30,0,5,－,Ｍ,19,3900,1,-2,1,-1,MS系／ザク系／ジオン・ネオジオン軍・ザフト／オリジナル系
694,サムソントレーラー,0,180,14,32,30,160,30,0,30,0,0,0,1,－,Ｍ,17,585,3,-4,-5,-3,その他／ジオン・ネオジオン軍・ザフト／機動戦士ガンダム／量産機
695,空間突撃仕様ジム・キャノン,0,276,24,37,58,300,18,0,0,0,0,60,1,－,Ｍ,18,7290,1,-4,3,-5,MS系／ジム系／連邦軍・ティターンズ・地球連合／MSV(モビルスーツバリエーション)／量産機
696,シャア専用ギャン改,0,378,38,70,54,360,17,140,100,140,0,0,50,－,Ｍ,38,8910,4,-1,3,0,MS系／ジオン・ネオジオン軍・ザフト／ギャン系／オリジナル系／専用機
697,リニアガン・タンク,0,225,14,33,52,297,15,0,30,0,30,30,1,－,Ｓ,25,2730,2,-5,-5,-5,連邦軍・ティターンズ・地球連合／ガンダムSEED／車輌・戦闘機系／量産機
698,レイヴン,0,470,40,120,100,470,28,295,295,275,285,265,130,－,Ｍ,49,18000,-1,-5,4,0,MS系
699,陸戦用ジム,0,220,32,32,38,280,13,0,50,30,30,0,5,－,Ｍ,23,7110,2,-3,-2,-1,MS系／ジム系／連邦軍・ティターンズ・地球連合／M-MSV(大河原邦夫コレクション)
700,マツナガ専用ケンプファー,0,320,26,96,58,408,18,0,200,200,200,0,50,－,Ｍ,37,16860,2,-3,2,-5,MS系／ジオン・ネオジオン軍・ザフト／専用機／オリジナル系
701,ガトー専用高機動型ザク後期型,0,348,28,70,54,340,18,0,80,80,80,0,50,－,Ｍ,34,7350,-4,-4,4,-5,MS系／ザク系／ジオン・ネオジオン軍・ザフト／専用機／オリジナル系
702,シャア専用パーフェクトジオング・カスタム,0,512,48,65,74,496,40,185,0,0,185,185,120,NT3,Ｌ,47,53800,1,-3,3,-5,MS系／ジオン・ネオジオン軍・ザフト／専用機／オリジナル系
703,セミアーマードガンダム,0,350,39,65,60,375,22,135,175,145,145,0,20,－,Ｍ,30,13800,1,-3,1,0,MS系／ガンダム系／連邦軍・ティターンズ・地球連合／MSV(モビルスーツバリエーション)
704,釈専用ザクII,0,210,21,50,42,225,11,0,30,0,30,0,1,－,Ｍ,22,6900,0,-2,2,-1,MS系／ザク系／ジオン・ネオジオン軍・ザフト／オリジナル系
705,テストベッド・∀ガンダム,0,385,52,90,48,500,20,200,200,150,160,150,50,－,Ｍ,45,123500,0,0,1,0,MS系／ガンダム系／オリジナル系
706,ズク,0,70,10,20,25,80,30,100,100,100,100,100,5,－,Ｍ,12,3900,0,0,0,0,その他
707,旧型ゲルグ,0,80,15,30,30,100,40,100,100,100,100,100,5,－,Ｍ,12,3900,0,0,1,0,その他
708,GファルコンDX(MA) ,1,618,60,112,65,780,17,285,275,235,275,215,100,NT4,Ｍ,70,0,-6,-6,4,4,MA系／ガンダム系／連邦軍・ティターンズ・地球連合／機動新世紀ガンダムX
709,ゾアン ,1,450,40,60,75,500,40,0,220,100,110,190,75,－,Ｍ,62,0,-5,-5,3,-4,MA系／ジオン・ネオジオン軍・ザフト／ガンダムセンチネル
710,ジドム,0,100,15,20,25,100,40,100,100,100,100,100,5,－,Ｍ,12,3900,2,-5,-5,-5,その他
711,ザイック,0,120,20,20,25,100,40,100,100,100,100,100,5,－,Ｍ,12,3900,2,-5,-5,-5,その他
712,Pタイプ仕様ガンダムF90,0,453,50,116,70,520,15,250,260,260,240,200,120,－,Ｍ,39,18750,2,-3,2,-5,MS系／ガンダム系／連邦軍・ティターンズ・地球連合／機動戦士ガンダムF90
713,マグアナック,0,305,26,44,60,360,16,200,200,200,200,200,50,－,Ｍ,31,7380,3,-2,2,-4,MS系／新機動戦記ガンダムW
714,ラシード専用マグアナック,0,325,29,47,75,360,16,220,220,220,220,220,70,－,Ｍ,34,9090,3,-2,2,-4,MS系／新機動戦記ガンダムW／専用機
715,アウダ専用マグアナック,0,325,26,51,70,360,16,210,210,210,200,200,50,－,Ｍ,33,9090,3,-2,2,-4,MS系／新機動戦記ガンダムW／専用機
716,アフマド専用マグアナック,0,325,32,60,70,360,16,210,210,210,200,200,50,－,Ｍ,34,9090,3,-2,2,-4,MS系／新機動戦記ガンダムW／専用機
717,アブドル専用マグアナック,0,325,26,60,70,360,16,210,210,210,200,200,50,－,Ｍ,34,9090,3,-2,2,-4,MS系／新機動戦記ガンダムW／専用機
718,ガンダムアクエリアス,0,530,70,105,80,700,40,560,550,540,540,540,120,強5,Ｍ,60,62980,2,-2,4,1,MS系／ガンダム系／オリジナル系
719,キュイ,0,100,10,60,20,100,5,0,30,30,0,0,1,－,Ｓ,12,900,5,-4,-4,-4,その他／ジオン・ネオジオン軍・ザフト／機動戦士ガンダム／量産機
720,アムロ仕様ウェイブライダー ,1,448,56,129,82,478,24,250,270,200,230,250,1,NT3,Ｍ,55,0,-5,-5,4,-1,MA系／ガンダム系／連邦軍・ティターンズ・地球連合／専用機／オリジナル系
721,戦斗バイク(乙タイプ),0,250,32,80,30,250,15,0,80,60,50,0,5,－,Ｓ,26,7200,4,-5,-4,-4,その他／ザンスカール帝国／機動戦士Vガンダム
722,戦斗バイク(甲タイプ),0,260,32,80,30,250,15,0,80,60,50,0,5,－,Ｓ,27,7200,4,-5,-4,-4,その他／ザンスカール帝国／機動戦士Vガンダム
723,ビルケナウ,0,550,53,90,60,550,30,150,150,140,140,150,50,－,Ｍ,50,40000,-5,-5,3,-4,MA系／ザンスカール帝国／機動戦士Vガンダム
724,ガリクソン,0,360,35,70,32,350,20,0,120,100,85,0,20,－,Ｍ,33,4200,4,-5,-4,-4,MA系／ザンスカール帝国／機動戦士Vガンダム
725,ブルッケング,0,432,41,87,68,452,14,200,210,205,200,180,70,－,Ｍ,44,19350,3,0,3,3,MS系／ザンスカール帝国／機動戦士Vガンダム
726,ゲドラフ,0,397,38,87,64,393,14,180,190,175,170,0,50,－,Ｍ,40,18270,3,0,3,3,MS系／ザンスカール帝国／機動戦士Vガンダム／量産機
727,リカール,0,470,35,83,90,570,50,210,220,210,200,90,35,－,Ｌ,50,19890,-5,-5,-5,3,MA系／ザンスカール帝国／機動戦士Vガンダム／量産機
728,陸戦型ギラ・ドーガ,0,350,38,70,80,350,18,0,175,120,170,170,10,－,Ｍ,37,9000,3,-3,-5,-2,MS系／ザク系／ジオン・ネオジオン軍・ザフト／オリジナル系
729,キャプテンガンダム,0,580,40,65,65,420,38,280,280,250,250,250,120,－,Ｍ,46,28000,2,-3,4,3,MS系／ガンダム系／オリジナル系
730,ガンダムEz8 ヘビーアームドカスタム,0,270,40,15,70,450,12,150,150,150,150,150,100,－,Ｍ,31,12000,-3,-5,4,-5,MS系／ガンダム系／連邦軍・ティターンズ・地球連合／オリジナル系
731,ストライクルージュIWSP,0,441,40,81,60,509,18,220,230,200,200,200,80,－,Ｍ,45,19470,2,-3,2,2,MS系／ガンダム系／ガンダムSEED ASTRAY、MSV
732,ニムバス専用グフ,0,290,30,52,42,312,18,10,30,30,0,0,50,－,Ｍ,29,8400,3,-3,-5,-4,MS系／ジオン・ネオジオン軍・ザフト／グフ系／オリジナル系／専用機
733,レズン専用ゲルググM,0,352,33,67,58,372,19,0,165,165,165,0,75,－,Ｍ,34,11460,2,-4,2,-4,MS系／ジオン・ネオジオン軍・ザフト／ゲルググ系／オリジナル系／専用機
734,ゲルググJ・グリーン,0,336,30,78,72,397,19,0,155,100,155,0,5,－,Ｍ,37,11040,2,-3,2,-4,MS系／ジオン・ネオジオン軍・ザフト／ゲルググ系／オリジナル系／専用機／量産機
735,陸戦型ヤクト・ドーガ,0,450,40,75,60,400,30,190,150,160,180,0,20,NT2,Ｍ,46,7800,1,-5,3,-2,MS系／ジオン・ネオジオン軍・ザフト／オリジナル系
736,バウンド・ドックIII,0,498,40,90,75,420,20,190,200,175,175,0,50,強3,Ｍ,43,64000,0,-1,3,1,MS系／連邦軍・ティターンズ・地球連合／オリジナル系
737,バンデット,0,480,46,100,65,657,18,210,200,180,180,180,100,－,Ｍ,53,23380,2,-4,1,0,MS系／ターンAガンダム
738,コロンブス,0,210,25,25,100,1100,70,0,230,105,130,190,50,－,Ｍ,51,10500,-5,-5,1,-5,艦船系／連邦軍・ティターンズ・地球連合／機動戦士ガンダム／量産機
739,ドラケンE,0,200,10,35,30,250,15,50,50,70,0,0,1,－,Ｓ,19,1800,2,-1,0,-3,MS系／連邦軍・ティターンズ・地球連合／ポケットの中の戦争／量産機
740,ガンダムF90II,0,450,42,110,65,420,28,270,275,280,260,240,120,－,Ｍ,33,18900,1,0,2,0,MS系／ガンダム系／連邦軍・ティターンズ・地球連合／機動戦士ガンダムF90
741,Iタイプ仕様ガンダムF90II,0,498,55,127,80,546,15,270,275,280,260,240,120,－,Ｍ,44,21160,0,-2,1,3,MS系／ガンダム系／連邦軍・ティターンズ・地球連合／機動戦士ガンダムF90
742,Lタイプ仕様ガンダムF90II,0,498,55,127,80,546,15,270,275,280,260,240,120,－,Ｍ,44,18900,0,-3,2,-5,MS系／ガンダム系／連邦軍・ティターンズ・地球連合／機動戦士ガンダムF90
743,フェブラル,0,440,40,90,70,530,35,210,220,210,200,200,50,NT3,Ｌ,47,17040,-5,-5,3,-5,MA系／機動新世紀ガンダムX
744,メッサー,0,432,56,113,72,460,23,150,280,240,260,260,220,－,Ｍ,47,52480,2,-3,2,-5,MS系／連邦軍・ティターンズ・地球連合／閃光のハサウェイ／量産機
745,GXビット,0,320,31,66,65,520,17,250,240,230,240,210,50,NT5,Ｍ,40,10290,2,0,2,2,MS系／機動新世紀ガンダムX／量産機
746,ゼウスガンダム,0,570,60,75,50,540,25,240,240,250,240,200,50,強4,Ｍ,49,15000,4,-2,0,-2,MS系／ガンダム系／機動武闘伝Gガンダム
747,ブグII,0,400,42,65,65,400,30,180,180,180,150,140,50,－,Ｍ,36,7200,3,-1,0,-3,MS系
748,Jセイバー,0,450,40,90,80,420,32,285,285,265,275,255,100,－,Ｍ,46,12000,0,-5,4,-3,MS系
749,スピアヘッド,0,420,40,75,70,385,28,200,200,180,200,170,30,－,Ｍ,37,6000,0,-5,3,-1,MS系
750,スピアヘッド-B,0,420,60,55,55,400,25,200,200,200,180,170,50,－,Ｍ,35,7200,0,-5,3,-1,MS系
751,スピアヘッド-C,0,420,38,40,80,500,32,200,200,190,200,210,50,－,Ｍ,37,7200,0,-5,3,-1,MS系
752,セカンドV,0,473,47,133,80,593,18,240,240,210,220,230,80,－,Ｍ,59,52540,2,0,3,3,MS系／ガンダム系／機動戦士Vガンダム
753,グランザム,0,1094,52,66,75,630,50,250,280,230,260,285,220,－,Ｍ,72,117380,3,1,2,0,MA系／機動戦士ガンダムF90
754,ガンダムGP02初期型,0,475,33,60,50,450,22,180,180,180,0,180,20,－,Ｍ,39,12000,3,-1,2,0,MS系／ガンダム系／連邦軍・ティターンズ・地球連合／オリジナル系
755,トムリアット(MA) ,1,378,36,86,78,422,20,200,190,150,170,180,10,－,Ｍ,41,0,-5,-5,-5,3,MS系／機動戦士Vガンダム／ザンスカール帝国／量産機
756,インパルスガンダム,0,460,47,91,80,550,17,200,230,140,150,0,50,強5,Ｍ,49,35260,2,-3,2,-4,MS系／ガンダム系／ジオン・ネオジオン軍・ザフト／ガンダムSEED DESTINY
757,シュツルム・イェーガー,0,500,30,100,50,400,30,180,185,130,150,180,50,－,Ｍ,39,15000,0,-4,3,1,MS系／ジオン・ネオジオン軍・ザフト／オリジナル系
758,ギャバン専用ボルジャーノン,0,288,21,50,42,225,11,0,30,30,0,0,10,－,Ｍ,22,6900,2,-2,0,0,MS系／ザク系／ターンAガンダム／専用機
759,シャア専用ザクI,0,288,20,42,45,280,18,0,100,100,80,0,20,－,Ｍ,17,7410,2,-3,2,-3,MS系／ザク系／ジオン・ネオジオン軍・ザフト／THE ORIGIN／専用機
760,シーマ専用ザクIIF2,0,325,25,75,60,280,18,85,120,120,100,0,50,－,Ｍ,30,12360,1,-3,3,-1,MS系／ザク系／ジオン・ネオジオン軍・ザフト／専用機／オリジナル系
761,黒い三連星専用ケンプファー,0,320,26,96,58,408,18,0,200,200,200,0,50,－,Ｍ,37,16860,2,-3,2,-4,MS系／ジオン・ネオジオン軍・ザフト／専用機／オリジナル系
762,アムロ専用ジム・クゥエル,0,345,35,74,52,397,18,0,0,60,60,0,50,－,Ｍ,36,13200,2,-3,2,-4,MS系／ジム系／連邦軍・ティターンズ・地球連合／専用機／オリジナル系
763,ハミングバード,0,448,50,118,80,532,17,210,200,180,210,170,150,NT1,Ｍ,40,55960,-5,-5,3,-4,MS系／ガンダム系／ガンダムセンチネル
764,ハミングバード(WR) ,1,448,50,124,70,532,17,210,200,180,210,170,150,NT1,Ｍ,40,0,-5,-5,5,-4,MA系／ガンダム系／ガンダムセンチネル
765,ジン・フェムウス,0,360,35,50,70,400,22,110,110,70,100,20,20,強2,Ｍ,34,9600,1,3,-5,-4,MS系／ジオン・ネオジオン軍・ザフト／ガンダムSEED ASTRAY、MSV
766,ガンキャノン・ディテクター,0,422,41,98,68,447,18,130,130,100,150,0,55,－,Ｍ,34,26980,2,-3,2,-4,MS系／エウーゴ・カラバ／Z-MSV／量産機
767,ティターンズ専用ガルバルディβ,0,410,28,68,60,350,20,150,150,150,150,0,25,強1,Ｍ,35,11400,2,-5,2,-4,MS系／連邦軍・ティターンズ・地球連合／専用機／オリジナル系
768,メッメドーザ,0,410,39,87,80,422,20,210,200,200,180,180,40,－,Ｍ,42,16890,-5,-3,-5,3,MS系／機動戦士Vガンダム／ザンスカール帝国
769,ドン・エスカルゴ,0,140,20,40,60,280,13,0,30,25,0,0,1,－,ＳＳ,20,900,0,2,-5,3,連邦軍・ティターンズ・地球連合／機動戦士ガンダム／車輌・戦闘機系／量産機
770,フライマンタ,0,135,8,43,65,270,13,0,30,25,0,0,1,－,Ｓ,20,660,-4,-5,-4,3,連邦軍・ティターンズ・地球連合／機動戦士ガンダム／車輌・戦闘機系／量産機
771,ウォルターガンダム(アタックモード) ,1,580,59,85,70,500,20,240,200,200,200,200,75,強4,Ｍ,51,0,-1,4,0,1,MA系／ガンダム系／機動武闘伝Gガンダム
772,ジッコ,0,120,5,40,40,200,10,20,50,0,0,30,1,－,Ｍ,15,450,-5,-6,5,-4,ジオン・ネオジオン軍・ザフト／機動戦士ガンダム／車輌・戦闘機系／量産機
773,デプ・ロッグ,0,180,8,42,38,180,30,10,20,0,0,0,1,－,Ｌ,17,390,-4,-5,-4,4,連邦軍・ティターンズ・地球連合／機動戦士ガンダム／車輌・戦闘機系／量産機
774,ディッシュ,0,160,5,45,60,150,10,0,80,0,15,30,1,－,Ｓ,16,300,-4,-6,-4,4,連邦軍・ティターンズ・地球連合／機動戦士ガンダム／車輌・戦闘機系／量産機
775,ファット・アンクル,0,280,18,11,70,600,70,0,200,90,100,150,5,－,Ｍ,34,1200,-5,-5,-6,3,ジオン・ネオジオン軍・ザフト／機動戦士ガンダム／車輌・戦闘機系／量産機
776,ザクII練習機,0,200,18,30,42,215,11,0,30,0,30,0,5,－,Ｍ,19,3600,0,-2,2,-1,MS系／ザク系／ジオン・ネオジオン軍・ザフト／オリジナル系／量産機
777,ガザE,0,313,28,74,45,340,27,100,150,130,110,0,50,－,Ｍ,32,9720,2,-4,2,-5,MS系／ガンダムセンチネル／量産機
778,ガンキャノン1A,0,275,40,50,68,295,25,0,0,0,95,95,5,－,Ｍ,29,8400,2,0,1,1,MS系／連邦軍・ティターンズ・地球連合／M-MSV(大河原邦夫コレクション)／オリジナル系
779,ハイドラガンダム(高機動モード) ,1,660,62,85,65,800,24,250,240,230,240,210,320,－,Ｍ,66,0,-5,-5,5,-5,MS系／ガンダム系／G-UNIT
780,ランバ・ラル専用ザクIIC型,0,275,22,40,42,300,18,0,30,0,30,0,35,－,Ｍ,27,6750,2,-3,2,-5,MS系／ザク系／ジオン・ネオジオン軍・ザフト／専用機／オリジナル系
781,アプサラスIII(主砲発射形態) ,1,576,43,70,90,550,50,280,300,230,300,300,150,－,Ｌ,57,0,-5,-5,0,0,MA系／ジオン・ネオジオン軍・ザフト／第08MS小隊
782,バスターガンダム,0,407,40,67,92,445,18,200,220,60,100,140,60,強5,Ｍ,45,10890,2,-3,2,-4,MS系／ガンダム系／ジオン・ネオジオン軍・ザフト／ガンダムSEED
783,ゴッゾーラ,0,410,38,83,70,422,20,120,180,180,130,130,50,－,Ｍ,41,15210,-5,-3,-5,2,MS系／機動戦士Vガンダム／ザンスカール帝国
784,ドッゴーラ(水中用),0,913,31,83,80,638,40,220,220,200,210,250,120,－,Ｌ,66,137720,-5,3,0,2,MA系／機動戦士Vガンダム／ザンスカール帝国
785,ザンジバル改良型,0,1000,32,30,110,850,60,200,250,120,160,200,100,－,ＬＬ,72,61600,-2,-5,3,0,艦船系／ジオン・ネオジオン軍・ザフト／スターダストメモリー
786,リリー・マルレーン,0,806,38,55,115,1320,127,210,260,140,180,230,100,－,ＬＬ,77,76060,-5,-5,3,2,艦船系／ジオン・ネオジオン軍・ザフト／スターダストメモリー／専用機
787,ハマーン専用リック・ディアス,0,390,43,91,58,447,18,170,170,170,170,0,100,－,Ｍ,42,22420,2,-3,2,-4,MS系／ジオン・ネオジオン軍・ザフト／専用機／オリジナル系
788,ガンダムMk-IIIイグレイ,0,465,30,105,55,320,20,200,130,130,130,130,50,－,Ｍ,39,18000,1,-3,2,1,MS系／ガンダム系／連邦軍・ティターンズ・地球連合／オリジナル系
789,ガンダムMk-IIIハーピュレイ,0,470,30,110,75,320,22,200,150,150,0,0,10,－,Ｍ,40,18000,0,-3,3,1,MS系／ガンダム系／連邦軍・ティターンズ・地球連合／オリジナル系
790,ガンダムGP01Bst,0,480,33,80,55,380,25,160,180,180,180,150,30,－,Ｍ,39,11400,-5,-4,5,-3,MS系／ガンダム系／連邦軍・ティターンズ・地球連合／オリジナル系
791,ガンイージ・プロトタイプ,0,394,39,75,75,460,18,200,230,190,195,200,20,－,Ｍ,32,8430,2,-2,2,0,MS系／機動戦士Vガンダム／リガ・ミリティア／MSV(モビルスーツバリエーション)
792,ガンダムGP03S Bstスプリガン,0,425,35,88,52,370,20,180,180,150,180,180,40,－,Ｍ,38,18000,0,-3,4,1,MS系／ガンダム系／連邦軍・ティターンズ・地球連合／オリジナル系
793,ガンダムNT-II,0,380,35,85,65,380,20,160,140,140,150,0,30,NT2,Ｍ,37,16500,-2,-4,4,0,MS系／ガンダム系／連邦軍・ティターンズ・地球連合／オリジナル系
794,ソレイユ,0,1350,45,35,180,1150,150,200,320,110,140,300,150,－,ＬＬ,98,110000,-2,-4,1,0,艦船系／ターンAガンダム
795,イーゲル(高速歩行形態) ,1,378,50,80,75,400,30,240,230,240,220,200,60,－,Ｍ,44,0,5,0,0,-2,MA系／ターンAガンダム
796,トロイホース,0,1164,28,24,180,967,120,0,220,100,120,180,50,－,ＬＬ,80,76000,-3,-5,3,2,艦船系／連邦軍・ティターンズ・地球連合／ポケットの中の戦争
797,ガンイージ陸戦型,0,395,39,83,75,460,18,200,230,190,195,200,10,－,Ｍ,33,16830,3,-2,-5,0,MS系／機動戦士Vガンダム／リガ・ミリティア／MSV(モビルスーツバリエーション)／量産機
798,サラミス改,0,576,31,50,100,1170,99,0,250,200,200,200,40,－,ＬＬ,62,64060,-5,-5,3,-5,艦船系／連邦軍・ティターンズ・地球連合／スターダストメモリー／量産機
799,ピースミリオン,0,2270,46,30,100,750,80,0,260,100,130,200,200,－,ＬＬ,113,500000,-5,-5,0,-5,艦船系／新機動戦記ガンダムW
800,クラウダ,0,400,42,86,70,408,18,150,150,150,150,0,40,－,Ｍ,41,16980,2,-4,3,-5,MS系／機動新世紀ガンダムX／量産機
801,ランスロー専用クラウダ,0,461,44,93,70,408,18,150,150,150,150,0,30,－,Ｍ,44,16980,2,-4,3,-5,MS系／専用機／機動新世紀ガンダムX
802,アムロ専用百式,0,450,38,78,75,430,28,180,180,180,180,180,80,－,Ｍ,43,52000,2,-5,3,0,MS系／ガンダム系／エウーゴ・カラバ／専用機／オリジナル系
803,サザビー・トレーナー,0,400,30,88,50,380,25,180,190,180,180,180,30,－,Ｍ,39,20800,0,-5,1,-1,MS系／ジオン・ネオジオン軍・ザフト／オリジナル系
804,ギュネイ専用サザビー,0,438,50,82,78,380,40,245,260,240,240,240,150,強4,Ｍ,49,25000,0,-5,3,-1,MS系／ジオン・ネオジオン軍・ザフト／専用機／オリジナル系
805,ハマーン専用サザビー,0,438,50,82,75,420,40,245,260,240,240,240,150,NT3,Ｍ,52,25000,-2,-5,4,0,MS系／ジオン・ネオジオン軍・ザフト／専用機／オリジナル系
806,重力下訓練用ザクI,0,160,15,25,40,180,12,10,20,20,30,30,5,－,Ｍ,16,3450,1,-2,-4,-3,MS系／ザク系／ジオン・ネオジオン軍・ザフト／オリジナル系
807,ノリス専用ザクII,0,295,21,48,59,300,18,0,30,0,30,0,30,－,Ｍ,19,7350,2,-3,2,-4,MS系／ザク系／ジオン・ネオジオン軍・ザフト／専用機／オリジナル系
808,陸戦高機動型ザク,0,282,21,56,45,312,18,30,50,50,30,30,15,－,Ｍ,28,7350,3,-4,-5,-4,MS系／ザク系／ジオン・ネオジオン軍・ザフト／MSV(モビルスーツバリエーション)
809,マゼラン改,0,1150,18,28,175,950,50,180,260,120,130,230,80,－,ＬＬ,81,74800,-5,-5,4,-5,艦船系／連邦軍・ティターンズ・地球連合／スターダストメモリー／量産機
810,ティターンズ仕様アーガマ,0,1350,25,40,170,1000,100,200,300,120,150,250,120,強1,ＬＬ,81,254000,-2,-4,2,2,艦船系／連邦軍・ティターンズ・地球連合／オリジナル系
811,ビグロ長距離航行型,0,441,28,87,60,453,24,175,175,160,0,0,30,－,Ｌ,43,17400,-6,-6,3,-6,MA系／ジオン・ネオジオン軍・ザフト／オリジナル系
812,量産型百式改,0,410,48,100,83,447,18,180,200,150,150,150,30,－,Ｍ,35,43900,2,-3,2,-4,MS系／ガンダム系／エウーゴ・カラバ／Z-MSV／量産機
813,SガンダムMk-II,0,480,43,92,65,450,30,200,200,160,180,0,50,－,Ｍ,45,29200,0,0,2,1,MS系／ガンダム系／オリジナル系
814,ゾロ,0,357,35,73,65,408,20,210,240,235,220,200,5,－,Ｍ,38,12600,-4,-4,-4,2,MS系／機動戦士Vガンダム／ザンスカール帝国／量産機
815,クロスボーン仕様ガンダムF90II,0,450,45,110,61,420,30,270,260,260,240,240,130,NT2,Ｍ,45,18900,1,-3,4,1,MS系／ガンダム系／オリジナル系
816,ガルマ専用ゲルググ,0,294,30,62,54,310,15,135,135,135,0,0,50,－,Ｍ,35,10200,2,0,3,1,MS系／ジオン・ネオジオン軍・ザフト／専用機／オリジナル系
817,ガザG,0,410,37,50,50,390,25,80,120,90,100,0,10,－,Ｍ,37,10950,1,-2,2,0,MS系／オリジナル系／量産機
818,ガザG(MA) ,1,410,50,73,47,390,25,80,120,90,100,0,10,－,Ｍ,37,0,-3,-4,4,1,MA系／オリジナル系／量産機
819,デスアーミー,0,300,23,50,40,250,15,30,30,35,35,0,1,－,Ｍ,25,7500,0,-3,-3,-4,MS系／機動武闘伝Gガンダム／量産機
820,ドートレス・カスタム,0,350,28,50,48,250,14,0,0,90,90,0,1,－,Ｍ,29,7200,1,-2,2,0,MS系／機動新世紀ガンダムX
821,ミーティア改(シャトル),0,540,45,66,80,600,40,180,260,130,210,230,30,－,Ｌ,56,28000,-4,-4,4,3,MA系／その他／ガンダムSEED ASTRAY、MSV
822,ミーティア改(ジン),0,550,45,66,115,600,40,180,260,130,210,230,30,－,Ｌ,56,52000,-4,-4,4,3,MA系／その他／ガンダムSEED ASTRAY、MSV
823,ミーティア改(フリーダム),0,560,45,66,135,600,40,280,360,230,310,330,30,－,Ｌ,56,52000,-4,-4,4,3,MA系／その他／ガンダムSEED ASTRAY、MSV
824,ブラストインパルス,0,460,48,88,80,550,17,200,230,140,150,150,70,強5,Ｍ,49,35260,2,-3,2,-4,MS系／ガンダム系／ジオン・ネオジオン軍・ザフト／ガンダムSEED DESTINY
825,ゲゼ,0,240,30,54,50,300,30,0,60,60,0,0,10,－,Ｍ,28,7500,1,-3,0,-3,MS系／機動戦士ガンダムZZ
826,スーパートムキャット,0,364,30,63,70,325,16,210,210,250,250,200,50,－,Ｍ,33,8400,3,-3,-2,2,その他／マブラヴ
827,ソードインパルス,0,460,46,89,80,550,17,200,230,240,150,0,70,強5,Ｍ,48,35260,2,-3,2,-4,MS系／ガンダム系／ジオン・ネオジオン軍・ザフト／ガンダムSEED DESTINY
828,フォウ専用リック・ディアス,0,390,43,91,58,447,18,150,170,0,0,0,30,－,Ｍ,42,22420,2,-3,2,-4,MS系／エウーゴ・カラバ／専用機／オリジナル系
829,フォウ専用クィン・マンサ,0,832,70,96,76,638,39,240,200,180,180,210,50,NT5,Ｌ,77,137720,2,-5,2,-5,MS系／ジオン・ネオジオン軍・ザフト／専用機／オリジナル系
830,フォースインパルス,0,460,46,96,80,550,17,200,230,140,150,0,80,強5,Ｍ,48,35260,2,-3,2,2,MS系／ガンダム系／ジオン・ネオジオン軍・ザフト／ガンダムSEED DESTINY
831,ドレッドノートガンダム,0,445,43,88,85,510,18,230,220,170,130,120,80,強4,Ｍ,47,15090,2,-2,3,0,MS系／ガンダム系／ガンダムSEED ASTRAY、MSV
832,ゾーリン・ソール,0,660,40,92,78,680,28,300,300,300,300,300,300,NT5,Ｍ,63,40000,2,-4,3,1,MS系／ガンダム系
833,ドゴス・ギア,0,1565,50,55,185,1580,200,200,300,180,200,300,350,－,ＬＬ,118,249230,-5,-5,3,-5,艦船系／連邦軍・ティターンズ・地球連合／機動戦士Zガンダム
834,アレキサンドリア,0,1200,30,32,190,1050,120,170,275,135,150,230,120,－,ＬＬ,88,76000,-4,-5,3,-3,艦船系／連邦軍・ティターンズ・地球連合／機動戦士Zガンダム
835,ラーディッシュ,0,1400,27,18,180,1300,140,265,300,230,260,300,160,－,ＬＬ,102,64000,-4,-4,3,-4,艦船系／エウーゴ・カラバ／機動戦士Zガンダム
836,セイバーガンダム,0,460,46,93,80,594,18,290,320,130,180,140,100,強5,Ｍ,51,35260,2,-3,2,2,MS系／ガンダム系／ジオン・ネオジオン軍・ザフト／ガンダムSEED DESTINY
837,セイバーガンダム(MA) ,1,460,46,98,80,594,18,290,320,130,180,140,100,強5,Ｍ,51,0,-6,-5,4,3,MA系／ガンダム系／ジオン・ネオジオン軍・ザフト／ガンダムSEED DESTINY
838,ゾリディア強化型,0,456,42,86,76,436,14,210,190,160,160,160,10,－,Ｍ,44,23560,3,0,3,3,MS系／機動戦士Vガンダム／ザンスカール帝国
839,ゴールドフレーム天ミナ,0,445,42,86,75,572,18,300,290,310,220,220,50,強4,Ｍ,44,19290,3,-3,3,0,MS系／ガンダム系／ガンダムSEED ASTRAY、MSV
840,ジェスターガンダム,0,465,44,42,60,420,18,180,260,200,150,150,5,強1,Ｍ,40,12000,2,0,0,0,MS系／ガンダム系／機動武闘伝Gガンダム
841,ジェスターガンダム(MA) ,1,465,44,42,60,420,18,180,260,200,150,150,5,強1,Ｍ,40,0,0,0,0,2,MS系／ガンダム系／機動武闘伝Gガンダム
842,ガンダムGP03初期型,0,690,40,60,90,500,30,200,200,0,200,200,30,－,Ｌ,40,15000,-5,-5,3,-3,MA系／ガンダム系／連邦軍・ティターンズ・地球連合
843,アストレイブルーフレームセカンドL(LL),0,415,40,76,80,466,25,220,220,220,250,220,30,強4,Ｍ,43,10890,3,-3,4,2,MS系／ガンダム系／ガンダムSEED ASTRAY、MSV
844,ペルグランデ,0,1100,50,60,180,750,80,350,380,250,270,270,60,強6,Ｌ,77,76000,-6,-5,1,-2,MA系／ガンダムSEED ASTRAY、MSV
845,ジャン専用M1アストレイ,0,350,27,66,80,363,18,170,180,120,120,120,5,－,Ｍ,35,9840,2,0,2,-4,MS系／ガンダム系／ガンダムSEED ASTRAY、MSV／専用機
846,ザクダイバー,0,330,22,60,46,220,16,100,80,0,40,0,10,－,Ｍ,28,9900,1,4,-4,-3,MS系／ザク系／連邦軍・ティターンズ・地球連合／ZZ/CCA-MSV／量産機
847,シャクルズ(ネモ搭載),0,400,35,56,60,450,16,120,130,0,80,0,10,－,Ｍ,33,11700,0,-3,5,-2,その他／エウーゴ・カラバ／機動戦士Zガンダム／量産機
848,PL装備仕様アストレイレッドフレーム,0,530,32,40,60,500,30,210,220,220,220,220,90,－,Ｌ,44,40000,1,-3,1,-4,MS系／ガンダム系／ガンダムSEED ASTRAY、MSV
849,陸戦用百式改,0,432,50,100,85,560,19,200,210,150,180,170,20,－,Ｍ,50,20820,3,2,-5,-4,MS系／ガンダム系／エウーゴ・カラバ／M-MSV(大河原邦夫コレクション)／量産機
850,ゲルググ強襲型,0,284,30,64,54,310,13,0,175,165,165,0,1,－,Ｍ,30,10950,0,-5,3,0,MS系／ジオン・ネオジオン軍・ザフト／ゲルググ系
851,クロスボーン・ガンダムX1改・改,0,476,46,113,90,570,20,280,260,260,270,230,50,NT2,Ｍ,58,41260,3,-3,3,0,MS系／ガンダム系／機動戦士クロスボーンガンダム
852,トリアーエズ,0,128,11,55,40,70,10,0,20,0,15,0,1,－,Ｓ,16,1230,-4,-6,3,3,連邦軍・ティターンズ・地球連合／車輌・戦闘機系／量産機
853,ミナレットガンダム,0,470,50,55,55,500,16,190,190,180,180,150,5,強1,Ｍ,43,12000,3,-2,0,-2,MS系／ガンダム系／機動武闘伝Gガンダム
854,マタドールガンダム,0,510,52,56,40,450,20,200,150,190,160,160,5,強1,Ｍ,43,12600,2,-5,-3,-3,MS系／ガンダム系／機動武闘伝Gガンダム
855,ファラオガンダムIV世,0,550,54,46,45,500,20,300,100,180,150,240,5,強1,Ｍ,42,18000,2,-3,0,-3,MS系／ガンダム系／機動武闘伝Gガンダム
856,スカルガンダム,0,450,30,72,50,410,15,150,180,150,150,150,5,強1,Ｍ,38,11100,2,-4,-1,-2,MS系／ガンダム系／機動武闘伝Gガンダム
857,コブラガンダム,0,460,38,66,45,420,20,250,180,170,160,120,5,強1,Ｍ,39,12000,2,0,0,-2,MS系／ガンダム系／機動武闘伝Gガンダム
858,アシュラガンダム,0,488,43,62,60,450,18,180,260,200,150,150,5,強1,Ｍ,42,12600,2,-4,0,-3,MS系／ガンダム系／機動武闘伝Gガンダム
859,EX-ウイングガンダムゼロカスタム,0,547,59,118,84,763,16,250,230,220,220,210,100,強5,Ｍ,63,110090,3,-5,2,3,MS系／ガンダム系／オリジナル系
860,フルアーマーZZガンダム最終実験機,0,480,60,62,65,570,30,220,200,200,200,230,25,NT3,Ｍ,53,22000,1,-1,2,-3,MS系／ガンダム系／エウーゴ・カラバ／オリジナル系
861,0ガンダム,0,365,31,61,63,424,18,250,250,0,250,250,50,－,Ｍ,37,10830,2,-3,2,1,MS系／ガンダム系／ガンダム00
862,ハイゴッグ改,0,320,26,65,55,347,15,0,0,0,90,90,5,－,Ｍ,33,9780,2,4,-5,-2,MS系／ジオン・ネオジオン軍・ザフト／オリジナル系
863,ガンダムMk-II改,0,460,42,60,50,360,18,135,150,120,180,0,30,－,Ｍ,37,14400,0,-1,1,0,MS系／ガンダム系／エウーゴ・カラバ／オリジナル系
864,ガンダムアレックスHWS,0,380,45,54,60,380,24,140,160,120,155,0,20,NT1,Ｍ,35,17700,2,-1,2,0,MS系／ガンダム系／連邦軍・ティターンズ・地球連合／オリジナル系
865,キュベレイ改,0,458,40,88,80,550,26,250,200,205,210,215,50,NT5,Ｍ,51,58000,3,-1,1,0,MS系／ジオン・ネオジオン軍・ザフト／オリジナル系
866,キュベレイ改(MA) ,1,458,40,75,80,550,26,250,200,205,210,215,50,NT5,Ｍ,51,0,-1,2,1,3,MA系／ジオン・ネオジオン軍・ザフト／オリジナル系
867,バイキングガンダム,0,450,54,60,64,460,24,180,220,150,150,150,5,強1,Ｍ,41,12000,1,3,0,-3,MS系／ガンダム系／機動武闘伝Gガンダム
868,ガンダムゼブラ,0,410,35,90,80,390,17,200,180,150,0,150,5,強1,Ｍ,39,12000,4,0,0,-3,MS系／ガンダム系／機動武闘伝Gガンダム
869,シャア専用グフ・フライトタイプ,0,297,30,61,48,250,18,0,120,0,80,0,20,－,Ｍ,28,8520,2,-2,-5,2,MS系／ジオン・ネオジオン軍・ザフト／専用機／オリジナル系
870,クワトロ専用ジム改,0,304,29,54,58,333,18,0,50,55,58,0,60,－,Ｍ,31,9630,2,-5,2,-4,MS系／ジム系／エウーゴ・カラバ／専用機／オリジナル系
871,GT-FOUR,0,310,38,65,68,395,20,150,150,130,130,0,10,－,Ｍ,27,6600,2,-1,1,1,MS系／ガンダム系／連邦軍・ティターンズ・地球連合
872,GT-FOUR(MA) ,1,310,31,75,68,395,20,150,150,130,130,0,10,－,Ｍ,27,0,-2,-1,1,2,MA系／ガンダム系／連邦軍・ティターンズ・地球連合
873,ザクスピード,0,330,22,75,52,260,12,0,90,70,70,70,10,－,Ｍ,28,4050,2,-1,0,1,MS系／ザク系／ジオン・ネオジオン軍・ザフト
874,グリフォン(Gアタッカー),0,310,28,60,60,350,20,0,100,0,0,80,25,－,Ｍ,31,4200,-5,-4,3,3,その他／連邦軍・ティターンズ・地球連合／専用機／オリジナル系
875,マツナガ専用ザクIIF2,0,325,25,75,60,280,14,85,120,120,100,0,50,－,Ｍ,30,7800,1,-2,3,0,MS系／ザク系／ジオン・ネオジオン軍・ザフト／専用機／オリジナル系
876,M1Aアストレイ,0,315,26,54,55,424,18,170,180,120,160,140,5,－,Ｍ,34,8010,2,-3,3,0,MS系／ガンダム系／ガンダムSEED ASTRAY、MSV
877,Sガンダム(MA) ,1,496,59,133,60,567,25,190,185,150,170,0,250,－,Ｍ,60,0,-5,-5,3,3,MA系／ガンダム系／連邦軍・ティターンズ・地球連合／ガンダムセンチネル
878,ザウート,0,430,50,50,62,300,20,150,60,0,100,0,10,強1,Ｍ,34,12600,2,-2,-1,-2,MS系／ジオン・ネオジオン軍・ザフト／ガンダムSEED／量産機
879,ザウート(タンク形態) ,1,430,50,45,78,300,20,150,60,0,100,0,10,強1,Ｍ,34,0,3,-1,-1,-3,MA系／ジオン・ネオジオン軍・ザフト／ガンダムSEED／量産機
880,ラゴゥ,0,365,30,62,50,340,11,250,250,130,50,50,30,強3,Ｍ,34,7440,3,-5,-5,-5,MS系／ジオン・ネオジオン軍・ザフト／ガンダムSEED／量産機
881,バルトフェルド専用バクゥ,0,340,30,68,50,342,20,220,220,130,50,50,50,強3,Ｍ,40,13200,5,-1,-4,-3,MS系／ジオン・ネオジオン軍・ザフト／ガンダムSEED ASTRAY、MSV／専用機
882,バスターダガー,0,345,32,61,52,382,18,0,150,80,80,0,10,－,Ｍ,25,8520,2,-3,2,-4,MS系／連邦軍・ティターンズ・地球連合／ガンダムSEED ASTRAY、MSV
883,マスターアッガイ,0,300,21,40,48,200,10,10,20,30,0,0,250,強4,Ｍ,23,6900,0,2,-1,-1,MS系／機動武闘伝Gガンダム／オリジナル系
884,ステルスバクゥ,0,340,30,65,50,342,20,150,170,130,50,50,20,強1,Ｍ,37,12000,5,-1,-4,-3,MS系／ジオン・ネオジオン軍・ザフト／ガンダムSEED ASTRAY、MSV
885,空戦用ジン,0,300,25,53,50,236,30,80,90,70,50,20,20,強1,Ｍ,37,11100,2,-2,2,2,MS系／ジオン・ネオジオン軍・ザフト／ガンダムSEED ASTRAY、MSV
886,グーン地中機動試験評価タイプ,0,370,36,58,75,400,22,100,110,70,100,20,20,強2,Ｍ,37,12000,5,0,-5,-5,MS系／ジオン・ネオジオン軍・ザフト／ガンダムSEED ASTRAY、MSV
887,ドミニオン,0,930,43,44,110,550,210,170,270,130,150,230,2,－,ＬＬ,64,879680,-5,0,1,1,艦船系／連邦軍・ティターンズ・地球連合／ガンダムSEED
888,ゲイツ(指揮官機),0,400,35,65,85,325,20,200,190,70,100,20,20,強2,Ｍ,42,15600,2,-2,3,-2,MS系／ジオン・ネオジオン軍・ザフト／専用機／ガンダムSEED／量産機
889,エールストライクルージュ,0,441,40,74,50,424,18,180,240,100,120,80,120,－,Ｍ,41,17430,2,-3,2,2,MS系／ガンダム系／ガンダムSEED
890,練習用ジン,0,300,25,43,50,236,12,70,90,70,50,20,5,強1,Ｍ,31,6900,2,-3,2,1,MS系／ジオン・ネオジオン軍・ザフト／ガンダムSEED／ガンダムSEED ASTRAY、MSV／量産機
891,コスモグラスパー,0,300,37,68,36,480,26,0,60,30,10,30,5,－,Ｓ,35,6000,-2,-3,4,-3,連邦軍・ティターンズ・地球連合／ガンダムSEED ASTRAY、MSV／車輌・戦闘機系
892,ジン・ワスプ,0,340,35,58,55,300,12,90,90,70,50,20,5,強1,Ｍ,30,10200,0,3,-3,-4,MS系／ジオン・ネオジオン軍・ザフト／ガンダムSEED
893,ジン・オーカー,0,380,43,60,62,440,18,70,90,0,80,0,5,強1,Ｍ,37,10200,3,-5,-6,-1,MS系／ジオン・ネオジオン軍・ザフト／ガンダムSEED
894,ミーティア01,0,640,57,115,95,848,45,480,360,230,210,430,270,強5,Ｌ,69,153650,-5,-5,4,2,MA系／その他／ガンダムSEED
895,ミーティア02,0,548,50,93,95,678,45,280,360,230,310,330,170,強5,Ｌ,58,128450,-5,-5,4,-2,MA系／その他／ガンダムSEED
896,プロヴィデンスガンダム,0,498,48,96,90,615,32,250,280,100,120,180,210,強5,Ｍ,60,35260,2,-4,2,2,MS系／ガンダム系／ジオン・ネオジオン軍・ザフト／ガンダムSEED
897,ジム・スナイパーIII,0,335,31,66,70,370,18,100,0,0,0,120,10,－,Ｍ,35,13440,2,-3,2,-4,MS系／ジム系／連邦軍・ティターンズ・地球連合／アドバンス・オブ・ゼータ
898,湿地帯用ザク,0,275,24,43,42,300,18,0,30,30,0,0,1,－,Ｍ,18,6810,2,-2,-5,-3,MS系／ザク系／ジオン・ネオジオン軍・ザフト／MSV(モビルスーツバリエーション)／量産機
899,ムウ専用エールストライク,0,408,38,77,60,425,25,200,230,100,120,80,20,－,Ｍ,47,17010,2,-4,4,0,MS系／ガンダム系／専用機／ガンダムSEED／オリジナル系
900,アストレイブルーフレームセカンドＬ,0,379,40,83,70,425,20,220,220,220,250,220,50,強4,Ｍ,45,13200,3,-3,4,2,MS系／ガンダム系／ガンダムSEED ASTRAY、MSV
901,ムットゥー,0,390,50,85,62,380,20,180,190,170,170,0,5,強1,Ｍ,40,15000,0,-1,3,0,MS系／ターンAガンダム
902,ムットゥー(MA) ,1,390,55,82,35,380,20,180,190,170,170,0,5,強5,Ｍ,40,0,-4,-1,2,4,MA系／ターンAガンダム
903,ベルティゴ(MA) ,1,435,41,93,70,520,20,280,270,230,210,270,110,NT2,Ｍ,52,0,-4,-3,3,2,MA系／機動新世紀ガンダムX
904,アストレイゴールドフレーム天,0,415,38,80,70,510,18,300,290,220,220,220,100,強4,Ｍ,39,12030,3,-3,3,0,MS系／ガンダム系／ガンダムSEED ASTRAY、MSV
905,アストレイゴールドフレーム天(MA) ,1,415,38,80,70,510,18,300,290,220,220,220,1,強4,Ｍ,39,0,3,-3,3,0,MS系／ガンダム系／ガンダムSEED ASTRAY、MSV
906,ヘイズル2号機,0,322,32,65,53,306,20,150,180,160,140,0,20,－,Ｍ,24,15000,2,-1,1,0,MS系／ガンダム系／連邦軍・ティターンズ・地球連合／アドバンス・オブ・ゼータ
907,ヘイズル改,0,368,38,80,55,408,18,160,180,160,140,0,30,－,Ｍ,28,14430,2,-3,2,-4,MS系／ガンダム系／連邦軍・ティターンズ・地球連合／アドバンス・オブ・ゼータ
908,ムサカ,0,896,42,65,120,1070,80,170,270,130,150,200,100,－,ＬＬ,73,110000,-5,-5,2,0,艦船系／ジオン・ネオジオン軍・ザフト／逆襲のシャア／量産機
909,レウルーラ,0,1900,46,30,195,2000,100,170,400,330,150,230,200,－,ＬＬ,145,128000,-5,-5,3,0,艦船系／ジオン・ネオジオン軍・ザフト／逆襲のシャア
910,砂漠戦仕様ゲルググキャノン,0,320,30,54,60,397,19,0,90,0,0,130,5,－,Ｍ,34,10950,3,-2,-5,-4,MS系／ジオン・ネオジオン軍・ザフト／ゲルググ系／オリジナル系／量産機
911,砂漠戦仕様ガンダムEz8,0,352,31,65,50,354,18,90,90,90,90,0,5,－,Ｍ,34,11040,3,-3,-5,-4,MS系／ガンダム系／連邦軍・ティターンズ・地球連合／オリジナル系
912,フォビドゥンブルー,0,402,43,74,70,430,28,280,300,150,80,60,50,－,Ｍ,52,15000,0,4,-5,-3,MS系／ガンダム系／連邦軍・ティターンズ・地球連合／ガンダムSEED ASTRAY、MSV
913,フォビドゥンブルー(強襲形態) ,1,402,47,70,70,430,28,280,300,150,80,60,50,－,Ｍ,52,0,-4,5,-5,-3,MS系／ガンダム系／連邦軍・ティターンズ・地球連合／ガンダムSEED ASTRAY、MSV
914,プロトタイプアッシマー,0,450,35,65,65,390,20,150,150,190,190,0,10,－,Ｍ,38,17250,-1,-2,2,-1,MS系／連邦軍・ティターンズ・地球連合／アドバンス・オブ・ゼータ
915,プロトタイプアッシマー(MA) ,1,450,25,85,45,390,20,150,150,190,190,0,10,－,Ｍ,38,0,-2,-3,4,1,MA系／連邦軍・ティターンズ・地球連合／アドバンス・オブ・ゼータ
916,ジム・スパルタン,0,340,30,66,55,390,18,0,0,40,40,0,90,－,Ｍ,25,12420,2,-1,-4,-2,MS系／ジム系／連邦軍・ティターンズ・地球連合／オリジナル系
917,ザクII(シュトゥッツァー),0,348,33,80,52,423,18,50,90,40,60,0,125,－,Ｍ,33,31840,2,-3,3,-4,MS系／ザク系／ジオン・ネオジオン軍・ザフト／アドバンス・オブ・ゼータ
918,リック・ドム(シュトゥッツァー),0,370,30,90,58,425,18,100,100,90,190,0,130,－,Ｍ,42,36460,0,-4,3,-5,MS系／ジオン・ネオジオン軍・ザフト／ドム系／アドバンス・オブ・ゼータ
919,ゲルググ(シュトゥッツァー),0,300,33,68,72,325,14,0,180,150,170,0,30,－,Ｍ,32,13980,-4,-2,3,0,MS系／ジオン・ネオジオン軍・ザフト／ゲルググ系／アドバンス・オブ・ゼータ
920,コルレル,0,300,5,140,60,420,10,200,250,260,0,0,40,－,Ｍ,38,36420,5,-5,-5,-4,MS系／機動新世紀ガンダムX
921,ザク50,0,950,52,74,62,507,15,0,0,0,30,30,50,－,Ｌ,69,71200,-2,-3,2,0,MS系／ザク系／オリジナル系
922,高機動型ジム改,0,265,26,69,80,300,12,100,0,0,0,120,10,－,Ｍ,30,10440,3,-2,1,-2,MS系／ジム系／連邦軍・ティターンズ・地球連合／アドバンス・オブ・ゼータ
923,ドム・キャノン,0,302,28,53,58,326,18,0,120,80,105,80,1,－,Ｍ,31,13890,3,-3,-5,-4,MS系／ジオン・ネオジオン軍・ザフト／ドム系／オリジナル系／量産機
924,ハンニバル専用ゲルググ,0,342,26,70,54,318,13,0,145,125,125,0,1,－,Ｍ,33,14100,0,-2,4,0,MS系／ジオン・ネオジオン軍・ザフト／ゲルググ系／オリジナル系／専用機
925,制式仕様レイダー,0,412,40,85,80,430,28,250,270,150,80,60,30,－,Ｍ,46,12000,2,-4,3,0,MS系／ガンダム系／連邦軍・ティターンズ・地球連合／オリジナル系
926,制式仕様レイダー(MA) ,1,412,40,80,80,430,28,250,270,150,80,60,30,－,Ｍ,46,0,-4,-5,3,3,MA系／ガンダム系／連邦軍・ティターンズ・地球連合／オリジナル系
927,高高度降下ユニット装着仕様ザクII,0,210,18,45,42,225,11,0,30,30,0,0,5,－,Ｍ,21,6900,2,-2,-2,2,MS系／ザク系／ジオン・ネオジオン軍・ザフト／オリジナル系
928,エターナル,0,1800,35,33,160,800,200,180,300,180,180,180,180,－,ＬＬ,99,290000,-3,-5,1,0,艦船系／ガンダムSEED／ガンダムSEED DESTINY
929,ZZ-Bスクウェア,0,600,52,40,65,600,20,230,210,200,200,230,125,NT3,Ｍ,50,22000,1,-1,0,0,MS系／ガンダム系／オリジナル系
930,ZZ-Bスクウェア(Aパーツ) ,1,500,52,40,75,500,35,230,210,200,200,230,125,NT3,Ｍ,44,0,1,-5,-3,2,MS系／ガンダム系／オリジナル系
931,ZZ-Bスクウェア(Bパーツ) ,1,500,52,40,75,500,35,230,210,200,200,230,125,NT3,Ｍ,44,0,2,-1,-3,-3,MS系／ガンダム系／オリジナル系
932,ガンダムGP03Sケイリクス,0,610,40,85,82,450,20,190,200,150,180,180,50,－,Ｍ,48,41200,-4,-5,2,-3,MA系／ガンダム系／連邦軍・ティターンズ・地球連合／オリジナル系
933,アイザック試作先行機,0,250,18,72,125,180,14,40,60,20,0,10,5,－,Ｍ,25,7260,2,-5,2,-2,MS系／ザク系／ジオン・ネオジオン軍・ザフト／オリジナル系
934,ブランリヴァル,0,1250,32,30,195,1000,100,180,270,130,150,220,65,－,ＬＬ,78,200000,-5,-5,3,2,艦船系／連邦軍・ティターンズ・地球連合
935,EWACジム,0,270,20,50,95,330,12,100,0,0,0,130,10,－,Ｍ,27,7410,1,-5,2,-1,MS系／ジム系／連邦軍・ティターンズ・地球連合／アドバンス・オブ・ゼータ／量産機
936,VGガンダム,0,380,40,60,90,450,25,210,210,180,180,200,80,－,Ｍ,38,17700,-1,-4,3,0,MS系／ガンダム系／連邦軍・ティターンズ・地球連合／オリジナル系
937,フェニックスガンダム(MA) ,1,540,66,60,80,650,20,380,350,370,370,350,280,NT3,Ｍ,55,0,-5,-4,4,3,MA系／ガンダム系／連邦軍・ティターンズ・地球連合／オリジナル系
938,ガンダムGP02改,0,485,33,77,60,390,22,180,180,180,0,180,30,－,Ｍ,40,28600,3,-5,2,0,MS系／ガンダム系／ジオン・ネオジオン軍・ザフト／オリジナル系
939,火器運用試験型ゲイツ改,0,410,50,70,85,320,20,220,190,70,120,20,50,強3,Ｍ,44,14400,2,-2,3,0,MS系／ジオン・ネオジオン軍・ザフト／専用機／ガンダムSEED ASTRAY、MSV
940,ロングダガー,0,252,24,52,42,320,12,50,220,100,100,100,20,強3,Ｍ,32,13500,1,0,0,0,MS系／連邦軍・ティターンズ・地球連合／ガンダムSEED ASTRAY、MSV
941,ロングダガー・フォルテストラ,0,285,54,58,72,270,12,50,240,110,110,110,30,強3,Ｍ,33,13800,0,-2,2,-4,MS系／連邦軍・ティターンズ・地球連合／ガンダムSEED ASTRAY、MSV
942,デュエルダガー,0,315,25,56,42,360,18,50,180,80,80,80,20,－,Ｍ,31,7470,2,-3,2,-5,MS系／連邦軍・ティターンズ・地球連合／ガンダムSEED ASTRAY、MSV
943,デュエルダガー・フォルテストラ,0,315,29,56,52,360,18,50,200,80,80,80,30,－,Ｍ,32,7890,2,-3,2,-5,MS系／連邦軍・ティターンズ・地球連合／ガンダムSEED ASTRAY、MSV
944,電子戦用ディン,0,358,25,74,65,295,22,200,90,70,100,20,20,強2,Ｍ,36,12000,3,-2,-5,4,MS系／ジオン・ネオジオン軍・ザフト／ガンダムSEED／量産機
945,105ダガー,0,332,29,62,42,382,18,0,150,80,80,0,25,－,Ｍ,33,8580,2,-3,2,-5,MS系／連邦軍・ティターンズ・地球連合／ガンダムSEED ASTRAY、MSV／量産機
946,エールダガー,0,252,27,50,42,320,20,0,150,80,80,0,25,－,Ｍ,37,7950,1,0,2,0,MS系／連邦軍・ティターンズ・地球連合／ガンダムSEED ASTRAY、MSV／量産機
947,ダガーIWSP,0,280,32,68,55,313,20,0,150,80,80,0,25,－,Ｍ,41,7950,1,0,1,2,MS系／連邦軍・ティターンズ・地球連合／ガンダムSEED ASTRAY、MSV／量産機
948,ランチャーダガー,0,252,25,50,42,320,20,0,150,80,80,0,25,－,Ｍ,37,7950,1,0,0,0,MS系／連邦軍・ティターンズ・地球連合／ガンダムSEED ASTRAY、MSV／量産機
949,ソードダガー,0,252,25,50,42,320,20,0,150,80,80,0,25,－,Ｍ,37,7950,1,0,0,0,MS系／連邦軍・ティターンズ・地球連合／ガンダムSEED ASTRAY、MSV／量産機
950,アストレイレッドフレーム(水中装備),0,334,40,50,70,342,30,210,220,220,220,220,30,－,Ｍ,48,41200,-1,2,-4,-5,MS系／ガンダム系／ガンダムSEED ASTRAY、MSV
951,アストレイレッドフレーム(水中装備)(MA) ,1,334,38,70,70,342,30,210,220,220,220,220,30,－,Ｍ,48,0,2,0,-4,-5,MS系／ガンダム系／ガンダムSEED ASTRAY、MSV
952,ドム・バインニヒツ,0,273,28,54,48,265,14,0,0,90,90,0,5,－,Ｍ,30,10500,-3,-5,4,0,MS系／ジオン・ネオジオン軍・ザフト／ドム系／オリジナル系
953,ゲル・フィニート,0,400,43,55,60,430,20,110,190,200,200,200,90,強4,Ｍ,46,64000,3,-3,5,0,MS系／ガンダム系／ガンダムSEED ASTRAY、MSV
954,コンペイトウ方面軍仕様ジム・クゥエル,0,345,35,74,52,397,18,0,0,60,60,0,5,－,Ｍ,36,13200,2,-3,2,-4,MS系／ジム系／連邦軍・ティターンズ・地球連合／オリジナル系
955,特殊トレーラー,0,100,15,20,42,200,20,0,30,0,30,30,1,－,Ｓ,15,360,4,-4,-5,-5,ジオン・ネオジオン軍・ザフト／車輌・戦闘機系／オリジナル系／量産機
956,バイザック・ビグウィグ,0,500,29,85,125,480,18,0,0,0,100,0,35,－,Ｍ,38,11250,0,-1,0,0,MS系／ザク系／連邦軍・ティターンズ・地球連合／アドバンス・オブ・ゼータ
957,アスワン,0,1200,30,32,190,1050,120,170,275,135,150,230,10,－,ＬＬ,88,76000,-4,-5,3,-3,艦船系／連邦軍・ティターンズ・地球連合／アドバンス・オブ・ゼータ
958,ハイペリオンガンダム,0,448,43,85,80,530,18,240,260,120,140,120,120,強4,Ｍ,48,10470,2,-3,3,0,MS系／ガンダム系／ガンダムSEED ASTRAY、MSV
959,Gファルコン・ゼロ,0,353,31,86,50,600,40,0,150,150,150,0,20,－,Ｍ,50,13200,-2,-5,4,2,連邦軍・ティターンズ・地球連合／機動新世紀ガンダムX／車輌・戦闘機系
960,ジャン専用ロングダガー,0,252,25,52,42,320,12,50,220,100,100,100,20,強3,Ｍ,44,9150,1,0,0,0,MS系／連邦軍・ティターンズ・地球連合／ガンダムSEED ASTRAY、MSV／専用機
961,ジャン専用ロングダガー・フォルテストラ,0,325,54,58,72,270,12,50,240,110,110,110,30,強3,Ｍ,48,9150,0,-2,2,-4,MS系／連邦軍・ティターンズ・地球連合／ガンダムSEED ASTRAY、MSV／専用機
962,アストレイブルーフレームセカンドG,0,379,40,83,70,425,20,220,220,220,250,220,50,強4,Ｍ,46,13200,3,-3,4,2,MS系／ガンダム系／ガンダムSEED ASTRAY、MSV
963,武者ウイングゼロ,0,590,70,90,70,600,30,300,300,300,300,300,80,強5,Ｍ,58,200000,3,-1,1,3,MS系／ガンダム系／オリジナル系
964,キハール,0,403,48,100,58,447,20,250,250,190,190,0,10,－,Ｍ,43,23200,0,-3,-5,-5,MS系／連邦軍・ティターンズ・地球連合／アドバンス・オブ・ゼータ
965,キハール(MA) ,1,403,48,107,58,447,20,250,250,190,190,0,10,－,Ｍ,43,0,-5,-5,-5,5,MA系／連邦軍・ティターンズ・地球連合／アドバンス・オブ・ゼータ
966,ダンディライアン(MA),0,390,40,94,65,432,20,220,220,260,260,0,50,－,Ｍ,41,19200,-5,-5,3,3,MA系／連邦軍・ティターンズ・地球連合／アドバンス・オブ・ゼータ
967,ダンディライアン(強襲形態) ,1,390,40,90,45,432,20,220,220,260,260,0,50,－,Ｍ,41,0,-5,-5,3,3,MA系／連邦軍・ティターンズ・地球連合／アドバンス・オブ・ゼータ
968,劾専用ジン,0,300,25,53,50,236,15,80,90,160,50,20,15,強1,Ｍ,27,9000,2,-2,2,1,MS系／ガンダムSEED ASTRAY、MSV／専用機
969,ヴェイア専用ジン,0,300,25,53,50,236,15,70,90,70,50,20,15,強1,Ｍ,31,9000,2,-2,2,1,MS系／ジオン・ネオジオン軍・ザフト／ガンダムSEED ASTRAY、MSV／専用機
970,ジンハイマニューバ,0,282,20,50,50,340,18,80,90,70,50,20,20,強1,Ｍ,29,6270,2,-3,3,-4,MS系／ジオン・ネオジオン軍・ザフト／ガンダムSEED／量産機
971,シグーディープアームズ,0,345,26,62,62,360,18,200,90,70,100,20,20,強2,Ｍ,24,8430,2,-2,3,2,MS系／ジオン・ネオジオン軍・ザフト／ガンダムSEED ASTRAY、MSV
972,ライトニングストライク,0,408,38,77,90,485,30,200,220,100,120,200,120,強5,Ｍ,50,25600,3,-4,3,2,MS系／ガンダム系／連邦軍・ティターンズ・地球連合／ガンダムSEED ASTRAY、MSV
973,ビーストカラミティ,0,432,40,74,98,430,34,280,300,60,100,140,60,－,Ｍ,48,22000,2,-2,3,0,MS系／ガンダム系／連邦軍・ティターンズ・地球連合／オリジナル系
974,ビーストカラミティ(MA) ,1,432,40,74,98,430,34,280,300,60,100,140,1,－,Ｍ,48,0,3,-2,-2,-3,MS系／ガンダム系／連邦軍・ティターンズ・地球連合／オリジナル系
975,ウン・ノウ専用ジン,0,300,25,53,50,236,15,90,120,180,50,20,15,強1,Ｍ,27,9000,2,-2,2,1,MS系／ガンダムSEED ASTRAY、MSV／専用機
976,イライジャ専用ジン改,0,315,22,44,55,318,18,80,120,180,50,20,55,強1,Ｍ,30,6270,2,-3,2,-4,MS系／ガンダムSEED ASTRAY、MSV／専用機
977,FU装備仕様アストレイレッドフレーム,0,324,32,77,70,342,30,210,220,220,220,220,30,－,Ｍ,48,9060,-1,-3,-3,4,MS系／ガンダム系／ガンダムSEED ASTRAY、MSV
978,ガンバレルダガー,0,252,25,50,42,320,30,0,150,80,80,0,20,－,Ｍ,38,7950,1,0,2,0,MS系／連邦軍・ティターンズ・地球連合／ガンダムSEED ASTRAY、MSV／量産機
979,ザンスパイン,0,396,55,125,85,870,20,290,290,270,290,280,70,強5,Ｍ,62,140030,3,-3,3,3,MS系／機動戦士Vガンダム／ザンスカール帝国
980,Gブル・イージー ,1,330,20,44,72,250,18,10,30,30,30,0,1,－,Ｍ,30,0,3,-3,1,-3,連邦軍・ティターンズ・地球連合／機動戦士ガンダム／車輌・戦闘機系
981,Gスカイ・イージー ,1,330,23,65,62,250,18,10,30,30,30,0,1,－,Ｍ,28,0,-2,-4,2,4,連邦軍・ティターンズ・地球連合／機動戦士ガンダム／車輌・戦闘機系
982,ヒルドルブ,0,345,21,65,90,425,20,0,50,0,0,80,70,－,Ｍ,43,12270,3,-4,-5,-5,ジオン・ネオジオン軍・ザフト／車輌・戦闘機系
983,メタス改,0,320,35,95,75,400,14,110,120,0,80,70,1,－,Ｍ,40,8400,1,-2,3,1,MS系／エウーゴ・カラバ／Z-MSV
984,ダンディライアン ,1,390,40,87,65,432,20,220,220,260,260,0,1,－,Ｍ,41,0,-2,-4,2,2,MS系／連邦軍・ティターンズ・地球連合／アドバンス・オブ・ゼータ
985,強化型ZZガンダム,0,500,47,103,82,616,23,220,220,200,200,220,40,NT4,Ｍ,55,51160,2,-4,3,-2,MS系／ガンダム系／エウーゴ・カラバ／機動戦士ガンダムZZ
986,強化型Gフォートレス ,1,500,47,108,72,616,23,220,220,200,200,220,1,NT4,Ｍ,55,0,-5,-5,4,2,MA系／ガンダム系／エウーゴ・カラバ／機動戦士ガンダムZZ
987,グランドガンダム(アタックモード) ,1,513,60,60,50,800,35,240,200,200,200,200,75,強4,Ｍ,69,0,2,-2,-2,-5,MS系／ガンダム系／機動武闘伝Gガンダム
988,ハイペリオンガンダム(展開モード) ,1,448,43,85,80,530,18,240,260,120,140,120,120,強4,Ｍ,48,0,2,-3,3,0,MS系／ガンダム系／ガンダムSEED ASTRAY、MSV
989,エグザス,0,380,32,79,80,510,30,80,260,80,90,130,20,－,Ｍ,43,10440,-5,-5,3,-5,MA系／ガンダムSEED DESTINY
990,スピアヘッド戦闘機,0,192,16,80,40,180,5,0,20,0,15,0,10,－,Ｍ,22,3610,-5,-6,-5,3,連邦軍・ティターンズ・地球連合／ガンダムSEED／車輌・戦闘機系／量産機
991,デビルガンダムJr.,0,1500,71,45,76,600,20,240,100,260,230,220,100,－,Ｍ,78,151400,3,0,0,-2,MS系／ガンダム系／オリジナル系
992,ジェニス,0,263,22,53,42,348,15,0,0,90,90,0,1,－,Ｍ,29,7920,2,-3,2,-5,MS系／機動新世紀ガンダムX
993,ザク量産試作型,0,430,45,70,70,330,20,190,230,120,120,80,50,強5,Ｍ,36,18000,3,-3,2,2,MS系／ザク系／ジオン・ネオジオン軍・ザフト／ガンダムSEED ASTRAY、MSV／量産機
994,ミゲル専用ジン,0,300,25,53,50,236,15,70,90,70,50,20,15,強3,Ｍ,27,6210,2,-2,3,0,MS系／ジオン・ネオジオン軍・ザフト／ガンダムSEED ASTRAY、MSV／専用機
995,ヒルドルブ(モビル形態) ,1,345,21,65,90,425,20,0,50,0,0,80,70,－,Ｍ,43,0,3,-4,-5,-5,ジオン・ネオジオン軍・ザフト／車輌・戦闘機系
996,ザクウォーリア,0,392,37,71,60,403,18,200,200,100,100,100,30,強6,Ｍ,39,10410,2,-3,2,-4,MS系／ザク系／ジオン・ネオジオン軍・ザフト／ガンダムSEED DESTINY／量産機
997,ディンレイヴン,0,350,38,72,65,410,19,100,170,80,100,20,30,強2,Ｍ,36,12000,3,-2,-5,-2,MS系／ジオン・ネオジオン軍・ザフト／ガンダムSEED ASTRAY、MSV
998,ディンレイヴン(飛行モード) ,1,350,38,72,65,410,19,100,170,80,100,20,30,強2,Ｍ,36,0,2,-2,-5,4,MS系／ジオン・ネオジオン軍・ザフト／ガンダムSEED ASTRAY、MSV
1000,黒い三連星専用ドム,0,330,30,59,58,326,18,0,0,100,100,0,40,－,Ｍ,22,10320,5,-5,-5,-3,MS系／ジオン・ネオジオン軍・ザフト／MSV(モビルスーツバリエーション)／ドム系／専用機
1001,ジム・スナイパー,0,283,25,48,62,312,18,50,0,0,0,50,5,－,Ｍ,29,7350,3,-3,-5,-4,MS系／ジム系／連邦軍・ティターンズ・地球連合／第08MS小隊／量産機
1002,ギャン・マリーネ,0,334,28,70,54,310,15,60,100,110,0,0,40,－,Ｍ,33,10950,3,-5,2,0,MS系／ジオン・ネオジオン軍・ザフト／ギャン系／オリジナル系／量産機
1003,マ・クベ専用ギャン,0,334,30,68,54,310,15,0,0,130,0,0,20,－,Ｍ,34,10950,4,-5,2,0,MS系／ジオン・ネオジオン軍・ザフト／MSV(モビルスーツバリエーション)／ギャン系／オリジナル系／専用機
1004,ギャン・マリーネ指揮官機,0,334,28,70,64,310,15,0,110,110,0,0,10,－,Ｍ,37,10950,3,-5,2,0,MS系／ジオン・ネオジオン軍・ザフト／ギャン系／オリジナル系
1005,シーマ専用ギャン・マリーネ,0,334,28,70,64,310,15,0,120,120,0,0,50,－,Ｍ,38,11100,3,-5,2,0,MS系／ジオン・ネオジオン軍・ザフト／MSV(モビルスーツバリエーション)／ギャン系／専用機／オリジナル系
1006,ギャン・クリーガー,0,344,32,70,54,310,15,0,150,150,0,0,60,－,Ｍ,43,11640,3,-5,2,0,MS系／ジオン・ネオジオン軍・ザフト／ギャン系／オリジナル系／量産機
1007,アドラステア(FM) ,1,1600,50,24,120,900,300,300,300,300,300,300,200,－,ＬＬ,133,0,-5,-1,2,3,艦船系／機動戦士Vガンダム／ザンスカール帝国／量産機
1008,フェニックスガンダム,0,540,66,70,90,650,20,380,350,370,370,350,280,NT3,Ｍ,55,110030,3,-3,3,1,MS系／ガンダム系／連邦軍・ティターンズ・地球連合／オリジナル系
1009,デビルガンダム(C),0,816,60,60,50,750,40,300,300,300,300,300,200,－,ＸＬ,96,380000,0,-3,1,-5,MS系／ガンダム系／機動武闘伝Gガンダム
1010,ウォルフ専用ジム・スナイパーII,0,308,28,56,70,340,18,100,0,0,0,100,50,－,Ｍ,22,9870,2,-3,2,-4,MS系／ジム系／専用機／オリジナル系
1011,ウォルフ専用量産型ガンキャノン,0,330,34,50,68,320,18,0,0,0,80,80,50,－,Ｍ,32,8670,2,-3,2,-4,MS系／専用機／オリジナル系
1012,オクト・エイプ,0,357,28,73,60,393,17,120,120,120,120,0,10,－,Ｍ,36,10440,-1,-4,2,2,MS系／その他／機動新世紀ガンダムX
1013,アマネセル,0,1700,42,12,180,700,290,0,220,200,120,180,50,－,ＬＬ,82,200000,-5,-5,2,-5,艦船系／連邦軍・ティターンズ・地球連合／機動新世紀ガンダムX
1014,寒冷地仕様ドム,0,300,28,53,48,330,18,0,0,70,85,0,1,－,Ｍ,30,9630,3,-2,-5,-4,MS系／ジオン・ネオジオン軍・ザフト／ドム系／MSV(モビルスーツバリエーション)
1015,エンジェル・ハイロゥ,0,2700,12,1,135,300,205,300,300,300,300,300,450,NT8,ＸＬ,119,3780000,-6,-6,0,0,艦船系／機動戦士Vガンダム／ザンスカール帝国
1016,アオヤギ,0,1100,26,10,180,520,94,0,200,200,120,180,110,－,ＬＬ,54,128000,-5,-5,2,-5,艦船系／連邦軍・ティターンズ・地球連合／機動新世紀ガンダムX／量産機
1017,フリーデン,0,980,40,52,100,700,100,210,280,210,220,250,150,－,ＬＬ,67,110000,1,0,-5,-4,艦船系／機動新世紀ガンダムX
1018,フリーデンII,0,1300,45,56,100,750,150,290,250,200,290,290,100,－,ＬＬ,81,218000,-5,-5,1,1,艦船系／機動新世紀ガンダムX
1019,アスピーテ,0,1900,46,14,170,1300,160,210,220,100,190,280,290,－,ＬＬ,110,344000,-5,-5,0,0,艦船系／ターンAガンダム
1020,ジュピトリス,0,2400,34,14,130,650,160,300,300,300,300,300,380,－,ＸＬ,112,620000,-6,-6,0,-6,艦船系／連邦軍・ティターンズ・地球連合／機動戦士Zガンダム／機動戦士ガンダムZZ
1021,ジュピトリス９,0,2600,38,14,130,700,100,300,300,300,300,300,100,－,ＸＬ,121,3480000,-6,-6,0,-6,艦船系
1022,バルジ,0,2320,32,10,90,2100,200,300,300,300,300,300,1460,－,ＸＬ,162,441920,-6,-6,0,-6,艦船系／新機動戦記ガンダムW
1023,GファルコンDX,0,618,60,110,75,780,17,285,275,235,275,215,100,NT4,Ｍ,70,83000,-1,-5,3,3,MS系／ガンダム系／連邦軍・ティターンズ・地球連合／機動新世紀ガンダムX
1024,グランドマスターガンダム,0,805,63,73,50,584,35,260,260,230,230,230,180,強4,ＬＬ,85,71200,5,-5,2,-6,MS系／ガンダム系／機動武闘伝Gガンダム
1025,カイラスギリー,0,2200,35,1,140,250,300,300,300,300,300,300,480,－,ＸＬ,191,740000,-6,-6,0,-6,艦船系／機動戦士Vガンダム／ザンスカール帝国
1026,ラビアンローズ,0,1650,50,5,120,180,300,300,300,300,300,300,250,－,ＸＬ,101,776000,-6,-6,0,-6,艦船系／機動戦士Zガンダム／機動戦士ガンダムZZ／スターダストメモリー
1027,高機動型ザクIIレロ,0,310,32,80,50,300,20,140,140,140,140,0,30,－,Ｍ,35,11250,0,0,0,0,MS系／MA系／ザク系／オリジナル系
1028,アッググ,0,499,32,80,54,400,20,190,190,190,190,0,30,－,Ｍ,38,14550,0,0,0,0,MS系／MA系／ゲルググ系／オリジナル系
1029,マザー・バンガード,0,1300,33,32,160,1000,130,210,300,130,150,270,120,－,ＬＬ,79,290000,-5,-5,0,-2,艦船系／機動戦士クロスボーンガンダム
1030,ソーラ・システム,0,2300,1,1,150,200,300,300,300,300,300,300,480,－,ＸＬ,96,272000,-6,-6,-6,-6,艦船系／連邦軍・ティターンズ・地球連合／機動戦士ガンダム／スターダストメモリー
1031,改修仕様バーザム,0,395,42,85,70,425,20,160,185,185,190,0,40,－,Ｍ,38,18090,2,-3,2,-4,MS系／連邦軍・ティターンズ・地球連合／ガンダムセンチネル
1032,スーパーノーベルガンダム,0,410,45,95,75,540,25,240,200,200,150,100,50,強5,Ｍ,48,18000,5,-1,0,-3,MS系／ガンダム系／オリジナル系
1033,マーキュリーガンダム,0,480,32,100,70,580,25,240,230,220,220,200,100,強5,Ｍ,52,18000,2,5,-3,-3,MS系／ガンダム系／オリジナル系
1034,マーズガンダム,0,500,52,80,70,580,25,240,200,200,200,200,100,強5,Ｍ,52,18000,4,-2,2,-3,MS系／ガンダム系／オリジナル系
1035,ジュピターガンダム,0,550,58,50,70,580,25,240,200,200,200,200,100,強5,Ｍ,52,18000,0,-2,5,-3,MS系／ガンダム系／オリジナル系
1036,ヴィーナスガンダム,0,500,50,70,70,580,25,240,200,200,200,200,100,強5,Ｍ,52,18000,2,-2,0,5,MS系／ガンダム系／オリジナル系
1037,サラミス後期型,0,1000,18,15,175,550,65,0,245,200,200,200,30,－,ＬＬ,61,40000,-2,-5,3,-5,艦船系／連邦軍・ティターンズ・地球連合／エウーゴ・カラバ／機動戦士Zガンダム／量産機
1038,マゼラン後期型,0,1100,18,20,170,880,50,160,255,100,100,210,80,－,ＬＬ,77,59200,-3,-5,4,-5,艦船系／連邦軍・ティターンズ・地球連合／MSV(モビルスーツバリエーション)／量産機
1039,特殊迷彩仕様リック・ドム,0,300,28,56,48,326,18,0,0,90,90,0,30,－,Ｍ,30,9270,-3,-4,3,-5,MS系／ジオン・ネオジオン軍・ザフト／MSV(モビルスーツバリエーション)／ドム系／オリジナル系
1040,G2セイバー,0,465,54,100,85,475,32,280,280,260,270,250,100,－,Ｍ,52,58000,6,-5,2,-2,MS系／ガンダム系
1041,Gセイバー(テラインモード) ,1,440,42,92,85,450,32,280,280,260,270,250,100,－,Ｍ,47,0,2,-5,-5,4,MS系／ガンダム系
1042,ギリアム専用ゲルググ,0,298,30,60,60,318,15,0,135,135,135,0,50,－,Ｍ,35,10950,0,0,3,0,MS系／ジオン・ネオジオン軍・ザフト／MSV(モビルスーツバリエーション)／ゲルググ系／専用機
1043,アムロ専用ウェイブライダー ,1,450,25,110,119,535,20,300,300,290,280,280,100,NT4,Ｍ,48,0,-5,-4,3,3,MA系／ガンダム系／連邦軍・ティターンズ・地球連合／オリジナル系／専用機
1044,ホワイト・ゼータ,0,450,56,124,82,478,19,250,270,200,230,250,150,NT3,Ｍ,56,54820,2,-3,3,-4,MS系／ガンダム系／エウーゴ・カラバ／ガンダムセンチネル／専用機
1045,ウェイブライダー(ホワイト・ゼータ) ,1,450,56,131,82,478,24,250,270,200,230,250,150,NT3,Ｍ,56,0,-5,-5,4,-1,MA系／ガンダム系／エウーゴ・カラバ／ガンダムセンチネル／専用機
1046,Dガンダムファースト,0,408,42,85,50,400,20,100,100,100,80,0,10,－,Ｍ,40,12010,0,-3,1,-1,MS系／ガンダム系／連邦軍・ティターンズ・地球連合
1047,Dガンダムセカンド,0,390,45,75,76,390,25,260,270,260,255,250,20,－,Ｍ,38,7500,1,-2,1,-1,MS系／ガンダム系／連邦軍・ティターンズ・地球連合
1048,Dガンダムサード,0,410,48,82,84,450,30,270,285,275,270,270,30,－,Ｍ,41,9000,2,-1,2,-1,MS系／ガンダム系／連邦軍・ティターンズ・地球連合
1049,Dガンダムフォース,0,420,52,82,72,450,42,0,0,190,190,0,40,－,Ｍ,56,13800,-5,-4,6,4,MS系／ガンダム系／連邦軍・ティターンズ・地球連合
1050,エゥーゴ専用FAガンダムMk-III,0,416,52,98,65,432,22,270,270,260,270,220,50,NT3,Ｍ,34,31840,2,-4,2,-4,MS系／ガンダム系／連邦軍・ティターンズ・地球連合／M-MSV(大河原邦夫コレクション)
1051,FAガンダムMk-III,0,416,52,98,65,432,22,270,270,260,270,220,40,NT3,Ｍ,44,31840,2,-4,2,-4,MS系／ガンダム系／連邦軍・ティターンズ・地球連合／M-MSV(大河原邦夫コレクション)
1052,シスクード,0,480,46,90,80,560,20,250,250,250,250,220,120,－,Ｍ,50,40060,0,-2,3,-3,MS系／ガンダム系／エウーゴ・カラバ／オリジナル系
1053,ヘイズル,0,352,36,76,53,408,18,150,180,160,140,0,90,－,Ｍ,37,13230,2,-3,2,-4,MS系／ガンダム系／連邦軍・ティターンズ・地球連合／アドバンス・オブ・ゼータ
1054,サイコ・ガンダムMk-III,0,816,67,80,80,638,40,290,220,250,200,200,80,強4,Ｌ,65,135200,2,-5,2,-4,MS系／ガンダム系／オリジナル系
1055,サイコ・ガンダムMk-IV,0,780,65,75,90,750,30,300,250,260,260,260,80,NT4,Ｌ,66,40000,1,-2,4,-4,MS系／ガンダム系／オリジナル系
1056,サイコ・ガンダムMk-IV(MA) ,1,780,75,75,90,750,30,300,250,260,260,260,80,NT4,Ｌ,66,0,-5,-2,4,4,MA系／ガンダム系／オリジナル系
1057,サイコロガンダム,0,870,80,70,90,860,60,100,100,100,100,100,200,－,Ｌ,73,254000,-6,4,4,4,MS系／ガンダム系／SDガンダム
1058,ガンダム・タイプTWS,0,640,55,78,62,650,28,220,220,230,250,260,60,－,Ｍ,57,40000,2,-3,4,-4,MS系／ガンダム系／連邦軍・ティターンズ・地球連合／オリジナル系
1059,ガンダム・タイプTWS(MA) ,1,640,45,98,68,650,28,220,220,230,250,260,60,－,Ｍ,57,0,-5,-3,4,3,MA系／ガンダム系／連邦軍・ティターンズ・地球連合／オリジナル系
1060,武者頑駄無,0,350,32,62,58,325,20,130,130,130,130,0,100,－,Ｍ,32,14400,2,0,1,0,MS系／ガンダム系／エウーゴ・カラバ／オリジナル系
1061,マジンガーZ,0,540,67,40,55,420,20,190,190,195,195,195,160,－,Ｍ,54,52060,2,-2,-5,-4,その他／スパロボシリーズ
1062,マジンガーZ(JS装備),0,576,79,50,55,525,20,200,200,195,195,195,210,－,Ｍ,60,76060,2,-2,-3,3,その他／スパロボシリーズ
1063,グレートマジンガー,0,684,100,70,55,700,20,200,220,195,195,195,210,－,Ｍ,73,92090,2,-2,-2,3,その他／スパロボシリーズ
1064,マジンカイザー,0,750,80,68,75,900,90,400,400,400,400,400,110,－,Ｍ,77,110000,3,-2,0,4,その他／スパロボシリーズ
1065,アフロダイA,0,420,58,40,50,350,16,180,180,190,190,190,40,－,Ｍ,36,23220,5,-2,-5,-4,その他／スパロボシリーズ
1066,ミネルバX,0,360,68,15,55,600,80,200,200,195,195,195,100,－,Ｍ,42,40000,2,-2,-3,-3,その他／スパロボシリーズ
1067,ボスボロット,0,220,5,10,40,250,80,100,100,100,100,100,140,－,Ｍ,10,300,-5,-5,-5,-5,その他／スパロボシリーズ
1068,アストレイレッドフレーム,0,324,32,77,70,342,32,210,210,220,220,220,50,－,Ｍ,40,8460,3,-3,3,0,MS系／ガンダム系／ガンダムSEED ASTRAY、MSV
1069,アストレイブルーフレーム,0,324,32,77,70,342,32,210,210,220,220,220,1,強4,Ｍ,40,8460,3,-3,5,0,MS系／ガンダム系／ガンダムSEED ASTRAY、MSV
1070,ヤマトガンダム,0,440,44,82,64,560,20,240,300,180,150,240,100,強3,Ｍ,48,12000,4,-2,0,-2,MS系／ガンダム系／機動武闘伝Gガンダム
1071,ゲルググ・サイクロンエッジ壱号機,0,350,35,70,70,400,25,300,200,200,180,150,40,－,Ｍ,38,15000,3,-2,1,0,MS系／ゲルググ系／ジオン・ネオジオン軍・ザフト／オリジナル系
1072,ゲルググ・サイクロンエッジ弐号機,0,400,50,50,55,440,25,300,200,200,180,150,40,－,Ｍ,40,15000,3,-2,1,0,MS系／ゲルググ系／ジオン・ネオジオン軍・ザフト／オリジナル系
1073,ゲルググ・サイクロンエッジ参号機,0,320,25,80,80,350,25,300,200,200,180,150,40,－,Ｍ,36,15000,3,-2,1,0,MS系／ゲルググ系／ジオン・ネオジオン軍・ザフト／オリジナル系
1074,ゲッター1,0,624,41,50,60,350,38,170,170,170,170,170,80,－,Ｌ,44,46060,0,-5,2,4,その他／スパロボシリーズ
1075,ゲッター2 ,1,624,37,70,60,350,38,170,170,170,170,170,80,－,Ｌ,44,0,5,-5,-5,-5,その他／スパロボシリーズ
1076,ゲッター3 ,1,624,55,40,60,350,38,170,170,170,170,170,80,－,Ｌ,44,0,0,5,-5,-5,その他／スパロボシリーズ
1077,ゲッタードラゴン,0,744,50,60,60,910,38,270,270,270,270,270,250,－,Ｌ,68,110090,0,-5,-1,5,その他／スパロボシリーズ
1078,ゲッターライガー ,1,744,45,80,60,910,38,270,270,270,270,270,250,－,Ｌ,68,0,5,-5,-1,-5,その他／スパロボシリーズ
1079,ゲッターポセイドン ,1,744,62,50,60,910,38,270,270,270,270,270,250,－,Ｌ,68,0,0,5,-1,-5,その他／スパロボシリーズ
1080,VF-1S ストライクバルキリー,0,375,36,79,80,500,20,170,170,170,170,170,110,－,Ｍ,40,18630,-2,-2,5,-3,マクロスシリーズ／車輌・戦闘機系
1081,VF-1S ストライクバルキリー(G) ,1,375,34,75,80,500,20,170,170,170,170,170,110,－,Ｓ,40,0,1,1,1,-2,その他／マクロスシリーズ
1082,VF-1S ストライクバルキリー(B) ,1,375,38,79,80,500,20,170,170,170,170,170,110,－,Ｍ,40,0,5,-2,3,-5,その他／マクロスシリーズ
1083,レイズナー,0,450,38,72,70,500,20,130,130,130,130,120,110,－,Ｓ,57,40060,1,-3,4,3,その他／スパロボシリーズ
1084,レイズナーMk-II,0,360,58,120,75,590,10,180,180,180,180,150,150,－,Ｓ,50,76060,3,-4,5,3,その他／スパロボシリーズ
1085,レイズナーMk-II(飛行形態) ,1,360,50,110,75,590,10,180,180,180,180,150,150,－,Ｓ,50,0,-4,-3,5,4,その他／スパロボシリーズ
1086,ガオガイガー,0,650,70,50,60,600,30,280,280,250,250,250,100,強3,Ｌ,60,76060,2,-1,0,2,その他／勇者・エルドランシリーズ
1087,スターガオガイガー,0,680,75,55,60,630,30,290,290,260,260,260,100,強4,Ｌ,65,164090,2,-1,2,3,その他／勇者・エルドランシリーズ
1088,ガオファイガー,0,700,75,65,60,660,30,300,300,270,270,270,100,強5,Ｌ,70,92090,3,0,3,2,その他／勇者・エルドランシリーズ
1089,ジェネシックガオガイガー,0,800,80,65,60,750,30,450,450,400,300,200,100,強6,Ｌ,75,200090,2,0,3,3,その他／勇者・エルドランシリーズ
1090,クロスボーン・ガンダムX1改,0,465,44,113,90,534,20,280,260,260,270,230,70,NT2,Ｍ,56,36580,3,-3,3,0,MS系／ガンダム系／機動戦士クロスボーンガンダム
1091,クロスボーン・ガンダムX2改,0,465,44,113,90,534,20,280,260,260,270,230,80,－,Ｍ,56,36580,3,-3,3,0,MS系／ガンダム系／機動戦士クロスボーンガンダム
1092,ドラグナー1カスタム,0,455,65,90,60,680,30,200,210,180,180,150,10,－,Ｍ,51,52060,2,-3,2,2,その他／スパロボシリーズ
1093,ドラグナー2カスタム,0,470,70,80,70,640,30,190,200,150,180,150,20,－,Ｍ,51,52060,2,-3,2,1,その他／スパロボシリーズ
1094,ドラグナー3,0,440,65,90,140,540,30,180,180,150,150,150,50,－,Ｍ,51,40060,1,-4,2,2,その他／スパロボシリーズ
1095,コン・バトラーV,0,870,54,55,70,918,57,280,280,250,250,250,350,－,Ｌ,64,110540,2,2,2,2,その他／スパロボシリーズ
1096,ザンボット3,0,896,50,80,55,860,80,300,300,200,180,190,150,強2,Ｌ,84,56800,2,0,1,2,その他／スパロボシリーズ
1097,ダイターン3,0,1152,77,80,60,990,80,300,300,250,250,250,350,－,ＬＬ,99,182720,2,0,2,2,その他／スパロボシリーズ
1098,イデオン,0,1280,38,60,79,1500,80,300,300,280,280,280,450,－,ＬＬ,119,500120,1,0,2,0,その他／スパロボシリーズ
1099,トライダーG7,0,890,66,77,70,860,57,300,300,200,200,200,300,－,Ｌ,95,713324,2,-3,2,1,その他／スパロボシリーズ
1100,ダイオージャ,0,680,60,58,65,600,80,270,270,250,250,250,180,－,Ｍ,62,59320,2,0,2,1,その他／スパロボシリーズ
1101,ゴーグ,0,590,100,30,50,590,80,100,100,100,100,0,200,－,Ｍ,71,110090,3,0,0,-5,その他／スパロボシリーズ
1102,アーマードバルキリー,0,360,66,75,80,550,20,180,180,170,170,170,100,－,Ｓ,51,18030,3,-2,4,-5,その他／マクロスシリーズ
1103,ケンリュウ,0,470,40,75,50,500,20,300,300,290,290,290,100,強2,ＳＳ,53,40060,3,-3,4,-3,その他／スパロボシリーズ
1104,バイカンフー,0,680,45,75,60,600,22,300,300,290,290,290,200,強3,Ｓ,64,70060,3,-3,4,-3,その他／スパロボシリーズ
1105,弾劾凰,0,680,52,58,70,650,80,300,300,300,300,300,200,－,Ｌ,66,92090,2,0,1,0,その他／スパロボシリーズ
1106,ダンガイオー,0,832,50,50,60,810,80,350,350,350,350,350,350,NT8,Ｌ,78,200810,2,-3,2,2,その他／スパロボシリーズ
1107,ストライクガンダム,0,400,38,70,60,425,30,190,220,100,120,80,50,強5,Ｍ,41,12030,2,-4,3,2,MS系／ガンダム系／連邦軍・ティターンズ・地球連合／ガンダムSEED
1108,イングラム1号機,0,300,24,56,52,200,12,10,50,50,50,0,20,－,Ｓ,25,10230,5,-2,-5,-3,その他／スパロボシリーズ
1109,零式,0,300,26,70,50,200,12,10,80,80,80,0,20,－,Ｓ,27,19230,6,-2,-5,-3,その他／スパロボシリーズ
1110,RX-7ナウシカ,0,340,37,66,50,410,20,280,280,180,180,0,20,－,Ｓ,45,12030,3,-3,4,-4,その他／スパロボシリーズ
1111,RX-7ジゼル,0,340,37,70,50,410,20,280,280,180,180,0,20,－,Ｓ,45,12030,3,-3,4,-4,その他／スパロボシリーズ
1112,RX-7ミーシャ,0,340,37,66,50,410,20,280,280,180,180,0,10,－,Ｓ,45,12030,3,-3,4,-4,その他／スパロボシリーズ
1113,ヘイズル(FA),0,384,47,54,53,408,18,150,180,160,140,0,80,－,Ｍ,38,12030,2,-4,2,-4,MS系／ガンダム系／連邦軍・ティターンズ・地球連合／アドバンス・オブ・ゼータ
1114,ガンブラスター,0,400,39,93,80,460,18,230,250,210,205,215,80,－,Ｍ,41,16980,2,-3,2,2,MS系／機動戦士Vガンダム／量産機
1115,エールストライク,0,408,38,77,60,425,30,200,220,100,120,80,120,強5,Ｍ,47,12030,2,-4,4,0,MS系／ガンダム系／連邦軍・ティターンズ・地球連合／ガンダムSEED
1116,ヒュッケバイン,0,480,54,120,80,700,18,270,270,235,275,250,220,－,Ｍ,58,146090,3,-3,3,-2,その他／バンプレストオリジナル
1117,ヒュッケバインEX,0,540,58,125,80,770,20,270,270,235,275,250,10,－,Ｍ,63,164090,3,-2,4,-2,その他／バンプレストオリジナル
1118,ヒュッケバインMk-II,0,444,46,100,80,560,20,200,200,145,200,180,10,NT3,Ｍ,50,52060,3,-2,4,-2,その他／バンプレストオリジナル
1119,ヒュッケバインMk-III,0,504,54,120,80,700,20,270,270,235,275,260,310,NT3,Ｍ,59,83090,3,-2,3,-1,その他／バンプレストオリジナル
1120,ランチャーストライク,0,408,37,68,70,425,30,200,220,100,120,200,120,強5,Ｍ,47,12030,3,-4,3,2,MS系／ガンダム系／連邦軍・ティターンズ・地球連合／ガンダムSEED
1121,ソードストライク,0,408,40,68,50,425,30,200,220,210,200,80,120,強5,Ｍ,47,12030,2,-4,3,2,MS系／ガンダム系／連邦軍・ティターンズ・地球連合／ガンダムSEED
1122,R-1,0,456,50,95,65,560,20,400,350,300,275,200,150,NT5,Ｍ,49,52060,3,-3,3,-1,その他／バンプレストオリジナル
1123,R-2,0,552,66,80,70,700,18,390,350,285,405,280,50,－,Ｍ,58,52060,3,-2,3,-5,その他／バンプレストオリジナル
1124,R-3,0,420,46,95,90,525,15,280,250,185,185,220,50,NT3,Ｍ,48,52060,3,-4,4,-3,その他／バンプレストオリジナル
1125,R-ウィング ,1,456,50,90,65,560,20,400,350,300,275,200,150,NT5,Ｍ,49,0,-5,-5,4,4,その他／バンプレストオリジナル
1126,ヴァイスリッター,0,400,40,105,80,390,22,250,250,200,200,260,130,－,Ｍ,46,40000,2,-5,4,3,その他／バンプレストオリジナル
1127,ライン・ヴァイスリッター,0,500,45,115,90,480,25,400,400,300,325,400,110,強5,Ｍ,55,76060,2,-5,5,4,その他／バンプレストオリジナル
1128,アルトアイゼン,0,440,70,70,50,396,25,250,250,270,220,200,1,－,Ｍ,42,37720,5,-3,3,-4,その他／バンプレストオリジナル
1129,アルトアイゼン・リーゼ,0,539,86,85,50,554,28,370,370,400,320,320,210,－,Ｍ,52,70060,3,-3,3,-4,その他／バンプレストオリジナル
1130,グルンガスト,0,686,86,65,50,980,48,200,200,200,200,200,100,－,Ｌ,71,112700,2,-1,2,2,その他／バンプレストオリジナル
1131,グルンガスト弐式,0,650,52,55,60,630,80,300,300,300,300,300,100,NT5,Ｌ,55,64060,4,-3,3,-1,その他／バンプレストオリジナル
1132,Gホーク ,1,650,46,75,60,630,80,300,300,300,300,300,100,NT5,Ｌ,55,0,-5,-5,3,4,その他／バンプレストオリジナル／スパロボシリーズ
1133,グルンガスト改,0,780,68,72,70,700,80,350,350,300,300,300,100,－,Ｌ,85,146090,4,-2,3,2,その他／バンプレストオリジナル／スパロボシリーズ
1134,龍虎王,0,760,65,78,80,680,80,450,450,400,400,400,150,NT5,Ｌ,85,164090,0,4,2,2,その他／バンプレストオリジナル
1135,虎龍王 ,1,760,55,84,50,680,80,450,450,400,400,400,1,NT5,Ｌ,85,0,4,0,3,0,その他／バンプレストオリジナル
1136,ラッキースター,0,440,40,92,75,550,23,250,250,185,190,190,80,－,Ｌ,55,12000,-5,-5,4,0,スパロボシリーズ／車輌・戦闘機系
1137,カンフーファイター,0,340,35,98,65,550,23,250,250,185,190,190,1,－,Ｌ,52,12000,-5,-5,4,0,スパロボシリーズ／車輌・戦闘機系
1138,トリックマスター,0,380,48,78,135,550,23,250,250,185,190,190,1,－,Ｌ,55,12000,-5,-5,4,0,スパロボシリーズ／車輌・戦闘機系
1139,ハッピートリガー,0,480,55,62,80,550,25,250,250,185,190,190,1,－,Ｌ,56,12000,-5,-5,4,0,スパロボシリーズ／車輌・戦闘機系
1140,ハーベスター,0,400,45,82,80,550,23,250,250,185,190,190,1,－,Ｌ,54,12000,-5,-5,4,0,スパロボシリーズ／車輌・戦闘機系
1141,バスターマシン2号,0,660,76,64,100,510,80,200,280,200,200,260,100,－,Ｌ,53,110090,-5,-5,3,3,艦船系／スパロボシリーズ
1142,バスターマシン1号,0,660,76,64,100,510,80,200,250,200,200,260,110,－,Ｌ,53,110090,-5,-5,3,3,艦船系／スパロボシリーズ
1143,ガンバスター,0,950,76,50,100,750,80,400,500,500,400,500,110,－,ＬＬ,79,290090,1,-5,3,2,その他／スパロボシリーズ
1144,タートル号,0,580,32,120,130,700,94,400,450,400,400,400,210,－,ＬＬ,54,308000,-5,-5,5,5,艦船系／スパロボシリーズ
1145,YF-19,0,420,36,95,80,520,20,180,180,170,170,170,120,－,Ｍ,45,58060,-2,-2,5,5,マクロスシリーズ／車輌・戦闘機系
1146,YF-19(G) ,1,420,35,92,70,520,20,180,180,170,170,170,120,－,Ｓ,45,0,1,1,1,1,その他／マクロスシリーズ
1147,YF-19(B) ,1,420,40,88,60,520,20,180,180,170,170,170,120,－,Ｍ,45,0,5,-2,3,-2,その他／マクロスシリーズ
1148,YF-21,0,456,50,135,80,595,18,680,680,670,670,670,220,－,Ｍ,54,56860,-5,-5,3,3,マクロスシリーズ／車輌・戦闘機系
1149,YF-21(G) ,1,456,48,130,70,595,18,680,680,670,670,670,220,－,Ｓ,54,0,1,0,1,1,その他／マクロスシリーズ
1150,YF-21(B) ,1,456,56,125,60,595,18,680,680,670,670,670,220,－,Ｍ,54,0,3,-4,3,-5,その他／マクロスシリーズ
1151,メビウス・ゼロ,0,278,22,59,60,360,20,80,260,80,90,130,20,－,Ｍ,22,4980,-5,-5,4,-3,MA系／連邦軍・ティターンズ・地球連合／ガンダムSEED
1152,レギオス・エータ,0,336,33,73,80,396,15,170,170,170,170,170,100,－,Ｓ,38,18090,-5,-5,3,3,スパロボシリーズ／車輌・戦闘機系／量産機
1153,レギオス・エータ(D) ,1,336,35,64,80,396,15,170,170,170,170,170,100,－,Ｓ,38,0,3,0,3,2,その他／スパロボシリーズ／量産機
1154,レギオス・エータ(S) ,1,336,37,68,80,396,15,170,170,170,170,170,100,－,Ｓ,38,0,3,-5,3,-5,その他／スパロボシリーズ／量産機
1155,レギオス・ゼータ,0,336,33,77,80,396,15,170,170,170,170,170,100,－,Ｓ,38,17430,-5,-5,3,3,スパロボシリーズ／車輌・戦闘機系／量産機
1156,レギオス・ゼータ(D) ,1,336,35,68,80,396,15,170,170,170,170,170,1,－,Ｓ,38,0,3,0,3,2,その他／スパロボシリーズ／量産機
1157,レギオス・ゼータ(S) ,1,336,37,72,80,396,15,170,170,170,170,170,100,－,Ｓ,38,0,3,-5,3,-5,その他／スパロボシリーズ／量産機
1158,ガイキング,0,620,66,50,55,550,80,200,200,195,195,195,180,NT4,Ｌ,61,64060,2,-2,0,3,その他／スパロボシリーズ
1159,ダイモス,0,700,60,75,50,500,80,200,200,250,195,195,300,－,Ｌ,62,76060,3,-2,0,2,その他／スパロボシリーズ
1160,ゴッドシグマ,0,800,52,45,50,550,80,200,200,200,200,200,200,－,Ｌ,58,204500,2,-2,3,2,その他／スパロボシリーズ
1161,ジーグ,0,450,50,75,50,550,80,200,200,200,200,200,50,強5,Ｓ,54,52060,3,-2,0,2,その他／スパロボシリーズ
1162,ボルテスV,0,840,50,60,70,630,58,280,280,250,250,250,100,－,Ｌ,63,110090,2,-1,2,2,その他／スパロボシリーズ
1163,ゴーショーグン,0,730,63,60,75,700,53,300,300,250,250,250,100,－,Ｌ,60,117200,2,0,3,2,その他／スパロボシリーズ
1164,ジャイアントロボ,0,790,60,52,65,750,80,100,100,190,190,190,270,－,Ｌ,69,76000,2,-1,-5,2,その他／スパロボシリーズ
1165,ブライガー,0,708,58,70,70,730,32,300,300,250,250,250,300,－,Ｌ,73,254090,2,-1,3,2,その他／スパロボシリーズ
1166,ライディーン,0,780,90,55,75,650,80,300,300,250,250,250,250,NT3,Ｌ,70,64120,3,0,2,2,その他／スパロボシリーズ
1167,モビルジン,0,282,20,40,50,318,18,70,90,70,50,20,15,強1,Ｍ,23,5640,3,-2,2,0,MS系／ジオン・ネオジオン軍・ザフト／ガンダムSEED／量産機
1168,メビウス,0,280,20,50,40,400,20,80,260,80,90,130,1,－,Ｍ,34,6000,-2,-4,3,0,MA系／連邦軍・ティターンズ・地球連合／ガンダムSEED
1169,大空魔竜,0,990,96,35,110,1000,160,400,400,395,395,395,390,－,ＬＬ,85,860040,1,1,1,1,艦船系／スパロボシリーズ
1170,ダグラム,0,358,58,80,70,408,10,200,200,200,200,200,40,－,Ｓ,30,10830,4,0,-5,-3,その他／スパロボシリーズ
1171,エヴァンゲリオン零号機,0,530,55,70,80,700,80,300,300,300,300,300,200,－,Ｌ,110,290000,3,-1,2,-3,その他／新世紀エヴァンゲリオン
1172,エヴァンゲリオン弐号機,0,504,40,90,80,490,80,300,300,300,300,300,200,－,Ｌ,97,146090,3,-3,0,-4,その他／新世紀エヴァンゲリオン
1173,エヴァンゲリオン初号機,0,492,40,95,80,525,80,300,300,300,300,300,200,－,Ｌ,99,290090,3,-3,0,-4,その他／新世紀エヴァンゲリオン
1174,エヴァンゲリオン量産型,0,500,55,60,75,700,30,300,300,300,300,300,200,－,Ｌ,115,290000,2,0,0,2,その他／新世紀エヴァンゲリオン
1175,スコープドッグ,0,250,14,65,60,300,10,0,0,150,150,0,5,－,ＳＳ,31,3030,5,-5,-5,-5,その他／ボトムズシリーズ／量産機
1176,スコープドッグTC,0,250,14,72,65,300,10,200,200,200,200,0,20,－,ＳＳ,32,4230,5,-5,-5,-5,その他／ボトムズシリーズ／量産機
1177,スコープドッグ・RSC,0,250,14,72,65,300,10,200,200,200,200,0,20,－,ＳＳ,32,4230,5,-5,-5,-5,その他／ボトムズシリーズ／量産機
1178,スコープドッグII,0,240,20,80,60,300,10,0,0,200,200,0,20,－,ＳＳ,19,3010,5,-5,4,-5,その他／ボトムズシリーズ／量産機
1179,スコープドッグ・フォックスSP,0,270,14,70,60,300,10,0,0,200,200,0,30,－,ＳＳ,32,4530,5,-5,-5,-5,その他／ボトムズシリーズ
1180,バーグラリードッグ,0,250,14,75,85,300,10,200,200,200,200,0,35,－,ＳＳ,33,9030,5,-5,-5,-5,その他／ボトムズシリーズ
1181,バウンティドッグ,0,250,14,70,65,300,10,200,200,200,200,0,25,－,ＳＳ,32,6030,5,-5,-5,-5,その他／ボトムズシリーズ
1182,スラッシュドッグ,0,260,14,78,60,300,10,200,200,200,200,0,35,－,ＳＳ,32,15030,5,-5,-5,-5,その他／ボトムズシリーズ
1183,パープルベアー,0,250,14,62,75,300,10,0,0,200,200,0,10,－,ＳＳ,32,2430,5,-5,-5,-5,その他／ボトムズシリーズ／量産機
1184,マーシィドッグ,0,250,14,65,60,300,10,0,0,200,200,0,10,－,ＳＳ,32,3030,3,1,-5,-5,その他／ボトムズシリーズ／量産機
1185,ブルーティッシュドッグ,0,260,14,78,60,300,10,200,200,200,200,0,20,強5,ＳＳ,32,15030,5,-5,-5,-5,その他／ボトムズシリーズ
1186,ベルゼルガ,0,280,17,68,70,300,10,250,250,200,200,0,10,－,ＳＳ,33,7830,4,2,-5,-5,その他／ボトムズシリーズ
1187,ブルーナイト,0,280,17,70,70,300,10,200,220,200,200,0,20,－,ＳＳ,33,9030,5,-5,-5,-5,その他／ボトムズシリーズ
1188,ブルーナイトBTS2,0,280,18,72,70,300,10,250,250,200,200,0,20,－,ＳＳ,39,9930,5,-5,-5,-5,その他／ボトムズシリーズ
1189,ストライクドッグ,0,290,15,78,60,300,10,250,250,200,200,0,10,強5,ＳＳ,32,18030,5,-5,4,-5,その他／ボトムズシリーズ
1190,ラビドリードッグ,0,290,15,80,60,300,10,250,250,200,200,0,10,－,ＳＳ,34,22300,5,-3,-5,-4,その他／ボトムズシリーズ
1191,ブラッドサッカー,0,250,15,72,60,300,10,250,250,200,200,0,10,－,ＳＳ,32,12030,5,-5,-5,-5,その他／ボトムズシリーズ
1192,シャドウフレア,0,280,20,85,60,300,10,250,250,200,200,0,25,強5,ＳＳ,34,20260,5,-5,-5,-5,その他／ボトムズシリーズ
1193,ゼルベリオス,0,290,22,95,60,300,10,250,250,200,200,0,25,強5,ＳＳ,35,26260,5,-5,-5,-5,その他／ボトムズシリーズ
1194,テスタロッサ,0,380,25,118,80,300,10,250,450,200,200,0,35,強5,ＳＳ,46,110090,6,-5,1,-5,その他／ボトムズシリーズ
1195,真・ゲッター1,0,912,54,90,80,800,30,300,300,270,270,270,550,－,Ｌ,122,347690,0,-5,2,5,その他／スパロボシリーズ
1196,真・ゲッター2 ,1,912,46,115,80,800,30,300,300,270,270,270,550,－,Ｌ,122,0,5,-5,0,-5,その他／スパロボシリーズ
1197,真・ゲッター3 ,1,912,71,80,50,800,30,300,300,270,270,270,550,－,Ｌ,122,0,0,5,-1,-5,その他／スパロボシリーズ
1198,デストロイド・モンスター,0,740,78,35,110,650,20,180,180,170,170,180,100,－,Ｌ,69,34060,0,-2,0,-2,その他／マクロスシリーズ／量産機
1199,マクロス,0,2100,45,25,100,800,300,400,400,400,400,400,180,－,ＸＬ,108,860120,-6,-6,0,0,艦船系／マクロスシリーズ
1200,マクロス強攻型 ,1,2100,45,25,100,800,300,400,400,400,400,400,1,－,ＸＬ,108,0,-6,-6,0,0,艦船系／マクロスシリーズ
1201,ガーランド,0,250,24,74,60,300,20,250,250,200,200,0,100,－,ＳＳ,27,5700,5,-5,-5,3,その他／スパロボシリーズ
1202,エルガイム,0,432,42,100,74,525,19,260,230,210,220,210,75,－,Ｍ,47,34020,3,-4,3,3,その他／エルガイムシリーズ
1203,エルガイムMk-II,0,504,50,120,99,595,29,380,350,310,320,310,100,－,Ｍ,66,64060,3,-5,3,0,その他／エルガイムシリーズ
1204,プローラー ,1,504,54,110,99,595,29,380,350,310,320,310,1,－,Ｍ,66,0,-4,-5,3,5,その他／エルガイムシリーズ
1205,ダンバイン,0,320,19,90,60,255,15,170,170,160,160,100,90,NT5,Ｓ,48,18150,3,-2,0,5,その他／スパロボシリーズ
1206,ビルバイン,0,345,27,110,80,408,15,290,290,290,290,150,100,NT7,Ｓ,57,40300,3,-2,0,5,その他／スパロボシリーズ
1207,ウイングキャリバー ,1,345,23,100,80,408,15,290,290,290,290,150,1,NT7,Ｓ,37,0,3,-5,0,5,その他／スパロボシリーズ
1208,サーバイン,0,358,46,120,70,510,15,200,280,390,190,190,195,NT5,Ｓ,53,76300,3,-2,0,5,その他／スパロボシリーズ
1209,オリジナル・ターンX,0,600,45,90,63,500,20,200,200,150,160,150,50,強3,Ｍ,49,46000,0,0,1,0,MS系／ガンダム系／オリジナル系
1210,まほろ,0,110,30,60,20,360,10,100,100,100,100,300,500,強5,ＳＳ,33,335000,4,0,-3,-2,人系
1211,ゲシュペンスト,0,516,50,60,80,420,18,260,260,235,265,240,200,－,Ｍ,45,32860,3,-2,3,-2,その他／バンプレストオリジナル／量産機
1212,ゲシュペンストMk-II・タイプR,0,360,32,85,80,300,21,280,280,235,275,250,20,－,Ｍ,51,22000,3,-2,4,-2,その他／バンプレストオリジナル
1213,衝撃のアルベルト,0,100,15,102,80,420,5,400,400,300,300,300,999,－,ＳＳ,41,290000,5,-5,-6,-3,人系／スパロボシリーズ
1214,ダイビングビートル,0,275,18,63,60,320,10,0,170,170,170,0,5,－,ＳＳ,34,3030,3,3,-5,-5,その他／ボトムズシリーズ／量産機
1215,SRX,0,1200,66,73,90,1180,80,300,300,300,300,300,750,NT9,Ｌ,117,290450,2,-3,2,2,その他／バンプレストオリジナル
1216,ラチェット専用アイゼンクライト,0,300,18,55,30,300,15,250,250,0,0,0,50,NT5,ＳＳ,37,18030,5,-5,-5,-3,その他／サクラ大戦シリーズ／専用機
1217,レニ専用アイゼンクライト,0,280,18,55,30,300,15,250,250,0,0,0,5,NT5,ＳＳ,37,18030,5,-5,-5,-3,その他／サクラ大戦シリーズ／専用機
1218,レニ専用光武・改,0,290,23,38,30,300,15,250,250,0,0,0,5,NT5,ＳＳ,37,15030,5,-5,-5,-3,その他／サクラ大戦シリーズ／専用機
1219,織姫専用アイゼンクライト,0,280,18,55,30,300,15,250,250,0,0,0,5,NT5,ＳＳ,37,18030,5,-5,-5,-3,その他／サクラ大戦シリーズ／専用機
1220,織姫専用光武・改,0,290,20,58,35,300,15,250,250,0,0,0,5,NT5,ＳＳ,37,15030,5,-5,-5,-3,その他／サクラ大戦シリーズ／専用機
1221,カンナ専用光武・改,0,270,38,43,30,300,15,250,250,0,0,0,10,NT5,ＳＳ,37,15030,5,-5,-5,-3,その他／サクラ大戦シリーズ／専用機
1222,紅蘭専用光武・改,0,270,23,33,35,300,15,250,250,0,0,0,10,NT5,ＳＳ,37,15030,5,-5,-5,-3,その他／サクラ大戦シリーズ／専用機
1223,アイリス専用光武・改,0,270,28,43,30,300,15,250,250,0,0,0,10,NT5,ＳＳ,37,15030,5,-5,-5,-3,その他／サクラ大戦シリーズ／専用機
1224,マリア専用光武・改,0,270,22,38,45,300,15,250,250,0,0,0,10,NT5,ＳＳ,37,15030,5,-5,-5,-3,その他／サクラ大戦シリーズ／専用機
1225,すみれ専用光武・改,0,270,28,43,45,300,15,250,250,0,0,0,10,NT5,ＳＳ,37,15030,5,-5,-5,-3,その他／サクラ大戦シリーズ／専用機
1226,さくら専用光武・改,0,270,30,40,30,300,15,250,250,0,0,0,10,NT5,ＳＳ,37,15030,5,-5,-5,-3,その他／サクラ大戦シリーズ／専用機
1227,花火専用光武F,0,270,30,46,60,300,15,250,250,0,0,0,10,NT5,ＳＳ,37,16230,5,-5,-5,-3,その他／サクラ大戦シリーズ／専用機
1228,花火専用光武F2,0,310,32,40,65,300,15,250,250,0,0,0,30,NT5,ＳＳ,41,34060,5,-5,-5,-3,その他／サクラ大戦シリーズ／専用機
1229,ロベリア専用光武F,0,270,20,56,35,300,15,250,250,0,0,0,10,NT5,ＳＳ,37,16230,5,-5,-5,-3,その他／サクラ大戦シリーズ／専用機
1230,ロベリア専用光武F2,0,310,30,44,35,300,15,250,250,0,0,0,30,NT5,ＳＳ,41,34060,5,-5,-5,-3,その他／サクラ大戦シリーズ／専用機
1231,コクリコ専用光武F,0,270,30,56,55,300,15,250,250,0,0,0,10,NT5,ＳＳ,37,16230,5,-5,-5,-3,その他／サクラ大戦シリーズ／専用機
1232,コクリコ専用光武F2,0,310,38,48,55,300,15,250,250,0,0,0,30,NT5,ＳＳ,41,34060,5,-5,-5,-3,その他／サクラ大戦シリーズ／専用機
1233,グリシーヌ専用光武F,0,270,30,56,35,300,15,250,250,0,0,0,10,NT5,ＳＳ,37,16230,5,-5,-5,-3,その他／サクラ大戦シリーズ／専用機
1234,グリシーヌ専用光武F2,0,310,42,40,35,300,15,250,250,0,0,0,30,NT5,ＳＳ,41,34060,5,-5,-5,-3,その他／サクラ大戦シリーズ／専用機
1235,エリカ専用光武F,0,270,30,56,55,300,15,250,250,0,0,0,10,NT5,ＳＳ,37,16230,5,-5,-5,-3,その他／サクラ大戦シリーズ／専用機
1236,エリカ専用光武F2,0,310,40,48,55,300,15,250,250,0,0,0,30,NT5,ＳＳ,42,34060,5,-5,-5,1,その他／サクラ大戦シリーズ／専用機
1237,大神専用光武・改,0,270,33,58,30,300,15,260,260,0,0,0,90,NT5,ＳＳ,37,15030,5,-5,-5,-3,その他／サクラ大戦シリーズ／専用機
1238,大神専用光武F,0,270,30,56,30,300,15,270,270,0,0,0,10,NT5,ＳＳ,39,16230,5,-5,-5,-3,その他／サクラ大戦シリーズ／専用機
1239,大神専用光武F2,0,310,42,52,30,300,15,280,280,0,0,0,50,NT5,ＳＳ,42,34060,5,-5,-5,1,その他／サクラ大戦シリーズ／専用機
1240,レッドテイル,0,230,18,85,58,350,9,170,170,185,185,180,60,－,Ｓ,39,18000,-3,-5,4,4,スパロボシリーズ／車輌・戦闘機系
1241,ハンマーヘッド,0,270,23,75,45,350,7,170,170,185,185,180,1,－,Ｓ,39,18000,-3,0,4,3,スパロボシリーズ／車輌・戦闘機系
1242,ソードフィッシュII,0,190,18,88,52,350,8,170,170,185,185,180,1,－,Ｓ,39,18000,-5,-5,5,4,スパロボシリーズ／車輌・戦闘機系
1243,レニ専用光武二式,0,310,36,48,30,300,15,250,250,0,0,0,50,NT5,ＳＳ,44,40060,5,-5,-5,-3,その他／サクラ大戦シリーズ／専用機
1244,織姫専用光武二式,0,310,28,40,35,300,15,250,250,0,0,0,50,NT5,ＳＳ,44,40060,5,-5,-5,-3,その他／サクラ大戦シリーズ／専用機
1245,カンナ専用光武二式,0,310,42,48,30,300,15,250,250,0,0,0,50,NT5,ＳＳ,44,40060,5,-5,-5,-3,その他／サクラ大戦シリーズ／専用機
1246,紅蘭専用光武二式,0,310,36,36,35,300,15,250,250,0,0,0,50,NT5,ＳＳ,44,40060,5,-5,-5,-3,その他／サクラ大戦シリーズ／専用機
1247,アイリス専用光武二式,0,310,40,36,30,300,15,250,250,0,0,0,50,NT5,ＳＳ,44,40060,5,-5,-5,-3,その他／サクラ大戦シリーズ／専用機
1248,マリア専用光武二式,0,310,32,40,45,300,15,250,250,0,0,0,50,NT5,ＳＳ,44,40060,5,-5,-5,-3,その他／サクラ大戦シリーズ／専用機
1249,すみれ専用光武二式,0,310,34,40,45,300,15,250,250,0,0,0,50,NT5,ＳＳ,44,40060,5,-5,-5,-3,その他／サクラ大戦シリーズ／専用機
1250,さくら専用光武二式,0,310,30,44,30,300,15,250,250,0,0,0,50,NT5,ＳＳ,44,40060,5,-5,-5,-3,その他／サクラ大戦シリーズ／専用機
1251,大神専用光武二式,0,310,33,53,30,300,15,280,280,0,0,0,50,NT5,ＳＳ,46,40060,5,-5,-5,1,その他／サクラ大戦シリーズ／専用機
1252,花火仕様双武,0,370,44,40,65,300,15,300,300,0,0,0,30,NT5,ＳＳ,48,76060,5,-5,-5,-2,その他／サクラ大戦シリーズ／専用機
1253,ロベリア仕様双武,0,370,44,40,65,300,15,300,300,0,0,0,30,NT5,ＳＳ,48,76060,5,-5,-5,-2,その他／サクラ大戦シリーズ／専用機
1254,コクリコ仕様双武,0,370,44,40,65,300,15,300,300,0,0,0,30,NT5,ＳＳ,48,76060,5,-5,-5,-2,その他／サクラ大戦シリーズ／専用機
1255,グリシーヌ仕様双武,0,370,44,40,65,300,15,300,300,0,0,0,30,NT5,ＳＳ,48,76060,5,-5,-5,-2,その他／サクラ大戦シリーズ／専用機
1256,エリカ仕様双武,0,370,44,40,65,300,15,300,300,0,0,0,30,NT5,ＳＳ,48,76060,5,-5,-5,-2,その他／サクラ大戦シリーズ／専用機
1257,レニ仕様双武,0,370,44,40,65,300,15,300,300,0,0,0,50,NT5,ＳＳ,48,76060,5,-5,-5,-2,その他／サクラ大戦シリーズ／専用機
1258,織姫仕様双武,0,370,44,40,65,300,15,300,300,0,0,0,50,NT5,ＳＳ,48,76060,5,-5,-5,-2,その他／サクラ大戦シリーズ／専用機
1259,カンナ仕様双武,0,370,44,40,65,300,15,300,300,0,0,0,50,NT5,ＳＳ,48,76060,5,-5,-5,-2,その他／サクラ大戦シリーズ／専用機
1260,紅蘭仕様双武,0,370,44,40,65,300,15,300,300,0,0,0,50,NT5,ＳＳ,48,76060,5,-5,-5,-2,その他／サクラ大戦シリーズ／専用機
1261,アイリス仕様双武,0,370,44,40,65,300,15,300,300,0,0,0,50,NT5,ＳＳ,48,76060,5,-5,-5,-2,その他／サクラ大戦シリーズ／専用機
1262,マリア仕様双武,0,370,44,40,65,300,15,300,300,0,0,0,50,NT5,ＳＳ,48,76060,5,-5,-5,-2,その他／サクラ大戦シリーズ／専用機
1263,すみれ仕様双武,0,370,44,40,65,300,15,300,300,0,0,0,50,NT5,ＳＳ,48,76060,5,-5,-5,-2,その他／サクラ大戦シリーズ／専用機
1264,さくら仕様双武,0,370,44,40,65,300,15,300,300,0,0,0,50,NT5,ＳＳ,48,76060,5,-5,-5,-2,その他／サクラ大戦シリーズ／専用機
1265,Σガンダム,0,480,58,80,85,550,30,260,240,270,250,240,150,NT5,Ｍ,56,18000,0,-2,3,1,MS系／ガンダム系／エウーゴ・カラバ／オリジナル系
1266,Σフライヤー ,1,480,52,90,85,550,30,260,240,270,250,240,1,NT5,Ｍ,56,0,-4,-5,1,4,MA系／ガンダム系／エウーゴ・カラバ／オリジナル系
1267,ΣΣガンダム,0,490,60,82,95,590,48,320,290,200,200,290,90,NT4,Ｍ,60,22000,2,-2,4,1,MS系／ガンダム系／エウーゴ・カラバ／オリジナル系
1268,Σフォートレス ,1,490,47,92,95,590,48,320,290,200,200,290,1,NT4,Ｍ,60,0,-3,-1,4,3,MA系／ガンダム系／エウーゴ・カラバ／オリジナル系
1269,クレスケンス,0,540,46,100,55,700,15,300,300,500,0,0,250,強3,Ｍ,67,52060,2,2,2,2,その他／スパロボシリーズ
1270,ゼプツェン,0,684,67,50,50,665,28,300,300,500,0,0,220,－,Ｍ,68,64060,2,2,2,2,その他／スパロボシリーズ
1271,シューティア,0,588,58,65,50,455,19,300,300,400,0,0,250,－,Ｍ,57,34060,4,-2,-2,0,その他／スパロボシリーズ
1272,レンマーツォ,0,552,46,80,60,595,15,300,300,400,0,0,250,－,Ｍ,62,34060,4,-2,-2,1,その他／スパロボシリーズ
1273,ブリガンディア,0,564,50,85,50,490,17,300,300,400,0,0,250,－,Ｍ,59,34060,3,-3,-3,-3,その他／スパロボシリーズ
1274,ヘイムダル,0,576,52,70,50,525,16,300,300,400,0,0,250,－,Ｍ,60,34060,3,-3,-3,-3,その他／スパロボシリーズ
1275,ヴィエルジェ,0,492,41,85,90,630,15,300,300,0,0,400,250,強4,Ｍ,64,34060,3,-3,-1,2,その他／スパロボシリーズ
1276,ヴェルトール,0,564,50,80,50,530,16,300,300,500,0,0,300,－,Ｍ,60,34060,3,-3,-4,1,その他／スパロボシリーズ
1277,オリジナルヴェルトール,0,612,54,100,50,560,16,300,300,600,0,0,20,－,Ｍ,64,76060,4,2,0,3,その他／スパロボシリーズ
1278,チュチュ,0,480,29,80,40,420,15,300,300,300,0,0,150,－,Ｍ,41,6030,3,-3,-5,-5,その他／スパロボシリーズ
1279,E・シューティア,0,588,58,70,50,455,19,300,300,500,0,0,150,－,Ｍ,58,76060,2,2,2,2,その他／スパロボシリーズ
1280,E・レンマーツォ,0,560,58,90,60,700,15,300,300,0,0,0,150,－,Ｍ,67,76060,2,2,2,2,その他／スパロボシリーズ
1281,E・アンドヴァリ,0,564,50,85,50,490,17,300,300,500,0,0,150,－,Ｍ,65,76060,2,2,2,2,その他／スパロボシリーズ
1282,E・フェンリル,0,576,52,95,50,525,16,300,300,500,0,0,150,－,Ｍ,61,76060,5,-2,-2,0,その他／スパロボシリーズ
1283,E・レグルス,0,492,42,90,80,630,15,300,300,0,500,500,150,強4,Ｍ,64,76060,3,-2,-2,1,その他／スパロボシリーズ
1284,ヴェルトール2,0,600,54,80,50,595,16,300,300,500,0,0,100,－,Ｍ,64,52060,4,0,0,3,その他／スパロボシリーズ
1285,ゼノギアス,0,600,54,90,60,595,19,300,300,600,0,0,150,－,Ｍ,76,110090,3,1,0,2,その他／スパロボシリーズ
1286,グラブロEC,0,440,40,50,60,400,30,120,150,90,100,0,10,－,Ｍ,44,3600,-5,4,-5,-5,MA系／ジオン・ネオジオン軍・ザフト／オリジナル系
1287,バイファム,0,420,38,95,58,490,20,130,130,130,130,100,25,－,Ｍ,34,12030,2,-2,4,-5,その他／スパロボシリーズ／量産機
1288,バイファム(SP),0,444,38,105,58,560,20,150,150,150,150,150,20,－,Ｍ,38,13830,3,-3,4,3,その他／スパロボシリーズ／量産機
1289,ネオファム,0,444,42,90,58,455,20,130,130,130,130,100,15,－,Ｍ,34,11430,2,-2,4,-5,その他／スパロボシリーズ／量産機
1290,ネオファム(SP),0,468,42,100,58,525,20,150,150,150,150,150,20,－,Ｍ,38,13230,2,-4,4,3,その他／スパロボシリーズ／量産機
1291,ドム・ゴブリン1号機,0,273,30,55,48,265,14,0,100,80,85,0,30,－,Ｍ,33,10950,3,3,-3,-2,MS系／ドム系／ジオン・ネオジオン軍・ザフト／専用機／オリジナル系
1292,ドム・ゴブリン2号機,0,293,28,53,48,265,14,0,100,80,85,0,30,－,Ｍ,33,10950,3,3,-3,-2,MS系／ドム系／ジオン・ネオジオン軍・ザフト／専用機／オリジナル系
1293,L.E.D.ミラージュ,0,600,63,110,80,700,20,350,350,110,110,280,260,強5,Ｍ,72,164090,3,1,1,1,その他／ファイブスター物語
1294,ナイト・オブ・ゴールド,0,650,72,125,120,880,20,900,900,900,900,900,2400,強5,Ｍ,104,740240,3,3,3,3,その他／ファイブスター物語
1295,999号,0,340,31,37,60,330,16,0,100,0,0,0,200,－,Ｍ,34,34000,2,-5,2,2,スパロボシリーズ／車輌・戦闘機系
1296,ソロモン・エクスプレス,0,390,38,82,90,325,27,150,150,130,130,0,50,－,Ｍ,48,14400,-5,-6,5,0,MS系／ガンダム系／連邦軍・ティターンズ・地球連合／オリジナル系
1297,アークエンジェル,0,930,41,44,110,552,210,170,270,130,150,230,80,－,ＬＬ,64,879680,-5,0,1,1,艦船系／ガンダムSEED／ガンダムSEED DESTINY
1298,イージスガンダム,0,408,38,73,70,445,18,280,300,130,80,140,60,強5,Ｍ,41,23260,2,-4,2,-4,MS系／ガンダム系／ジオン・ネオジオン軍・ザフト／ガンダムSEED
1299,イージスガンダム(AM) ,1,408,38,78,70,445,18,280,300,130,80,140,60,強5,Ｍ,41,0,-5,-5,3,0,MA系／ガンダム系／ジオン・ネオジオン軍・ザフト／ガンダムSEED
1300,ガリアン,0,450,58,80,50,460,25,300,300,300,300,300,150,－,Ｍ,34,40060,5,-2,-2,-3,その他／スパロボシリーズ
1301,ランバ・ラル専用グフ,0,290,30,52,42,312,18,10,30,30,0,0,20,－,Ｍ,29,8400,3,-3,-5,-5,MS系／ジオン・ネオジオン軍・ザフト／機動戦士ガンダム／グフ系／専用機
1302,アムロ専用アレックス増加装甲試験型,0,400,67,51,63,380,17,170,0,135,165,0,80,NT5,Ｍ,45,17100,2,-3,4,1,MS系／ガンダム系／連邦軍・ティターンズ・地球連合／オリジナル系／専用機
1303,東方不敗,0,100,18,105,70,450,6,400,400,500,300,300,999,－,ＳＳ,42,200000,5,0,-6,0,人系／スパロボシリーズ
1304,キケロガ,0,390,28,40,44,370,14,100,80,0,0,80,30,NT2,Ｍ,32,19500,-3,-3,3,-3,MS系／ジオン・ネオジオン軍・ザフト／オリジナル系
1305,デュエルガンダム,0,410,38,68,62,425,28,200,220,110,110,110,60,強5,Ｍ,42,15030,4,0,2,1,MS系／ガンダム系／ジオン・ネオジオン軍・ザフト／ガンダムSEED
1306,デュエルガンダム・アサルトシュラウド,0,425,45,85,70,425,30,240,250,200,200,200,100,強5,Ｍ,48,18030,-3,-4,5,2,MS系／ガンダム系／ジオン・ネオジオン軍・ザフト／ガンダムSEED
1307,ケンプファー出力強化型,0,320,26,96,58,408,18,0,0,195,195,0,50,－,Ｍ,37,16860,2,-3,2,-5,MS系／ジオン・ネオジオン軍・ザフト／オリジナル系
1308,ハモン専用グフ,0,290,30,52,42,312,18,10,30,30,0,0,10,－,Ｍ,29,8400,3,-3,-5,-5,MS系／ジオン・ネオジオン軍・ザフト／オリジナル系／専用機
1309,黒い三連星専用ザクレロ,0,417,24,74,58,390,25,60,60,0,0,0,5,－,Ｍ,38,12630,-6,-6,3,-6,MA系／ジオン・ネオジオン軍・ザフト／オリジナル系／専用機
1310,ガトー専用ザクレロ,0,417,24,74,58,390,25,60,60,0,0,0,5,－,Ｓ,38,12630,-6,-6,3,-6,MA系／ジオン・ネオジオン軍・ザフト／オリジナル系／専用機
1311,ランバ・ラル専用ザクレロ,0,417,24,74,58,390,25,60,60,0,0,0,5,－,Ｓ,38,12630,-6,-6,3,-6,MA系／ジオン・ネオジオン軍・ザフト／オリジナル系／専用機
1312,シーマ専用ザクレロ,0,417,24,74,58,390,25,60,60,0,0,0,5,－,Ｓ,38,12630,-6,-6,3,-6,MA系／ジオン・ネオジオン軍・ザフト／オリジナル系／専用機
1313,マツナガ専用ザクレロ,0,417,24,74,58,390,25,60,60,0,0,0,5,－,Ｓ,38,12630,-6,-6,3,-6,MA系／ジオン・ネオジオン軍・ザフト／オリジナル系／専用機
1314,ブルーデッドクロウ,0,400,34,78,50,360,20,150,180,150,100,0,50,－,Ｍ,36,11250,5,-1,-4,-3,MS系／ジム系／ジオン・ネオジオン軍・ザフト／オリジナル系
1315,ガンダムEz8改,0,310,32,68,60,400,22,190,190,190,190,0,20,－,Ｍ,33,11100,4,-1,4,-4,MS系／ガンダム系／連邦軍・ティターンズ・地球連合／オリジナル系
1316,ロンメル専用デザートザク,0,275,24,43,55,300,18,50,50,50,55,0,20,－,Ｍ,28,13410,3,-3,-5,-4,MS系／ザク系／ジオン・ネオジオン軍・ザフト／専用機／オリジナル系
1317,ツヴァーク,0,200,12,75,60,300,13,0,100,150,150,0,25,－,ＳＳ,30,3030,3,-5,-2,-5,その他／ボトムズシリーズ／量産機
1318,ツヴァーク(SR) ,1,200,12,75,60,300,13,0,100,150,150,0,25,－,ＳＳ,30,0,5,-5,-5,-5,その他／ボトムズシリーズ／量産機
1319,鳳雷鷹,0,380,50,58,60,460,20,300,300,0,0,0,100,－,Ｓ,54,28000,5,-2,-2,5,その他／スパロボシリーズ
1320,爆竜,0,420,55,51,70,430,25,300,300,0,0,0,120,－,Ｓ,54,28000,5,4,-2,-5,その他／スパロボシリーズ
1321,黒獅子,0,400,52,55,60,410,22,300,300,0,0,0,130,－,Ｓ,54,28000,5,-2,-2,-5,その他／スパロボシリーズ
1322,飛影,0,360,55,120,60,350,10,400,300,0,0,0,250,強5,ＳＳ,40,110030,3,3,3,3,その他／スパロボシリーズ
1323,イズミ専用エステバリス(空戦),0,280,42,95,60,370,20,300,300,200,200,0,100,強4,Ｓ,43,9000,-6,-2,0,5,その他／スパロボシリーズ／専用機
1324,イズミ専用エステバリス(0G) ,1,300,45,90,60,420,20,300,300,200,200,0,100,強4,Ｓ,43,0,0,-5,5,0,その他／スパロボシリーズ／専用機
1325,イズミ専用エステバリス(砲戦) ,1,340,50,70,80,490,20,300,300,200,200,0,100,強4,Ｓ,43,0,3,-4,2,-3,その他／スパロボシリーズ／専用機
1326,イズミ専用エステバリス(陸戦) ,1,320,45,90,60,460,20,300,300,200,200,0,100,強4,Ｓ,43,0,6,-2,0,-5,その他／スパロボシリーズ／専用機
1327,アキト専用エステバリス(空戦),0,280,42,95,60,370,20,300,300,200,200,0,100,強4,Ｓ,43,9000,-6,-2,0,5,その他／スパロボシリーズ／専用機
1328,アキト専用エステバリス(0G),0,300,30,75,60,330,20,300,300,200,200,0,100,強4,Ｓ,43,15010,0,-5,5,0,その他／スパロボシリーズ／専用機
1329,アキト専用エステバリス(砲戦),0,340,50,70,80,490,20,300,300,200,200,0,100,強4,Ｓ,43,9000,3,-4,2,-3,その他／スパロボシリーズ／専用機
1330,アキト専用エステバリス(陸戦),0,320,45,90,60,460,20,300,300,200,200,0,100,強4,Ｓ,43,9000,6,-2,0,-5,その他／スパロボシリーズ／専用機
1331,ヒカル専用エステバリス(空戦),0,280,42,95,60,370,20,300,300,200,200,0,100,強4,Ｓ,43,9000,-6,-2,0,5,その他／スパロボシリーズ／専用機
1332,ヒカル専用エステバリス(0G) ,1,300,45,90,60,420,20,300,300,200,200,0,100,強4,Ｓ,43,0,0,-5,5,0,その他／スパロボシリーズ／専用機
1333,ヒカル専用エステバリス(砲戦) ,1,340,50,70,80,490,20,300,300,200,200,0,100,強4,Ｓ,43,0,3,-4,2,-3,その他／スパロボシリーズ／専用機
1334,ヒカル専用エステバリス(陸戦) ,1,320,45,90,60,460,20,300,300,200,200,0,100,強4,Ｓ,43,0,6,-2,0,-5,その他／スパロボシリーズ／専用機
1335,リョーコ専用エステバリス(空戦),0,280,42,95,60,370,20,300,300,200,200,0,100,強4,Ｓ,43,9000,-6,-2,0,5,その他／スパロボシリーズ／専用機
1336,リョーコ専用エステバリス(0G) ,1,300,45,90,60,420,20,300,300,200,200,0,100,強4,Ｓ,43,0,0,-5,5,0,その他／スパロボシリーズ／専用機
1337,リョーコ専用エステバリス(砲戦) ,1,340,50,70,80,490,20,300,300,200,200,0,100,強4,Ｓ,43,0,3,-4,2,-3,その他／スパロボシリーズ／専用機
1338,リョーコ専用エステバリス(陸戦) ,1,320,45,90,60,460,20,300,300,200,200,0,100,強4,Ｓ,43,0,6,-2,0,-5,その他／スパロボシリーズ／専用機
1339,ガイ専用エステバリス(空戦),0,280,42,95,60,370,20,300,300,200,200,0,100,強4,Ｓ,43,9000,-6,-2,0,5,その他／スパロボシリーズ／専用機
1340,ガイ専用エステバリス(0G) ,1,300,45,90,60,420,20,300,300,200,200,0,100,強4,Ｓ,43,0,0,-5,5,0,その他／スパロボシリーズ／専用機
1341,ガイ専用エステバリス(砲戦) ,1,340,50,70,80,490,20,300,300,200,200,0,100,強4,Ｓ,43,0,3,-4,2,-3,その他／スパロボシリーズ／専用機
1342,ガイ専用エステバリス(陸戦) ,1,320,45,90,60,460,20,300,300,200,200,0,100,強4,Ｓ,43,0,6,-2,0,-5,その他／スパロボシリーズ／専用機
1343,アカツキ専用エステバリス(空戦),0,280,42,100,60,370,20,300,300,200,200,0,100,強4,Ｓ,43,9000,-6,-2,0,5,その他／スパロボシリーズ／専用機
1344,アカツキ専用エステバリス(0G) ,1,300,50,100,60,420,20,300,300,200,200,0,100,強4,Ｓ,43,0,0,-5,5,0,その他／スパロボシリーズ／専用機
1345,アカツキ専用エステバリス(砲戦) ,1,340,50,75,80,490,20,300,300,200,200,0,100,強4,Ｓ,43,0,3,-4,2,-3,その他／スパロボシリーズ／専用機
1346,グルンガスト零式,0,750,65,78,50,750,80,380,380,300,300,300,80,－,Ｌ,75,200000,5,-2,4,3,その他／バンプレストオリジナル
1347,アクア装備仕様ガンダムGP01,0,420,35,65,60,350,20,150,175,175,175,0,20,－,Ｍ,35,21220,1,4,-4,-4,MS系／ガンダム系／連邦軍・ティターンズ・地球連合／オリジナル系
1348,ジャオーム,0,410,34,80,70,420,22,250,250,170,170,170,50,NT2,Ｍ,35,18000,3,-2,4,5,その他／バンプレストオリジナル
1349,ノルス・レイ,0,356,40,80,70,478,22,250,250,170,170,170,60,NT2,Ｍ,46,18000,4,-2,2,4,その他／バンプレストオリジナル
1350,ディアブロ,0,390,28,90,80,490,22,250,250,170,170,170,30,NT2,Ｍ,35,18000,5,-3,2,-3,その他／バンプレストオリジナル
1351,ザムジード,0,600,63,54,75,520,22,360,360,300,170,170,90,NT4,Ｍ,54,64000,5,0,2,1,その他／バンプレストオリジナル
1352,ガッデス,0,540,55,70,85,570,22,270,270,200,170,170,70,NT4,Ｍ,54,52000,1,5,0,1,その他／バンプレストオリジナル
1353,グランヴェール,0,530,40,95,70,620,22,270,290,200,170,170,70,NT5,Ｍ,51,52000,4,-3,3,1,その他／バンプレストオリジナル
1354,サイバスター,0,456,30,120,80,500,22,290,290,270,270,170,130,NT9,Ｍ,48,52020,2,-2,2,3,その他／バンプレストオリジナル
1355,サイバード ,1,456,27,110,70,500,22,290,290,270,270,170,130,NT5,Ｍ,48,0,-5,0,3,3,その他／バンプレストオリジナル
1356,F・ベルナール専用グフ飛行型,0,310,25,65,48,250,12,0,100,0,80,0,30,－,Ｍ,27,7500,2,-5,-3,4,MS系／ジオン・ネオジオン軍・ザフト／MSV(モビルスーツバリエーション)／専用機
1357,ビリー・W・D専用グフ飛行試験,0,330,25,75,48,250,12,0,100,0,80,0,30,－,Ｍ,38,7500,3,-5,-3,4,MS系／ジオン・ネオジオン軍・ザフト／MSV(モビルスーツバリエーション)／専用機
1358,アイナ専用グフ飛行型,0,350,25,75,48,250,12,0,100,0,80,0,30,－,Ｍ,41,7200,3,-5,-3,4,MS系／ジオン・ネオジオン軍・ザフト／グフ系／専用機／オリジナル系
1359,ノーチラス号,0,512,38,45,80,765,150,270,270,200,200,200,150,－,ＬＬ,45,40000,-5,3,-5,-6,艦船系／スパロボシリーズ
1360,Ｎ－ノーチラス号,0,1300,47,56,180,900,150,470,470,400,400,400,200,－,ＬＬ,97,76000,-5,0,3,3,艦船系／スパロボシリーズ
1361,ゲキガンガー,0,560,55,45,65,500,80,200,200,195,195,195,120,－,Ｌ,52,28000,2,1,0,3,その他／スパロボシリーズ
1362,ダンクーガ,0,860,54,55,70,700,34,330,310,300,300,300,330,－,Ｌ,66,120830,4,-4,4,2,その他／スパロボシリーズ
1363,ゴッドフェニックス,0,504,50,60,80,525,30,370,370,200,200,200,180,－,Ｌ,48,110030,0,1,3,4,艦船系／スパロボシリーズ
1364,マイトガイン,0,672,54,65,60,630,18,280,280,250,250,250,100,－,Ｌ,57,46060,3,0,1,-2,その他／勇者・エルドランシリーズ
1365,ガンバルガー,0,560,60,62,50,560,28,200,200,250,250,250,10,－,Ｌ,58,25000,2,0,1,3,その他／勇者・エルドランシリーズ
1366,パトゥーリア,0,934,57,50,100,690,80,300,260,250,270,270,150,強5,ＬＬ,85,146990,-6,-5,3,3,MA系／機動新世紀ガンダムX
1367,ヒュッケバインボクサー,0,684,66,100,60,700,23,380,280,355,100,200,880,NT3,Ｍ,61,128030,5,-3,3,-4,その他／バンプレストオリジナル
1368,ヒュッケバインガンナー,0,624,50,130,95,700,42,380,280,200,100,300,880,NT3,Ｍ,64,128030,-5,-5,3,4,その他／バンプレストオリジナル
1369,グランゾン,0,682,65,68,80,650,27,490,490,270,270,270,240,NT5,Ｍ,110,146090,2,-2,2,2,その他／バンプレストオリジナル
1370,ネオ・グランゾン,0,1200,82,120,100,1050,36,900,900,900,900,900,810,NT5,Ｌ,193,980120,3,-2,3,2,その他／バンプレストオリジナル
1371,アムロ専用ガーディアル,0,520,60,78,80,600,20,310,300,290,280,280,80,NT5,Ｍ,50,19200,3,-2,3,3,その他／スパロボシリーズ／専用機
1372,デルタガンダム,0,432,52,122,71,460,19,200,210,160,160,160,220,－,Ｍ,47,16770,2,-4,2,-4,MS系／ガンダム系／エウーゴ・カラバ／Z-MSV
1373,デストロイド・ファランクス,0,300,58,55,100,210,20,180,180,170,170,180,30,－,Ｍ,38,9600,0,-2,0,-5,その他／マクロスシリーズ／量産機
1374,ガラバ,0,448,38,120,60,510,22,390,390,360,360,300,190,NT5,Ｍ,65,22300,-1,-5,0,5,その他／スパロボシリーズ
1375,吹雪20701,0,352,30,71,60,250,20,280,280,250,250,250,20,－,Ｍ,30,17700,3,-3,-2,2,その他／マブラヴ
1376,吹雪20702,0,352,30,71,60,250,20,280,280,250,250,250,1,－,Ｍ,30,17700,3,-3,-2,2,その他／マブラヴ
1377,吹雪20704,0,352,30,71,60,250,20,280,280,250,250,250,1,－,Ｍ,30,17700,3,-3,-2,2,その他／マブラヴ
1378,吹雪20705,0,352,30,71,60,250,20,280,280,250,250,250,1,－,Ｍ,30,17700,3,-3,-2,2,その他／マブラヴ
1379,吹雪20706,0,352,30,71,60,250,20,280,280,250,250,250,1,－,Ｍ,30,17700,3,-3,-2,2,その他／マブラヴ
1380,グラタン,0,280,15,50,40,200,15,10,30,30,0,0,5,－,Ｓ,25,1350,4,-5,-6,-4,スパロボシリーズ／車輌・戦闘機系
1381,ナデシコA,0,800,50,30,90,780,200,270,270,200,200,200,100,－,ＬＬ,93,182000,-6,0,2,1,艦船系／スパロボシリーズ
1382,ナデシコB,0,950,56,32,90,880,200,270,270,200,200,200,100,－,ＬＬ,102,182000,-6,1,2,2,艦船系／スパロボシリーズ
1383,ナデシコC,0,1100,65,34,110,980,200,270,270,200,200,200,100,－,ＬＬ,112,182000,-6,2,3,2,艦船系／スパロボシリーズ
1384,ズワァース,0,384,35,120,65,510,15,190,180,160,160,140,35,NT6,Ｓ,63,31900,3,-2,0,5,その他／スパロボシリーズ／量産機
1385,ズワウス,0,448,50,115,60,765,15,200,200,190,190,190,200,NT4,Ｓ,74,76300,3,-2,0,5,その他／スパロボシリーズ
1386,シャッフル・ハート,0,505,57,90,72,570,20,240,300,260,230,200,140,強5,Ｍ,56,16500,5,-1,0,-2,MS系／ガンダム系／機動武闘伝Gガンダム
1387,シャッフル・ハート(MA) ,1,505,65,85,72,570,20,240,300,260,230,200,140,強5,Ｍ,56,0,-3,-3,4,2,MA系／ガンダム系／機動武闘伝Gガンダム
1388,ストライクIWSP,0,408,38,77,60,425,30,220,230,200,200,200,50,強5,Ｍ,53,15000,2,-4,5,4,MS系／ガンダム系／連邦軍・ティターンズ・地球連合／ガンダムSEED
1389,ジン強行偵察型,0,250,23,47,70,256,20,80,120,70,50,20,5,強1,Ｍ,32,6600,2,-2,2,0,MS系／ジオン・ネオジオン軍・ザフト／ガンダムSEED
1390,ミネルバ,0,1100,32,48,130,800,100,50,250,120,150,190,180,－,Ｌ,75,40000,-3,-5,5,3,艦船系／スパロボシリーズ
1391,デスラー艦,0,1100,5,5,160,600,100,270,270,200,200,200,80,－,ＬＬ,74,200000,-6,0,1,1,艦船系／スパロボシリーズ
1392,デスラー戦闘空母,0,1300,15,5,120,700,100,270,270,200,200,200,90,－,ＬＬ,84,335000,-6,0,1,1,艦船系／スパロボシリーズ
1393,新型デスラー艦,0,1600,25,10,130,800,100,270,270,200,200,200,100,－,ＬＬ,99,380000,-6,0,1,1,艦船系／スパロボシリーズ
1394,宇宙戦艦ヤマト,0,1500,80,39,180,1800,100,270,400,230,265,400,200,－,ＬＬ,155,371000,-6,0,1,1,艦船系／スパロボシリーズ
1395,大ヤマト,0,2300,15,15,185,900,100,290,290,200,200,290,100,－,ＸＬ,118,272000,-1,0,1,1,艦船系／スパロボシリーズ
1396,オーガス,0,410,44,95,70,510,20,180,180,180,180,180,60,－,Ｓ,43,23260,2,-3,0,2,その他／スパロボシリーズ
1397,オーガス(F) ,1,410,38,85,70,510,20,180,180,180,180,180,60,－,Ｓ,43,0,-5,-5,0,3,スパロボシリーズ／車輌・戦闘機系
1398,オーガス(G) ,1,410,40,105,70,510,20,180,180,180,180,180,60,－,Ｓ,43,0,1,1,0,1,その他／スパロボシリーズ
1399,オーガス(T) ,1,410,50,75,70,510,20,180,180,180,180,180,60,－,Ｓ,43,0,3,0,0,-5,その他／スパロボシリーズ
1400,オルソン専用オーガスII,0,448,48,105,70,700,20,190,180,180,180,180,20,－,Ｓ,52,32860,2,-3,0,2,その他／スパロボシリーズ／専用機
1401,オルソン専用オーガスII(F) ,1,448,42,100,70,700,20,190,180,180,180,180,20,－,Ｓ,52,0,-5,-5,0,3,スパロボシリーズ／車輌・戦闘機系／専用機
1402,オルソン専用オーガスII(G) ,1,448,44,115,70,700,20,190,180,180,180,180,20,－,Ｓ,52,0,1,1,0,1,その他／スパロボシリーズ／専用機
1403,オルソン専用オーガスII(T) ,1,448,54,90,70,700,20,190,180,180,180,180,20,－,Ｓ,52,0,3,0,0,-5,その他／スパロボシリーズ／専用機
1404,VF-1A バルキリー,0,320,28,75,80,450,20,170,170,170,170,150,50,－,Ｍ,35,18030,-2,-2,5,5,マクロスシリーズ／車輌・戦闘機系
1405,VF-1A バルキリー(G) ,1,320,26,70,70,450,20,170,170,170,170,150,50,－,Ｓ,35,0,1,1,1,1,その他／マクロスシリーズ
1406,VF-1A バルキリー(B) ,1,320,30,66,60,450,20,170,170,170,170,150,50,－,Ｍ,35,0,5,-2,3,-2,その他／マクロスシリーズ
1407,ドークスガーディアン,0,590,100,25,50,590,80,100,100,100,100,0,60,－,Ｍ,71,128090,1,0,0,-5,その他／スパロボシリーズ
1408,リヴァイアス,0,1500,20,10,130,700,100,250,250,200,200,200,110,－,ＸＬ,92,245000,-6,-5,3,0,艦船系／スパロボシリーズ
1409,ジェイデッカー,0,590,54,62,60,730,80,280,280,250,250,250,100,強5,Ｍ,68,40060,3,-3,1,2,その他／勇者・エルドランシリーズ
1410,アンドロメダ,0,1760,60,36,170,1700,110,270,270,200,200,200,100,－,ＬＬ,148,335000,-5,-5,1,1,艦船系／スパロボシリーズ
1411,アンドロメダII,0,1760,70,36,180,1700,115,270,270,200,200,200,100,－,ＬＬ,148,335000,-5,-4,1,1,艦船系／スパロボシリーズ
1412,量産型ベルゲルミル,0,395,40,90,60,400,21,170,170,160,160,160,30,強3,Ｍ,45,18000,0,-6,2,2,その他／バンプレストオリジナル／量産機
1413,スレードゲルミル,0,800,84,85,80,800,80,280,280,280,280,280,120,強6,Ｌ,95,155000,5,-4,3,3,その他／バンプレストオリジナル
1414,アウルゲルミル,0,950,94,95,90,900,80,300,300,300,300,300,180,強6,Ｌ,105,191000,2,0,3,3,その他／バンプレストオリジナル
1415,ブラックゲッター,0,674,40,70,60,525,30,250,250,170,170,170,120,－,Ｌ,53,70060,1,-4,3,3,その他／スパロボシリーズ
1416,ファッティー,0,270,16,65,60,300,10,0,0,200,200,0,30,－,ＳＳ,33,2100,2,-5,5,-5,その他／ボトムズシリーズ／量産機
1417,ハロ,0,860,60,64,60,700,25,400,0,0,0,0,500,－,Ｌ,83,3580000,-6,2,2,2,MA系／SDガンダム
1418,サイコ・ハロ,0,1000,64,82,86,900,30,500,0,0,0,0,200,強5,Ｌ,98,110000,3,3,3,3,MA系／SDガンダム
1419,ギャプラン改,0,495,35,110,60,540,14,0,235,235,235,0,10,－,Ｍ,38,52000,-6,-6,4,4,MA系／連邦軍・ティターンズ・地球連合／オリジナル系／量産機
1420,ジム・ジャグラー,0,350,20,45,45,600,30,120,160,140,140,130,5,－,Ｍ,33,15000,1,-2,1,0,MS系／ジム系／連邦軍・ティターンズ・地球連合／オリジナル系
1421,テムジン04G,0,400,48,78,60,260,30,200,310,280,280,250,50,－,Ｍ,34,7500,2,-4,2,2,その他／スパロボシリーズ
1422,テムジン707F,0,420,50,90,70,280,30,200,350,280,280,250,60,－,Ｍ,36,9000,2,-4,2,2,その他／スパロボシリーズ
1423,テムジン747A,0,435,55,111,70,380,30,200,310,280,280,250,70,－,Ｍ,42,10500,2,-4,2,2,その他／スパロボシリーズ
1424,テムジン747J,0,465,57,128,70,480,30,200,350,280,280,250,80,－,Ｍ,47,12000,2,-4,2,2,その他／スパロボシリーズ
1425,先行量産型ハイザック,0,400,25,70,55,300,18,0,0,0,100,0,5,－,Ｍ,32,11250,0,-1,0,0,MS系／ザク系／連邦軍・ティターンズ・地球連合／アドバンス・オブ・ゼータ／量産機
1426,ハイ・ズゴック,0,308,28,52,42,278,18,0,0,210,215,0,30,－,Ｍ,35,14100,3,4,-3,-1,MS系／その他／ジオン・ネオジオン軍・ザフト／オリジナル系／量産機
1427,ズゴック・デストロイ,0,298,28,52,42,278,18,0,0,210,215,0,20,－,Ｍ,36,14100,4,3,-3,-1,MS系／その他／ジオン・ネオジオン軍・ザフト／オリジナル系
1428,パーフェクトズゴックキャノン,0,288,30,52,42,278,18,0,0,210,215,0,20,－,Ｍ,36,17400,3,3,1,-3,MS系／その他／ジオン・ネオジオン軍・ザフト／オリジナル系
1429,デスシャドウ号,0,1500,15,10,180,600,100,380,370,300,300,300,180,－,ＬＬ,90,110000,-5,0,1,1,艦船系／スパロボシリーズ
1430,アルカディア号,0,1580,84,40,187,1890,100,370,400,2330,300,300,150,－,ＬＬ,141,290000,-6,0,1,1,艦船系／スパロボシリーズ
1431,ハガネ,0,1400,60,54,180,830,100,400,400,360,360,360,50,－,ＬＬ,100,70000,-2,1,1,1,艦船系／バンプレストオリジナル
1432,ヒリュウ改,0,1500,54,54,180,580,100,300,300,260,260,260,1,－,ＬＬ,95,110000,-5,1,3,1,艦船系／バンプレストオリジナル
1433,シュッツバルト,0,516,58,70,80,530,20,260,260,235,265,250,180,NT5,Ｍ,50,28020,3,3,2,-4,その他／バンプレストオリジナル
1434,ビルトシュバイン,0,542,60,68,80,500,23,1250,1250,1200,1175,190,300,－,Ｍ,50,38000,3,2,0,1,その他／バンプレストオリジナル
1435,ビルトラプター,0,380,45,90,50,400,30,200,250,200,175,100,90,NT3,Ｍ,48,13500,3,2,1,-4,その他／バンプレストオリジナル
1436,ブラックタイガー,0,150,15,75,50,300,9,180,180,185,185,180,40,－,Ｍ,19,6000,-4,-5,4,4,スパロボシリーズ／車輌・戦闘機系／量産機
1437,コスモタイガーII,0,150,15,75,50,300,9,180,180,185,185,180,40,－,Ｍ,29,6000,-4,-5,4,4,スパロボシリーズ／車輌・戦闘機系／量産機
1438,コスモゼロ,0,180,18,85,65,370,9,180,180,185,185,180,40,－,Ｍ,39,9000,-4,-5,4,4,スパロボシリーズ／車輌・戦闘機系
1439,グラン・ガラン,0,1536,38,55,120,1370,300,400,400,400,400,400,380,NT5,ＬＬ,134,182450,-6,-5,0,1,艦船系／スパロボシリーズ
1440,ウィル・ウィプス,0,2304,46,65,120,1420,300,400,400,400,400,400,380,NT5,ＬＬ,164,218450,-6,-6,0,1,艦船系／スパロボシリーズ
1441,ゼラーナ,0,768,31,60,95,714,30,200,200,160,180,100,120,NT4,Ｌ,83,28300,-6,-5,0,2,艦船系／スパロボシリーズ
1442,ブブリィ,0,512,38,110,60,612,26,350,290,270,270,200,90,NT5,Ｍ,70,28300,-4,-6,0,5,その他／スパロボシリーズ
1443,フチコマ,0,100,12,60,68,300,12,10,30,30,0,0,50,強2,ＳＳ,22,3150,4,0,-2,-1,スパロボシリーズ／車輌・戦闘機系／量産機
1444,アストラナガン,0,1150,75,80,105,850,30,400,400,400,400,400,550,NT5,Ｌ,128,416000,2,0,2,2,その他／バンプレストオリジナル
1445,ペルゼイン・リヒカイト,0,515,41,96,105,460,22,300,300,300,300,300,220,強5,Ｍ,60,312500,2,0,2,2,その他／バンプレストオリジナル
1446,ビッグオー,0,768,84,50,65,670,30,100,100,190,190,190,200,－,Ｌ,63,64020,4,-1,-1,-5,その他／スパロボシリーズ
1447,ラブリーエンジェル号,0,700,32,48,160,800,100,250,0,120,150,190,180,－,Ｌ,72,40000,-5,-5,4,3,艦船系／スパロボシリーズ
1448,クイーンエメラルダス号,0,1700,25,10,190,700,100,280,270,250,250,250,300,－,ＬＬ,101,200000,-4,0,1,1,艦船系／スパロボシリーズ
1449,真ゲッタードラゴン,0,706,65,112,65,605,38,300,300,270,270,270,200,－,Ｌ,61,96320,3,3,0,4,その他／スパロボシリーズ
1450,ブリタニア号,0,900,15,38,190,600,100,280,270,200,200,200,160,－,ＬＬ,71,110000,-4,0,3,1,艦船系／スパロボシリーズ
1451,ガンダム7号機,0,400,37,80,70,320,18,140,140,120,155,150,50,NT1,Ｍ,31,56020,3,-3,3,-5,MS系／ガンダム系／連邦軍・ティターンズ・地球連合／M-MSV(大河原邦夫コレクション)
1452,重装フルアーマーガンダム7号機,0,432,48,65,88,460,22,140,140,120,155,150,50,NT1,Ｍ,44,33040,-4,-5,5,-3,MS系／ガンダム系／連邦軍・ティターンズ・地球連合／M-MSV(大河原邦夫コレクション)
1453,シグー,0,292,22,56,62,339,18,200,90,70,100,20,25,強2,Ｍ,21,7950,2,-2,3,2,MS系／ジオン・ネオジオン軍・ザフト／ガンダムSEED／量産機
1454,スカイグラスパー,0,370,23,82,36,300,26,0,60,30,10,30,5,－,Ｓ,24,2400,-2,-3,-2,4,連邦軍・ティターンズ・地球連合／ガンダムSEED／車輌・戦闘機系／量産機
1455,エールスカイグラスパー,0,370,23,82,36,350,30,180,180,170,170,170,10,－,Ｓ,35,2400,-5,-5,-6,5,連邦軍・ティターンズ・地球連合／ガンダムSEED／車輌・戦闘機系／量産機
1456,ソードスカイグラスパー,0,370,23,82,36,350,30,180,180,170,170,170,10,－,Ｓ,35,2400,-5,-5,-6,5,連邦軍・ティターンズ・地球連合／ガンダムSEED／車輌・戦闘機系／量産機
1457,ランチャースカイグラスパー,0,370,23,82,36,350,30,180,180,170,170,170,10,－,Ｓ,35,2400,-5,-5,-6,5,連邦軍・ティターンズ・地球連合／ガンダムSEED／車輌・戦闘機系／量産機
1458,テキサスマック,0,650,60,58,75,450,25,200,200,195,195,195,100,－,Ｌ,39,15000,2,-3,-3,4,その他／スパロボシリーズ
1459,ブリッツガンダム,0,410,35,83,70,425,25,200,220,150,80,60,60,強5,Ｍ,51,10150,2,-3,2,1,MS系／ガンダム系／ジオン・ネオジオン軍・ザフト／ガンダムSEED
1460,ヴァルシオーネ,0,550,40,80,80,480,25,250,250,170,170,170,80,－,Ｍ,47,40600,4,-3,4,3,その他／バンプレストオリジナル
1461,ヴァルシオーネR,0,560,43,85,80,505,25,280,280,170,170,170,150,－,Ｍ,49,40600,4,-3,4,3,その他／バンプレストオリジナル
1462,オーグバリュー,0,970,53,81,100,880,38,300,300,255,250,200,500,－,Ｌ,86,272000,2,-3,3,3,その他／バンプレストオリジナル
1463,ブラックサレナ,0,440,52,105,60,430,20,300,300,200,200,0,80,強4,Ｓ,52,70000,-2,-2,4,2,その他／スパロボシリーズ
1464,ビュードリファー,0,740,46,81,100,880,32,300,300,255,250,200,300,－,Ｌ,78,272000,-2,-4,3,3,その他／バンプレストオリジナル
1465,グレンダイザー,0,520,100,35,70,800,20,300,300,270,270,270,200,－,Ｌ,69,110000,5,-3,-2,-2,その他／スパロボシリーズ
1466,グレンダイザー(スペイザー) ,1,520,98,48,70,800,20,300,300,270,270,270,200,－,Ｌ,69,0,-5,-5,3,3,その他／スパロボシリーズ
1467,ゼイドラム,0,860,60,74,100,880,37,300,300,255,250,200,300,－,Ｌ,83,272000,2,-3,3,3,その他／バンプレストオリジナル
1468,ライグ・ゲイオス,0,750,53,70,90,740,23,300,300,255,250,200,90,－,Ｍ,73,164000,-1,-3,4,3,その他／バンプレストオリジナル
1469,ちせ,0,340,63,50,70,500,99,400,400,500,300,300,500,強6,ＳＳ,39,110000,4,0,4,4,人系
1470,カニガンダム,0,340,22,52,60,300,20,100,100,80,50,40,20,強3,Ｍ,28,6000,2,3,-6,-5,MS系／ガンダム系／機動武闘伝Gガンダム
1471,エビガンダム,0,340,22,52,60,300,20,100,100,80,50,40,1,強3,Ｍ,28,6000,-6,4,-6,-5,MS系／ガンダム系／機動武闘伝Gガンダム
1472,ヒラメガンダム,0,340,22,52,60,300,20,100,100,80,50,40,1,強3,Ｍ,28,6000,-6,4,-6,-5,MS系／ガンダム系／機動武闘伝Gガンダム
1473,アンコウガンダム,0,340,22,52,60,300,20,100,100,80,50,40,1,強3,Ｍ,28,6000,-6,4,-6,-5,MS系／ガンダム系／機動武闘伝Gガンダム
1474,ガンダムオクトパス,0,340,22,52,60,300,20,100,100,80,50,40,1,強3,Ｍ,28,6000,-6,4,-6,-5,MS系／ガンダム系／機動武闘伝Gガンダム
1475,エイガンダム,0,340,22,52,60,300,20,100,100,80,50,40,1,強3,Ｍ,28,6000,-6,4,-6,-5,MS系／ガンダム系／機動武闘伝Gガンダム
1476,ボール改,0,134,12,23,40,160,10,0,0,10,0,0,1,－,Ｓ,13,3390,-4,-4,2,-5,その他／連邦軍・ティターンズ・地球連合／スターダストメモリー／量産機
1477,グフ・ライトカスタム,0,290,20,55,42,200,11,20,30,30,0,0,5,－,Ｍ,26,10140,4,-1,-2,-1,MS系／ジオン・ネオジオン軍・ザフト／グフ系／オリジナル系
1478,アムロ専用ソロモン・エクスプレス,0,390,38,92,90,320,20,160,160,150,150,0,20,－,Ｍ,49,14700,-5,-6,5,3,MS系／ガンダム系／連邦軍・ティターンズ・地球連合／専用機／オリジナル系
1479,フリーダムガンダム,0,480,46,101,90,594,18,260,280,220,240,220,130,強4,Ｍ,56,35560,2,-4,3,4,MS系／ガンダム系／ガンダムSEED／ガンダムSEED DESTINY
1480,ヒップヘビー,0,50,1,20,35,30,5,0,50,0,0,0,1,－,Ｓ,5,45,-6,-6,-6,3,車輌・戦闘機系／ターンAガンダム／量産機
1481,Gファルコンデストロイ,0,515,55,98,65,490,40,255,245,235,245,215,70,－,Ｍ,56,15000,-1,-5,2,3,MS系／ガンダム系／連邦軍・ティターンズ・地球連合／機動新世紀ガンダムX
1482,Gファルコンデストロイ(MA) ,1,515,55,98,65,490,40,255,245,235,245,215,70,－,Ｍ,56,0,-6,-6,3,4,MA系／ガンダム系／連邦軍・ティターンズ・地球連合／機動新世紀ガンダムX
1483,ジン・式典用装飾タイプ,0,250,23,47,50,236,24,70,90,70,50,20,10,強1,Ｍ,36,8100,2,-2,2,1,MS系／ジオン・ネオジオン軍・ザフト／ガンダムSEED DESTINY
1484,ドータップ,0,240,25,55,45,140,10,0,0,70,70,0,1,－,Ｍ,21,3610,-5,-5,3,-5,その他／機動新世紀ガンダムX／量産機
1485,デスパーダ,0,500,54,90,90,590,19,250,250,250,250,220,100,NT5,Ｍ,53,40060,2,-3,3,-5,MS系／ガンダム系／連邦軍・ティターンズ・地球連合／オリジナル系
1486,テラ・スオーノ,0,600,50,50,190,900,100,250,250,210,230,280,30,NT6,Ｌ,71,580040,-5,-5,2,-5,MS系／エウーゴ・カラバ／オリジナル系
1487,モリビト2号,0,400,32,55,50,400,30,250,250,210,230,280,80,－,Ｍ,47,6000,3,-4,0,2,その他／スパロボシリーズ
1488,アストレイゴールドフレーム,0,380,30,70,75,400,32,210,210,220,220,220,50,強4,Ｍ,42,7470,3,-3,4,0,MS系／ガンダム系／ガンダムSEED ASTRAY、MSV
1489,ヘイズル(予備機),0,322,32,65,53,306,20,150,180,160,140,0,40,－,Ｍ,30,15000,2,-1,1,0,MS系／ガンダム系／連邦軍・ティターンズ・地球連合／アドバンス・オブ・ゼータ
1490,ドートレスタンク,0,220,28,50,45,250,14,0,0,70,70,0,1,－,Ｍ,20,3900,1,-2,2,0,MS系／機動新世紀ガンダムX／量産機
1491,連邦軍仕様ドートレス・コマンド,0,250,28,50,78,250,16,0,0,100,100,0,1,－,Ｍ,30,4350,1,-2,2,0,MS系／機動新世紀ガンダムX／量産機
1492,アルタ仕様ドートレス・コマンド,0,250,28,48,80,250,16,0,0,100,100,0,1,－,Ｍ,30,4350,1,-2,2,0,MS系／機動新世紀ガンダムX／量産機
1493,ファイヤーワラビー,0,360,30,78,48,250,18,0,0,120,120,0,1,－,Ｍ,33,4500,3,-2,2,1,MS系／機動新世紀ガンダムX／量産機
1494,ワイズワラビー,0,360,28,80,68,250,18,0,0,130,130,0,1,－,Ｍ,33,4500,3,-2,2,1,MS系／機動新世紀ガンダムX／量産機
1495,バクゥ,0,310,25,49,60,318,12,150,200,130,50,50,15,強1,Ｍ,30,5370,5,-5,-6,-5,MS系／ジオン・ネオジオン軍・ザフト／ガンダムSEED／量産機
1496,VF-19改 ファイヤーバルキリー,0,432,46,120,90,595,10,170,170,170,170,150,50,－,Ｍ,53,66420,-5,-5,4,4,マクロスシリーズ／車輌・戦闘機系／専用機
1497,VF-19改 ファイヤーバルキリー(G) ,1,432,43,110,90,595,10,170,170,170,170,150,50,－,Ｓ,53,0,1,1,1,1,その他／マクロスシリーズ／専用機
1498,VF-19改 ファイヤーバルキリー(B) ,1,432,50,100,90,595,10,170,170,170,170,150,50,－,Ｍ,53,0,5,-2,3,-2,その他／マクロスシリーズ／専用機
1499,ディン,0,358,25,74,65,295,22,200,90,70,100,20,20,強2,Ｍ,34,11400,3,-2,-5,-2,MS系／ジオン・ネオジオン軍・ザフト／ガンダムSEED／量産機
1500,ディン(飛行モード) ,1,358,25,74,65,295,22,200,90,70,100,20,20,強2,Ｍ,34,0,2,-2,-5,4,MS系／ジオン・ネオジオン軍・ザフト／ガンダムSEED／量産機
1501,高機動仕様武御雷,0,409,42,88,60,400,20,280,280,250,250,250,50,－,Ｍ,39,13200,3,-3,-2,2,その他／マブラヴ
1502,政威大将軍専用武御雷,0,477,55,100,60,475,20,280,280,250,250,250,50,－,Ｍ,46,18000,3,-3,-2,2,その他／マブラヴ／専用機
1503,デモンベイン,0,660,50,70,70,800,30,290,280,300,250,250,280,NT4,Ｌ,63,64020,2,-2,0,-5,その他／スパロボシリーズ
1504,アストレイブルーフレーム・フルウェポン,0,324,32,77,70,342,24,210,210,220,220,220,30,強4,Ｍ,41,28000,2,-3,4,0,MS系／ガンダム系／ガンダムSEED ASTRAY、MSV
1505,M1アストレイ,0,350,27,66,55,363,18,170,180,120,120,120,40,－,Ｍ,34,9840,2,0,2,-4,MS系／ガンダム系／ガンダムSEED ASTRAY、MSV／量産機
1506,龍人機,0,660,59,70,80,620,80,350,350,300,300,300,100,NT5,Ｌ,65,76000,0,4,2,2,その他／バンプレストオリジナル
1507,ジャスティスガンダム,0,480,46,96,90,594,30,250,280,250,240,220,130,強4,Ｍ,58,40000,3,-3,3,2,MS系／ガンダム系／ガンダムSEED
1508,グルンガスト参式,0,750,75,68,65,800,80,380,380,300,300,300,80,NT3,Ｌ,75,76000,5,-2,4,2,その他／バンプレストオリジナル
1509,駆逐艦そよかぜ,0,800,19,38,190,540,100,280,200,200,200,200,210,－,ＬＬ,73,290000,-9,-9,3,0,艦船系／スパロボシリーズ／量産機
1510,翔鯨丸,0,620,15,30,190,700,100,250,250,200,200,200,190,NT2,Ｌ,68,64000,-5,-4,-5,2,艦船系／スパロボシリーズ／サクラ大戦シリーズ
1511,アルテリオンDF,0,445,26,96,90,400,19,290,300,260,260,270,40,－,Ｍ,40,30400,3,-6,2,3,その他／バンプレストオリジナル
1512,アルテリオンCF ,1,445,21,105,90,400,19,290,300,260,260,270,1,－,Ｍ,40,0,-3,-6,3,4,その他／バンプレストオリジナル
1513,ダイゼンガー,0,740,75,80,60,875,55,390,390,400,300,300,400,－,Ｌ,70,146090,5,-3,3,3,その他／バンプレストオリジナル
1514,ダークナイトストライク,0,408,38,79,60,435,30,260,280,200,200,200,120,強5,Ｍ,50,28000,3,-3,3,4,MS系／ガンダム系／連邦軍・ティターンズ・地球連合／ガンダムSEED／オリジナル系
1515,カラミティガンダム,0,445,42,81,88,550,18,280,300,60,100,140,60,強5,Ｍ,48,17490,1,0,1,0,MS系／ガンダム系／連邦軍・ティターンズ・地球連合／ガンダムSEED
1516,フォビドゥンガンダム,0,444,46,76,70,572,17,280,300,150,80,60,60,強5,Ｍ,53,19890,4,-2,3,0,MS系／ガンダム系／連邦軍・ティターンズ・地球連合／ガンダムSEED
1517,ジャスティスガンダム(FF) ,1,480,46,96,90,594,30,250,280,150,140,120,1,強4,Ｍ,58,0,-4,-4,3,3,MS系／ガンダム系／ガンダムSEED
1518,FA仕様アストレイブルーフレーム,0,324,32,67,70,342,24,210,210,220,220,220,30,強4,Ｍ,42,18000,2,-3,4,-3,MS系／ガンダム系／ガンダムSEED ASTRAY、MSV
1519,FA仕様アストレイブルーフレーム(MA) ,1,324,42,57,70,342,24,210,210,220,220,220,30,強4,Ｍ,42,0,2,-3,3,4,MS系／ガンダム系／ガンダムSEED ASTRAY、MSV
1520,グーン,0,370,36,58,75,400,22,100,110,70,100,20,40,強2,Ｍ,35,10800,0,4,-5,-3,MS系／ジオン・ネオジオン軍・ザフト／ガンダムSEED／量産機
1521,ゾノ,0,430,40,68,78,410,22,100,120,70,100,20,50,強2,Ｍ,39,13200,0,4,-5,-3,MS系／ジオン・ネオジオン軍・ザフト／ガンダムSEED／量産機
1522,ゲイツ,0,365,33,62,65,325,22,160,190,70,100,20,20,強2,Ｍ,41,14400,2,-2,3,-3,MS系／ジオン・ネオジオン軍・ザフト／ガンダムSEED／量産機
1523,ビルトビルガー,0,455,56,90,60,346,20,280,290,260,260,270,140,強4,Ｍ,50,32800,3,-4,3,1,その他／バンプレストオリジナル
1524,士魂,0,300,55,75,99,300,20,300,300,300,300,300,200,－,Ｓ,35,500000,3,0,0,-3,その他／スパロボシリーズ／量産機
1525,ストライクダガー,0,312,24,52,52,360,18,0,100,30,30,0,10,－,Ｍ,22,7320,2,-3,2,-3,MS系／連邦軍・ティターンズ・地球連合／ガンダムSEED ASTRAY、MSV／量産機
1526,アストレイブルーフレーム・SS,0,334,40,50,70,342,26,210,210,200,200,120,50,強4,Ｍ,42,40000,0,3,-5,-4,MS系／ガンダム系／ガンダムSEED ASTRAY、MSV
1527,ジェニス改(エニルカスタム),0,300,27,76,55,393,18,220,250,200,230,200,40,－,Ｍ,34,9720,3,-3,2,-1,MS系／機動新世紀ガンダムX／専用機
1528,νガンダム(イボルブ),0,450,60,100,82,600,40,280,240,210,220,210,100,NT6,Ｍ,65,76000,0,0,5,-5,MS系／ガンダム系／連邦軍・ティターンズ・地球連合
1529,ゴッドグラヴィオン,0,680,64,50,60,525,80,240,210,220,200,200,100,NT5,Ｌ,70,92000,5,-2,3,4,その他／スパロボシリーズ
1530,キングゲイナー,0,415,40,108,75,570,18,200,260,190,175,90,110,NT3,Ｓ,48,52000,3,0,0,2,その他／キングゲイナー
1531,ゴールドライタン(ライター),0,520,65,58,50,580,14,240,220,190,160,0,90,－,Ｌ,46,25600,1,1,-1,3,その他／スパロボシリーズ
1532,ゴールドライタン ,1,520,65,58,50,580,14,240,220,190,160,0,1,－,Ｌ,46,0,2,-1,1,2,その他／スパロボシリーズ
1533,大神専用神武,0,260,38,50,40,400,15,300,280,0,0,0,80,NT5,ＳＳ,40,12000,5,-5,-5,2,その他／サクラ大戦シリーズ／専用機
1534,レイダーガンダム,0,445,42,85,80,530,18,280,300,150,80,60,30,強5,Ｍ,48,17550,2,-3,3,-4,MS系／ガンダム系／連邦軍・ティターンズ・地球連合／ガンダムSEED
1535,シャア専用グフ・カスタム,0,304,32,56,50,326,18,0,0,125,0,0,50,－,Ｍ,31,13620,4,-3,-5,-3,MS系／ジオン・ネオジオン軍・ザフト／グフ系／専用機／オリジナル系
1536,サラブレッド,0,1250,32,28,195,1000,100,180,280,130,150,230,60,－,ＬＬ,88,92000,-5,-5,3,2,艦船系／連邦軍・ティターンズ・地球連合
1537,レイダーガンダム(MA) ,1,445,42,89,70,530,18,280,300,150,80,60,30,強5,Ｍ,48,0,-5,-5,3,4,MA系／ガンダム系／連邦軍・ティターンズ・地球連合／ガンダムSEED
1538,ソードカラミティ,0,448,44,83,78,551,18,280,300,260,100,140,50,－,Ｍ,48,17860,2,-2,2,-5,MS系／ガンダム系／連邦軍・ティターンズ・地球連合／ガンダムSEED ASTRAY、MSV
1539,ゲア・ガリング,0,2560,38,50,99,1530,300,300,300,300,300,300,380,NT5,ＬＬ,174,200450,-6,-6,0,1,艦船系／スパロボシリーズ
1540,バッシュ・ザ・ブラックナイト,0,576,46,120,75,740,20,350,350,110,110,280,100,－,Ｍ,62,110030,3,1,1,1,その他／ファイブスター物語
1541,ランバ・ラル専用ギャン・クリーガー,0,344,32,70,54,310,12,0,160,160,0,0,70,－,Ｍ,44,10350,3,-1,2,0,MS系／ジオン・ネオジオン軍・ザフト／ギャン系／オリジナル系／専用機
1542,ペガス,0,320,36,80,50,300,30,200,180,210,190,190,120,－,Ｍ,31,17100,1,-2,4,2,その他／スパロボシリーズ
1543,ロボイザー,0,720,68,38,60,850,20,300,300,270,270,270,90,－,Ｌ,59,128000,3,-3,2,0,その他／スパロボシリーズ
1544,Ｙナデシコ,0,960,50,28,90,930,200,270,270,200,200,200,100,－,ＬＬ,93,326000,-6,0,2,1,艦船系／スパロボシリーズ
1545,コスモス,0,1500,45,41,90,910,200,260,260,190,200,200,100,－,ＬＬ,102,290000,-6,0,1,1,艦船系／スパロボシリーズ
1546,合体魔神レイアース,0,740,54,65,70,700,30,330,280,330,200,330,1,NT4,Ｌ,68,500120,3,0,0,2,その他／スパロボシリーズ
1547,ブルワン,0,120,4,40,35,70,9,0,50,0,0,0,1,－,Ｓ,2,630,-4,-6,-6,3,車輌・戦闘機系／ターンAガンダム／量産機
1548,イスマイル,0,680,70,90,70,550,22,290,290,200,170,170,110,NT5,Ｌ,68,52000,5,-3,0,-3,その他／バンプレストオリジナル
1549,ラーゼフォン,0,700,65,55,90,580,80,200,170,170,170,170,150,NT3,Ｌ,70,105500,2,-5,0,3,その他／スパロボシリーズ
1550,フォビドゥンガンダム(強襲形態) ,1,444,46,76,70,572,17,280,300,150,80,60,60,強5,Ｍ,53,0,2,-2,3,1,MS系／ガンダム系／連邦軍・ティターンズ・地球連合／ガンダムSEED
1551,量産型バウ(MA) ,1,396,48,107,60,447,18,160,160,150,140,0,50,－,Ｍ,33,0,-5,-5,3,3,その他／ジオン・ネオジオン軍・ザフト／機動戦士ガンダムZZ／量産機
1552,デュラクシール,0,1150,48,85,80,700,42,280,290,200,180,180,410,NT5,Ｌ,73,236000,3,0,2,2,その他／バンプレストオリジナル
1553,キャリアビーグル,0,250,22,41,73,350,20,0,190,0,30,30,15,－,Ｓ,25,3480,4,1,-5,-5,スパロボシリーズ／車輌・戦闘機系／量産機
1554,ガルガード,0,380,25,92,80,450,22,240,250,180,160,90,70,NT2,Ｍ,39,22000,4,-4,1,3,その他／バンプレストオリジナル
1555,フェンター,0,480,40,50,100,480,20,200,260,120,130,180,60,NT2,Ｍ,52,12000,5,0,0,-4,その他／バンプレストオリジナル
1556,ラ・ウェンター,0,480,40,62,85,470,20,200,250,120,130,180,60,NT2,Ｍ,52,12000,5,-3,0,0,その他／バンプレストオリジナル
1557,グリフォン,0,372,39,80,50,350,12,10,290,190,80,0,50,－,Ｓ,36,28060,6,-3,-5,-5,その他／スパロボシリーズ
1558,グリフォン(アクアタイプ),0,372,39,80,50,350,12,10,190,90,80,0,50,－,Ｓ,36,28060,5,3,-5,-5,その他／スパロボシリーズ
1559,CHOBITS,0,100,14,80,120,300,99,400,400,500,300,300,300,－,ＳＳ,36,155000,4,-5,-5,4,人系
1560,マドカ,0,120,12,80,100,400,20,400,400,500,300,300,400,－,ＳＳ,35,200000,5,0,0,0,人系
1561,エスカレイヤー,0,150,15,90,100,400,20,400,500,500,300,300,300,－,ＳＳ,41,245000,5,0,0,0,人系
1562,ソルガディ,0,390,30,88,68,420,22,240,240,160,170,160,20,NT2,Ｍ,38,8400,3,-2,5,6,その他／バンプレストオリジナル
1563,トゥルーク,0,520,32,85,70,580,22,250,250,170,170,170,100,NT5,Ｌ,48,9000,3,5,0,1,その他／バンプレストオリジナル
1564,バッシュ,0,444,38,110,95,500,20,320,350,110,110,280,70,－,Ｍ,50,40060,4,-3,0,0,その他／エルガイムシリーズ／量産機
1565,オージェ,0,510,50,90,90,500,20,320,360,130,150,250,220,－,Ｍ,58,110090,4,-3,0,1,その他／エルガイムシリーズ
1566,アーバレスト,0,348,29,120,60,525,15,300,300,110,200,100,70,－,Ｓ,44,110090,4,1,-5,-4,その他／スパロボシリーズ
1567,オージ,0,570,55,108,90,600,20,350,370,130,150,250,80,－,Ｍ,65,500120,5,-2,0,1,その他／エルガイムシリーズ
1568,ガーランド(MC) ,1,250,21,84,60,300,20,300,250,250,200,200,100,－,ＳＳ,27,0,6,-5,-5,-5,その他／スパロボシリーズ
1569,シエル,0,90,10,90,100,440,10,400,400,500,500,0,300,－,ＳＳ,39,155000,5,0,-6,-4,人系
1570,エヴァンゲリオン初号機F型装備,0,560,70,80,90,700,70,300,300,300,300,300,200,－,Ｌ,135,200000,3,-1,2,0,その他／新世紀エヴァンゲリオン
1571,キャラメルマン1号,0,130,12,40,50,200,20,0,400,500,300,300,400,－,ＳＳ,27,110000,5,0,0,-5,人系
1572,則巻アラレ,0,180,37,98,70,300,20,300,300,500,500,300,400,強5,ＳＳ,38,155000,6,-2,-2,-5,人系
1573,ギルガザムネ,0,800,58,80,92,730,28,250,260,190,190,160,120,－,Ｌ,75,110090,5,0,0,1,その他／スパロボシリーズ
1574,ヒュッケバインMk-IIIトロンベ,0,504,54,120,80,700,20,270,270,235,275,260,330,－,Ｍ,59,185030,3,-3,3,1,その他／バンプレストオリジナル
1575,シャープシューター,0,430,35,87,100,550,23,250,250,185,190,190,1,－,Ｌ,57,6000,-5,-5,5,0,スパロボシリーズ／車輌・戦闘機系
1576,タイラント2000,0,350,8,30,32,200,10,10,50,50,50,0,5,－,Ｓ,15,900,1,-6,-6,-6,その他／スパロボシリーズ
1577,ナインボール,0,480,50,60,50,350,25,180,280,150,160,165,50,強5,Ｓ,39,4500,3,-4,0,2,その他／スパロボシリーズ
1578,ナインボール・セラフ,0,580,60,85,80,450,30,180,300,250,260,165,90,強5,Ｍ,49,15000,4,-4,0,0,その他／スパロボシリーズ
1579,SINDOU,0,320,35,90,60,450,20,180,300,300,160,180,80,－,Ｓ,41,18000,3,-2,-2,-3,その他／スパロボシリーズ
1580,ホーンド・ミラージュ,0,456,40,90,60,420,20,150,150,90,100,90,50,－,Ｍ,43,34020,2,1,1,1,その他／ファイブスター物語
1581,シュペルター,0,588,50,125,80,730,20,350,350,200,200,280,150,－,Ｍ,62,200030,3,1,1,1,その他／ファイブスター物語
1582,Aトール・BS,0,588,48,105,75,660,20,170,160,160,170,150,250,強2,Ｍ,58,78020,3,1,1,1,その他／ファイブスター物語
1583,ジ・エンプレス,0,565,45,130,70,870,28,240,240,250,250,200,280,NT3,Ｍ,66,290030,3,1,1,1,その他／ファイブスター物語
1584,焔星,0,900,30,145,100,880,30,270,270,260,270,280,580,NT4,Ｍ,80,740040,2,2,2,2,その他／ファイブスター物語
1585,オージェ・アルスキュル,0,576,48,115,80,700,20,250,250,230,220,240,250,強4,Ｍ,60,200030,3,1,1,1,その他／ファイブスター物語
1586,マシン・メース・アウゲ,0,700,48,138,90,700,20,280,270,270,280,270,190,NT5,Ｍ,66,540040,3,1,1,1,その他／ファイブスター物語
1587,ウォータードラゴン,0,588,50,125,80,730,20,240,240,230,230,230,100,NT2,Ｍ,62,200030,3,1,2,-1,その他／ファイブスター物語
1588,ヤクト・ミラージュ,0,1000,66,95,80,900,60,350,350,250,350,350,500,強5,Ｌ,95,290030,1,-4,2,-3,その他／ファイブスター物語
1589,ナイト・オブ・ゴールド・A-T,0,650,72,125,120,880,20,900,900,900,900,900,2000,強5,Ｍ,100,740240,3,3,3,3,その他／ファイブスター物語
1590,ラストール,0,360,25,96,76,440,22,250,250,160,170,160,30,NT2,Ｍ,34,8700,3,-1,4,5,その他／バンプレストオリジナル
1591,孫悟空(幼),0,290,14,108,70,400,15,200,350,500,500,300,300,－,ＳＳ,45,500000,5,0,-6,0,人系
1592,アスラーダGSX,0,100,5,70,30,100,10,250,290,0,0,0,20,－,ＳＳ,10,9000,6,-6,-6,-6,その他／車輌・戦闘機系
1593,スーパーアスラーダ01,0,100,5,80,30,100,10,250,250,0,0,0,30,－,ＳＳ,10,9300,6,-6,-6,-6,その他／車輌・戦闘機系
1594,スーパーアスラーダAKF-11,0,100,5,90,30,100,10,250,300,100,100,100,40,－,ＳＳ,10,9600,6,-6,-6,-6,その他／車輌・戦闘機系
1595,νアスラーダAKF/G,0,100,5,100,30,100,10,250,300,100,100,100,50,－,ＳＳ,10,9900,6,-6,-6,-6,その他／車輌・戦闘機系
1596,青の６号,0,900,58,15,140,800,100,250,250,130,150,190,120,－,ＬＬ,78,34000,-6,3,-5,-6,艦船系／スパロボシリーズ
1597,コメットブラスター機,0,300,25,95,110,400,15,100,170,170,170,150,30,－,Ｍ,26,2400,-4,-5,5,-4,スパロボシリーズ／車輌・戦闘機系
1598,メテオスイーパー機,0,300,25,95,110,400,15,100,170,170,170,150,30,－,Ｍ,26,2400,-4,-5,-4,5,スパロボシリーズ／車輌・戦闘機系
1599,サジタリウス号,0,700,20,35,70,950,90,0,200,120,110,100,80,－,Ｌ,63,9000,-5,-5,4,0,艦船系／スパロボシリーズ
1600,ミグ29,0,180,5,60,60,180,10,15,10,90,0,50,5,－,Ｍ,18,300,-2,-5,-5,3,スパロボシリーズ／車輌・戦闘機系／量産機
1601,エルシオール,0,1500,25,30,140,900,90,0,230,120,150,190,220,－,ＬＬ,101,290000,-3,-5,2,1,艦船系／スパロボシリーズ
1602,ユキカゼ,0,500,5,25,150,400,80,250,250,200,200,200,50,－,ＬＬ,38,6000,-3,-4,1,-3,艦船系／スパロボシリーズ
1603,ビルトファルケン,0,436,34,97,80,320,20,280,290,260,260,270,140,強4,Ｍ,48,13200,3,-4,3,2,その他／バンプレストオリジナル
1604,ズフィルード,0,1560,80,110,100,1000,67,300,300,270,270,270,1320,NT5,Ｌ,108,290030,2,-1,2,2,その他／バンプレストオリジナル
1605,ブレイクショット,0,600,65,90,85,550,30,180,350,250,260,165,100,強5,Ｓ,63,34000,4,-6,1,3,その他／スパロボシリーズ
1606,ヒメ・ブレン,0,288,25,105,70,525,15,260,270,260,260,90,1,NT5,Ｓ,31,18030,2,2,2,2,その他／スパロボシリーズ
1607,ユウ・ブレン,0,288,25,105,70,525,15,260,270,260,260,90,160,NT5,Ｓ,31,18030,2,2,2,2,その他／スパロボシリーズ
1608,ネリー・ブレン,0,336,33,115,70,630,17,290,290,260,260,90,130,NT5,Ｓ,38,37660,2,2,2,2,その他／スパロボシリーズ
1609,カンタム・ロボ,0,290,22,20,42,200,13,200,200,200,200,200,100,－,Ｌ,32,6000,0,0,0,0,その他／スパロボシリーズ
1610,超カンタム・ロボ,0,490,34,45,42,400,13,300,300,300,300,300,200,－,Ｌ,47,12000,0,0,0,0,その他／スパロボシリーズ
1611,究極カンタム・ロボ,0,690,56,60,42,650,13,400,400,400,400,400,300,－,Ｌ,64,28000,0,0,0,0,その他／スパロボシリーズ
1612,ジェノブレイカー,0,516,54,115,70,500,20,300,300,300,300,300,150,強3,Ｍ,51,56820,6,-4,-5,-2,その他／ゾイドシリーズ／スパロボシリーズ
1613,ジェイファー,0,370,27,94,82,450,22,240,240,170,170,170,100,NT2,Ｍ,49,9000,4,-3,3,1,その他／バンプレストオリジナル
1614,アウトロースター号,0,700,32,58,160,850,100,200,300,120,150,190,180,－,Ｌ,75,110000,-5,-5,5,3,艦船系／スパロボシリーズ
1615,ダンガードA,0,900,55,30,80,800,80,300,300,150,160,150,250,－,ＬＬ,77,128000,1,-5,2,0,その他／スパロボシリーズ
1616,ラグナロク,0,600,35,60,150,700,50,20,200,150,150,200,150,－,ＬＬ,66,92000,-4,-4,2,3,艦船系／スパロボシリーズ
1617,ビランビー,0,332,23,90,60,306,15,170,180,160,160,100,25,NT5,Ｓ,50,18750,3,-2,0,5,その他／スパロボシリーズ／量産機
1618,レプラカーン,0,345,23,85,60,357,15,190,190,160,160,100,50,NT5,Ｓ,53,27100,3,-2,0,5,その他／スパロボシリーズ／量産機
1619,ビアレス,0,345,27,105,70,357,15,180,190,160,160,100,20,NT5,Ｓ,55,28300,2,-2,-1,5,その他／スパロボシリーズ／量産機
1620,宇宙戦艦YAMATO,0,2300,15,15,185,900,100,290,290,200,200,290,100,－,ＬＬ,118,200000,-1,0,1,1,艦船系／スパロボシリーズ
1621,MAHORO,0,120,30,70,20,360,10,300,300,300,300,300,300,強5,ＳＳ,34,110000,4,0,-3,1,人系
1622,士魂号,0,350,60,75,99,300,20,300,300,300,300,300,30,－,Ｓ,45,18000,3,0,0,-3,その他／スパロボシリーズ／量産機
1623,士魂号単座型,0,300,60,75,60,300,20,300,300,300,300,300,30,－,Ｓ,42,18000,4,0,0,-3,その他／スパロボシリーズ／量産機
1624,士魂号単座型・重装甲,0,300,60,75,60,300,20,300,300,300,300,300,30,－,Ｓ,42,18000,4,0,0,-3,その他／スパロボシリーズ／量産機
1625,夜戦仕様士魂号単座型,0,300,60,75,60,300,20,300,300,300,300,300,30,－,Ｓ,42,18000,4,0,0,-3,その他／スパロボシリーズ
1626,電子戦仕様士魂号複座型,0,380,50,55,99,300,20,300,300,300,300,300,30,－,Ｓ,44,18000,3,0,0,-3,その他／スパロボシリーズ
1627,突撃仕様士魂号複座型,0,380,50,55,99,300,20,300,300,300,300,300,30,－,Ｓ,44,18000,3,0,0,-3,その他／スパロボシリーズ
1628,ネオオクサー,0,600,48,70,42,450,12,200,200,200,200,0,80,－,Ｌ,56,22000,3,-2,-2,1,その他／スパロボシリーズ
1629,ゴーダンナー・ツインドライブモード,0,700,60,58,60,600,15,300,300,300,200,0,110,－,Ｌ,64,40000,3,-2,-2,1,その他／スパロボシリーズ
1630,ビアンカ,0,300,25,65,60,250,15,80,120,90,110,90,50,－,Ｍ,37,6000,-5,-5,5,-1,スパロボシリーズ／車輌・戦闘機系
1631,超巨大戦艦,0,2800,25,1,190,900,300,300,300,300,300,300,130,－,ＸＬ,135,4080000,-6,-6,1,-5,艦船系／スパロボシリーズ
1632,パトロール艦,0,600,40,38,140,500,80,150,150,0,0,130,120,－,Ｌ,53,30400,-2,-2,1,-2,艦船系／スパロボシリーズ／量産機
1633,巡洋艦,0,700,5,10,160,600,80,200,200,0,0,200,30,－,Ｌ,61,9000,-2,-2,1,-1,艦船系／スパロボシリーズ／量産機
1634,ハイウィンド,0,500,24,50,150,650,40,0,150,0,0,100,40,－,Ｌ,59,15000,-4,-5,-4,4,艦船系／スパロボシリーズ
1635,アルクェイド,0,100,10,110,100,400,10,400,400,500,500,0,500,－,ＳＳ,56,500000,5,-3,-5,-4,人系
1636,スナッピングタートル,0,325,22,77,60,338,10,0,200,150,150,0,60,強3,ＳＳ,24,15030,4,2,-5,-5,その他／ボトムズシリーズ
1637,ホイールドッグ,0,250,14,65,75,300,10,0,0,210,200,0,10,－,ＳＳ,32,3000,5,-5,-5,-5,その他／ボトムズシリーズ／量産機
1638,バストール,0,320,19,100,60,306,15,170,170,160,160,100,30,NT2,Ｓ,51,25300,3,-2,0,5,その他／スパロボシリーズ／量産機
1639,ライネック,0,358,31,110,75,408,15,190,180,160,160,140,50,NT3,Ｓ,58,30100,3,-2,0,5,その他／スパロボシリーズ／量産機
1640,デモンベイン(シャンタク),0,840,50,80,70,870,30,290,280,300,250,250,330,NT5,Ｌ,72,110030,2,-2,1,2,その他／スパロボシリーズ
1641,リベル・レギス,0,790,58,58,70,700,30,300,290,300,250,250,350,NT4,Ｌ,71,146030,3,3,3,2,その他／スパロボシリーズ
1642,ミリア専用クァドラン・ロー,0,430,40,105,90,480,10,180,180,180,180,180,1,強4,Ｍ,54,15000,3,-2,3,1,その他／マクロスシリーズ／専用機
1643,シンフォニア,0,2100,20,10,180,900,150,300,300,300,300,300,250,－,ＸＬ,122,155000,-6,-6,1,-5,艦船系／スパロボシリーズ
1644,ドレッドノート,0,800,60,35,160,700,80,200,280,0,0,200,150,－,Ｌ,66,28000,-2,-2,1,-1,艦船系／スパロボシリーズ
1645,多脚戦車,0,300,25,60,68,300,18,10,50,50,30,0,30,強2,ＳＳ,28,2850,3,0,-2,-1,スパロボシリーズ／車輌・戦闘機系
1646,戦艦大和,0,1024,54,25,120,1170,263,270,270,200,200,400,220,－,ＬＬ,91,40000,-5,2,-5,-4,艦船系／スパロボシリーズ
1647,ウィーゾル,0,647,40,81,80,558,22,270,270,150,150,150,200,－,Ｌ,53,22000,2,-2,3,4,その他／バンプレストオリジナル
1648,ウィーゾル改,0,680,42,85,80,558,22,280,280,160,160,160,100,－,Ｍ,54,34000,2,-2,3,4,その他／バンプレストオリジナル
1649,ベガリオン,0,350,45,105,90,400,80,290,300,260,260,270,100,－,Ｍ,49,18000,-5,-6,4,3,その他／バンプレストオリジナル
1650,ハイペリオン,0,540,45,125,90,700,80,390,400,360,360,370,250,－,Ｍ,57,170030,-5,-6,6,4,その他／バンプレストオリジナル
1651,サーベラス,0,550,65,90,110,580,30,290,290,260,260,270,200,－,Ｍ,63,52000,3,-4,3,2,その他／バンプレストオリジナル
1652,ボゾン,0,307,19,70,60,204,15,70,70,60,60,0,20,NT3,Ｓ,44,12750,3,-2,0,5,その他／スパロボシリーズ／量産機
1653,トッド専用ダンバイン,0,320,19,90,60,255,15,170,170,160,160,100,30,NT5,Ｓ,48,18150,3,-2,0,5,その他／専用機／スパロボシリーズ
1654,トカマク専用ダンバイン,0,320,19,90,60,255,15,170,170,160,160,100,10,NT5,Ｓ,48,18150,3,-2,0,5,その他／専用機／スパロボシリーズ
1655,ガーゴイル,0,370,31,110,70,612,15,190,200,160,170,100,120,NT5,Ｓ,45,21100,3,-2,0,5,その他／スパロボシリーズ
1656,エヴァンゲリオン零号機F型装備,0,530,70,70,90,700,70,300,300,300,300,300,600,－,Ｌ,135,200000,3,-1,2,0,その他／新世紀エヴァンゲリオン
1657,エヴァンゲリオン弐号機F型装備,0,580,70,75,90,700,70,300,300,300,300,300,400,－,Ｌ,135,200000,3,-1,2,0,その他／新世紀エヴァンゲリオン
1658,キリシマ,0,600,5,5,170,700,100,250,250,200,200,200,30,－,ＬＬ,61,8400,-3,-4,2,-3,艦船系／スパロボシリーズ
1659,シールドライガー,0,408,42,100,60,420,20,190,230,220,185,120,70,－,Ｍ,42,28060,4,-3,-5,0,その他／ゾイドシリーズ／スパロボシリーズ
1660,ブレードライガー,0,456,42,110,75,490,20,280,300,320,280,200,100,－,Ｍ,48,32860,5,-3,-5,1,その他／ゾイドシリーズ／スパロボシリーズ
1661,ライガーゼロ,0,396,46,110,60,420,20,250,250,130,150,80,110,－,Ｍ,43,44860,5,-4,-6,0,その他／ゾイドシリーズ／スパロボシリーズ
1662,ライガーゼロイクス,0,540,55,95,70,600,20,260,300,130,250,150,80,－,Ｍ,62,25600,6,-4,-6,1,その他／ゾイドシリーズ／スパロボシリーズ
1663,コマンドウルフAC,0,360,33,80,55,402,20,150,180,150,170,160,30,－,Ｍ,37,15030,5,-4,-6,-1,その他／ゾイドシリーズ／スパロボシリーズ
1664,アーバイン仕様コマンドウルフ,0,360,37,80,70,385,20,180,220,160,180,200,70,－,Ｍ,38,12150,5,-3,-5,0,その他／ゾイドシリーズ／スパロボシリーズ
1665,アーバイン仕様ライトニングサイクス,0,410,45,110,70,580,20,280,300,230,270,240,120,－,Ｍ,61,22000,6,-3,-5,1,その他／ゾイドシリーズ／スパロボシリーズ
1666,ジェノザウラー,0,600,50,80,65,600,20,250,280,250,250,250,80,強3,Ｍ,62,22000,5,-4,-5,0,その他／ゾイドシリーズ／スパロボシリーズ
1667,エナジーライガー,0,550,48,120,80,500,20,300,350,370,280,200,130,－,Ｍ,61,40000,6,-4,-6,1,その他／ゾイドシリーズ／スパロボシリーズ
1668,ダーナ・オシー,0,294,15,65,60,153,15,70,60,60,60,0,20,NT3,Ｓ,42,6150,3,-2,0,5,その他／スパロボシリーズ／量産機
1669,トッド専用ドラムロ,0,332,27,80,60,204,15,60,50,60,60,0,1,NT3,Ｓ,47,7350,3,-2,0,5,その他／専用機／スパロボシリーズ
1670,ライガーゼロ・イェーガー,0,408,37,120,55,490,15,250,250,130,150,80,80,－,Ｍ,45,44860,6,-4,-6,1,その他／ゾイドシリーズ／スパロボシリーズ
1671,ライガーゼロ・シュナイダー,0,444,46,115,50,490,20,250,250,130,150,80,80,－,Ｍ,46,44860,6,-4,-6,0,その他／ゾイドシリーズ／スパロボシリーズ
1672,ライガーゼロ・パンツァー,0,492,82,20,60,490,30,250,250,130,150,80,80,－,Ｍ,43,44860,4,-5,-6,0,その他／ゾイドシリーズ／スパロボシリーズ
1673,ブルーガー,0,500,40,50,60,450,30,200,200,210,220,150,50,NT3,Ｓ,41,6000,-3,1,2,2,その他／スパロボシリーズ
1674,無人くん一号,0,200,20,50,70,700,30,250,350,300,300,300,200,－,ＳＳ,48,10500,3,0,0,1,その他／スパロボシリーズ
1675,ヱルトリウム,0,2800,80,40,190,900,300,300,300,300,300,300,400,－,ＸＬ,158,500000,-6,-6,1,0,艦船系／スパロボシリーズ
1676,ビッグデュオ,0,550,65,65,60,500,50,100,100,190,190,190,90,－,Ｍ,57,46000,3,-2,0,2,その他／スパロボシリーズ
1677,アハツェン,0,720,71,55,50,700,28,500,500,0,0,0,130,強5,Ｍ,71,140030,2,-1,2,2,その他／スパロボシリーズ
1678,イシュフォーン,0,288,35,75,50,320,8,90,90,90,50,50,1,－,Ｓ,30,1470,1,-4,-2,2,その他／スパロボシリーズ
1679,ドラグーン,0,440,60,90,100,580,30,220,230,180,180,150,90,－,Ｍ,53,15000,2,-3,2,2,その他／スパロボシリーズ
1680,アンジュルグ,0,630,80,75,80,600,47,190,190,150,170,150,90,強4,Ｌ,65,78400,2,0,1,3,その他／バンプレストオリジナル
1681,アシュセイヴァー,0,476,48,125,85,480,20,270,265,230,270,260,180,－,Ｍ,47,52020,3,-2,4,1,その他／バンプレストオリジナル
1682,ラーズアングリフ,0,570,60,86,80,470,30,190,190,150,150,170,10,－,Ｍ,58,40000,4,0,1,-2,その他／バンプレストオリジナル
1683,ストームソーダー,0,360,37,105,55,420,20,240,255,230,165,130,70,－,Ｍ,40,18030,-3,-5,-2,5,その他／ゾイドシリーズ／スパロボシリーズ／量産機
1684,アパッチ,0,408,40,95,60,500,20,130,120,120,120,120,80,－,Ｍ,44,25620,3,-1,-1,-4,その他／ファイブスター物語
1685,L.E.D.ミラージュ(BU),0,520,50,95,80,700,55,350,350,110,110,280,50,強5,Ｍ,64,137000,0,-1,2,3,その他／ファイブスター物語
1686,トゥランファム,0,465,40,70,60,450,20,90,90,100,100,100,20,－,Ｍ,41,13200,3,-2,5,-5,その他／スパロボシリーズ／量産機
1687,ゴダイガー,0,550,70,40,60,600,80,200,200,210,180,180,50,－,Ｌ,49,15000,3,0,1,1,その他／スパロボシリーズ
1688,アシュラテンプル,0,648,62,90,65,660,20,150,150,150,120,100,230,強4,Ｍ,60,92030,3,1,1,1,その他／ファイブスター物語
1689,イラー仕様アシュラテンプル,0,600,90,50,65,550,25,180,170,180,170,160,50,強5,Ｍ,61,34000,3,-3,-1,-3,その他／ファイブスター物語／専用機
1690,パイドル仕様アシュラテンプル,0,600,80,60,65,550,25,180,170,180,170,160,50,強5,Ｍ,61,34000,3,-3,-1,-3,その他／ファイブスター物語／専用機
1691,エンゲージSR1,0,480,45,95,65,450,25,180,180,160,150,150,70,NT4,Ｍ,53,23200,3,0,0,1,その他／ファイブスター物語
1692,ザ・バング,0,564,50,110,70,660,20,220,220,210,210,200,150,NT6,Ｍ,58,76020,3,1,1,1,その他／ファイブスター物語
1693,サイレンA型,0,450,40,70,55,500,20,100,100,100,90,80,10,NT4,Ｍ,52,28000,3,1,1,-2,その他／ファイブスター物語
1694,アルカナ・サイレン,0,600,80,50,70,550,20,170,170,170,160,160,50,NT5,Ｍ,61,28000,3,0,0,-2,その他／ファイブスター物語
1695,V・サイレン・ネプチューン,0,440,15,130,70,550,30,220,220,220,180,180,90,NT7,Ｍ,60,28000,3,3,0,-2,その他／ファイブスター物語
1696,V・サイレン・プロミネンス,0,550,50,120,80,580,30,230,230,200,200,180,95,NT7,Ｍ,63,28000,4,1,1,-2,その他／ファイブスター物語
1697,エンゲージSR3,0,520,45,115,75,480,25,180,180,180,160,105,65,NT4,Ｍ,58,18000,4,1,-1,0,その他／ファイブスター物語
1698,電童,0,550,64,65,50,550,20,190,220,180,150,150,150,NT5,Ｍ,58,22000,4,-2,1,1,その他／スパロボシリーズ
1699,デモンペイン,0,630,50,45,70,490,30,290,280,300,250,250,170,－,Ｌ,61,52000,3,0,0,2,その他／スパロボシリーズ
1700,風のランスター,0,600,70,65,60,500,25,220,220,180,180,180,100,強5,Ｌ,52,146000,1,-4,-3,4,その他／スパロボシリーズ
1701,火のブライスト,0,620,75,70,60,510,25,220,220,180,190,180,100,強5,Ｌ,53,153200,4,-3,-3,-3,その他／スパロボシリーズ
1702,水のガロウィン,0,620,80,62,60,510,25,220,220,180,190,180,100,強5,Ｌ,53,153200,4,3,-3,-3,その他／スパロボシリーズ
1703,月のローズセラヴィー,0,650,85,65,70,530,25,220,220,180,190,180,100,強5,Ｌ,55,160400,4,-3,-2,-2,その他／スパロボシリーズ
1704,地のディノディロス,0,620,73,61,70,450,25,220,220,180,190,180,100,強5,Ｌ,56,167600,4,-4,-3,-3,その他／スパロボシリーズ
1705,山のバーストン,0,740,75,57,70,430,25,220,220,180,190,180,100,強5,Ｌ,57,171200,4,-4,-3,-3,その他／スパロボシリーズ
1706,雷のオムザック,0,780,95,73,90,550,25,220,220,180,190,180,100,強5,Ｌ,62,174800,-4,-4,-3,4,その他／スパロボシリーズ
1707,天のゼオライマー,0,736,65,65,90,476,25,420,320,280,290,280,800,強6,Ｌ,130,218000,4,-4,-3,0,その他／スパロボシリーズ
1708,パンダーゼット,0,320,55,20,56,350,25,200,200,195,195,195,20,－,ＳＳ,41,5400,2,-3,-4,3,その他／スパロボシリーズ
1709,ハムギアー1号,0,300,50,20,50,300,25,150,150,100,100,0,10,－,ＳＳ,31,3600,2,-3,-4,2,その他／スパロボシリーズ
1710,Gエレメンツ,0,924,62,65,50,875,37,400,400,300,300,300,350,－,Ｌ,85,239690,3,2,-5,3,その他／スパロボシリーズ
1711,アストロガンガー,0,450,85,20,55,550,15,200,180,165,165,165,50,－,Ｌ,47,12000,2,-2,-5,-5,その他／スパロボシリーズ
1712,レッドホーン,0,420,58,52,65,455,20,155,175,125,155,160,35,－,Ｍ,53,28060,4,-4,-6,-1,その他／ゾイドシリーズ／スパロボシリーズ
1713,ダークホーン,0,580,58,70,70,540,20,175,215,155,190,190,70,－,Ｍ,59,32800,5,-3,-6,-1,その他／ゾイドシリーズ／スパロボシリーズ
1714,ディバイソン,0,520,55,70,60,480,30,155,195,155,170,170,70,－,Ｍ,51,18000,5,-3,-6,-1,その他／ゾイドシリーズ／スパロボシリーズ
1715,キラードーム,0,230,28,43,62,350,20,50,90,60,30,30,10,－,Ｓ,28,4650,4,-4,-5,-5,その他／ゾイドシリーズ／スパロボシリーズ
1716,キラードームマキシ,0,290,28,45,69,450,20,90,90,70,50,30,30,－,Ｓ,31,5550,4,-4,-5,-5,その他／ゾイドシリーズ／スパロボシリーズ
1717,バーン,0,420,40,45,50,510,20,160,200,180,180,195,30,強5,Ｍ,39,2400,2,-2,-2,0,その他／勇者・エルドランシリーズ
1718,バーンガーン,0,520,55,50,60,600,20,190,210,195,195,195,90,強5,Ｍ,57,92000,2,-4,2,2,その他／勇者・エルドランシリーズ
1719,グレートバーンガーン,0,810,65,60,60,650,20,220,220,200,200,195,120,強5,Ｍ,64,110000,2,-4,2,3,その他／勇者・エルドランシリーズ
1720,サビンガ,0,250,35,32,90,380,20,155,130,100,120,160,50,－,Ｍ,33,4500,-4,-4,-6,3,その他／ゾイドシリーズ／スパロボシリーズ
1721,ワイツウルフ,0,450,50,32,70,400,20,165,175,120,150,160,200,－,Ｍ,37,16800,4,-4,-6,-2,その他／ゾイドシリーズ／スパロボシリーズ
1722,ワイツタイガー,0,630,55,130,90,400,20,300,300,350,290,200,250,－,Ｍ,61,92000,6,-4,-6,1,その他／ゾイドシリーズ／スパロボシリーズ
1723,雪風,0,190,5,75,90,220,10,15,30,90,0,50,5,－,Ｍ,20,4500,-2,-5,-5,5,スパロボシリーズ／車輌・戦闘機系
1724,エウリード,0,1100,53,70,90,690,42,270,270,150,150,150,190,NT6,Ｌ,73,218000,3,0,2,2,その他／バンプレストオリジナル
1725,スタンディングトータス・ガタSP,0,280,20,65,60,330,10,0,200,150,150,0,5,－,ＳＳ,34,4800,5,-5,-5,-5,その他／ボトムズシリーズ
1726,ガスティドッグ,0,270,14,70,60,300,10,0,0,200,200,0,50,－,ＳＳ,32,5400,5,-5,0,-5,その他／ボトムズシリーズ
1727,ブラッドテンプル,0,432,38,85,50,500,20,100,90,80,70,70,10,－,Ｍ,44,30420,3,1,1,-4,その他／ファイブスター物語
1728,ハイドラ・ミラージュ・彗王丸,0,500,40,125,65,600,25,180,180,180,180,180,90,強5,Ｍ,62,40000,3,-2,3,-2,その他／ファイブスター物語
1729,バビロンズ・雷丸,0,650,90,50,70,500,25,180,180,180,180,180,90,強5,Ｍ,62,40000,4,-3,2,-3,その他／ファイブスター物語
1730,デストニアス・暁姫,0,450,30,140,60,700,25,180,180,180,180,180,90,強5,Ｍ,62,40000,3,-2,1,-2,その他／ファイブスター物語
1731,士翼号,0,400,35,70,65,470,20,150,190,180,180,170,50,－,Ｍ,45,15000,-1,5,-4,-3,その他／スパロボシリーズ
1732,希望号,0,400,35,70,65,470,20,150,190,180,180,170,1,－,Ｍ,45,15000,-1,5,-4,-3,その他／スパロボシリーズ
1733,オクトバ,0,250,14,75,60,300,10,0,100,200,200,0,20,－,ＳＳ,32,1650,3,-5,5,-5,その他／ボトムズシリーズ
1734,凰牙,0,550,64,65,50,550,20,190,220,180,150,150,1,NT5,Ｍ,58,22000,4,-2,1,1,その他／スパロボシリーズ
1735,高機動型ブラックサレナ,0,480,55,110,60,430,20,300,300,200,200,0,50,強4,Ｓ,55,70000,-3,-3,5,4,その他／スパロボシリーズ
1736,タチコマ,0,100,12,60,68,300,12,10,30,30,0,0,1,強2,ＳＳ,22,3300,4,0,-2,-1,スパロボシリーズ／車輌・戦闘機系
1737,ゴーストX-9,0,320,43,130,85,500,17,300,0,100,300,300,30,－,Ｍ,49,18900,-3,-3,6,6,スパロボシリーズ／マクロスシリーズ／車輌・戦闘機系
1738,フェロン,0,300,22,86,82,350,15,100,150,150,150,100,50,－,Ｓ,27,11400,5,-2,-5,-5,その他／スパロボシリーズ
1739,メタルギア・レックス,0,380,23,40,72,450,15,200,250,250,250,300,90,－,Ｍ,28,17400,3,-2,-5,-5,スパロボシリーズ／車輌・戦闘機系
1740,メタルギア・レイ,0,440,28,45,67,470,15,200,250,300,300,300,50,－,Ｍ,30,18000,3,3,-5,-5,スパロボシリーズ／車輌・戦闘機系
1741,ビルトファルケン(P) ,1,436,36,105,80,320,20,280,290,260,260,270,1,強4,Ｍ,48,0,3,-4,4,3,その他／バンプレストオリジナル
1742,夜天光,0,430,48,110,64,460,22,300,300,200,200,0,80,強4,Ｓ,48,12000,3,0,3,2,その他／スパロボシリーズ
1743,アステリオン,0,390,41,104,70,346,20,280,290,260,260,270,80,－,Ｍ,38,12000,3,-6,2,3,その他／バンプレストオリジナル
1744,アステリオン(BF) ,1,390,41,104,70,346,20,280,290,260,260,270,80,－,Ｍ,38,0,-4,-6,2,3,その他／バンプレストオリジナル
1745,エヴァンゲリオン参号機,0,600,55,80,80,700,80,300,300,300,300,300,150,－,Ｌ,120,290000,3,-1,2,0,その他／新世紀エヴァンゲリオン
1746,エヴァンゲリオン四号機,0,600,55,80,80,700,80,300,300,300,300,300,150,－,Ｌ,120,290000,3,-1,2,0,その他／新世紀エヴァンゲリオン
1747,R-9A,0,200,10,80,60,320,15,120,180,170,170,140,30,－,Ｍ,30,4500,-3,2,3,3,スパロボシリーズ／車輌・戦闘機系
1748,ガイガー,0,320,55,60,60,500,10,200,200,170,170,170,20,強3,Ｍ,35,7500,2,-1,0,1,その他／勇者・エルドランシリーズ
1749,ストラトス・ゼロ,0,280,20,95,110,400,15,100,160,170,170,150,1,－,Ｌ,21,2400,-4,-5,2,3,スパロボシリーズ／車輌・戦闘機系
1750,ゴジュラス,0,620,45,60,78,480,40,350,380,350,370,360,70,－,Ｍ,57,58000,5,-2,-5,-4,その他／ゾイドシリーズ／スパロボシリーズ
1751,デススティンガー,0,800,80,65,120,750,80,350,350,350,380,380,300,強3,Ｌ,77,620000,5,1,-4,-4,その他／ゾイドシリーズ／スパロボシリーズ
1752,ヘルモーズ・エハッド,0,2300,55,18,190,900,300,330,330,300,300,300,100,－,ＸＬ,121,740000,-6,-6,1,-5,艦船系／スパロボシリーズ／バンプレストオリジナル
1753,ジガンスクード,0,860,85,42,60,450,30,250,250,200,175,90,100,NT3,Ｌ,67,19500,3,-2,2,2,その他／バンプレストオリジナル
1754,プテラス,0,310,32,72,68,380,15,140,155,130,65,30,20,－,Ｓ,33,2700,1,-5,-4,3,その他／ゾイドシリーズ／スパロボシリーズ
1755,ガンスナイパー,0,420,36,86,92,300,20,220,250,140,160,280,70,－,Ｍ,36,6000,5,-4,-4,1,その他／ゾイドシリーズ／スパロボシリーズ
1756,リノン仕様ガンスナイパー,0,450,48,52,112,450,30,260,200,0,200,280,50,－,Ｍ,43,6000,4,-6,-4,-4,その他／ゾイドシリーズ／スパロボシリーズ
1757,モルガ,0,320,42,65,45,300,15,50,80,60,30,30,2,－,Ｓ,26,1500,3,-4,-5,-4,その他／ゾイドシリーズ／スパロボシリーズ
1758,モルガロクロウスペシャル,0,320,42,68,75,300,15,50,80,60,30,30,10,－,Ｓ,31,2400,6,-5,-6,-4,その他／ゾイドシリーズ／スパロボシリーズ
1759,潜砂艦ユグドラシル,0,1320,54,45,90,900,150,270,270,200,200,200,320,－,ＬＬ,89,320030,5,-5,-5,-5,艦船系／スパロボシリーズ
1760,テロル・ミラージュ,0,432,44,115,65,630,20,320,320,110,110,200,140,強6,Ｍ,51,64020,3,1,1,1,その他／ファイブスター物語
1761,ヴォルケシェッツェ,0,550,40,100,90,580,35,330,330,110,110,260,120,強6,Ｍ,64,15000,1,-2,3,1,その他／ファイブスター物語
1762,ヴンダーシェッツェ,0,500,30,110,100,620,35,330,330,110,110,260,120,NT7,Ｍ,64,15000,-3,-3,3,3,その他／ファイブスター物語
1763,サリオン仕様L.E.D.ミラージュ,0,550,50,95,90,700,55,350,350,110,110,280,50,強5,Ｍ,73,34000,3,0,2,-2,その他／ファイブスター物語／専用機
1764,サイレンD型,0,460,40,77,55,500,20,110,110,100,90,80,50,NT5,Ｍ,52,12000,3,1,1,-2,その他／ファイブスター物語
1765,ナイアス仕様ファントム,0,580,55,110,90,600,55,350,350,110,110,280,80,NT7,Ｍ,72,28000,3,0,0,-2,その他／ファイブスター物語／専用機
1766,ゲルフ,0,430,55,80,60,550,25,160,160,150,150,150,40,－,Ｍ,48,22060,1,-4,2,2,その他／スパロボシリーズ
1767,ファルゲン,0,450,65,90,60,680,30,200,210,180,180,150,30,－,Ｍ,50,28060,2,-3,2,2,その他／スパロボシリーズ
1768,ファルゲン(マッフ装備),0,480,70,95,80,700,30,220,280,200,200,200,30,－,Ｍ,60,40060,2,-3,3,2,その他／スパロボシリーズ
1769,Aトール・スクリティ,0,500,40,110,60,660,20,170,160,150,170,160,55,強2,Ｍ,54,64020,3,1,1,1,その他／ファイブスター物語
1770,エンゲージMk2,0,520,45,115,75,480,25,180,180,180,160,105,65,NT4,Ｍ,61,12000,3,0,-1,-2,その他／ファイブスター物語
1771,ヌーベル・ディザード,0,420,46,90,99,580,18,220,230,200,200,200,120,－,Ｍ,57,46060,4,-5,3,1,その他／エルガイムシリーズ
1772,ランドブースター(ND) ,1,420,50,82,99,580,18,220,230,200,200,200,120,－,Ｍ,57,0,-4,-5,3,4,その他／エルガイムシリーズ
1773,アモンデュール・スタック,0,445,46,83,99,500,25,260,230,210,220,210,100,－,Ｍ,55,40060,3,-4,3,3,その他／エルガイムシリーズ
1774,ランドブースター(AS) ,1,445,52,75,99,550,25,260,230,210,220,210,100,－,Ｍ,55,0,-4,-5,2,4,その他／エルガイムシリーズ
1775,ディザード,0,396,38,90,64,385,25,140,200,170,170,0,20,－,Ｍ,40,18030,3,-4,2,1,その他／エルガイムシリーズ／量産機
1776,アシュラ・テンプル,0,480,50,80,99,500,23,220,220,200,200,200,140,－,Ｍ,55,59200,4,-5,3,1,その他／エルガイムシリーズ／量産機
1777,ガオファー,0,320,55,60,60,500,10,200,200,170,170,170,30,強3,Ｓ,35,9000,2,-1,0,1,その他／勇者・エルドランシリーズ
1778,ガルムレイド,0,672,62,60,60,560,30,290,290,260,260,270,160,－,Ｍ,55,185030,3,-4,3,2,その他／バンプレストオリジナル
1779,ガルムレイド・ブレイズ(G),0,770,70,70,80,770,30,300,310,330,260,200,90,－,Ｌ,68,230030,3,-4,3,2,その他／バンプレストオリジナル
1780,ガルムレイド・ブレイズ(S) ,1,770,67,80,80,770,30,300,310,330,260,200,90,－,Ｌ,68,0,3,-4,3,2,その他／バンプレストオリジナル
1781,サーベラス・イグナイト(G),0,600,70,97,110,630,30,290,290,260,260,270,90,－,Ｍ,64,92000,3,-4,3,2,その他／バンプレストオリジナル
1782,サーベラス・イグナイト(S) ,1,600,80,92,110,630,30,290,290,260,260,270,90,－,Ｍ,64,0,3,-4,3,2,その他／バンプレストオリジナル
1783,シズラーブラック,0,800,70,55,100,650,80,200,300,300,200,300,170,－,Ｌ,79,18000,1,-5,4,2,その他／スパロボシリーズ／量産機
1784,ドゴッゾ,0,315,30,68,55,400,18,100,160,110,135,90,10,NT3,Ｓ,38,6300,3,0,0,2,その他／キングゲイナー
1785,練習用バイファム,0,450,40,75,58,450,20,130,130,130,130,100,25,－,Ｍ,40,12030,2,-2,4,-5,その他／スパロボシリーズ／量産機
1786,ゴッドΣグラヴィオン,0,680,64,50,60,525,80,240,210,220,200,200,200,－,Ｌ,70,146000,3,-2,3,3,その他／スパロボシリーズ
1787,ソルグラヴィオン,0,700,64,52,70,560,80,260,230,250,220,230,120,－,Ｌ,75,218000,3,-2,3,3,その他／スパロボシリーズ
1788,アルティメットグラヴィオン,0,1080,71,60,80,1050,80,290,250,240,230,230,1400,－,Ｌ,108,381200,3,-2,3,3,その他／スパロボシリーズ
1789,ザブングル,0,480,50,66,52,320,18,150,150,145,145,0,60,－,Ｍ,37,18030,4,-5,-2,-1,その他／スパロボシリーズ
1790,ウォーカーギャリア,0,550,54,75,78,390,25,160,160,145,145,0,90,－,Ｍ,44,28060,5,-5,-2,1,その他／スパロボシリーズ
1791,B子,0,200,30,80,99,100,10,300,300,300,300,300,500,－,ＳＳ,31,290000,5,-2,-6,5,人系
1792,A子,0,290,30,90,99,400,10,800,800,800,800,800,500,NT8,ＳＳ,49,740000,6,-2,-6,0,人系
1793,聖龍丸,0,400,32,95,70,450,19,250,250,170,170,170,50,－,ＳＳ,42,15000,2,-2,-4,-5,その他／スパロボシリーズ
1794,獅子龍神丸,0,430,46,95,70,560,20,250,250,170,170,170,100,－,ＳＳ,48,15000,2,-2,2,6,その他／スパロボシリーズ
1795,エリアル,0,680,52,75,75,700,35,300,300,300,300,300,150,－,Ｌ,50,200000,3,-3,2,1,その他／スパロボシリーズ
1796,アシュラテンプルDD,0,500,75,80,60,400,20,150,150,150,120,120,30,強4,Ｍ,50,7200,4,-1,0,-2,その他／ファイブスター物語
1797,HAW206,0,370,27,55,87,450,28,200,200,200,250,300,90,強3,Ｓ,35,9000,4,-1,-3,-2,スパロボシリーズ／車輌・戦闘機系
1798,ブリキ大王,0,700,90,30,50,500,80,300,300,250,250,250,170,NT3,Ｌ,70,28000,3,0,-3,2,その他／スパロボシリーズ
1799,ラピエサージュ,0,450,50,80,110,520,20,210,210,150,150,190,90,強5,Ｍ,60,14700,3,-3,3,2,その他／バンプレストオリジナル
1800,アウセンザイター,0,720,67,90,80,770,30,290,290,200,200,300,180,－,Ｌ,68,110090,4,-3,3,1,その他／バンプレストオリジナル
1801,アトール,0,456,50,105,99,595,20,220,230,200,200,200,150,－,Ｍ,50,52060,4,-5,3,1,その他／エルガイムシリーズ／量産機
1802,アトールV,0,504,55,100,99,630,20,230,280,200,200,200,100,－,Ｍ,56,76060,4,-5,3,1,その他／エルガイムシリーズ
1803,バルブド,0,365,33,65,60,350,20,140,160,100,100,0,20,－,Ｍ,43,15000,3,-4,2,1,その他／エルガイムシリーズ／量産機
1804,近衛師団仕様バルブド,0,365,33,72,60,400,20,140,160,100,100,0,10,－,Ｍ,46,15000,3,-4,2,1,その他／エルガイムシリーズ
1805,バルブド・カイゼス,0,375,33,75,60,450,20,140,140,100,100,0,20,－,Ｍ,48,18000,3,-4,2,1,その他／エルガイムシリーズ
1806,キューブ,0,240,18,80,80,210,17,250,200,180,180,180,80,－,ＳＳ,40,4500,5,-2,-5,-2,その他／スパロボシリーズ
1807,ルナマリア専用ザクウォーリア,0,392,37,71,60,403,18,200,200,100,100,100,1,強6,Ｍ,39,10410,2,-3,2,-3,MS系／ザク系／ジオン・ネオジオン軍・ザフト／専用機／ガンダムSEED DESTINY
1808,ルナマリア専用ガナーザクウォーリア,0,415,39,71,80,424,20,200,200,100,100,100,5,強6,Ｍ,42,11010,2,-3,2,-3,MS系／ザク系／ジオン・ネオジオン軍・ザフト／専用機／ガンダムSEED DESTINY
1809,キングエクスカイザー,0,624,50,85,60,630,22,280,280,250,250,250,230,強5,Ｍ,56,40060,3,-3,2,2,その他／勇者・エルドランシリーズ
1810,武装合体ファイバード,0,624,47,75,60,700,20,280,280,250,250,250,10,強5,Ｍ,58,40020,2,-2,1,2,その他／勇者・エルドランシリーズ
1811,ダ・ガーンX,0,648,56,75,60,840,22,280,280,250,250,250,300,強5,Ｍ,64,40060,3,0,2,2,その他／勇者・エルドランシリーズ
1812,スカイゴルドラン,0,640,70,55,60,700,20,280,280,250,250,250,90,強5,Ｍ,66,70000,2,-4,1,3,その他／勇者・エルドランシリーズ
1813,ビッグサイトロン,0,620,30,25,60,600,60,200,200,180,180,100,150,－,Ｍ,47,110000,3,-3,-3,3,その他／スパロボシリーズ
1814,ゲイザム,0,500,80,55,50,600,18,250,250,200,100,0,60,－,Ｍ,48,40000,5,-2,1,-1,その他／スパロボシリーズ
1815,ゲバイ,0,380,40,55,50,400,15,150,150,100,100,100,10,－,Ｍ,35,12000,1,-4,1,-2,その他／スパロボシリーズ
1816,レグジオネータ,0,480,58,110,70,700,10,300,300,300,300,300,140,強5,ＳＳ,57,76020,3,3,3,-5,その他／ボトムズシリーズ
1817,フリント,0,398,36,83,70,445,18,230,210,210,220,180,1,NT1,Ｍ,42,15810,2,-3,2,0,MS系／ガンダム系／機動戦士クロスボーンガンダム
1818,ゲンガオゾ,0,472,42,106,75,570,17,250,250,250,250,280,30,強5,Ｍ,51,42760,2,-3,3,-4,MS系／機動戦士Vガンダム／ザンスカール帝国
1819,ディープフォビドゥン,0,412,43,74,70,430,20,280,300,150,80,60,30,－,Ｍ,51,8400,0,3,-5,0,MS系／ガンダム系／連邦軍・ティターンズ・地球連合
1820,ディープフォビドゥン(強襲形態) ,1,412,47,70,70,430,20,280,300,150,80,60,30,－,Ｍ,51,0,-3,4,-5,-3,MS系／ガンダム系／連邦軍・ティターンズ・地球連合
1821,ドレッドノートイータ,0,464,45,96,95,572,20,330,320,270,230,220,50,強4,Ｍ,52,24460,2,-2,3,0,MS系／ガンダム系／ガンダムSEED ASTRAY、MSV
1822,ドレッドノートイータ・バスターモード ,1,464,45,96,95,572,20,330,320,270,230,220,1,強4,Ｍ,52,0,2,-2,3,0,MS系／ガンダム系／ガンダムSEED ASTRAY、MSV
1823,ドレッドノートイータ・ソードモード ,1,464,45,96,95,572,20,330,320,270,230,220,1,強4,Ｍ,52,0,2,-2,3,0,MS系／ガンダム系／ガンダムSEED ASTRAY、MSV
1824,ヘルダイバー,0,300,25,57,52,210,12,10,60,50,50,0,20,－,Ｓ,26,11400,5,-2,-5,-5,その他／スパロボシリーズ／量産機
1825,ブロッケン,0,320,26,56,52,230,12,10,70,50,50,0,25,－,Ｓ,27,12000,5,0,-5,-5,その他／スパロボシリーズ
1826,アビスガンダム,0,414,41,80,90,430,20,280,300,60,100,140,50,強2,Ｍ,43,14040,2,-5,2,1,MS系／ガンダム系／連邦軍・ティターンズ・地球連合／ガンダムSEED DESTINY
1827,アビスガンダム(MA) ,1,414,41,74,90,430,20,280,300,60,100,140,50,強2,Ｍ,43,0,-4,2,2,-4,MA系／ガンダム系／連邦軍・ティターンズ・地球連合／ガンダムSEED DESTINY
1828,ガイアガンダム,0,414,40,91,90,430,20,280,300,150,80,60,50,強2,Ｍ,45,14040,2,-5,3,-1,MS系／ガンダム系／連邦軍・ティターンズ・地球連合／ガンダムSEED DESTINY
1829,ガイアガンダム(MA) ,1,414,40,86,90,430,20,280,300,150,80,60,50,強2,Ｍ,45,0,5,-6,-2,-2,MA系／ガンダム系／連邦軍・ティターンズ・地球連合／ガンダムSEED DESTINY
1830,カオスガンダム,0,414,41,85,90,430,20,280,300,150,80,60,50,強2,Ｍ,46,14040,2,-5,2,2,MS系／ガンダム系／連邦軍・ティターンズ・地球連合／ガンダムSEED DESTINY
1831,カオスガンダム(MA) ,1,414,41,80,90,430,20,280,300,150,80,60,50,強2,Ｍ,46,0,-2,-6,5,1,MA系／ガンダム系／連邦軍・ティターンズ・地球連合／ガンダムSEED DESTINY
1832,大空魔竜(ボリューション) ,1,990,160,15,50,1000,160,400,400,395,395,395,390,－,ＬＬ,85,0,1,1,1,1,艦船系／スパロボシリーズ
1833,ガブル,0,610,82,20,50,590,30,200,250,300,0,0,50,－,Ｌ,43,34000,5,-4,-5,-6,MS系／連邦軍・ティターンズ・地球連合／機動新世紀ガンダムX
1834,ブリトヴァ,0,420,39,78,57,370,14,200,250,250,250,0,40,－,Ｍ,32,10200,5,-5,2,-6,MS系／連邦軍・ティターンズ・地球連合／機動新世紀ガンダムX
1835,トレーサー,0,380,32,90,75,440,16,200,190,200,210,210,80,－,Ｍ,43,11040,1,-5,4,4,その他／スパロボシリーズ
1836,トレーサー(ミカコ機),0,380,32,90,75,440,16,210,200,230,220,220,10,－,Ｍ,43,11040,1,-5,4,4,その他／スパロボシリーズ／専用機
1837,スピリッツ,0,350,36,60,60,400,25,210,180,150,170,160,30,－,Ｍ,35,12000,-5,-5,0,4,エルガイムシリーズ／車輌・戦闘機系
1838,ワークス,0,390,36,40,60,460,25,210,180,150,170,160,20,－,Ｍ,36,13800,3,-5,-4,-4,エルガイムシリーズ／車輌・戦闘機系
1839,改良強化型ズク,0,91,13,26,32,104,39,100,100,100,100,100,6,－,Ｍ,17,4170,0,0,0,0,その他
1840,マグロウ,0,360,70,55,45,340,25,100,100,90,0,0,10,－,Ｍ,30,6000,3,-1,-2,-2,その他／ファイブスター物語
1841,Aトール・コブラ,0,588,48,105,75,660,20,170,160,160,170,150,1,強2,Ｍ,58,78020,3,1,1,1,その他／ファイブスター物語
1842,ベルゼルガDT,0,280,16,62,60,360,10,250,250,200,200,0,10,－,ＳＳ,33,2100,5,-5,-6,-5,その他／ボトムズシリーズ
1843,グルーン,0,400,46,82,64,480,20,260,250,210,220,210,10,－,Ｍ,50,12000,3,-4,2,3,その他／エルガイムシリーズ／量産機
1844,ゴクラクルーザー,0,900,25,15,140,700,80,280,260,200,200,200,90,－,Ｌ,72,164000,-6,1,0,1,艦船系／勇者・エルドランシリーズ
1845,ライガーゼロフェニックス,0,516,46,110,70,525,20,280,300,250,250,150,110,－,Ｍ,51,74860,6,-4,-6,2,その他／ゾイドシリーズ／スパロボシリーズ
1846,ヨルムンガンド,0,442,17,21,130,638,80,300,300,300,300,300,20,－,ＸＬ,48,20920,-6,-6,3,-6,艦船系／ジオン・ネオジオン軍・ザフト
1847,ジンハイマニューバ2型,0,288,22,54,50,340,18,80,90,70,50,20,2,強1,Ｍ,30,7470,2,-2,2,1,MS系／ジオン・ネオジオン軍・ザフト／ガンダムSEED DESTINY
1848,凱龍輝,0,480,50,105,75,530,12,160,180,150,170,160,50,－,Ｍ,50,74420,5,-2,-5,-4,その他／ゾイドシリーズ／スパロボシリーズ
1849,ダガーL,0,372,32,64,62,424,18,0,150,80,80,0,10,－,Ｍ,38,8610,2,-3,2,-3,MS系／連邦軍・ティターンズ・地球連合／ガンダムSEED DESTINY／量産機
1850,ダガーL対艦用ユニット装備,0,372,32,64,62,424,18,0,150,80,80,0,50,－,Ｍ,38,8610,2,-3,2,-3,MS系／連邦軍・ティターンズ・地球連合／ガンダムSEED DESTINY／量産機
1851,強襲揚陸艦ミネルバ,0,962,43,54,120,550,175,170,290,130,150,230,260,強3,Ｌ,67,879800,-5,0,1,1,艦船系／ジオン・ネオジオン軍・ザフト／ガンダムSEED DESTINY
1852,ザムザザー,0,498,48,77,70,636,50,130,200,0,120,205,70,－,ＬＬ,52,23500,-5,0,2,2,MA系／連邦軍・ティターンズ・地球連合／ガンダムSEED DESTINY
1853,ヘイズル改(SAU),0,368,33,65,55,325,20,160,180,160,140,0,10,－,Ｍ,33,16290,2,-5,1,0,MS系／ガンダム系／連邦軍・ティターンズ・地球連合／アドバンス・オブ・ゼータ
1854,ガンバレルストライク,0,400,38,77,60,425,30,200,220,100,120,80,30,強5,Ｍ,48,23200,2,-4,4,3,MS系／ガンダム系／連邦軍・ティターンズ・地球連合
1855,リグ・コンティオ,0,480,58,120,80,700,16,220,230,200,180,180,140,－,Ｍ,58,52020,2,-3,3,2,MS系／機動戦士Vガンダム／ザンスカール帝国
1856,ネームレス・ワン,0,900,60,40,90,700,30,350,340,350,300,300,400,強5,Ｌ,75,128000,3,3,3,3,その他／スパロボシリーズ
1857,カルバリィC,0,450,40,95,120,500,20,350,350,350,110,110,120,強5,Ｍ,56,52000,4,0,-2,-1,その他／ファイブスター物語
1858,クルマルス・ビブロス,0,540,48,105,75,600,20,330,330,350,100,100,150,NT5,Ｍ,55,64020,3,1,1,1,その他／ファイブスター物語
1859,ザカー,0,456,40,100,55,525,20,250,280,120,100,100,90,－,Ｍ,47,40020,3,0,-2,-4,その他／ファイブスター物語
1860,ジム・ジャグラーハイパー,0,350,20,45,65,600,10,120,190,140,140,130,5,－,Ｍ,35,9000,-1,-2,1,0,MS系／ジム系／連邦軍・ティターンズ・地球連合／オリジナル系
1861,ゲッターアーク,0,700,68,95,60,950,80,300,300,270,280,260,50,－,Ｌ,70,200000,3,3,0,5,その他／スパロボシリーズ
1862,フリーダムガンガル,0,140,12,40,45,140,50,150,150,150,150,150,310,－,Ｍ,15,1500,0,0,0,0,その他
1863,ジガンスクード・ドゥロ,0,900,90,45,70,580,30,250,250,210,175,90,80,NT3,Ｌ,72,76000,3,-2,3,2,その他／バンプレストオリジナル
1864,フェアリオンS,0,320,30,120,90,500,12,300,300,270,270,270,80,強5,Ｓ,51,70000,0,-6,3,3,その他／バンプレストオリジナル
1865,アヌビス,0,600,60,85,90,650,20,240,240,250,250,250,150,－,Ｍ,64,92000,1,-5,3,5,その他／スパロボシリーズ
1866,アガメムノン,0,1500,30,30,180,800,70,0,260,200,120,180,150,－,ＬＬ,89,92000,-5,-5,2,-5,艦船系／連邦軍・ティターンズ・地球連合／ガンダムSEED DESTINY
1867,ゴトラタン,0,474,49,100,80,570,16,220,230,200,180,180,40,強3,Ｍ,52,43840,2,-3,2,2,MS系／機動戦士Vガンダム／ザンスカール帝国
1868,アルブレード,0,420,40,90,45,500,15,200,200,180,150,100,50,－,Ｌ,40,26800,3,1,2,0,その他／バンプレストオリジナル
1869,R-GUN,0,432,46,60,75,560,29,310,310,200,200,250,100,NT3,Ｍ,47,58060,2,0,2,1,その他／バンプレストオリジナル
1870,真ヴェルトール,0,570,95,70,70,600,25,300,300,0,0,0,150,－,Ｍ,70,61000,4,-2,-1,4,その他／スパロボシリーズ
1871,パゴータ,0,480,46,100,90,500,20,340,360,130,150,250,75,－,Ｍ,57,58000,5,-2,0,1,その他／エルガイムシリーズ
1872,ビッグファルコン ,1,450,58,75,50,460,25,300,300,300,300,300,1,－,Ｓ,34,0,0,-2,-2,5,その他／スパロボシリーズ
1873,邪神兵,0,800,80,35,50,550,25,300,300,300,300,300,50,－,Ｍ,74,236000,5,-2,0,-5,その他／スパロボシリーズ
1874,レイスタ,0,300,25,65,70,350,5,40,50,0,0,0,1,－,Ｍ,22,1500,2,-3,2,-3,MS系／ガンダム系／ガンダムSEED ASTRAY、MSV
1875,GR2,0,750,55,60,55,750,80,100,100,190,190,190,1,－,Ｌ,69,64000,2,1,-5,2,その他／スパロボシリーズ
1876,タイムガイコッツ,0,150,16,30,40,170,7,0,10,0,0,0,1,－,Ｓ,15,30,1,-3,-2,-2,その他／スパロボシリーズ
1877,パトゥーリア(攻撃形態) ,1,934,50,50,170,690,80,300,260,250,270,270,150,強5,ＬＬ,85,0,-6,-5,3,3,MA系／機動新世紀ガンダムX
1878,ユグドラシル４世,0,2000,72,5,90,900,150,350,380,300,300,300,20,－,ＸＬ,108,290000,1,-6,-6,-6,艦船系／スパロボシリーズ
1879,GNセファー,0,300,40,90,52,380,17,150,150,120,120,120,10,－,Ｍ,34,9000,-4,-4,3,2,車輌・戦闘機系／ガンダム00
1880,リック・ディアスII,0,392,43,94,68,445,22,170,190,170,170,0,80,－,Ｍ,42,23500,2,-3,2,-4,MS系／エウーゴ・カラバ／Z-MSV
1881,ジンアサルト,0,400,45,50,50,450,15,120,140,70,50,20,40,強3,Ｍ,37,10800,-3,-4,2,1,MS系／ジオン・ネオジオン軍・ザフト／ガンダムSEED ASTRAY、MSV
1882,ノクティルーカザクウォーリア,0,430,45,80,60,450,20,200,200,100,100,100,5,強6,Ｍ,42,19800,0,4,-3,1,MS系／ザク系／ジオン・ネオジオン軍・ザフト／ガンダムSEED ASTRAY、MSV
1883,イクサーロボ(R),0,840,53,73,65,620,38,300,100,290,190,190,193,－,Ｍ,61,92000,2,-3,0,2,その他／スパロボシリーズ
1884,マドックス,0,120,12,45,65,150,5,300,0,40,10,40,50,－,ＳＳ,10,7500,3,-4,-5,-4,人系／車輌・戦闘機系
1885,氷竜,0,456,46,85,60,600,20,250,250,220,220,220,100,強3,Ｍ,44,22020,3,-5,2,2,その他／勇者・エルドランシリーズ
1886,炎竜,0,456,46,85,60,600,20,250,250,220,220,220,100,強3,Ｍ,44,22020,3,-5,2,2,その他／勇者・エルドランシリーズ
1887,超竜神,0,670,58,70,70,700,28,350,350,220,220,220,1,強3,Ｍ,60,64020,3,-5,2,2,その他／勇者・エルドランシリーズ
1888,光竜,0,470,60,65,70,550,20,260,250,220,220,220,100,強3,Ｍ,48,24400,3,-5,2,2,その他／勇者・エルドランシリーズ
1889,闇竜,0,470,60,65,70,550,20,260,250,220,220,220,1,強3,Ｍ,48,24400,3,-5,2,2,その他／勇者・エルドランシリーズ
1890,ボルフォッグ,0,430,60,65,70,500,20,250,260,220,220,220,100,強3,Ｓ,46,24400,3,-5,2,2,その他／勇者・エルドランシリーズ
1891,ビッグボルフォッグ,0,530,62,65,70,550,20,270,280,220,220,220,100,強3,Ｍ,55,65200,3,-5,2,2,その他／勇者・エルドランシリーズ
1892,タチコマ2nd,0,100,12,60,68,300,12,10,30,30,0,0,1,強2,ＳＳ,22,4800,4,0,-2,-1,スパロボシリーズ／車輌・戦闘機系
1893,ホエールキング,0,1200,42,20,190,1000,100,170,270,130,150,230,20,－,ＬＬ,96,200000,-5,3,-5,3,艦船系／ゾイドシリーズ
1894,ジェフティ,0,550,55,74,100,500,30,240,240,250,250,250,120,－,Ｍ,63,52000,1,-5,3,5,その他／スパロボシリーズ
1895,豊作くん,0,200,10,22,10,200,12,10,50,50,50,0,10,－,Ｓ,15,1500,1,-6,-6,-6,その他／スパロボシリーズ／量産機
1896,アイアン・ギアー(LS),0,1100,55,50,190,800,20,170,270,130,150,230,180,－,ＬＬ,82,70000,2,-5,-4,0,艦船系／スパロボシリーズ
1897,アイアン・ギアー(WM) ,1,1100,55,50,190,800,20,170,270,130,150,230,110,－,ＬＬ,82,0,1,-5,-4,1,艦船系／スパロボシリーズ
1898,EW仕様アルトロンガンダム,0,498,48,94,69,721,16,250,230,220,220,210,20,－,Ｍ,56,34420,3,0,4,-5,MS系／ガンダム系／新機動戦記ガンダムW
1899,テムジン747Jシャドウ,0,465,60,128,70,480,30,100,350,180,180,150,5,－,Ｍ,52,28000,2,-4,2,2,その他／スパロボシリーズ
1900,ヅダ,0,256,15,83,42,300,18,10,30,30,0,0,30,－,Ｍ,28,7830,2,-5,5,-4,MS系／ジオン・ネオジオン軍・ザフト
1901,R-2パワード,0,600,75,80,70,770,24,290,250,185,205,180,50,－,Ｍ,62,64060,3,-2,3,-3,その他／バンプレストオリジナル
1902,R-3パワード,0,504,58,105,95,595,24,290,260,185,185,220,50,NT3,Ｍ,55,64060,3,-4,4,-3,その他／バンプレストオリジナル
1903,サイレンF型,0,576,48,120,55,660,20,100,100,100,90,80,100,NT4,Ｍ,58,79620,3,1,1,1,その他／ファイブスター物語
1904,ラルゴ仕様サイレンF型,0,576,48,120,55,660,20,100,100,100,90,80,10,NT4,Ｍ,58,79620,3,1,1,1,その他／ファイブスター物語／専用機
1905,VF-11B サンダーボルト,0,350,38,83,85,500,20,170,170,170,170,150,20,－,Ｍ,37,18000,-2,-2,5,5,マクロスシリーズ／車輌・戦闘機系
1906,VF-11B サンダーボルト(G) ,1,350,36,80,75,500,20,170,170,170,170,150,20,－,Ｓ,37,0,1,1,1,1,その他／マクロスシリーズ
1907,VF-11B サンダーボルト(B) ,1,350,40,75,65,500,20,170,170,170,170,150,20,－,Ｍ,37,0,5,-2,3,-2,その他／マクロスシリーズ
1908,ザムス・ガル,0,1700,57,54,170,900,80,270,270,100,130,200,100,－,ＬＬ,103,326000,-3,-5,5,0,艦船系／機動戦士ガンダムF91
1909,プロトカオス,0,490,46,75,90,380,20,250,270,150,80,60,5,強2,Ｍ,48,41200,-5,-6,5,-2,MA系／ガンダム系／連邦軍・ティターンズ・地球連合／ガンダムSEED ASTRAY、MSV
1910,ザクファントム,0,398,38,72,65,424,18,200,200,100,100,100,5,強6,Ｍ,40,10830,2,-3,2,-5,MS系／ザク系／ジオン・ネオジオン軍・ザフト／ガンダムSEED DESTINY／量産機
1911,レイ専用ブレイズザクファントム,0,444,39,79,70,424,18,200,220,100,100,100,10,強6,Ｍ,32,10830,2,-3,3,-3,MS系／ザク系／ジオン・ネオジオン軍・ザフト／専用機／ガンダムSEED DESTINY
1912,ハイネ専用ブレイズザクファントム,0,444,39,79,70,424,18,200,220,100,100,100,10,強6,Ｍ,42,10830,2,-3,3,-3,MS系／ザク系／ジオン・ネオジオン軍・ザフト／専用機／ガンダムSEED DESTINY
1913,イザーク専用スラッシュザクファントム,0,464,38,86,80,474,20,200,220,100,100,100,10,強6,Ｍ,36,15120,3,-3,3,0,MS系／ザク系／ジオン・ネオジオン軍・ザフト／専用機／ガンダムSEED DESTINY
1914,ガナーザクウォーリア,0,415,39,71,80,424,20,200,200,100,100,100,5,強6,Ｍ,42,11010,2,-3,2,-3,MS系／ザク系／ジオン・ネオジオン軍・ザフト／ガンダムSEED DESTINY／量産機
1915,ゴーダンナー,0,600,52,55,60,550,15,250,250,250,200,0,110,－,Ｌ,55,110000,3,-2,-2,1,その他／スパロボシリーズ
1916,クサナギ,0,1500,38,40,99,820,90,0,200,220,120,180,1,－,ＬＬ,89,146000,-5,-5,0,-5,艦船系／ガンダムSEED
1917,ヒュッケバインMk-IIトロンベ,0,468,50,110,70,600,20,200,200,145,200,180,220,－,Ｍ,53,55620,2,-1,2,2,その他／バンプレストオリジナル／専用機
1918,ダガーLジェットストライカー,0,372,32,69,62,424,18,0,150,80,80,0,10,－,Ｍ,38,10350,2,-3,2,2,MS系／連邦軍・ティターンズ・地球連合／ガンダムSEED DESTINY
1919,ゲイツR,0,382,30,64,65,382,20,160,190,70,100,20,10,強2,Ｍ,37,9090,2,-3,2,-3,MS系／ジオン・ネオジオン軍・ザフト／ガンダムSEED DESTINY／量産機
1920,ワイルドダガー,0,252,25,50,42,320,12,0,170,90,90,0,10,－,Ｍ,36,9000,1,0,-2,-2,MS系／連邦軍・ティターンズ・地球連合／ガンダムSEED ASTRAY、MSV
1921,ワイルドダガー(MA) ,1,252,24,50,42,320,12,0,170,90,90,0,10,－,Ｍ,36,0,2,-5,-3,-3,MS系／連邦軍・ティターンズ・地球連合／ガンダムSEED ASTRAY、MSV
1922,ムラサメライガー,0,490,48,100,80,556,20,200,200,220,120,120,90,－,Ｍ,51,62020,4,-3,-5,0,その他／ゾイドシリーズ／スパロボシリーズ
1923,ブレイズザクウォーリア,0,368,37,74,60,360,20,200,200,100,100,100,5,強6,Ｍ,42,18000,2,-3,4,0,MS系／ザク系／ジオン・ネオジオン軍・ザフト／ガンダムSEED DESTINY
1924,ノリス専用高機動型ザク,0,300,21,56,42,312,18,0,40,40,40,0,40,－,Ｍ,29,7350,-3,-3,4,-5,MS系／ザク系／ジオン・ネオジオン軍・ザフト／専用機
1925,エレシス,0,450,34,82,50,500,20,100,100,100,90,80,50,NT4,Ｍ,55,11400,3,1,-1,-2,その他／ファイブスター物語
1926,カン,0,430,22,88,50,500,20,100,100,100,90,80,50,強4,Ｍ,48,9600,3,0,1,-2,その他／ファイブスター物語
1927,ブーレイ,0,510,68,52,70,500,30,110,110,110,110,90,55,－,Ｍ,53,10800,3,0,-2,-3,その他／ファイブスター物語
1928,ファニーデビル,0,250,16,65,60,300,10,0,0,200,200,0,10,－,ＳＳ,32,2250,4,-5,3,-5,その他／ボトムズシリーズ
1929,銀鈴ロボTYPE-1,0,400,43,75,55,560,80,100,100,190,190,190,150,－,Ｌ,45,76000,2,-2,-5,2,その他／スパロボシリーズ
1930,銀鈴ロボTYPE-2,0,420,55,82,60,690,80,100,100,190,190,190,50,－,Ｌ,50,92000,2,-2,-5,2,その他／スパロボシリーズ
1931,ウィンザート,0,380,40,65,55,390,10,120,120,180,180,180,80,－,Ｓ,45,40060,2,-4,-3,3,その他／スパロボシリーズ
1932,アクアビート,0,400,36,56,55,450,10,120,120,180,180,180,1,－,Ｓ,45,40060,2,2,-3,-5,その他／スパロボシリーズ
1933,スプリガン,0,1150,38,90,90,1530,28,250,190,170,170,100,490,NT5,Ｌ,127,70300,-4,-6,0,6,その他／スパロボシリーズ
1934,アストレイレッドフレームセカンドＬ,0,379,40,83,70,425,20,220,220,220,250,220,50,－,Ｍ,45,13200,3,-3,4,2,MS系／ガンダム系／ガンダムSEED ASTRAY、MSV
1935,VF-11B サンダーボルト(FP),0,370,40,87,85,500,20,170,170,170,170,150,30,－,Ｍ,38,20800,-2,-2,5,-3,マクロスシリーズ／車輌・戦闘機系
1936,VF-11B サンダーボルト(FP)(G) ,1,370,38,83,75,500,20,170,170,170,170,150,30,－,Ｓ,38,0,1,1,1,-1,その他／マクロスシリーズ
1937,VF-11B サンダーボルト(FP)(B) ,1,370,43,78,65,500,20,170,170,170,170,150,30,－,Ｍ,38,0,5,-2,3,-4,その他／マクロスシリーズ
1938,グラージ,0,550,43,85,90,500,22,150,150,0,150,0,80,強4,Ｍ,46,52000,3,-2,3,0,その他／マクロスシリーズ／量産機
1939,ネイキッドジェフティ,0,570,65,100,115,600,30,290,310,280,270,300,140,－,Ｍ,70,76000,1,-5,3,5,その他／スパロボシリーズ
1940,フォビドゥンエグザ,0,422,43,74,70,430,28,280,280,150,80,60,20,－,Ｍ,52,16200,4,-2,3,0,MS系／ガンダム系／連邦軍・ティターンズ・地球連合／ガンダムSEED ASTRAY、MSV
1941,フォビドゥンストライク,0,432,43,74,70,430,24,280,280,150,80,60,10,－,Ｍ,53,16800,4,-2,3,0,MS系／ガンダム系／連邦軍・ティターンズ・地球連合／ガンダムSEED ASTRAY、MSV
1942,レイダーストライク,0,412,40,85,80,440,24,280,280,150,80,60,10,－,Ｍ,53,16800,2,-2,3,2,MS系／ガンダム系／連邦軍・ティターンズ・地球連合／ガンダムSEED ASTRAY、MSV
1943,カラミティストライク,0,430,38,65,70,400,24,280,280,150,80,60,10,－,Ｍ,53,16800,4,-2,3,0,MS系／ガンダム系／連邦軍・ティターンズ・地球連合／ガンダムSEED ASTRAY、MSV
1944,レガシー・オブ・ゴールド,0,575,65,37,70,600,30,290,280,200,250,300,150,NT4,Ｌ,59,128000,0,-1,3,0,その他／スパロボシリーズ
1945,ベルゼビュート,0,680,54,50,54,600,30,290,280,250,250,250,1,NT5,Ｌ,63,76000,3,0,3,-3,その他／スパロボシリーズ
1946,クラーケン,0,570,75,45,45,600,30,290,280,250,300,200,1,NT5,Ｌ,60,76000,2,4,0,-5,その他／スパロボシリーズ
1947,ロードビヤーキー,0,455,50,83,55,600,30,290,280,300,250,200,1,NT5,Ｌ,57,76000,1,-3,3,4,その他／スパロボシリーズ
1948,サイクラノーシュ,0,625,60,45,80,600,30,290,280,250,250,250,1,NT5,Ｌ,62,76000,0,0,2,2,その他／スパロボシリーズ
1949,皇餓,0,570,57,66,50,600,30,290,280,350,200,200,1,NT5,Ｌ,60,76000,4,-2,0,-2,その他／スパロボシリーズ
1950,アイオーン,0,680,50,58,60,700,30,300,300,300,250,200,100,NT5,Ｌ,67,110000,1,-3,1,3,その他／スパロボシリーズ
1951,ザカール,0,408,58,120,75,630,20,180,190,180,180,150,140,－,Ｓ,63,92090,4,-4,5,3,その他／スパロボシリーズ
1952,ハイネ専用グフイグナイテッド,0,448,39,74,70,424,18,200,230,100,100,100,5,強6,Ｍ,41,11460,2,-3,2,2,MS系／ジオン・ネオジオン軍・ザフト／グフ系／ガンダムSEED DESTINY／専用機
1953,ブラックマンタ,0,400,32,115,95,550,25,170,170,170,170,150,150,強5,Ｓ,38,58000,-5,-3,0,5,スパロボシリーズ／車輌・戦闘機系
1954,ヴァイ・オ・ラ,0,516,46,110,75,600,20,200,200,100,90,80,150,NT4,Ｍ,54,64020,3,1,1,1,その他／ファイブスター物語
1955,積尸気,0,330,36,80,64,370,22,250,250,200,200,0,30,強4,Ｓ,36,12000,3,0,3,2,その他／スパロボシリーズ
1956,ジュノーン,0,408,46,110,65,525,20,200,200,180,150,150,90,NT4,Ｍ,47,46020,3,1,1,1,その他／ファイブスター物語
1957,レート・ジュノーン,0,612,52,120,75,770,20,350,350,300,300,300,250,NT7,Ｍ,64,200030,3,1,1,2,その他／ファイブスター物語
1958,ジュノーンo.d.k,0,612,52,150,100,875,20,350,350,300,300,300,500,NT7,Ｍ,92,218030,3,1,1,2,その他／ファイブスター物語
1959,フランベルジュ・テンプル,0,550,50,75,90,600,25,250,250,300,200,200,120,強5,Ｍ,68,40000,5,0,-3,-3,その他／ファイブスター物語
1960,コマンドザクCCI,0,430,45,75,99,440,20,200,200,100,100,100,30,強6,Ｍ,41,18000,3,-3,3,0,MS系／ザク系／ジオン・ネオジオン軍・ザフト／ガンダムSEED ASTRAY、MSV
1961,月詠専用武御雷,0,432,46,92,60,425,20,280,280,250,250,250,40,－,Ｍ,41,12600,3,-3,-2,2,その他／マブラヴ／専用機
1962,ドラムロ,0,332,27,70,60,204,15,60,50,60,60,0,40,NT3,Ｓ,46,7350,3,-2,0,5,その他／スパロボシリーズ／量産機
1963,ケーニッヒ・モンスター,0,700,78,35,80,700,20,280,320,270,270,290,100,－,Ｌ,71,76000,0,-2,1,2,その他／マクロスシリーズ
1964,ケーニッヒ・モンスター(G) ,1,700,78,35,99,700,20,280,320,270,270,290,100,－,Ｌ,71,0,0,-2,0,0,その他／マクロスシリーズ
1965,ケーニッヒ・モンスター(D) ,1,700,78,35,90,700,20,280,320,270,270,290,100,－,Ｌ,71,0,1,-2,1,-2,その他／マクロスシリーズ
1966,宇宙空母,0,800,60,30,160,720,80,200,280,0,0,200,80,－,Ｌ,68,28000,-2,-2,1,-1,艦船系／スパロボシリーズ
1967,ハイザック・キャノン,0,296,30,56,58,295,15,0,0,0,100,0,1,－,Ｍ,28,13800,0,-1,0,0,MS系／ザク系／連邦軍・ティターンズ・地球連合／アドバンス・オブ・ゼータ／量産機
1968,ズゴック長距離航行型,0,307,28,52,42,353,18,0,0,95,95,0,1,－,Ｍ,31,10230,2,3,-5,-4,MS系／ジオン・ネオジオン軍・ザフト／オリジナル系
1969,テムジンTYPE-a8,0,480,60,120,70,480,30,100,350,180,180,150,5,－,Ｍ,52,28000,2,-4,2,2,その他／スパロボシリーズ
1970,バーニア付きザク,0,480,40,75,75,470,40,190,200,165,170,170,50,－,Ｍ,43,12000,2,-4,-3,3,MS系／ザク系／ジオン・ネオジオン軍・ザフト／MSV(モビルスーツバリエーション)
1971,ファルケン,0,200,10,90,99,250,10,180,180,50,180,180,100,－,Ｓ,30,15000,-1,-6,-6,6,スパロボシリーズ／車輌・戦闘機系
1972,アンナマリー専用ダギ・イルス,0,489,45,106,80,520,18,180,160,150,150,0,50,－,Ｍ,50,18150,2,-3,2,0,MS系／機動戦士ガンダムF91／専用機
1973,0085仕様ジム改,0,304,29,54,58,333,18,0,50,55,58,0,1,－,Ｍ,28,9630,2,-5,2,-4,MS系／ジム系／連邦軍・ティターンズ・地球連合／量産機
1974,ダークダガーL,0,372,30,66,62,424,18,0,150,80,80,0,20,－,Ｍ,38,8610,2,-3,2,-4,MS系／連邦軍・ティターンズ・地球連合／ガンダムSEED DESTINY／量産機
1975,ダークダガーL対艦用ユニット装備,0,372,30,66,62,424,18,0,150,80,80,0,20,－,Ｍ,38,8610,2,-3,2,-4,MS系／連邦軍・ティターンズ・地球連合／ガンダムSEED DESTINY／量産機
1976,NダガーN,0,305,32,67,42,413,12,50,170,80,80,0,50,－,Ｍ,41,18000,1,0,0,0,MS系／連邦軍・ティターンズ・地球連合／ガンダムSEED ASTRAY、MSV
1977,マドラ仕様ファントム,0,580,55,110,90,600,55,350,350,110,110,280,80,NT7,Ｍ,72,28000,3,0,0,-2,その他／ファイブスター物語／専用機
1978,鉄人28号,0,720,84,45,50,525,18,200,200,200,200,200,300,－,Ｍ,45,28060,3,-3,-5,2,その他／スパロボシリーズ
1979,新鉄人28号,0,756,84,47,52,550,18,200,200,200,200,200,100,－,Ｍ,48,40060,3,-3,-5,2,その他／スパロボシリーズ
1980,鉄人28号FX,0,790,84,50,55,578,18,200,200,200,200,200,80,－,Ｍ,50,52060,3,-3,-5,-4,その他／スパロボシリーズ
1981,モンスター,0,700,88,20,30,600,20,400,400,200,200,200,100,－,Ｓ,48,18000,4,0,0,2,その他／スパロボシリーズ
1982,SV-51,0,280,22,105,80,400,20,160,180,170,170,150,20,－,Ｓ,34,12000,-2,-2,-5,5,マクロスシリーズ／車輌・戦闘機系
1983,SV-51(G) ,1,280,22,95,70,400,20,160,180,170,170,150,20,－,Ｓ,33,0,1,1,-2,1,その他／マクロスシリーズ
1984,SV-51(B) ,1,280,22,85,60,400,20,160,180,170,170,150,20,－,Ｓ,33,0,5,-2,-3,-2,その他／マクロスシリーズ
1985,Gキャノン重装型,0,387,38,73,66,430,20,0,135,0,0,150,1,－,Ｍ,40,15150,2,-4,2,0,MS系／連邦軍・ティターンズ・地球連合
1986,ヘビーガン重装型,0,384,36,83,60,430,18,150,175,160,160,160,1,－,Ｍ,40,12120,2,-3,2,0,MS系／ジム系／連邦軍・ティターンズ・地球連合
1987,ネオ・ジオン仕様マラサイ・カスタム,0,402,35,62,63,380,22,162,162,163,153,0,30,－,Ｍ,36,15210,2,-2,3,0,MS系／連邦軍・ティターンズ・地球連合
1988,ガンダムF90II(ヴェスバータイプ),0,450,42,85,120,420,28,270,275,280,260,240,120,－,Ｍ,50,18000,2,-2,2,-2,MS系／ガンダム系／連邦軍・ティターンズ・地球連合／機動戦士ガンダムF90
1989,ガウッサ,0,410,30,52,70,480,28,200,200,200,200,200,80,NT5,Ｍ,33,12000,2,-4,2,1,MS系／ガンダム系
1990,ガウッサII,0,460,35,67,70,530,28,250,250,250,250,250,20,NT5,Ｍ,43,15600,2,-4,2,1,MS系／ガンダム系
1991,ダイアポロン,0,900,80,54,60,600,80,300,300,250,250,250,250,－,ＬＬ,73,182000,2,0,2,2,その他／スパロボシリーズ
1992,ノヴィガゼル,0,240,14,75,60,300,12,0,100,200,200,0,20,－,ＳＳ,32,1650,3,-5,4,-5,その他／ボトムズシリーズ
1993,カリオン,0,330,40,115,70,400,20,270,280,260,260,270,20,－,Ｍ,38,24400,-4,-6,2,3,その他／バンプレストオリジナル
1994,ガーリオン,0,410,46,100,90,400,20,280,280,260,260,270,10,－,Ｍ,51,25600,3,-6,3,2,その他／バンプレストオリジナル
1995,アストレイアウトフレーム,0,340,38,80,70,450,32,210,210,220,220,220,50,－,Ｍ,48,52000,3,-3,0,0,MS系／ガンダム系／ガンダムSEED ASTRAY、MSV
1996,エールアウトフレーム,0,340,38,80,70,480,32,210,210,220,220,220,40,－,Ｍ,48,52000,1,-3,3,0,MS系／ガンダム系／ガンダムSEED ASTRAY、MSV
1997,アウトフレームバックホーム,0,340,38,80,70,480,32,210,210,220,220,220,40,－,Ｍ,48,52000,3,-3,0,0,MS系／ガンダム系／ガンダムSEED ASTRAY、MSV
1998,アウトフレームGフライト,0,340,38,80,70,480,32,210,210,220,220,220,40,－,Ｍ,48,52000,0,-3,0,0,MS系／ガンダム系／ガンダムSEED ASTRAY、MSV
1999,アウトフレームGフライト(MA) ,1,340,38,80,70,480,32,210,210,220,220,220,40,－,Ｍ,48,0,-3,-3,0,5,MA系／ガンダム系／ガンダムSEED ASTRAY、MSV
2000,シルバーフリューゲル,0,500,40,95,75,410,22,200,260,200,200,0,150,－,Ｍ,49,15000,0,-2,1,0,MS系／ガンダム系／オリジナル系
2001,デスティニーインパルス,0,481,46,93,80,594,20,310,330,240,250,200,50,強5,Ｍ,52,49840,2,-4,2,2,MS系／ガンダム系／ジオン・ネオジオン軍・ザフト／ガンダムSEED ASTRAY、MSV
2002,マラサイ改,0,452,33,77,63,371,22,162,152,163,153,0,40,－,Ｍ,38,14100,2,-3,2,-3,MS系／連邦軍・ティターンズ・地球連合／Z-MSV
2003,モモコ専用マラサイ改,0,452,33,79,63,376,20,182,172,173,163,0,40,－,Ｍ,39,14100,2,-3,2,-3,MS系／連邦軍・ティターンズ・地球連合／Z-MSV／専用機
2004,増加装甲仕様ハイザック・キャノン,0,345,35,61,58,354,18,0,0,0,100,0,5,－,Ｍ,34,12150,2,-3,2,-4,MS系／ザク系／連邦軍・ティターンズ・地球連合／アドバンス・オブ・ゼータ
2005,新型推力テスト仕様ネオガンダム,0,400,48,93,108,480,30,300,300,260,300,250,30,－,Ｍ,54,12000,-2,-5,5,-3,MS系／ガンダム系／シルエットフォーミュラ
2006,アカハナ専用アッガイ,0,275,22,52,42,300,19,10,30,30,15,0,10,－,Ｍ,28,6810,2,3,-5,-3,MS系／ジオン・ネオジオン軍・ザフト／専用機
2007,シャア専用ズガッグ,0,330,28,65,42,310,17,80,80,95,95,0,30,－,Ｍ,29,4500,2,3,-3,-1,MS系／ジオン・ネオジオン軍・ザフト／専用機
2008,オデュッセウスガンダム,0,440,57,100,90,560,46,300,300,270,270,270,50,NT4,Ｍ,52,13200,0,-3,2,1,MS系／ガンダム系／連邦軍・ティターンズ・地球連合／閃光のハサウェイ
2009,グフイグナイテッド,0,415,39,74,70,424,18,200,230,100,100,100,45,強6,Ｍ,41,11460,2,-3,2,2,MS系／ジオン・ネオジオン軍・ザフト／グフ系／ガンダムSEED DESTINY／量産機
2010,ライヴ仕様ザクウォーリア,0,368,37,68,60,360,20,200,200,100,100,100,5,強6,Ｍ,41,9810,3,-3,3,0,MS系／ザク系／ジオン・ネオジオン軍・ザフト／ガンダムSEED DESTINY
2011,ゲルズゲー,0,481,44,72,65,636,50,130,210,0,120,205,130,－,Ｌ,57,19260,-2,1,2,2,MA系／連邦軍・ティターンズ・地球連合／ガンダムSEED DESTINY
2012,デスティニーガンダム,0,548,57,117,95,700,20,310,380,240,250,200,130,強5,Ｍ,71,151400,2,-4,3,3,MS系／ガンダム系／ジオン・ネオジオン軍・ザフト／ガンダムSEED DESTINY
2013,キュマイラ,0,300,20,59,52,210,12,10,60,50,50,0,20,－,Ｓ,26,11400,5,-2,-5,-5,その他／スパロボシリーズ
2014,ブラッカリィ,0,460,30,45,52,320,18,150,150,145,145,0,20,－,Ｍ,34,19200,5,-5,-2,1,その他／スパロボシリーズ
2015,ポセイドン,0,700,52,50,50,700,80,200,100,190,190,190,190,－,Ｌ,57,64000,2,3,-5,0,その他／スパロボシリーズ
2016,風龍,0,515,60,55,70,550,20,250,250,220,220,220,100,強3,Ｍ,48,24400,3,-5,2,2,その他／勇者・エルドランシリーズ
2017,雷龍,0,515,60,55,70,550,20,250,250,220,220,220,1,強3,Ｍ,48,24400,3,-5,2,2,その他／勇者・エルドランシリーズ
2018,撃龍神,0,650,75,57,70,600,20,350,350,220,220,220,100,強3,Ｍ,60,66400,3,-5,2,2,その他／勇者・エルドランシリーズ
2019,青騎士,0,552,55,85,50,550,20,110,100,120,120,0,100,－,Ｍ,51,49620,3,-3,-1,-3,その他／ファイブスター物語
2020,ブラックグラード,0,600,50,68,55,500,40,350,350,110,110,280,50,－,Ｍ,67,110000,4,-1,2,0,その他／ファイブスター物語
2021,軽装仕様L.E.D.ミラージュ,0,528,55,115,90,670,18,300,300,110,110,280,265,強5,Ｍ,59,110030,3,0,1,-2,その他／ファイブスター物語
2022,L.E.D.ミラージュ・バビロンズ,0,550,50,95,90,700,55,350,350,110,110,280,50,強5,Ｍ,73,110000,3,0,2,-2,その他／ファイブスター物語
2023,ルン仕様シュペルター,0,588,50,115,80,730,20,350,350,200,200,280,30,－,Ｍ,60,182030,3,1,1,1,その他／ファイブスター物語／専用機
2024,E-75,0,230,18,40,62,250,20,0,30,0,30,30,1,－,Ｓ,25,450,4,-4,-5,-5,車輌・戦闘機系／ファイブスター物語
2025,ガイア・ギアα,0,740,40,95,78,680,48,350,350,350,350,350,300,NT5,Ｍ,68,200000,2,-4,3,1,MS系／ガンダム系
2026,ガイア・ギアα(MA) ,1,740,40,85,78,680,28,350,350,350,350,350,300,NT5,Ｍ,68,0,-2,-4,3,3,MA系／ガンダム系
2027,ジム・スナイパーカスタムAS-1,0,260,25,40,69,250,12,50,0,0,0,50,1,－,Ｍ,26,10440,2,-3,0,-4,MS系／ジム系／連邦軍・ティターンズ・地球連合／MSV(モビルスーツバリエーション)
2028,バラン・シュナイル,0,900,90,75,90,940,70,330,340,255,250,250,400,－,Ｌ,89,740000,2,-3,3,3,その他／バンプレストオリジナル
2029,武者頑駄無(軽装形態),0,350,28,70,58,325,20,130,130,130,130,0,5,－,Ｍ,32,8400,2,0,1,1,MS系／ガンダム系／オリジナル系
2030,バルトフェルド専用ムラサメ,0,422,36,81,60,509,17,200,230,100,100,100,10,－,Ｍ,44,11520,2,-3,2,2,MS系／ジオン・ネオジオン軍・ザフト／ガンダムSEED DESTINY／専用機
2031,バルトフェルド専用ムラサメ(MA) ,1,422,36,81,60,509,17,200,230,100,100,100,10,－,Ｍ,44,0,-5,-5,2,3,MA系／ジオン・ネオジオン軍・ザフト／ガンダムSEED DESTINY／専用機
2032,サイコ・ガンダム00-1,0,600,42,70,90,600,30,320,200,200,230,200,200,強4,Ｌ,62,83000,2,-4,0,1,MS系／ガンダム系／連邦軍・ティターンズ・地球連合／オリジナル系
2033,ストライクフリーダム,0,548,55,122,90,720,18,370,400,250,270,250,250,強5,Ｍ,82,106490,1,-4,4,3,MS系／ガンダム系／ガンダムSEED DESTINY
2034,カンナ専用神武,0,260,42,46,30,350,15,250,250,0,0,0,50,NT5,ＳＳ,38,12000,5,-5,-5,-3,その他／サクラ大戦シリーズ／専用機
2035,紅蘭専用神武,0,260,36,34,35,350,15,250,250,0,0,0,50,NT5,ＳＳ,38,12000,5,-5,-5,-3,その他／サクラ大戦シリーズ／専用機
2036,アイリス専用神武,0,260,40,34,30,350,15,250,250,0,0,0,50,NT5,ＳＳ,38,12000,5,-5,-5,-3,その他／サクラ大戦シリーズ／専用機
2037,マリア専用神武,0,260,32,38,45,350,15,250,250,0,0,0,50,NT5,ＳＳ,38,12000,5,-5,-5,-3,その他／サクラ大戦シリーズ／専用機
2038,すみれ専用神武,0,260,34,38,45,350,15,250,250,0,0,0,50,NT5,ＳＳ,38,12000,5,-5,-5,-3,その他／サクラ大戦シリーズ／専用機
2039,さくら専用神武,0,260,30,42,30,350,15,250,250,0,0,0,50,NT5,ＳＳ,38,12000,5,-5,-5,-3,その他／サクラ大戦シリーズ／専用機
2040,ZZガンダム改,0,500,47,101,82,616,23,220,220,200,200,220,120,NT4,Ｍ,54,49900,2,-4,3,-2,MS系／ガンダム系／エウーゴ・カラバ
2041,ZZガンダム改・改,0,500,47,104,82,634,23,220,220,200,200,220,30,NT4,Ｍ,56,52120,2,-4,3,-2,MS系／ガンダム系／エウーゴ・カラバ
2042,グレイターキン,0,900,56,110,85,630,40,300,300,250,250,250,500,－,Ｍ,77,572000,0,-5,4,2,その他／バンプレストオリジナル
2043,グレイターキンII,0,900,60,110,90,680,40,300,300,250,250,250,300,強5,Ｍ,79,596000,1,-5,3,3,その他／バンプレストオリジナル
2044,バロンズゥ,0,400,60,80,70,450,20,270,270,90,270,300,180,NT5,Ｓ,65,76000,2,2,2,0,その他／スパロボシリーズ
2045,コルドバ,0,2100,80,30,150,900,100,300,300,200,200,300,200,－,ＬＬ,150,500000,-6,-6,2,0,艦船系／スパロボシリーズ
2046,エアリーズ(MA) ,1,288,24,49,62,360,16,250,250,230,240,210,10,－,Ｍ,21,0,0,-4,3,-5,MA系／新機動戦記ガンダムW
2047,ネモIII,0,368,37,70,68,397,21,130,150,0,90,0,25,－,Ｍ,38,12810,2,-3,2,-4,MS系／ジム系／エウーゴ・カラバ／Z-MSV
2048,ガルバルディβ(バリュートパック装備),0,350,30,58,55,385,11,0,125,125,125,0,10,－,Ｍ,34,10800,0,0,2,0,MS系／連邦軍・ティターンズ・地球連合／機動戦士Zガンダム
2049,ヴァルシオン,0,840,90,65,90,900,80,300,300,300,300,300,270,－,Ｌ,87,596000,3,-3,3,3,その他／バンプレストオリジナル
2050,レジェンドガンダム,0,564,50,110,90,630,18,260,300,100,120,180,80,強5,Ｍ,58,54420,0,-4,3,1,MS系／ガンダム系／ジオン・ネオジオン軍・ザフト／ガンダムSEED DESTINY
2051,フィッシュアイ,0,160,18,30,60,175,9,0,0,0,10,0,5,－,Ｓ,17,360,-3,3,-3,-4,その他／連邦軍・ティターンズ・地球連合
2052,ワイヤーヘッド,0,260,18,60,62,220,11,0,30,30,0,0,5,－,Ｍ,23,4200,2,-2,-2,-1,MS系／ザク系／ジオン・ネオジオン軍・ザフト／オリジナル系
2053,ブレードヘッド,0,260,21,50,40,220,11,0,30,30,0,0,5,－,Ｍ,23,4200,2,-2,-2,-1,MS系／ザク系／ジオン・ネオジオン軍・ザフト／オリジナル系
2054,ブービーヘッド,0,260,21,50,70,220,11,0,30,30,0,0,5,－,Ｍ,23,4200,3,-2,-2,-1,MS系／ザク系／ジオン・ネオジオン軍・ザフト／オリジナル系
2055,オリヤ専用スコープドッグ,0,250,14,65,60,300,10,0,0,150,150,0,5,－,ＳＳ,31,1500,5,-5,-5,-5,その他／ボトムズシリーズ／専用機
2056,量産型Zガンダム,0,408,40,90,80,490,20,240,260,190,220,240,30,－,Ｍ,35,14410,2,0,2,-4,MS系／ガンダム系／エウーゴ・カラバ／Z-MSV／量産機
2057,デススティンガーZS,0,850,85,75,100,750,80,350,350,350,380,380,50,強3,Ｌ,79,740000,5,0,-4,-4,その他／ゾイドシリーズ／スパロボシリーズ
2058,シルバースター,0,330,40,50,65,300,15,300,300,0,0,0,100,NT5,ＳＳ,35,13200,5,-5,-5,-5,その他／サクラ大戦シリーズ／専用機
2059,ランダムスター,0,330,40,50,65,300,15,300,300,0,0,0,100,NT5,ＳＳ,37,16500,5,-5,-5,-5,その他／サクラ大戦シリーズ／専用機
2060,ランダムスター(空戦形態) ,1,330,40,50,65,300,15,300,300,0,0,0,100,NT5,ＳＳ,37,0,-5,-5,-5,5,その他／サクラ大戦シリーズ／専用機
2061,サイレントスター,0,330,40,50,65,300,15,300,300,0,0,0,80,NT5,ＳＳ,37,16500,5,-5,-5,-5,その他／サクラ大戦シリーズ／専用機
2062,サイレントスター(空戦形態) ,1,330,40,50,65,300,15,300,300,0,0,0,80,NT5,ＳＳ,37,0,-5,-5,-5,5,その他／サクラ大戦シリーズ／専用機
2063,シューティングスター,0,330,40,50,65,300,15,300,300,0,0,0,100,NT5,ＳＳ,37,16500,5,-5,-5,-5,その他／サクラ大戦シリーズ／専用機
2064,シューティングスター(空戦形態) ,1,330,40,50,65,300,15,300,300,0,0,0,100,NT5,ＳＳ,37,0,-5,-5,-5,5,その他／サクラ大戦シリーズ／専用機
2065,ハイウェイスター,0,330,40,50,65,300,15,300,300,0,0,0,100,NT5,ＳＳ,37,16500,5,-5,-5,-5,その他／サクラ大戦シリーズ／専用機
2066,ハイウェイスター(空戦形態) ,1,330,40,50,65,300,15,300,300,0,0,0,100,NT5,ＳＳ,37,0,-5,-5,-5,5,その他／サクラ大戦シリーズ／専用機
2067,ロデオスター,0,330,40,50,65,300,15,300,300,0,0,0,100,NT5,ＳＳ,37,16500,5,-5,-5,-5,その他／サクラ大戦シリーズ／専用機
2068,ロデオスター(空戦形態) ,1,330,40,50,65,300,15,300,300,0,0,0,100,NT5,ＳＳ,37,0,-5,-5,-5,5,その他／サクラ大戦シリーズ／専用機
2069,フジヤマスター,0,330,40,50,65,300,15,300,300,0,0,0,100,NT5,ＳＳ,37,16500,5,-5,-5,-5,その他／サクラ大戦シリーズ／専用機
2070,フジヤマスター(空戦形態) ,1,330,40,50,65,300,15,300,300,0,0,0,100,NT5,ＳＳ,37,0,-5,-5,-5,5,その他／サクラ大戦シリーズ／専用機
2071,刃馬一体,0,860,70,85,80,1090,50,450,450,500,400,390,500,－,Ｌ,90,326090,5,-3,2,0,その他／バンプレストオリジナル
2072,シャゴホッド,0,230,18,40,90,300,20,25,200,250,250,300,50,－,Ｍ,30,16800,3,-4,-5,-5,スパロボシリーズ／車輌・戦闘機系
2073,KOS-MOS,0,130,20,60,90,300,20,300,300,300,300,300,300,強5,ＳＳ,33,500000,4,-5,4,-5,人系
2074,ニルヴァーシュ,0,375,38,118,60,400,20,250,280,250,100,50,150,－,Ｍ,45,28000,-1,-2,-4,3,その他／スパロボシリーズ
2075,ニルヴァーシュ(BM) ,1,375,38,118,60,400,20,250,280,250,100,50,150,－,Ｍ,45,0,4,0,-3,0,スパロボシリーズ／車輌・戦闘機系
2076,ベルグバウ,0,435,52,115,70,560,30,200,200,195,195,195,100,強5,Ｍ,48,64000,3,-2,4,0,その他／バンプレストオリジナル
2077,ディス・アストラナガン,0,520,60,120,100,700,30,450,450,450,450,450,310,強5,Ｍ,58,64000,3,-2,4,3,その他／バンプレストオリジナル
2078,レプリカナインボール,0,500,55,80,60,480,32,200,350,350,270,130,95,強5,Ｍ,49,36400,4,-6,1,3,その他／スパロボシリーズ
2079,バトル7,0,2100,53,10,100,900,80,350,350,350,350,350,120,－,ＸＬ,111,500000,-6,-6,0,0,艦船系／マクロスシリーズ
2080,バトル7(強攻型) ,1,2100,53,5,100,900,80,350,350,350,350,350,120,－,ＸＬ,111,0,-4,-6,0,0,艦船系／マクロスシリーズ
2081,雷鳳,0,580,64,85,50,560,80,200,200,195,195,195,10,－,Ｌ,61,92000,2,-2,-3,-3,その他／バンプレストオリジナル
2082,大雷鳳,0,620,64,95,50,660,80,200,350,195,195,195,10,－,Ｌ,66,92000,2,-2,-3,-3,その他／バンプレストオリジナル
2083,インフィニットジャスティス,0,548,52,113,90,720,18,370,400,250,270,250,380,強5,Ｍ,86,106490,1,-4,4,4,MS系／ガンダム系／ガンダムSEED DESTINY
2084,ガナドゥール,0,450,48,65,50,400,25,300,300,250,250,0,5,－,Ｍ,43,40000,4,-3,3,2,その他／バンプレストオリジナル
2085,ストレーガ,0,480,60,50,58,450,25,300,300,300,0,0,5,－,Ｍ,43,40000,3,-4,2,4,その他／バンプレストオリジナル
2086,フォルテギガス,0,960,62,75,65,980,51,350,350,350,300,300,550,－,Ｌ,80,218030,4,-2,4,2,その他／バンプレストオリジナル
2087,エール・シュヴァリアー,0,420,38,85,72,380,20,300,300,300,250,0,80,－,Ｍ,45,40000,4,-2,3,-4,その他／バンプレストオリジナル
2088,ジェアン・シュヴァリアー,0,790,53,87,85,450,25,350,350,350,0,0,120,－,ＬＬ,58,76000,-4,-4,3,4,その他／バンプレストオリジナル
2089,ブランシュネージュ,0,380,35,90,78,400,20,300,300,0,250,300,5,－,Ｍ,45,40000,1,-5,3,4,その他／バンプレストオリジナル
2090,デア・ブランシュネージュ,0,730,45,92,90,600,25,300,300,0,250,300,120,－,Ｌ,58,76000,-4,-4,3,4,その他／バンプレストオリジナル
2091,ファービュラリス,0,600,72,90,85,600,28,350,350,300,300,350,150,強5,Ｍ,70,146000,2,-3,2,3,その他／バンプレストオリジナル
2092,ストゥディウム,0,607,40,90,75,480,25,350,350,350,300,300,150,強5,Ｍ,59,146000,2,-5,4,4,その他／バンプレストオリジナル
2093,ライガーゼロファルコン,0,636,50,120,70,630,20,300,350,300,260,170,110,－,Ｍ,60,78460,6,-5,-6,3,その他／ゾイドシリーズ／スパロボシリーズ
2094,ASソレアレス,0,415,40,100,70,520,20,200,300,270,200,100,110,－,Ｍ,44,28000,3,-2,3,-2,その他／バンプレストオリジナル
2095,ASアレグリアス,0,480,48,115,80,630,20,200,380,300,280,100,1,－,Ｍ,51,34000,3,-2,4,3,その他／バンプレストオリジナル
2096,エアリーズ,0,288,24,49,62,360,16,250,250,230,240,210,10,－,Ｍ,21,5040,1,-4,2,-5,MS系／新機動戦記ガンダムW
2097,ガストテンプル,0,480,50,65,55,450,20,200,200,150,100,100,45,強4,Ｍ,51,10800,3,0,-1,-2,その他／ファイブスター物語
2098,オラクル,0,500,45,70,55,500,20,200,350,270,320,200,100,－,Ｓ,51,40000,4,-6,0,0,その他／スパロボシリーズ
2099,タチイエロー,0,100,12,60,68,300,12,10,30,30,0,0,1,強2,ＳＳ,22,6600,4,0,-2,-1,スパロボシリーズ／車輌・戦闘機系
2100,タチシルバー,0,100,12,60,68,300,12,10,30,30,0,0,1,強2,ＳＳ,22,6600,4,0,-2,-1,スパロボシリーズ／車輌・戦闘機系
2101,ウチコマ,0,100,12,60,68,300,12,10,30,30,0,0,1,強2,ＳＳ,22,6600,4,0,-2,-1,スパロボシリーズ／車輌・戦闘機系
2102,キャンサー,0,370,30,70,50,180,12,0,120,155,85,0,5,－,Ｍ,27,2610,-6,4,-6,-6,MS系／新機動戦記ガンダムW
2103,キャンサー(MA) ,1,370,30,70,60,180,12,0,120,155,85,0,5,－,Ｍ,27,0,-6,5,-6,-6,MA系／新機動戦記ガンダムW
2104,グスタフ・カール,0,432,56,113,78,460,18,150,175,150,150,150,10,－,Ｍ,37,52360,1,-3,2,-5,MS系／連邦軍・ティターンズ・地球連合／閃光のハサウェイ／量産機
2105,ザクスプレンダー,0,430,45,70,80,550,20,200,200,100,100,100,1,強6,Ｍ,44,19200,2,-3,3,0,MS系／ザク系／ジオン・ネオジオン軍・ザフト
2106,フェイオスバルキリー,0,380,40,110,65,500,20,250,270,250,250,250,60,強4,Ｍ,44,64000,-2,-2,4,4,マクロスシリーズ／車輌・戦闘機系
2107,フェイオスバルキリー(B) ,1,380,44,100,65,500,20,250,270,250,250,250,60,強4,Ｓ,44,0,5,-2,3,-2,その他／マクロスシリーズ
2108,グレートゴルドラン,0,700,70,65,70,740,28,300,280,270,270,270,10,強5,Ｍ,71,164000,2,-4,1,3,その他／勇者・エルドランシリーズ
2109,ライジンオー,0,550,50,40,60,540,25,300,250,250,250,200,180,－,Ｌ,56,70000,2,-3,1,2,その他／勇者・エルドランシリーズ
2110,轟龍,0,768,62,80,60,700,30,280,290,250,250,250,200,－,Ｍ,65,28020,2,-3,1,3,その他／勇者・エルドランシリーズ
2111,ジガバチ,0,300,20,60,52,320,12,10,40,30,0,0,5,－,Ｓ,29,7800,-4,-3,-4,3,スパロボシリーズ／車輌・戦闘機系
2112,ジガバチAV,0,300,20,60,65,320,12,10,40,30,0,0,5,－,Ｓ,29,9000,-4,-3,-4,3,スパロボシリーズ／車輌・戦闘機系
2113,メカブトン,0,300,22,30,40,290,16,0,20,0,0,0,10,－,Ｍ,25,4650,3,-3,-4,2,その他／スパロボシリーズ
2114,メギロート,0,330,20,60,40,250,15,100,100,0,0,0,10,－,Ｓ,26,6000,-2,-4,2,1,その他／バンプレストオリジナル
2115,アンティノラ,0,550,60,60,65,470,25,100,150,0,0,150,90,NT2,Ｍ,45,40000,-1,-3,3,2,その他／バンプレストオリジナル
2116,ジュデッカ,0,800,113,50,90,770,40,350,380,200,200,350,200,NT5,Ｌ,78,620000,2,-2,4,2,その他／バンプレストオリジナル
2117,ファイヤーダグオン,0,684,56,60,55,800,20,280,280,250,250,250,100,強5,Ｍ,63,52060,3,0,0,2,その他／勇者・エルドランシリーズ
2118,量産型ゲシュペンストMk-II,0,350,32,80,75,300,25,280,280,250,235,235,30,－,Ｍ,42,18000,3,2,4,-2,その他／バンプレストオリジナル／量産機
2119,カチーナ専用量産型ゲシュペンストMk-II,0,350,32,80,75,300,25,280,280,250,235,235,20,－,Ｍ,42,22000,3,2,4,-2,その他／バンプレストオリジナル／専用機
2120,ドムトルーパー,0,430,43,71,60,403,17,190,240,120,120,0,20,強5,Ｍ,40,12060,4,-2,2,-4,MS系／ドム系／ガンダムSEED DESTINY／量産機
2121,アッグ武装型,0,256,21,60,42,283,15,0,20,30,0,0,1,－,Ｍ,27,6630,2,0,-5,-4,MS系／ジオン・ネオジオン軍・ザフト／MSV(モビルスーツバリエーション)
2122,カラバ仕様ギャプラン,0,422,43,113,70,454,19,150,185,185,185,0,20,－,Ｍ,46,46240,2,-3,2,-4,MS系／エウーゴ・カラバ／Z-MSV
2123,カラバ仕様ギャプラン(MA) ,1,422,43,120,70,454,19,150,185,185,185,0,20,－,Ｍ,46,0,-5,-5,4,3,MA系／エウーゴ・カラバ／Z-MSV
2124,ジーグ・パーンサロイド,0,600,70,90,60,700,80,280,290,250,250,250,50,強5,Ｓ,67,146000,3,-3,1,4,その他／スパロボシリーズ
2125,アレグレット,0,700,65,50,90,640,80,250,250,220,220,170,1,NT2,Ｌ,70,76000,2,-6,0,3,その他／スパロボシリーズ
2126,フロッグ・ボール,0,150,16,30,40,175,8,0,0,10,0,0,1,－,Ｓ,15,330,-3,3,-2,-2,その他／連邦軍・ティターンズ・地球連合／オリジナル系
2127,寒冷地用ドム,0,300,28,56,48,326,18,0,0,85,85,0,1,－,Ｍ,30,9270,3,-2,-5,-4,MS系／ジオン・ネオジオン軍・ザフト／ドム系／オリジナル系
2128,猿皇,0,510,45,55,75,590,35,200,180,200,150,100,90,－,Ｌ,57,46000,5,1,2,-4,その他／スパロボシリーズ
2129,マガルガ,0,800,50,65,70,800,30,300,380,200,150,100,220,－,Ｍ,81,620000,3,-3,2,4,その他／バンプレストオリジナル
2130,マリン・ハイザック,0,350,22,45,42,225,12,0,60,0,40,0,5,－,Ｍ,25,9600,1,4,-4,-3,MS系／ザク系／ジオン・ネオジオン軍・ザフト／機動戦士ガンダムZZ
2131,プロトタイプリック・ディアス,0,390,40,81,50,406,18,150,170,0,0,0,100,－,Ｍ,39,18210,1,-1,2,-2,MS系／エウーゴ・カラバ／M-MSV(大河原邦夫コレクション)
2132,猿皇(飛翔型),0,560,50,62,85,630,35,200,180,200,150,100,30,－,Ｌ,67,64000,0,-3,4,6,その他／スパロボシリーズ
2133,グライムカイザル,0,336,50,110,60,450,10,130,140,130,130,120,30,－,Ｓ,42,28020,1,-4,3,3,その他／スパロボシリーズ／専用機
2134,アザルトガリアン,0,600,75,70,50,460,25,300,300,300,300,300,50,－,Ｍ,54,64000,5,-2,-2,0,その他／スパロボシリーズ
2135,爆猿皇,0,950,60,65,90,750,40,350,300,400,300,250,200,－,ＬＬ,80,290000,3,3,0,-1,その他／スパロボシリーズ
2136,ティベ,0,1050,32,42,72,650,90,0,220,100,120,180,50,－,ＬＬ,66,76000,-3,-5,3,-1,艦船系／ジオン・ネオジオン軍・ザフト／ポケットの中の戦争
2137,グワンザン,0,1200,28,25,180,900,80,0,260,100,130,200,50,－,ＬＬ,82,182000,-3,-5,5,0,艦船系／ジオン・ネオジオン軍・ザフト／スターダストメモリー
2138,スカルガンナー,0,480,40,65,70,350,20,130,140,130,130,120,10,－,Ｓ,48,12000,1,-3,4,4,その他／スパロボシリーズ
2139,グフクラッシャー,0,510,52,80,80,396,20,200,230,200,100,100,30,強6,Ｍ,46,25600,3,-3,0,3,MS系／ジオン・ネオジオン軍・ザフト／グフ系／ガンダムSEED ASTRAY、MSV
2140,デスティニーインパルス3号機,0,481,46,93,80,594,20,310,330,240,250,200,5,強5,Ｍ,52,49840,2,-4,2,2,MS系／ガンダム系／ジオン・ネオジオン軍・ザフト／ガンダムSEED ASTRAY、MSV
2141,クルツ専用ガーンズバック,0,315,28,90,50,250,15,250,250,100,180,100,30,－,Ｓ,29,15000,4,1,-5,-4,その他／スパロボシリーズ／専用機
2142,マオ専用ガーンズバック,0,315,28,90,50,250,15,250,250,150,140,100,10,－,Ｓ,29,15000,4,1,-5,-4,その他／スパロボシリーズ／専用機
2143,メタルウルフ,0,350,30,70,80,320,30,250,250,100,100,150,100,－,ＳＳ,44,16800,5,-2,-1,2,その他／スパロボシリーズ／専用機
2144,ゲム・カモフ,0,250,16,55,42,225,11,0,30,30,0,0,1,－,Ｍ,22,3900,2,-2,0,0,MS系／ザク系／ジオン・ネオジオン軍・ザフト／オリジナル系
2145,レスキュート,0,340,35,75,70,300,30,100,100,80,90,100,20,－,Ｍ,42,6000,0,2,3,3,その他／スパロボシリーズ
2146,レスキュート改,0,360,40,80,75,350,30,105,100,85,95,105,30,－,Ｍ,45,10800,0,3,4,4,その他／スパロボシリーズ
2147,ジェットアローン改,0,450,50,50,40,600,30,200,200,100,0,0,1,－,Ｌ,54,110000,3,-3,-2,-5,その他／新世紀エヴァンゲリオン
2148,ハヤテライガー,0,490,44,105,90,556,20,220,220,240,120,120,1,－,Ｍ,52,62020,4,-3,-5,0,その他／ゾイドシリーズ／スパロボシリーズ
2149,ムゲンライガー,0,490,52,96,75,556,20,340,340,340,120,120,1,－,Ｍ,52,62020,4,-3,-5,0,その他／ゾイドシリーズ／スパロボシリーズ
2150,フォックスアイ,0,500,50,40,70,600,25,200,370,200,320,320,65,－,Ｓ,50,40000,5,-6,0,-2,その他／スパロボシリーズ
2151,ラルゴ仕様ブーレイ,0,510,68,62,80,500,30,180,180,150,150,120,55,－,Ｍ,57,18000,3,0,-2,-4,その他／ファイブスター物語
2152,ブルーノ仕様ブーレイ,0,510,68,52,70,500,30,150,150,150,150,120,45,－,Ｍ,55,15000,3,0,-2,-4,その他／ファイブスター物語
2153,ギエロ仕様ブーレイ,0,510,68,52,70,500,30,150,150,150,150,120,45,－,Ｍ,55,15000,3,0,-2,-4,その他／ファイブスター物語
2154,アウドムラ,0,790,32,33,80,700,200,0,300,150,200,300,100,－,ＬＬ,58,146000,-4,-5,-4,3,艦船系／エウーゴ・カラバ／機動戦士Zガンダム／機動戦士ガンダムZZ
2155,量産型アルセイデス,0,444,45,63,45,348,8,10,30,30,0,0,10,強2,Ｓ,37,15690,4,0,-2,-1,その他／スパロボシリーズ／量産機
2156,オレアデス,0,250,20,65,45,300,17,10,30,30,0,0,10,強2,Ｓ,27,10800,4,0,-2,-1,その他／スパロボシリーズ
2157,漣飛威,0,650,55,100,80,420,40,260,290,250,230,0,100,NT5,Ｍ,51,38980,0,-1,3,0,MS系／オリジナル系
2158,高機動仕様ガルバルディβ,0,395,42,65,65,422,19,150,150,150,150,0,20,強1,Ｍ,40,14070,1,0,2,0,MS系／連邦軍・ティターンズ・地球連合／アドバンス・オブ・ゼータ
2159,エプシィガンダム,0,450,55,100,90,430,20,250,250,210,220,200,10,－,Ｍ,44,28000,3,-1,3,0,MS系／ガンダム系／エウーゴ・カラバ／機動戦士Zガンダム
2160,メガアーマーガンダムMk-II,0,400,36,83,62,370,15,155,160,155,165,0,30,－,Ｍ,31,16500,0,-1,0,0,MS系／ガンダム系／エウーゴ・カラバ／オリジナル系
2161,グレートマイトガイン,0,876,60,75,80,770,30,280,280,250,250,250,10,－,Ｌ,70,119030,3,-2,1,3,その他／勇者・エルドランシリーズ
2162,クァドラン・キルカ,0,440,40,115,90,500,10,220,220,220,220,220,30,強4,Ｍ,55,52000,3,-2,3,1,その他／マクロスシリーズ
2163,デモンベイン・トゥーソード,0,720,50,60,70,700,30,290,280,300,250,250,20,NT4,Ｌ,78,164000,3,0,0,2,その他／スパロボシリーズ
2164,爆撃姫,0,510,40,60,90,450,40,120,120,60,120,200,90,－,Ｌ,53,19800,4,2,1,-5,その他／スパロボシリーズ
2165,爆撃姫・改,0,555,45,70,110,530,45,225,225,165,220,301,30,－,Ｌ,60,37600,4,3,2,-4,その他／スパロボシリーズ
2166,キラ仕様ストライクルージュ,0,408,41,83,40,424,30,180,240,100,120,80,5,－,Ｍ,43,15000,2,-4,4,3,MS系／ガンダム系／ガンダムSEED DESTINY
2167,バルトフェルド専用ガイアガンダム,0,455,41,97,90,430,20,280,300,150,80,60,5,強2,Ｍ,44,14460,2,-5,3,-1,MS系／ガンダム系／ガンダムSEED DESTINY／専用機
2168,バルトフェルド専用ガイアガンダム(MA) ,1,455,41,91,90,430,20,280,300,150,80,60,5,強2,Ｍ,44,0,5,-6,-2,-2,MA系／ガンダム系／ガンダムSEED DESTINY／専用機
2169,指揮官仕様ドーベン・ウルフ,0,467,56,113,60,478,22,190,200,170,200,0,10,－,Ｍ,48,53620,2,-3,2,-4,MS系／ジオン・ネオジオン軍・ザフト／機動戦士ガンダムZZ
2170,グレートエクスカイザー,0,780,58,85,65,870,32,280,290,270,250,250,270,強5,Ｌ,71,76060,3,-3,2,-3,その他／勇者・エルドランシリーズ
2171,爆砕姫,0,380,40,68,55,400,25,120,120,200,120,0,75,－,Ｌ,46,18000,5,2,0,-5,その他／スパロボシリーズ
2172,爆砕姫・改,0,430,45,80,60,480,28,125,125,205,125,0,30,－,Ｌ,53,30400,5,3,1,-5,その他／スパロボシリーズ
2173,ゴッドライジンオー,0,680,50,70,60,700,41,300,300,250,250,200,50,－,Ｌ,68,146000,2,-4,1,3,その他／勇者・エルドランシリーズ
2174,ジェイダー,0,500,60,50,70,480,25,260,280,200,230,250,50,強5,Ｍ,53,76000,3,-2,5,-1,その他／勇者・エルドランシリーズ
2175,ジェイアーク,0,810,64,62,72,760,35,300,370,200,230,250,100,強5,ＬＬ,78,146000,1,-3,3,2,艦船系／勇者・エルドランシリーズ
2176,キングジェイダー ,1,810,64,62,72,760,35,400,470,300,330,350,1,強5,ＬＬ,78,0,2,-3,3,1,その他／勇者・エルドランシリーズ
2177,ラージオン,0,470,45,60,75,435,30,150,150,100,180,180,65,－,Ｌ,51,22000,3,2,1,-5,その他／スパロボシリーズ
2178,ミーティア07,0,530,43,64,95,580,45,180,260,130,210,230,60,強5,Ｌ,60,52000,-4,-4,3,-3,MA系／その他／ガンダムSEED DESTINY
2179,ナイトドムトルーパー,0,430,43,71,60,403,17,190,240,120,120,0,10,強5,Ｍ,40,12060,4,-2,1,-4,MS系／ドム系／ガンダムSEED ASTRAY、MSV
2180,フェニックスホーク,0,370,30,70,60,280,20,0,120,100,200,100,10,－,Ｍ,36,76000,2,4,-6,1,その他／スパロボシリーズ
2181,ライフルマン,0,506,22,50,75,230,18,150,100,0,100,200,1,－,Ｍ,42,92000,2,4,-6,-1,その他／スパロボシリーズ
2182,VF-0S,0,300,10,74,80,450,20,160,160,150,150,100,50,－,Ｍ,30,6000,-2,-3,-4,4,マクロスシリーズ／車輌・戦闘機系
2183,VF-0S(B) ,1,300,10,60,60,450,20,160,160,150,150,100,50,－,Ｍ,30,0,4,-3,-2,-2,その他／マクロスシリーズ
2184,G・ハザード専用高機動型ギャン,0,334,30,70,54,310,15,0,130,130,0,0,40,－,Ｍ,38,11580,2,0,4,0,MS系／ジオン・ネオジオン軍・ザフト／MSV(モビルスーツバリエーション)／ギャン系／専用機
2185,E・レム専用高機動型ギャン,0,334,30,70,54,310,15,0,130,130,0,0,40,－,Ｍ,38,11580,3,0,3,0,MS系／ジオン・ネオジオン軍・ザフト／MSV(モビルスーツバリエーション)／ギャン系／専用機
2186,アヌビスグライブ,0,550,45,58,68,480,55,200,200,300,280,200,220,－,Ｌ,57,52000,5,-2,1,-3,その他／スパロボシリーズ
2187,ウィンダム,0,392,35,79,68,466,18,0,160,80,80,0,10,－,Ｍ,29,11640,2,-3,2,2,MS系／連邦軍・ティターンズ・地球連合／ガンダムSEED DESTINY／量産機
2188,ネオ専用ウィンダム,0,424,38,83,58,488,18,0,260,80,80,0,10,－,Ｍ,33,11640,2,-3,2,3,MS系／連邦軍・ティターンズ・地球連合／ガンダムSEED DESTINY／専用機
2189,タイタニア,0,605,45,98,100,810,45,280,260,260,260,240,1,NT3,Ｍ,62,13200,2,-3,2,-4,MS系／連邦軍・ティターンズ・地球連合
2190,マディガン専用ザクファントム,0,435,38,83,90,378,20,200,200,100,100,100,5,強6,Ｍ,37,22000,3,-3,3,0,MS系／ザク系／ガンダムSEED ASTRAY、MSV／専用機
2191,ハイザック(バリュートパック装備),0,336,32,65,55,354,18,0,0,0,100,0,10,－,Ｍ,34,11490,2,-3,2,-5,MS系／ザク系／連邦軍・ティターンズ・地球連合／機動戦士Zガンダム／量産機
2192,リック・ディアス(バリュートパック装備),0,390,43,87,58,447,18,170,170,170,170,0,10,－,Ｍ,41,22420,2,-3,2,-5,MS系／エウーゴ・カラバ／機動戦士Zガンダム／量産機
2193,ストライク・マラサイ,0,440,40,57,63,385,22,172,162,163,153,0,30,－,Ｍ,38,17100,4,-2,-3,0,MS系／連邦軍・ティターンズ・地球連合／オリジナル系
2194,ディアッカ専用ブレイズザクファントム,0,444,39,79,70,424,18,200,220,100,100,100,10,強6,Ｍ,42,10830,2,-3,3,-5,MS系／ザク系／ジオン・ネオジオン軍・ザフト／専用機／ガンダムSEED DESTINY
2195,ウォーハンマー,0,590,38,55,70,560,28,170,150,100,180,150,10,－,Ｍ,49,110000,2,4,-6,-1,その他／スパロボシリーズ
2196,プロヴィデンスザク,0,480,48,88,90,450,20,200,220,100,200,200,20,強6,Ｍ,45,28000,3,-3,3,0,MS系／ザク系／ジオン・ネオジオン軍・ザフト／ガンダムSEED ASTRAY、MSV
2197,イザーク専用グフイグナイテッド,0,448,39,74,70,424,18,200,230,100,100,100,5,強6,Ｍ,41,11460,2,-3,2,2,MS系／ジオン・ネオジオン軍・ザフト／グフ系／ガンダムSEED DESTINY／専用機
2198,ユークリッド,0,620,50,66,90,460,50,140,220,0,120,225,20,－,ＬＬ,48,40000,-5,0,1,2,MA系／連邦軍・ティターンズ・地球連合／ガンダムSEED ASTRAY、MSV
2199,ハマーン専用ガザC,0,326,26,74,55,326,18,80,165,165,165,0,10,－,Ｍ,33,9120,-1,-4,2,-4,MS系／ジオン・ネオジオン軍・ザフト／機動戦士Zガンダム／専用機
2200,ハマーン専用ガザC(MA) ,1,326,26,80,55,326,18,80,165,165,165,0,10,－,Ｍ,33,0,-5,-5,3,2,MA系／ジオン・ネオジオン軍・ザフト／機動戦士Zガンダム／専用機
2201,ザクIIF2型,0,282,26,52,47,326,18,60,60,30,30,0,20,－,Ｍ,26,8040,2,-3,2,-3,MS系／ザク系／ジオン・ネオジオン軍・ザフト／量産機
2202,ガザE(MA) ,1,313,28,80,45,340,27,100,150,130,110,0,50,－,Ｍ,32,0,-5,-5,3,3,MS系／ガンダムセンチネル／量産機
2203,ビルゴII,0,445,35,62,57,400,36,250,250,210,250,190,35,－,Ｍ,38,7800,2,-4,2,-3,MS系／新機動戦記ガンダムW／量産機
2204,ルージュ・ミラージュ,0,500,55,80,95,700,55,350,350,110,180,300,80,強5,Ｍ,73,64000,3,-2,2,-2,その他／ファイブスター物語
2205,アウェケン,0,495,42,75,80,520,20,200,200,250,120,120,20,－,Ｍ,55,10800,3,1,0,-3,その他／ファイブスター物語
2206,ヴァイサーガ,0,555,60,95,85,600,43,300,300,280,260,230,350,強5,Ｌ,56,52020,3,-2,2,3,その他／バンプレストオリジナル
2207,サンダーボルト,0,548,45,60,65,450,17,130,180,140,150,150,25,－,Ｍ,44,101000,2,4,-6,-1,その他／スパロボシリーズ
2208,F-14Aトムキャット,0,264,25,60,70,210,20,30,60,25,40,60,50,－,Ｍ,18,30020,-3,-5,-5,5,スパロボシリーズ／車輌・戦闘機系／量産機
2209,ムラサメ,0,388,34,72,60,487,17,200,230,100,100,100,30,－,Ｍ,42,11520,2,-3,2,2,MS系／ジオン・ネオジオン軍・ザフト／ガンダムSEED DESTINY／量産機
2210,ムラサメ(MA) ,1,388,34,78,60,487,17,200,230,100,100,100,30,－,Ｍ,42,0,-5,-5,2,3,MA系／ジオン・ネオジオン軍・ザフト／ガンダムSEED DESTINY／量産機
2211,オオワシアカツキ,0,464,45,92,70,530,18,360,390,220,240,220,120,－,Ｍ,53,28360,2,-4,0,4,MS系／ガンダム系／ガンダムSEED DESTINY
2212,グレートゼオライマー,0,920,70,70,100,560,25,400,400,300,300,300,1000,NT6,Ｌ,170,500000,4,-4,0,1,その他／スパロボシリーズ
2213,慧茄仕様ファントム,0,580,55,110,90,600,55,350,350,110,110,280,80,NT7,Ｍ,72,28000,3,0,0,-2,その他／ファイブスター物語／専用機
2214,グレートファイバード,0,756,55,75,62,980,30,290,290,270,250,250,50,強5,Ｌ,73,92030,3,-4,2,2,その他／勇者・エルドランシリーズ
2215,グレートダ・ガーンGX,0,840,62,75,75,900,27,290,290,250,260,280,250,強5,Ｍ,74,110090,4,0,0,3,その他／勇者・エルドランシリーズ
2216,ファイヤージェイデッカー,0,840,62,80,60,910,22,290,290,280,280,250,100,強5,Ｍ,74,115490,3,-2,1,2,その他／勇者・エルドランシリーズ
2217,シラヌイアカツキ,0,464,45,92,70,530,18,360,390,220,240,220,120,－,Ｍ,53,28360,2,-4,4,0,MS系／ガンダム系／ガンダムSEED DESTINY
2218,人馬兵,0,450,70,30,42,400,20,200,200,250,200,150,70,－,Ｓ,47,64000,5,-2,0,-2,その他／スパロボシリーズ
2219,ガスト,0,228,16,42,50,290,10,40,105,70,120,30,1,－,Ｓ,33,3600,4,-4,-6,-5,その他／スパロボシリーズ／量産機
2220,フロスト,0,260,27,44,54,325,16,50,100,90,120,60,1,－,Ｓ,37,4440,5,-3,-6,-5,その他／スパロボシリーズ／量産機
2221,ゼニス,0,240,22,46,55,300,13,50,100,90,120,60,1,－,Ｓ,35,3750,5,-3,-6,-5,その他／スパロボシリーズ／量産機
2222,ゾンド・ゲー,0,353,35,73,50,408,18,80,110,90,0,0,5,－,Ｓ,37,12030,2,-3,2,0,MS系／機動戦士クロスボーンガンダム／量産機
2223,マークエルフ,0,552,46,95,70,490,35,300,200,300,300,200,90,強4,Ｌ,50,40020,4,-1,0,0,その他／スパロボシリーズ
2224,百式(バリュートパック装備),0,445,38,73,90,400,16,180,200,150,150,150,10,－,Ｍ,46,46540,3,-1,3,0,MS系／ガンダム系／エウーゴ・カラバ／機動戦士Zガンダム
2225,ズフィルード・エヴェッド,0,2100,97,88,99,900,50,500,500,500,500,500,1000,強5,ＸＬ,123,4080000,1,1,1,1,その他／バンプレストオリジナル
2226,スタンディングトータス,0,270,18,60,60,320,10,0,150,150,150,0,10,－,ＳＳ,32,1800,5,-5,-5,-5,その他／ボトムズシリーズ
2227,アルカディア三番艦改,0,1700,84,45,190,1890,100,280,270,250,250,250,10,－,ＬＬ,145,380000,-5,0,1,1,艦船系／スパロボシリーズ
2228,マークジーベン,0,550,46,84,60,410,35,200,100,50,200,200,1,強4,Ｌ,54,52000,2,-4,0,4,その他／スパロボシリーズ
2229,ジョルディ専用人馬兵,0,520,90,35,42,420,20,220,220,260,210,150,50,－,Ｓ,52,146000,6,-2,0,-2,その他／スパロボシリーズ／専用機
2230,パーフェクトゴッグキャノン,0,478,44,62,74,400,18,0,0,100,115,0,40,－,Ｍ,40,30400,3,3,-3,1,MS系／その他／ジオン・ネオジオン軍・ザフト／オリジナル系
2231,オーデルバックラー,0,300,22,85,60,300,10,250,250,250,250,200,10,強5,ＳＳ,40,2400,5,-5,-5,-5,その他／ボトムズシリーズ
2232,鉄巨人,0,600,85,70,50,460,25,350,350,350,350,350,50,－,Ｍ,54,52000,5,-2,-2,-2,その他／スパロボシリーズ
2233,テスタメントガンダム,0,454,46,88,90,572,20,360,380,320,340,320,100,強4,Ｍ,65,19860,2,-3,2,-5,MS系／ガンダム系／ガンダムSEED ASTRAY、MSV
2234,ビショップ,0,288,24,52,64,354,18,150,150,0,0,150,1,NT1,Ｍ,31,9720,0,-4,2,-5,MS系／ザク系／ジオン・ネオジオン軍・ザフト
2235,デスオーク,0,320,30,40,43,300,15,150,150,145,135,120,1,－,Ｌ,37,8400,2,2,-1,-5,その他／スパロボシリーズ
2236,デスオークS,0,340,35,50,46,320,15,160,160,130,145,155,10,－,Ｌ,40,10800,3,2,-1,-5,その他／スパロボシリーズ
2237,シュツルシーク,0,200,15,85,70,270,10,130,130,80,90,110,20,－,Ｍ,34,10800,-5,-5,1,3,その他／スパロボシリーズ
2238,ソウルゲイン,0,696,84,65,55,630,41,300,300,400,200,0,350,－,Ｌ,59,52020,3,-2,3,2,その他／バンプレストオリジナル
2239,ツヴァイザーゲイン,0,820,125,132,90,1500,30,400,400,380,300,300,2270,強5,Ｌ,104,1460040,3,0,2,3,その他／バンプレストオリジナル
2240,アイアンコング,0,456,63,60,70,525,30,350,400,400,350,300,90,－,Ｍ,47,35260,5,-3,-5,0,その他／ゾイドシリーズ／スパロボシリーズ
2241,デッドリーコング,0,785,90,41,60,720,30,400,450,450,400,350,50,－,Ｍ,73,106400,5,-3,-5,-4,その他／ゾイドシリーズ／スパロボシリーズ
2242,デスザウラー,0,1080,84,85,90,1000,21,350,400,350,400,400,350,強5,Ｍ,90,308030,4,0,-6,-5,その他／ゾイドシリーズ／スパロボシリーズ
2243,マークゼクス,0,550,46,84,60,410,35,200,100,50,200,200,45,強4,Ｌ,54,52000,2,-4,0,4,その他／スパロボシリーズ
2244,ゴッドマーズ,0,840,48,40,85,700,50,380,380,300,200,200,300,NT5,Ｌ,65,218030,2,-2,2,2,その他／スパロボシリーズ
2245,グリレゼクス,0,280,28,50,52,335,14,100,140,120,150,80,35,－,Ｓ,38,12600,5,-4,-6,-4,その他／スパロボシリーズ
2246,ギザ,0,250,25,40,65,350,20,40,110,80,100,50,5,－,Ｓ,37,4500,5,-5,-6,-5,その他／スパロボシリーズ
2247,ヴィーザフ,0,260,24,48,59,330,12,60,120,80,120,90,15,－,Ｓ,38,6000,5,-4,-6,-5,その他／スパロボシリーズ
2248,ガーティ・ルー,0,1600,45,30,110,750,100,180,300,140,160,250,80,－,ＬＬ,90,101000,-5,-5,3,-3,艦船系／連邦軍・ティターンズ・地球連合／ガンダムSEED DESTINY
2249,ダン・オブ・サーズデイ,0,670,52,60,32,500,20,250,270,300,200,280,180,強5,Ｍ,60,76000,4,-4,-4,0,その他／スパロボシリーズ
2250,ダルタニアス,0,670,75,64,68,770,80,300,300,400,300,200,250,－,Ｌ,71,254000,2,-2,2,2,その他／スパロボシリーズ
2251,ボン太くん,0,130,20,100,40,600,10,500,500,500,500,500,300,－,ＳＳ,47,380000,5,1,-4,-3,人系／スパロボシリーズ
2252,ミネルバX La Sirene de noir,0,390,75,22,55,600,80,300,300,295,295,295,40,－,Ｍ,52,52000,2,-2,-3,3,その他／スパロボシリーズ
2253,烈火大鋼,0,620,60,68,60,422,20,230,230,330,250,250,150,－,Ｍ,39,25600,3,0,0,-5,MS系／ガンダム系／オリジナル系
2254,プロトセイバー,0,414,46,90,80,534,18,290,320,130,180,140,50,強5,Ｍ,48,29680,2,-4,3,2,MS系／ガンダム系／ジオン・ネオジオン軍・ザフト／ガンダムSEED ASTRAY、MSV
2255,プロトセイバー(MA) ,1,414,46,95,80,534,18,290,320,130,180,140,50,強5,Ｍ,48,0,-5,-5,4,3,MA系／ガンダム系／ジオン・ネオジオン軍・ザフト／ガンダムSEED ASTRAY、MSV
2256,アファームド・ザ・ハッター,0,488,61,117,60,630,30,350,250,350,200,200,20,－,Ｍ,62,28000,3,-4,2,1,その他／スパロボシリーズ
2257,フェイ・イェン・ザ・ナイト,0,397,49,126,70,700,30,350,250,350,200,200,20,－,Ｍ,62,28000,3,-4,2,1,その他／スパロボシリーズ
2258,リジェネレイトガンダム,0,482,47,100,70,550,35,210,290,300,300,300,440,強5,Ｌ,50,16980,1,-5,2,-5,MS系／ガンダム系／ジオン・ネオジオン軍・ザフト／ガンダムSEED ASTRAY、MSV
2259,リジェネレイトガンダム(巡航形態) ,1,482,47,106,70,550,35,210,290,300,300,300,440,強5,Ｌ,50,0,-5,-5,3,2,MA系／ガンダム系／ジオン・ネオジオン軍・ザフト／ガンダムSEED ASTRAY、MSV
2260,リジェネレイトガンダム(突撃形態) ,1,482,52,80,70,550,35,210,290,300,300,300,440,強5,Ｌ,50,0,3,-3,2,-3,MA系／ガンダム系／ガンダムSEED ASTRAY、MSV
2261,幻竜神,0,710,78,63,70,600,20,350,350,220,220,220,100,強3,Ｍ,62,76000,3,-5,2,2,その他／勇者・エルドランシリーズ
2262,強龍神,0,710,78,63,70,600,20,350,350,220,220,220,100,強3,Ｍ,62,76000,3,-5,1,2,その他／勇者・エルドランシリーズ
2263,日本帝国仕様不知火,0,409,38,75,65,375,20,300,300,280,280,280,60,－,Ｍ,37,9000,3,-3,-2,2,その他／マブラヴ
2264,ミレーヌバルキリー,0,290,30,110,90,480,10,170,170,170,170,170,10,－,Ｍ,39,28000,-2,-2,5,5,マクロスシリーズ／車輌・戦闘機系
2265,ミレーヌバルキリー(B) ,1,290,30,90,90,480,10,170,170,170,170,170,10,－,Ｓ,39,0,5,-2,3,-2,その他／マクロスシリーズ
2266,ドムットリア,0,426,40,83,85,422,20,200,200,180,180,180,30,－,Ｍ,44,15810,-5,-3,-5,2,MS系／機動戦士Vガンダム／ザンスカール帝国／量産機
2267,ドムットリア(MA) ,1,426,40,90,85,422,20,200,200,180,180,180,30,－,Ｍ,44,0,-1,-3,1,3,MS系／機動戦士Vガンダム／ザンスカール帝国／量産機
2268,ルミナス・ミラージュ,0,600,45,102,90,700,45,350,350,300,300,300,120,－,Ｍ,100,290000,4,-2,0,0,その他／ファイブスター物語／専用機
2269,メルキア正規軍仕様スコープドッグ,0,250,14,72,60,320,10,100,100,180,180,0,20,－,ＳＳ,32,1500,4,-5,5,-5,その他／ボトムズシリーズ／量産機
2270,バイオヴォルケーノ,0,550,40,85,75,450,25,200,230,200,150,150,70,－,Ｍ,55,28000,6,-3,-2,0,その他／ゾイドシリーズ／スパロボシリーズ
2271,赤い三騎士専用ビアレス,0,345,27,110,70,408,15,200,250,200,160,160,20,NT5,Ｓ,57,13350,2,-2,0,5,その他／スパロボシリーズ
2272,ゴジュラス・ジ・オーガ,0,680,52,50,85,570,50,350,400,360,400,380,80,強3,Ｍ,63,83000,5,-2,-5,-4,その他／ゾイドシリーズ／スパロボシリーズ
2273,フォースアウトフレーム,0,340,38,84,90,450,32,210,220,220,220,220,50,－,Ｍ,53,52000,2,-4,2,2,MS系／ガンダム系／ガンダムSEED ASTRAY、MSV
2274,ソードアウトフレーム,0,340,38,76,60,450,32,210,210,250,220,0,50,－,Ｍ,53,52000,2,-4,2,0,MS系／ガンダム系／ガンダムSEED ASTRAY、MSV
2275,ガナーアウトフレーム,0,340,38,70,70,450,32,210,210,200,220,250,50,－,Ｍ,50,52000,3,-3,0,0,MS系／ガンダム系／ガンダムSEED ASTRAY、MSV
2276,ブレイズアウトフレーム,0,340,38,85,70,450,32,210,210,200,250,220,50,－,Ｍ,50,52000,2,-3,1,0,MS系／ガンダム系／ガンダムSEED ASTRAY、MSV
2277,アッシュ(SD),0,308,25,54,65,382,20,150,160,120,150,70,30,強3,Ｍ,33,3840,2,0,-5,-5,MS系／ジオン・ネオジオン軍・ザフト／ガンダムSEED DESTINY
2278,アッシュ(MA) ,1,308,25,54,65,382,20,150,160,120,150,70,30,強3,Ｍ,33,0,-5,3,-5,-5,MS系／ジオン・ネオジオン軍・ザフト／ガンダムSEED DESTINY
2279,特殊部隊仕様アッシュ,0,308,25,54,65,382,20,150,160,120,150,70,5,強3,Ｍ,33,7440,2,0,-5,-5,MS系／ジオン・ネオジオン軍・ザフト／ガンダムSEED DESTINY
2280,特殊部隊仕様アッシュ(MA) ,1,308,25,54,65,382,20,150,160,120,150,70,5,強3,Ｍ,33,0,-5,3,-5,-5,MS系／ジオン・ネオジオン軍・ザフト／ガンダムSEED DESTINY
2281,バーサークフューラー,0,528,58,116,70,525,22,350,300,350,350,400,150,強5,Ｍ,64,56860,4,0,-6,-5,その他／ゾイドシリーズ／スパロボシリーズ
2282,アイアンコングPK,0,468,63,68,75,560,30,350,400,400,370,300,50,強3,Ｍ,49,41260,5,-3,-5,1,その他／ゾイドシリーズ／スパロボシリーズ
2283,レインボージャーク,0,395,24,102,58,500,20,250,250,250,250,220,50,－,Ｍ,52,19200,-3,1,-3,5,その他／ゾイドシリーズ／スパロボシリーズ
2284,レインボージャークウインド,0,425,24,106,68,550,20,250,280,280,280,250,50,－,Ｍ,58,25600,-4,0,-3,6,その他／ゾイドシリーズ／スパロボシリーズ
2285,マローダー,0,632,60,50,75,490,33,200,160,130,170,220,30,－,Ｍ,58,119000,2,3,-6,-1,その他／スパロボシリーズ
2286,セントピード仕様グリレゼクス,0,300,29,57,55,345,15,150,190,200,180,120,30,－,Ｓ,39,15000,5,-4,-6,-4,その他／スパロボシリーズ
2287,ゼニスV,0,250,23,49,55,320,14,70,110,100,130,70,15,－,Ｓ,36,4350,5,-3,-6,-5,その他／スパロボシリーズ／量産機
2288,ゼニス・レヴ,0,255,23,51,56,330,15,80,130,130,130,100,20,－,Ｓ,37,4650,5,-3,-6,-5,その他／スパロボシリーズ／量産機
2289,ザカー重装型,0,550,78,53,85,500,18,250,280,120,100,100,70,－,Ｍ,58,24400,4,-1,-2,-4,その他／ファイブスター物語
2290,ソロシップ,0,1460,48,40,65,900,75,180,245,230,135,200,50,－,ＬＬ,89,740000,-3,-3,3,2,艦船系／スパロボシリーズ
2291,ランスタッグ,0,440,47,80,48,550,25,150,100,200,100,100,60,－,Ｍ,54,12000,4,-2,-6,-2,その他／ゾイドシリーズ／スパロボシリーズ
2292,ランスタッグブレイク,0,450,47,80,48,560,20,180,140,220,100,100,40,－,Ｍ,55,15000,4,-2,-6,-2,その他／ゾイドシリーズ／スパロボシリーズ
2293,シュムエル,0,420,60,102,86,720,25,200,200,180,180,180,50,－,Ｍ,63,76000,3,-4,2,-3,その他／バンプレストオリジナル
2294,ベミドバン,0,750,76,66,86,800,25,290,300,310,320,210,220,－,Ｌ,76,182000,3,-4,2,-3,その他／バンプレストオリジナル
2295,ヴァルク・イシャー,0,630,56,100,86,645,25,300,350,310,320,310,200,強5,Ｍ,68,173000,3,-5,3,0,その他／バンプレストオリジナル
2296,ヴァルク・バアル,0,630,60,100,86,645,25,300,350,310,320,310,10,強5,Ｍ,69,173000,3,-5,3,0,その他／バンプレストオリジナル
2297,オオツキガタ,0,360,28,85,80,350,17,200,230,100,100,100,10,－,Ｍ,38,12000,1,-3,3,0,MS系／ガンダムSEED ASTRAY、MSV／量産機
2298,オオツキガタ(MA) ,1,360,24,90,80,350,17,200,230,100,100,100,10,－,Ｍ,38,0,-3,-3,4,0,MA系／ガンダムSEED ASTRAY、MSV／量産機
2299,ドルメル,0,468,60,99,70,380,18,100,260,260,200,200,70,－,Ｍ,45,17960,2,-2,3,0,MS系／ジオン・ネオジオン軍・ザフト／オリジナル系
2300,1/2ガンダム,0,430,38,70,65,400,15,135,145,135,135,0,10,－,Ｍ,38,12000,2,0,1,1,MS系／ガンダム系／連邦軍・ティターンズ・地球連合／オリジナル系
2301,大天馬,0,400,40,50,60,600,80,300,200,350,190,190,50,－,Ｍ,52,40000,2,-2,-3,3,その他／スパロボシリーズ
2302,大巨神,0,500,40,50,60,600,80,300,200,350,190,190,100,－,Ｍ,56,40000,3,-2,-3,0,その他／スパロボシリーズ
2303,大馬神,0,600,40,55,60,600,80,300,200,350,190,190,150,－,Ｍ,59,40000,3,-2,-3,3,その他／スパロボシリーズ
2304,レイフ,0,200,5,85,105,220,13,85,90,90,0,50,5,－,Ｍ,34,40000,-2,-5,-5,5,スパロボシリーズ／車輌・戦闘機系
2305,メイヴ・雪風,0,200,5,85,105,220,13,360,500,50,350,350,5,－,Ｍ,34,40000,-2,-5,-5,5,スパロボシリーズ／車輌・戦闘機系
2306,サベージ,0,300,45,50,42,320,12,100,100,100,140,100,1,－,Ｓ,22,4800,4,-1,-6,-4,その他／スパロボシリーズ
2307,ゼノギアス・イド,0,600,54,110,55,595,19,500,500,500,120,120,250,－,Ｍ,76,110090,2,2,2,2,その他／スパロボシリーズ
2308,陸戦用ファッティーA型,0,270,16,70,60,300,12,0,0,200,150,0,20,－,ＳＳ,33,2100,6,-5,-5,-5,その他／ボトムズシリーズ／量産機
2309,陸戦用ファッティーB型,0,270,18,60,70,300,10,0,0,0,200,200,20,－,ＳＳ,33,2100,6,-5,-5,-5,その他／ボトムズシリーズ／量産機
2310,ライジングトータス,0,285,18,65,63,330,10,0,220,200,150,150,10,－,ＳＳ,36,3000,6,-5,-5,-5,その他／ボトムズシリーズ／量産機
2311,ヤクト・ミラージュ(ツインタワー),0,1100,66,90,110,1200,60,350,350,250,350,350,500,強5,Ｌ,91,620040,1,-2,2,-3,その他／ファイブスター物語
2312,マヒロー,0,346,23,86,52,480,20,180,180,150,150,150,20,－,Ｍ,36,5550,0,-1,3,2,MS系／ターンAガンダム
2313,アルストロメリア,0,335,63,96,50,460,15,300,300,200,200,0,30,強5,Ｓ,50,28000,2,-3,1,0,その他／スパロボシリーズ／専用機
2314,メディウス・ロクス,0,450,45,85,100,360,30,290,290,260,260,270,50,－,Ｍ,50,18000,3,-4,3,2,その他／バンプレストオリジナル
2315,メディウス・ロクス(第二形態),0,640,58,85,100,660,30,290,290,260,260,270,100,－,Ｌ,68,34000,3,-4,3,2,その他／バンプレストオリジナル
2316,メディウス・ロクス(最終形態),0,710,70,85,100,700,40,290,290,260,260,270,100,強3,ＬＬ,72,200000,3,-4,3,2,その他／バンプレストオリジナル
2317,AI1,0,1100,110,80,100,1800,100,390,390,360,360,370,1150,強5,ＬＬ,198,1380040,2,2,2,2,その他／バンプレストオリジナル
2318,量産型破壊ロボ,0,400,28,50,40,180,20,180,180,140,140,140,30,－,Ｌ,37,6000,1,-5,2,-3,その他／スパロボシリーズ／量産機
2319,無敵ロボ28号スペシャル,0,680,40,45,40,360,40,200,200,160,160,160,100,－,Ｌ,53,34000,3,-5,-1,-3,その他／スパロボシリーズ
2320,アカツキ専用エステバリス(陸戦) ,1,320,45,90,60,460,20,300,300,200,200,0,100,強4,Ｓ,43,0,6,-2,0,-5,その他／スパロボシリーズ／専用機
2321,セイスモサウルス,0,800,39,30,80,600,100,350,350,350,350,350,100,－,Ｌ,65,76000,4,0,-4,-4,その他／ゾイドシリーズ／スパロボシリーズ
2322,ブラキオトータス,0,500,47,65,55,450,50,350,200,200,200,250,100,－,Ｌ,52,40000,5,0,-4,-4,その他／ゾイドシリーズ／スパロボシリーズ
2323,アルティメットセイスモ,0,900,50,35,80,600,50,450,450,450,450,450,150,－,Ｌ,69,110000,4,0,-4,-4,その他／ゾイドシリーズ／スパロボシリーズ
2324,カナフ・アフ,0,600,50,70,100,500,30,290,290,260,260,270,50,NT2,Ｌ,60,290000,0,-4,2,4,その他／スパロボシリーズ／バンプレストオリジナル
2325,ケレン・アフ,0,600,50,70,100,500,30,290,290,260,260,270,50,NT2,Ｌ,60,290000,-4,4,2,0,その他／スパロボシリーズ／バンプレストオリジナル
2326,ザナヴ・アフ,0,600,50,70,100,500,30,290,290,260,260,270,50,NT2,Ｌ,60,290000,4,-4,2,0,その他／スパロボシリーズ／バンプレストオリジナル
2327,ナシム・ガンエデン,0,1500,50,50,120,1200,50,390,390,360,360,370,450,NT7,ＬＬ,115,500000,2,0,2,2,その他／スパロボシリーズ／バンプレストオリジナル
2328,デモンベイン・ブラッド,0,680,50,55,70,600,30,290,280,300,250,250,50,NT4,Ｌ,63,110000,3,0,0,2,その他／スパロボシリーズ
2329,アンブロシウス,0,700,40,90,60,680,30,300,300,300,250,250,100,NT5,Ｌ,68,200000,1,-5,4,5,その他／スパロボシリーズ
2330,ガルガウ,0,850,72,75,70,450,30,350,300,400,0,0,150,－,Ｌ,77,200000,4,-4,4,0,その他／スパロボシリーズ／バンプレストオリジナル
2331,シルベルヴィント,0,900,80,150,70,870,30,350,300,0,0,300,1500,－,Ｌ,180,980040,0,-4,4,4,その他／スパロボシリーズ／バンプレストオリジナル
2332,ドルーキン,0,940,90,63,70,525,30,350,300,0,300,0,150,－,Ｌ,83,200000,4,-4,4,0,その他／スパロボシリーズ／バンプレストオリジナル
2333,ディカステス,0,1100,90,85,90,750,50,350,300,300,300,300,250,NT5,Ｌ,98,290000,2,0,4,2,その他／スパロボシリーズ／バンプレストオリジナル
2334,ゲッター烈火,0,468,55,65,60,540,50,220,220,220,220,220,100,－,Ｌ,55,46000,0,-5,2,4,その他／スパロボシリーズ
2335,シエラ号,0,610,30,60,100,720,50,20,300,150,150,200,100,－,ＬＬ,65,76000,-4,-4,-4,5,艦船系／スパロボシリーズ
2336,コンチネンタル・サーカス,0,650,40,55,100,750,50,20,200,150,150,200,100,－,ＬＬ,68,34000,-4,-4,-2,3,艦船系／スパロボシリーズ
2337,ビグロマイヤー,0,454,31,94,60,432,24,175,175,160,0,0,10,－,Ｌ,43,18180,-5,-5,3,-5,MA系／ジオン・ネオジオン軍・ザフト
2338,隠呼大仏・御出居,0,780,65,35,80,800,80,300,300,250,300,250,220,強7,Ｌ,74,380000,6,4,-2,0,その他／スパロボシリーズ
2339,エクサランス・ストライカー,0,504,62,85,70,700,20,200,200,200,0,0,100,－,Ｍ,55,80030,3,-2,-2,1,その他／バンプレストオリジナル
2340,エクサランス・ガンナー,0,528,58,65,70,660,20,200,200,0,0,200,50,－,Ｍ,54,80030,3,-5,1,-5,その他／バンプレストオリジナル
2341,エクサランス・フライヤー,0,420,46,110,70,550,20,200,200,0,0,200,50,－,Ｍ,49,80030,1,-3,1,3,その他／バンプレストオリジナル
2342,エクサランス・ダイバー,0,485,54,100,70,630,20,200,200,200,0,0,50,－,Ｍ,53,80030,1,3,-3,-5,その他／バンプレストオリジナル
2343,エクサランス・コスモドライバー,0,456,50,105,70,595,20,200,200,0,0,200,50,－,Ｍ,51,80030,-3,-3,3,1,その他／バンプレストオリジナル
2344,エクサランス・ライトニング,0,660,62,115,70,840,20,200,200,200,200,200,300,－,Ｍ,68,260030,2,2,2,2,その他／バンプレストオリジナル
2345,ステルバー,0,500,55,80,65,550,80,230,230,200,200,200,50,－,Ｌ,57,28000,2,-3,0,2,その他／スパロボシリーズ
2346,フリッケライ・ガイスト,0,495,53,78,60,480,30,280,280,280,250,200,30,強4,Ｍ,42,49600,4,2,3,-5,その他／バンプレストオリジナル
2347,ゴジュラスギガ,0,700,50,75,90,600,50,400,450,380,400,400,100,強5,Ｍ,66,76000,5,-2,-5,-4,その他／ゾイドシリーズ／スパロボシリーズ
2348,ガンダム強行偵察型,0,350,35,62,88,325,18,130,140,130,130,0,5,－,Ｍ,33,11250,2,0,1,1,MS系／ガンダム系／連邦軍・ティターンズ・地球連合
2349,トゥアハー・デ・ダナン,0,1300,36,25,90,900,150,270,280,200,200,200,150,－,ＬＬ,93,146000,-6,3,1,-6,艦船系／スパロボシリーズ
2350,マジン,0,570,32,65,70,560,20,280,280,250,250,250,150,－,Ｌ,58,52000,2,-4,2,1,その他／スパロボシリーズ
2351,テツジン,0,590,40,65,70,560,20,290,290,250,250,250,180,－,Ｌ,59,52000,2,-4,2,1,その他／スパロボシリーズ
2352,パーフェクトウェイブライダー ,1,430,35,120,75,450,25,260,270,250,240,200,1,NT5,Ｍ,42,0,-4,-3,5,5,MS系／ガンダム系／オリジナル系
2353,マタドールガンダム(突撃形態) ,1,510,60,36,40,400,20,200,150,190,160,160,5,強1,Ｍ,43,0,2,-3,-3,-3,MS系／ガンダム系／機動武闘伝Gガンダム
2354,真・龍王機,0,1100,100,70,100,850,30,400,400,400,400,400,400,NT8,ＸＬ,103,740000,2,0,2,2,その他／バンプレストオリジナル
2355,真聖ラーゼフォン,0,850,80,70,90,700,80,300,300,300,300,300,230,NT5,Ｌ,85,290000,2,-5,0,3,その他／スパロボシリーズ
2356,ヴォルクルス,0,1600,80,110,150,770,80,500,500,500,500,500,500,強6,ＬＬ,105,230030,2,-2,2,2,その他／バンプレストオリジナル
2357,オメガブースト,0,430,47,95,80,450,25,300,470,250,420,400,150,－,Ｍ,52,76000,0,-4,4,2,その他／スパロボシリーズ
2358,ダイテイオー,0,680,80,65,60,720,32,300,250,300,250,200,180,－,Ｌ,80,110000,2,0,1,4,その他／勇者・エルドランシリーズ
2359,ワルキューレ,0,185,25,104,52,272,10,190,120,180,150,150,10,－,ＳＳ,27,12000,5,-3,-5,-5,その他／スパロボシリーズ
2360,パワードレッド,0,430,33,95,70,550,30,210,210,220,220,220,80,－,Ｍ,45,40000,3,-3,4,0,MS系／ガンダム系／ガンダムSEED ASTRAY、MSV
2361,レッドフレームMJ,0,390,40,82,70,430,32,210,210,220,220,220,70,－,Ｍ,49,15000,3,-3,4,0,MS系／ガンダム系／ガンダムSEED ASTRAY、MSV
2362,ライノサラスB型,0,505,32,56,100,460,35,0,280,100,200,180,10,－,Ｌ,46,25900,3,-2,-5,-5,MA系／ジオン・ネオジオン軍・ザフト
2363,パイシーズ,0,380,33,70,53,280,15,0,150,100,120,100,10,－,Ｍ,31,7210,2,3,-6,-6,MS系／新機動戦記ガンダムW
2364,ガンダムベルフェゴール,0,450,52,92,80,700,18,380,350,350,350,350,100,NT5,Ｍ,51,76000,0,-5,3,-1,MS系／ガンダム系／連邦軍・ティターンズ・地球連合／機動新世紀ガンダムX
2365,プロトタイプ・サイコ・ガンダム,0,420,38,50,66,530,19,190,170,170,170,190,35,強4,Ｍ,43,28020,1,-4,1,-4,MS系／ガンダム系／連邦軍・ティターンズ・地球連合／M-MSV(大河原邦夫コレクション)
2366,ギラ・ドーガ重装型,0,390,44,89,85,425,20,100,275,220,270,270,70,－,Ｍ,43,18030,2,-3,2,-4,MS系／ザク系／ジオン・ネオジオン軍・ザフト／ZZ/CCA-MSV／量産機
2367,レズン専用ギラ・ドーガ重装型,0,422,46,93,93,433,20,150,325,270,320,320,30,－,Ｍ,45,18030,2,-3,2,-4,MS系／ザク系／ジオン・ネオジオン軍・ザフト／ZZ/CCA-MSV／専用機
2368,アドバンスド・ヘイズル,0,420,43,76,70,440,20,160,180,160,140,0,20,－,Ｍ,37,28000,2,-3,2,0,MS系／ガンダム系／連邦軍・ティターンズ・地球連合／アドバンス・オブ・ゼータ
2369,ヘイズル改・イカロス,0,368,33,65,55,325,20,160,180,160,140,0,120,－,Ｍ,33,16290,2,-4,1,0,MS系／ガンダム系／連邦軍・ティターンズ・地球連合／アドバンス・オブ・ゼータ
2370,ヘイズル・ラー,0,384,41,96,60,425,18,160,180,160,140,0,20,－,Ｍ,38,21220,2,-3,2,-5,MS系／ガンダム系／連邦軍・ティターンズ・地球連合／アドバンス・オブ・ゼータ
2371,ビッグファウ,0,600,82,60,70,700,80,100,100,200,200,200,20,－,Ｍ,72,128000,4,4,0,-2,その他／スパロボシリーズ
2372,天竜神,0,620,75,82,70,600,20,250,250,200,250,250,100,強3,Ｍ,65,65200,2,-4,2,2,その他／勇者・エルドランシリーズ
2373,スケルドール,0,380,38,55,50,360,18,200,200,200,180,150,15,－,Ｍ,43,9600,4,2,-2,-5,その他／スパロボシリーズ
2374,R-GUNパワード,0,456,54,96,80,630,29,320,320,210,210,260,250,NT3,Ｍ,53,76060,3,-2,3,-3,その他／バンプレストオリジナル
2375,ヒュッケバイン009,0,400,40,88,60,530,20,250,250,250,250,250,10,－,Ｍ,43,34000,3,0,4,-2,その他／バンプレストオリジナル
2376,量産型ヒュッケバインMk-II,0,404,40,85,60,345,20,180,180,100,100,100,20,－,Ｍ,37,22000,3,-3,3,2,その他／バンプレストオリジナル／量産機
2377,ゲシュペンストMk-IIタイプTT,0,350,32,85,75,330,25,280,280,250,235,235,20,NT2,Ｍ,44,18600,3,2,4,-3,その他／バンプレストオリジナル
2378,R-9D,0,210,10,80,70,350,15,120,180,120,140,180,20,－,Ｍ,30,9000,-3,2,3,3,スパロボシリーズ／車輌・戦闘機系
2379,R-9A3,0,220,10,85,65,350,15,120,180,140,140,160,20,－,Ｍ,30,9000,-3,2,3,3,スパロボシリーズ／車輌・戦闘機系
2380,R-9E,0,200,10,80,80,320,15,120,180,140,140,160,10,－,Ｍ,30,9000,-3,2,3,3,スパロボシリーズ／車輌・戦闘機系
2381,R-9F,0,200,10,70,70,320,15,120,180,140,140,160,10,－,Ｍ,30,9000,-3,2,3,3,スパロボシリーズ／車輌・戦闘機系
2382,RX-10,0,220,10,85,75,350,15,120,180,140,140,160,20,－,Ｍ,33,10800,-3,2,3,3,スパロボシリーズ／車輌・戦闘機系
2383,R-9W,0,220,10,85,75,350,15,120,180,140,140,160,15,NT1,Ｍ,35,12000,-3,2,3,3,スパロボシリーズ／車輌・戦闘機系
2384,R-9AD3,0,250,10,90,80,380,15,120,180,140,140,160,30,－,Ｍ,38,13200,-3,2,3,3,スパロボシリーズ／車輌・戦闘機系
2385,OF-1,0,220,10,85,65,370,15,120,180,140,140,160,20,－,Ｍ,33,10800,-3,2,3,3,スパロボシリーズ／車輌・戦闘機系
2386,R-9DV2,0,230,10,85,70,360,15,120,180,140,140,160,20,－,Ｍ,33,10800,-3,2,3,3,スパロボシリーズ／車輌・戦闘機系
2387,R-99,0,250,10,90,80,400,15,120,180,140,140,160,50,－,Ｍ,42,16800,-3,2,3,3,スパロボシリーズ／車輌・戦闘機系
2388,マークザイン・ザルヴァートルモデル,0,560,48,85,60,480,35,200,100,50,200,200,70,強5,Ｌ,57,76000,4,0,0,3,その他／スパロボシリーズ
2389,マークザイン,0,608,52,87,70,540,35,200,100,50,200,200,200,強5,Ｌ,61,65200,4,-1,0,1,その他／スパロボシリーズ
2390,デザートジム,0,280,28,40,50,220,10,80,80,0,80,50,1,－,Ｍ,23,10500,2,-2,-5,-5,MS系／ジム系／連邦軍・ティターンズ・地球連合／MSV(モビルスーツバリエーション)／量産機
2391,ガンアーク,0,395,40,100,80,390,20,150,150,120,120,120,40,－,Ｍ,48,18000,2,-3,2,2,その他／スパロボシリーズ
2392,ガンアーク(HM) ,1,395,35,110,70,390,20,150,150,120,120,120,40,－,Ｍ,48,0,-1,-3,2,3,その他／スパロボシリーズ
2393,デモンベイン・トゥーソード(S),0,730,60,70,70,700,30,290,280,300,250,250,200,NT4,Ｌ,70,182000,3,3,3,2,その他／スパロボシリーズ
2394,ビルトビルガーＬ,0,440,55,90,60,430,50,280,290,260,260,270,20,強4,Ｍ,55,52000,3,-4,3,1,その他／バンプレストオリジナル
2395,RFズゴック,0,508,60,50,75,388,20,0,185,200,200,170,50,－,Ｍ,43,19200,3,3,-5,-5,MS系／ジオン・ネオジオン軍・ザフト／機動戦士ガンダムF90
2396,RFザク,0,424,53,87,85,425,20,0,175,170,170,150,200,－,Ｍ,44,20800,2,-3,2,-5,MS系／ザク系／ジオン・ネオジオン軍・ザフト／機動戦士ガンダムF90
2397,RFグフ,0,464,42,69,71,455,20,0,195,200,150,150,10,－,Ｍ,44,20800,4,-2,-4,-5,MS系／ジオン・ネオジオン軍・ザフト／機動戦士ガンダムF90／グフ系
2398,RFドム,0,558,56,58,72,444,20,0,200,185,180,200,50,－,Ｍ,47,20160,-1,-3,4,-4,MS系／ジオン・ネオジオン軍・ザフト／機動戦士ガンダムF90／ドム系
2399,RFゲルググ,0,532,46,72,77,415,20,0,210,190,220,220,100,－,Ｍ,46,19380,2,-3,3,-2,MS系／ジオン・ネオジオン軍・ザフト／機動戦士ガンダムF90／ゲルググ系／量産機
2400,シャルル専用RFゲルググ,0,392,38,70,77,372,20,0,260,240,270,270,30,－,Ｍ,44,12000,2,-3,3,-2,MS系／ジオン・ネオジオン軍・ザフト／機動戦士ガンダムF90／ゲルググ系／専用機
2401,オッゴ,0,252,19,39,38,248,14,10,10,10,10,10,1,－,Ｓ,23,6210,-5,-5,3,-5,その他／ジオン・ネオジオン軍・ザフト／量産機
2402,R-GUNリヴァーレ,0,820,98,95,78,800,30,400,380,380,400,400,250,強5,Ｌ,92,326000,2,-1,2,2,その他／バンプレストオリジナル
2403,エルシュナイデ,0,420,40,90,45,500,15,200,230,180,250,250,40,－,Ｍ,41,32800,2,-2,2,2,その他／バンプレストオリジナル
2404,ギオラスト,0,370,25,85,80,420,20,200,200,200,190,170,20,NT3,Ｍ,47,12000,4,-3,2,1,その他／バンプレストオリジナル
2405,クロス・ミラージュ雄型,0,480,47,90,95,580,30,350,350,350,110,110,30,強5,Ｍ,60,52000,3,0,-1,-1,その他／ファイブスター物語
2406,カルバリー・テンプル,0,455,46,87,70,400,20,200,200,210,270,260,10,－,Ｍ,51,18000,2,-4,2,2,その他／エルガイムシリーズ／量産機
2407,ヘルミーネ,0,455,46,87,70,400,20,200,200,210,270,260,10,強2,Ｍ,56,19200,2,-4,2,2,その他／エルガイムシリーズ
2408,ディスヌフ,0,680,70,66,80,600,80,200,200,300,200,200,150,NT4,Ｌ,66,28000,2,-5,4,0,その他／スパロボシリーズ
2409,ヴァンセット,0,620,75,55,85,600,80,200,200,300,200,200,150,NT4,Ｌ,62,22000,2,-5,4,0,その他／スパロボシリーズ
2410,キャトフヴァンディス,0,620,70,70,85,600,80,200,200,300,200,200,150,NT4,Ｌ,62,22000,2,-5,4,0,その他／スパロボシリーズ
2411,スーパーファイヤーダグオン,0,960,70,80,65,1050,24,620,620,570,570,570,320,強5,Ｍ,94,110090,3,-2,2,2,その他／勇者・エルドランシリーズ
2412,ブローウェル,0,380,25,60,68,390,20,200,200,110,120,130,15,－,Ｍ,44,9000,3,-2,-5,-5,その他／バンプレストオリジナル
2413,ブローウェル・カスタム,0,680,50,65,85,450,20,280,280,200,210,220,70,－,Ｍ,59,22000,4,0,-5,-5,その他／バンプレストオリジナル
2414,ガディフォール,0,280,20,58,56,330,18,180,180,140,150,160,10,－,Ｍ,36,19200,0,-5,2,3,その他／バンプレストオリジナル
2415,ヴァーミリオン,0,670,55,48,80,400,30,200,200,210,270,260,80,－,Ｌ,56,16800,3,-4,0,2,その他／スパロボシリーズ
2416,ジェイナス,0,570,37,45,70,600,80,100,100,110,170,160,30,－,ＬＬ,48,18000,-6,-5,2,-5,艦船系／スパロボシリーズ
2417,デストロイガンダム,0,647,62,79,102,763,30,220,200,200,200,230,50,強5,Ｌ,65,108470,2,-3,2,-2,MS系／ガンダム系／連邦軍・ティターンズ・地球連合／ガンダムSEED DESTINY
2418,デストロイガンダム(MA) ,1,647,62,79,102,763,30,220,200,200,200,230,50,強5,Ｌ,65,0,-5,0,2,2,MA系／ガンダム系／連邦軍・ティターンズ・地球連合／ガンダムSEED DESTINY
2419,デスティニーインパルス1号機,0,481,46,93,80,594,20,310,330,240,250,200,5,強5,Ｍ,52,49840,2,-4,2,2,MS系／ガンダム系／ジオン・ネオジオン軍・ザフト／ガンダムSEED ASTRAY、MSV
2420,イライジャ専用ザク,0,430,48,85,80,460,20,200,200,100,100,100,5,強1,Ｍ,42,22000,3,-3,3,1,MS系／ザク系／ガンダムSEED ASTRAY、MSV／専用機
2421,デルタアストレイ,0,455,45,92,80,450,20,300,300,300,300,200,60,－,Ｍ,45,12240,3,-3,3,0,MS系／ガンダム系／ガンダムSEED ASTRAY、MSV
2422,アウトフレームD,0,455,46,93,60,552,17,210,210,250,220,0,250,－,Ｍ,38,14850,1,-3,1,-4,MS系／ガンダム系／ガンダムSEED ASTRAY、MSV
2423,フルアーマーZガンダム,0,420,55,98,90,510,20,280,280,280,270,260,90,－,Ｍ,47,28000,0,-3,3,-1,MS系／ガンダム系／エウーゴ・カラバ／オリジナル系
2424,ミーティア08,0,530,43,64,135,580,45,180,260,130,210,230,60,強5,Ｌ,60,52000,-4,-4,3,-3,MA系／その他／ガンダムSEED DESTINY
2425,ミーティア09,0,530,43,64,135,580,45,180,260,130,210,230,60,強5,Ｌ,60,52000,-4,-4,3,-3,MA系／その他／ガンダムSEED DESTINY／オリジナル系
2426,ミーティア10,0,530,43,64,135,580,45,180,260,130,210,230,60,強5,Ｌ,60,52000,-4,-4,3,-3,MA系／その他／ガンダムSEED DESTINY／オリジナル系
2427,バーザムコマンダーカスタム,0,400,43,87,65,425,18,180,180,200,200,180,20,－,Ｍ,41,18270,2,0,3,1,MS系／連邦軍・ティターンズ・地球連合／オリジナル系
2428,オリジン,0,480,50,100,78,440,25,180,180,180,200,200,100,強5,Ｍ,45,47200,2,-4,3,2,MS系／ガンダム系／ガンダム00
2429,SRXアルタード,0,800,66,92,90,880,40,400,400,400,400,400,200,NT8,Ｌ,99,164000,2,-3,3,2,その他／バンプレストオリジナル
2430,イングラム2号機,0,325,28,46,52,200,12,10,50,50,50,0,20,－,Ｓ,25,5400,5,-2,-5,-5,その他／スパロボシリーズ
2431,水中実験機,0,290,20,44,42,225,10,10,30,0,30,0,1,－,Ｍ,24,2460,0,4,-3,-2,MS系／ジオン・ネオジオン軍・ザフト／MSV(モビルスーツバリエーション)
2432,デザートガンナー,0,486,30,50,64,510,22,10,50,50,50,0,20,－,Ｓ,34,7230,4,-4,-5,-5,スパロボシリーズ／車輌・戦闘機系
2433,ニルヴァーシュ spec2,0,400,40,122,70,510,20,350,330,250,200,100,120,NT5,Ｍ,49,40000,3,-3,-4,4,その他／スパロボシリーズ
2434,ニルヴァーシュ spec2(BM) ,1,400,40,122,70,510,20,350,330,250,200,100,120,NT5,Ｍ,49,0,3,-3,-5,-5,スパロボシリーズ／車輌・戦闘機系
2435,ニルヴァーシュ spec2(FM) ,1,400,40,122,70,510,20,350,330,250,200,100,120,NT5,Ｍ,49,0,-6,-4,-5,5,スパロボシリーズ／車輌・戦闘機系
2436,ニルヴァーシュ the END,0,430,45,122,85,500,20,350,400,250,200,100,100,強5,Ｍ,51,40000,0,-3,-4,5,その他／スパロボシリーズ
2437,ターミナス303,0,440,44,104,90,440,20,200,300,50,200,200,100,－,Ｍ,49,28000,0,-5,4,5,その他／スパロボシリーズ
2438,量産型νガンダムI,0,444,50,115,75,600,21,200,200,150,170,180,20,NT2,Ｍ,42,40020,2,-3,2,-5,MS系／ガンダム系／連邦軍・ティターンズ・地球連合／M-MSV(大河原邦夫コレクション)／量産機
2439,Aトール・エンブリヨ,0,420,50,70,80,450,20,150,150,120,100,100,20,強1,Ｍ,40,9000,3,1,0,-2,その他／ファイブスター物語
2440,超人ロック,0,350,30,85,50,750,20,600,600,600,600,600,500,NT10,ＳＳ,51,290000,6,0,5,3,人系
2441,トロッター1号,0,300,30,60,60,450,10,200,200,210,220,150,10,NT2,Ｌ,34,12000,-4,-4,0,2,その他／スパロボシリーズ
2442,バラタック,0,700,80,50,65,700,80,280,280,220,210,210,20,NT5,Ｌ,70,70000,2,-4,1,3,その他／スパロボシリーズ
2443,クラブガンナー,0,448,30,45,53,510,20,20,20,20,20,20,10,－,Ｓ,31,5580,4,-5,-5,-5,スパロボシリーズ／車輌・戦闘機系
2444,テキーラガンナー,0,512,30,40,53,560,20,20,20,20,20,20,10,－,Ｓ,35,6240,4,-5,-5,-5,スパロボシリーズ／車輌・戦闘機系
2445,ブリザードガンナー,0,430,34,42,68,300,20,80,80,60,60,60,10,－,Ｓ,33,6600,4,-5,-5,-5,スパロボシリーズ／車輌・戦闘機系
2446,サク,0,66,3,4,40,60,5,0,10,30,30,0,1,－,Ｍ,1,300,1,-3,0,-4,MS系／ザク系／ジオン・ネオジオン軍・ザフト／オリジナル系／量産機
2447,シャア専用サク,0,100,9,12,40,180,15,0,0,500,0,0,1,－,Ｍ,3,900,0,-3,0,-4,MS系／ザク系／ジオン・ネオジオン軍・ザフト／オリジナル系／専用機
2448,サム,0,66,3,4,40,60,5,0,10,30,30,0,1,－,Ｍ,1,300,1,-3,0,-4,MS系／ジム系／連邦軍・ティターンズ・地球連合／オリジナル系／量産機
2449,デリバリー号,0,340,32,70,50,300,30,280,280,220,210,210,10,－,Ｍ,30,20800,4,0,-2,-1,艦船系／スパロボシリーズ
2450,ガ・キーン,0,650,55,62,50,600,50,280,280,220,210,210,20,NT5,Ｌ,64,70000,4,0,-2,-1,その他／スパロボシリーズ
2451,連邦軍仕様ザクIIF2型,0,282,26,52,47,326,18,60,60,30,30,0,1,－,Ｍ,19,8040,2,-3,2,-3,MS系／ザク系／連邦軍・ティターンズ・地球連合／スターダストメモリー／量産機
2452,バクシンガー,0,744,62,55,70,805,48,280,300,250,250,250,100,－,Ｌ,66,92090,2,-3,2,2,その他／スパロボシリーズ
2453,サスライガー,0,560,55,60,70,530,23,300,280,250,250,250,10,－,Ｍ,60,64000,2,-5,2,2,その他／スパロボシリーズ
2454,ボスパルダー,0,500,48,54,60,450,25,200,200,400,400,400,100,－,Ｍ,52,28000,2,-3,3,2,その他／スパロボシリーズ
2455,バルディオス,0,800,60,65,50,550,100,400,400,400,400,400,100,NT8,ＬＬ,67,110000,2,-3,3,2,その他／スパロボシリーズ
2456,ヴェルデバスター,0,458,49,81,92,630,18,200,220,60,100,180,90,－,Ｍ,50,17670,2,-3,2,-4,MS系／ガンダム系／連邦軍・ティターンズ・地球連合／ガンダムSEED ASTRAY、MSV
2457,ブルデュエル,0,458,45,88,70,605,16,240,250,200,200,200,90,－,Ｍ,48,19830,2,-3,2,-4,MS系／ガンダム系／連邦軍・ティターンズ・地球連合／ガンダムSEED ASTRAY、MSV
2458,ストライクノワール,0,458,45,92,60,629,17,220,240,220,220,220,60,－,Ｍ,52,19860,2,-4,2,2,MS系／ガンダム系／連邦軍・ティターンズ・地球連合／ガンダムSEED ASTRAY、MSV
2459,ピースメーカー,0,320,26,65,60,220,12,80,80,80,80,0,5,－,Ｓ,27,7500,5,-2,-5,-5,その他／スパロボシリーズ
2460,古代ゲッター,0,840,66,90,60,990,50,400,400,370,380,360,60,－,Ｌ,87,218000,4,-2,-2,4,その他／スパロボシリーズ
2461,デッカード,0,300,40,58,40,300,6,150,150,0,100,0,1,強5,ＳＳ,38,12000,2,-5,0,-4,その他／勇者・エルドランシリーズ
2462,ゴルドラン,0,600,54,52,50,450,20,210,210,200,200,180,100,強5,Ｍ,55,40000,2,-3,2,-4,その他／勇者・エルドランシリーズ
2463,スペリオン,0,390,40,65,40,300,11,130,130,130,110,100,20,強5,Ｓ,38,18000,2,-4,2,2,その他／勇者・エルドランシリーズ
2464,1st仕様なのは,0,160,24,75,70,510,10,500,500,100,300,100,500,－,ＳＳ,52,692000,2,-4,-3,3,人系
2465,フェイト,0,148,17,79,60,540,10,500,500,100,300,100,100,－,ＳＳ,54,740000,2,-4,-3,3,人系
2466,ブロディア,0,370,40,70,58,350,15,180,180,180,150,150,50,－,Ｓ,34,8400,3,-1,0,-2,その他／スパロボシリーズ
2467,レプトス,0,340,32,90,70,300,12,180,180,150,180,150,10,－,Ｓ,35,6000,3,-1,0,-2,その他／スパロボシリーズ
2468,ファイアII世,0,370,40,20,30,480,10,150,150,150,150,150,30,－,Ｓ,29,16800,3,-3,-4,-3,その他／スパロボシリーズ
2469,ファイアIII世,0,370,46,20,30,500,10,160,160,160,160,160,20,－,Ｓ,30,16800,3,-3,-4,-3,その他／スパロボシリーズ
2470,サターン,0,380,50,20,30,550,10,180,180,180,180,180,20,－,Ｓ,32,16800,3,-3,-4,-3,その他／スパロボシリーズ
2471,ブラックオックス,0,390,54,23,30,630,10,200,200,200,200,200,30,－,Ｓ,37,18000,3,-3,-4,-3,その他／スパロボシリーズ
2472,スーパーアベガ,0,380,45,74,60,400,20,200,210,160,160,160,1,－,Ｍ,47,28000,4,-3,2,2,艦船系／スパロボシリーズ
2473,アルベガス,0,700,55,70,65,630,40,230,230,60,100,180,100,－,Ｌ,58,76020,2,-2,2,0,その他／スパロボシリーズ
2474,フォーディ,0,280,30,85,80,290,10,180,180,150,150,150,10,－,Ｓ,30,5100,2,-1,0,-1,その他／スパロボシリーズ
2475,ガルディン,0,400,45,40,45,400,20,150,180,180,150,120,10,－,Ｓ,35,5700,4,-2,0,-2,その他／スパロボシリーズ
2476,R・ジャッカル,0,350,30,95,60,320,12,180,200,180,180,120,10,－,Ｓ,34,6600,5,-2,-1,-2,その他／スパロボシリーズ
2477,G・サイクロン,0,420,48,42,40,450,22,150,180,200,150,120,10,－,Ｓ,37,6000,3,-2,0,-2,その他／スパロボシリーズ
2478,ゴーバリアン,0,466,50,53,60,670,12,190,220,195,195,195,260,NT5,Ｓ,50,27100,2,-2,-5,-5,その他／スパロボシリーズ
2479,ドラン,0,408,50,70,50,350,10,160,160,150,150,130,5,強5,Ｓ,37,12030,2,-3,2,-5,その他／勇者・エルドランシリーズ
2480,ザクI・スナイパータイプ,0,190,13,38,75,258,14,50,50,0,60,80,10,－,Ｍ,21,9840,2,-4,1,-3,MS系／ザク系／ジオン・ネオジオン軍・ザフト／量産機
2481,バクリュウドラゴン,0,590,55,84,60,600,58,300,280,280,280,230,40,－,Ｌ,63,18000,-3,-4,1,4,その他／勇者・エルドランシリーズ
2482,スーパーグランゾート,0,480,60,57,50,600,11,230,230,230,210,200,70,－,Ｓ,57,64000,4,-5,1,1,その他／スパロボシリーズ
2483,ガイン,0,480,50,70,50,400,15,110,110,100,130,100,1,－,Ｍ,42,22020,4,-5,1,1,その他／勇者・エルドランシリーズ
2484,クロス・ミラージュ雌型,0,468,42,115,65,630,20,300,350,350,110,110,30,強5,Ｍ,53,58020,3,1,1,1,その他／ファイブスター物語
2485,グロイザーX,0,780,74,48,85,660,100,290,280,250,250,250,100,－,ＬＬ,70,73600,-5,-4,1,3,その他／スパロボシリーズ
2486,グロイザーロボ ,1,780,74,48,75,660,100,290,280,250,250,250,1,－,ＬＬ,70,0,3,-4,1,-5,その他／スパロボシリーズ
2487,エルドラV,0,600,50,45,55,500,57,280,250,280,200,200,100,－,Ｌ,48,40020,5,-4,-3,0,その他／スパロボシリーズ
2488,エルドラソウル,0,660,54,60,65,650,57,300,250,300,250,200,150,－,Ｌ,57,52020,5,-2,-2,2,その他／スパロボシリーズ
2489,巨神ゴッドマジンガー,0,610,90,45,40,540,30,210,230,205,205,205,170,－,Ｍ,60,146000,2,-5,0,-4,その他／スパロボシリーズ
2490,ゴッドマジンガー,0,756,96,55,60,600,25,400,400,400,400,400,110,－,Ｍ,70,146030,2,-5,0,5,その他／スパロボシリーズ
2491,グランゾート,0,470,50,53,40,500,11,170,170,170,150,140,30,－,Ｓ,52,40000,4,-5,1,1,その他／スパロボシリーズ
2492,チェンタム,0,610,48,62,30,470,55,200,200,100,100,100,1,－,Ｌ,55,110000,2,-5,2,-3,その他／スパロボシリーズ
2493,ゴウザウラー,0,590,45,60,50,550,45,220,220,270,270,270,20,－,Ｌ,58,70000,2,-5,2,2,その他／勇者・エルドランシリーズ
2494,メカンダーロボ,0,800,65,54,35,550,120,200,200,300,100,100,10,－,ＬＬ,66,146000,2,-5,2,2,その他／スパロボシリーズ
2495,マイクサウンダース13世,0,450,50,58,35,420,21,200,200,300,100,100,130,－,Ｍ,66,28000,2,-5,2,2,その他／勇者・エルドランシリーズ
2496,バスターフューラー,0,528,58,116,70,525,25,350,400,360,380,420,70,強5,Ｍ,66,58060,4,0,-6,2,その他／ゾイドシリーズ／スパロボシリーズ
2497,アトランジャー,0,530,85,55,65,580,80,200,200,210,180,150,30,－,Ｌ,60,31600,2,0,1,2,その他／スパロボシリーズ
2498,フォウ,0,230,32,58,60,425,20,170,170,160,160,100,30,NT5,Ｓ,60,28000,-3,-2,0,6,車輌・戦闘機系／スパロボシリーズ／量産機
2499,ウグ,0,318,33,58,50,250,15,80,80,0,100,100,1,－,Ｍ,25,10830,2,-4,1,0,その他／スパロボシリーズ／量産機
2500,Bガンダム,0,160,18,40,60,175,9,0,0,0,10,0,5,NT3,Ｓ,17,60,-5,-3,2,-5,その他／連邦軍・ティターンズ・地球連合／専用機
2501,トゥランファム(SP),0,465,40,75,60,480,20,110,110,120,120,120,20,－,Ｍ,43,13800,3,-2,3,4,その他／スパロボシリーズ／量産機
2502,ケルベロスバクゥハウンド,0,322,26,55,50,340,12,150,200,130,50,50,50,強1,Ｍ,31,6240,5,-2,-5,-4,MS系／ジオン・ネオジオン軍・ザフト／ガンダムSEED ASTRAY、MSV
2503,スターゲイザー,0,454,43,98,80,466,18,200,250,200,200,0,90,－,Ｍ,46,14640,0,-5,4,-1,MS系／ガンダム系／連邦軍・ティターンズ・地球連合／ガンダムSEED ASTRAY、MSV
2504,Mk-IIIヴィクセリオス,0,460,46,105,35,450,20,200,250,200,200,0,30,－,Ｍ,49,28000,0,-5,4,-4,MS系／ガンダム系／エウーゴ・カラバ／オリジナル系
2505,ガンダムサジタリウス,0,580,52,90,70,550,20,240,250,240,230,210,120,－,Ｍ,53,18000,3,-5,0,2,MS系／ガンダム系／G-UNIT
2506,エーギル,0,300,20,30,120,250,22,0,0,0,0,200,50,－,Ｌ,27,40000,-5,2,-4,-4,その他／ジオン・ネオジオン軍・ザフト
2507,ゼーゴック,0,400,28,50,110,400,25,0,0,0,0,200,50,－,Ｌ,37,52000,-4,-3,-3,0,その他／ジオン・ネオジオン軍・ザフト
2508,プロトタイプ・ゴッグ,0,294,35,44,50,333,18,0,0,35,35,0,1,－,Ｍ,30,8040,2,3,-5,-4,MS系／ジオン・ネオジオン軍・ザフト／M-MSV(大河原邦夫コレクション)
2509,ワイバーン,0,200,8,90,90,240,15,180,180,50,170,170,20,－,Ｍ,25,12000,-2,-6,-6,5,スパロボシリーズ／車輌・戦闘機系
2510,モルガン,0,200,8,90,90,240,20,180,180,50,170,170,20,－,Ｍ,26,12000,-2,-6,-6,5,スパロボシリーズ／車輌・戦闘機系
2511,ロゼット(強化陸戦形態),0,400,45,79,65,340,20,150,150,150,150,150,10,－,Ｍ,36,12000,3,-3,0,1,MS系／連邦軍・ティターンズ・地球連合／アドバンス・オブ・ゼータ
2512,ゼーガペイン・フリスベルグ,0,365,34,70,60,450,14,200,200,170,140,140,100,－,Ｓ,52,25600,2,-4,2,3,その他／スパロボシリーズ
2513,ゼーガペイン・ガルダ,0,340,30,80,60,340,14,200,200,140,140,170,1,－,Ｓ,52,25600,2,-4,2,3,その他／スパロボシリーズ
2514,ゼーガペイン・アルティール,0,365,30,75,60,300,14,200,200,150,150,150,1,－,Ｓ,52,28000,2,-4,2,3,その他／スパロボシリーズ
2515,ジム・ストライカー,0,308,30,54,55,330,18,50,50,50,30,10,20,－,Ｍ,31,9840,3,-3,-5,-4,MS系／ジム系／連邦軍・ティターンズ・地球連合／量産機
2516,ラスヴェート,0,510,50,90,50,500,18,240,290,290,290,0,70,NT5,Ｍ,46,28000,2,-5,2,3,MS系／連邦軍・ティターンズ・地球連合／機動新世紀ガンダムX
2517,ネモ(ビームカノン装備),0,352,35,70,60,397,18,120,130,0,80,0,10,－,Ｍ,37,12660,2,-3,2,-4,MS系／ジム系／エウーゴ・カラバ／オリジナル系
2518,バスターマシン７号,0,700,25,90,110,900,15,700,700,700,700,700,380,強6,ＳＳ,73,500000,0,-2,5,-4,人系／スパロボシリーズ
2519,ウルトラマグナス,0,380,48,54,60,430,15,200,200,200,200,200,10,強5,Ｓ,47,66400,2,-3,-3,-4,その他／スパロボシリーズ
2520,コンボイ,0,480,60,52,60,530,15,250,250,250,250,250,20,強5,Ｓ,55,92000,4,-2,-3,-5,その他／スパロボシリーズ
2521,レオニダス,0,1160,20,30,90,700,50,100,160,160,160,160,50,－,ＬＬ,70,148700,-5,-5,1,1,艦船系／スパロボシリーズ
2522,レオニダスII,0,1160,20,30,90,700,50,100,160,160,160,160,50,－,ＬＬ,70,148700,-5,-5,1,1,艦船系／スパロボシリーズ
2523,マルドゥーク,0,630,20,30,90,700,50,100,160,160,160,160,40,－,ＬＬ,52,56800,-5,-5,1,1,艦船系／スパロボシリーズ
2524,ペルガモン,0,1160,20,30,90,700,50,100,160,160,160,160,50,－,ＬＬ,70,148700,-5,-5,1,1,艦船系／スパロボシリーズ
2525,ペルーン,0,1160,20,30,90,700,50,100,160,160,160,160,50,－,ＬＬ,70,151400,-5,-5,1,1,艦船系／スパロボシリーズ
2526,盤古,0,1160,20,30,90,700,50,100,160,160,160,160,50,－,ＬＬ,70,147800,-5,-5,1,1,艦船系／スパロボシリーズ
2527,パラミデュース,0,1160,20,30,90,700,50,100,160,160,160,160,50,－,ＬＬ,70,148700,-5,-5,1,1,艦船系／スパロボシリーズ
2528,パトロクロス,0,1160,20,30,90,700,50,100,160,160,160,160,50,－,ＬＬ,70,148700,-5,-5,1,1,艦船系／スパロボシリーズ
2529,ディオメデス,0,1180,20,30,90,700,50,100,160,160,160,160,50,－,ＬＬ,71,146000,-5,-5,1,1,艦船系／スパロボシリーズ
2530,ケツァル・コァトル,0,1160,20,30,90,700,50,100,160,160,160,160,50,－,ＬＬ,70,164000,-5,-5,1,1,艦船系／スパロボシリーズ
2531,クリシュナ,0,1160,20,30,90,700,50,100,160,160,160,160,50,－,ＬＬ,70,164000,-5,-5,1,1,艦船系／スパロボシリーズ
2532,ク・ホリン,0,1160,20,30,90,700,50,100,160,160,160,160,50,－,ＬＬ,70,148700,-5,-5,1,1,艦船系／スパロボシリーズ
2533,アキレウス,0,1180,20,30,90,700,50,100,160,160,160,160,50,－,ＬＬ,71,146000,-5,-5,1,1,艦船系／スパロボシリーズ
2534,リオ・グランデ,0,1180,20,30,90,700,50,100,160,160,160,160,50,－,ＬＬ,71,147800,-5,-5,1,1,艦船系／スパロボシリーズ
2535,アイアース,0,1160,20,30,90,700,50,100,160,160,160,160,50,－,ＬＬ,70,166700,-5,-5,1,1,艦船系／スパロボシリーズ
2536,レダII,0,490,16,40,90,700,50,100,160,160,160,160,50,－,ＬＬ,48,19800,-2,-3,2,2,艦船系／スパロボシリーズ
2537,マサソイト,0,910,20,30,90,700,50,100,160,160,160,160,50,－,ＬＬ,62,183800,-2,-3,2,2,艦船系／スパロボシリーズ
2538,マウリア,0,980,20,30,90,700,50,100,160,160,160,160,50,－,ＬＬ,64,112700,-2,-3,2,2,艦船系／スパロボシリーズ
2539,トリグラフ,0,920,20,30,90,700,50,100,160,160,160,160,50,－,ＬＬ,62,77200,-2,-3,2,2,艦船系／スパロボシリーズ
2540,シヴァ,0,1170,20,28,90,700,50,100,160,160,160,160,50,－,ＬＬ,71,164000,-2,-3,2,2,艦船系／スパロボシリーズ
2541,アガートラム,0,980,20,30,90,700,50,100,160,160,160,160,50,－,ＬＬ,64,113600,-2,-3,2,2,艦船系／スパロボシリーズ
2542,ユリシーズ,0,620,20,30,90,700,50,100,160,160,160,160,30,－,ＬＬ,52,55600,-2,-3,2,2,艦船系／スパロボシリーズ
2543,ムフウエセ,0,630,20,30,90,700,50,100,160,160,160,160,30,－,ＬＬ,52,65200,-2,-3,2,2,艦船系／スパロボシリーズ
2544,ヒューベリオン,0,910,20,30,90,700,50,100,160,160,160,160,60,－,ＬＬ,62,93800,-2,-3,2,2,艦船系／スパロボシリーズ
2545,バッツマン,0,680,20,30,90,700,50,100,160,160,160,160,50,－,ＬＬ,59,77200,-4,-5,0,0,艦船系／スパロボシリーズ
2546,ハイデンハイム,0,680,20,30,90,700,50,100,160,160,160,160,50,－,ＬＬ,59,77200,-4,-5,0,0,艦船系／スパロボシリーズ
2547,ダルムシュタット,0,680,20,30,90,700,50,100,160,160,160,160,50,－,ＬＬ,59,77200,-4,-5,0,0,艦船系／スパロボシリーズ
2548,ネルトリンゲン,0,680,20,30,90,700,50,100,160,160,160,160,50,－,ＬＬ,59,81200,-4,-5,0,0,艦船系／スパロボシリーズ
2549,オストマルク,0,680,25,30,90,700,50,100,160,160,160,160,50,－,ＬＬ,59,65800,-4,-5,0,0,艦船系／スパロボシリーズ
2550,アウグスブルク,0,690,25,30,90,700,50,100,160,160,160,160,50,－,ＬＬ,60,66400,-4,-5,0,0,艦船系／スパロボシリーズ
2551,ベルリン,0,1120,25,30,90,700,50,100,160,160,160,160,50,－,ＬＬ,74,164000,-4,-5,0,0,艦船系／スパロボシリーズ
2552,ヴィルヘルミナ,0,1120,20,30,90,700,50,100,160,160,160,160,50,－,ＬＬ,74,164000,-4,-5,0,0,艦船系／スパロボシリーズ
2553,リューベック,0,980,20,30,90,700,50,100,160,160,160,160,50,－,ＬＬ,69,92900,-4,-5,0,0,艦船系／スパロボシリーズ
2554,ヨーツンハイム,0,1190,20,30,90,700,50,100,160,160,160,160,50,－,ＬＬ,77,100100,-4,-5,0,0,艦船系／スパロボシリーズ
2555,ヴィーグリーズ,0,680,20,30,90,700,50,100,160,160,160,160,50,－,ＬＬ,59,67000,-4,-5,0,0,艦船系／スパロボシリーズ
2556,ヘルモーズ,0,680,20,30,90,700,50,100,160,160,160,160,50,－,ＬＬ,59,67000,-4,-5,0,0,艦船系／スパロボシリーズ
2557,ベイオ・ウルフ,0,990,20,30,90,700,50,100,160,160,160,160,60,－,ＬＬ,70,96500,-4,-5,0,0,艦船系／スパロボシリーズ
2558,フォンケル,0,960,20,30,90,700,50,100,160,160,160,160,50,－,ＬＬ,69,98300,-4,-5,0,0,艦船系／スパロボシリーズ
2559,フォルセティ,0,960,20,30,90,700,50,100,160,160,160,160,50,－,ＬＬ,69,82100,-4,-5,0,0,艦船系／スパロボシリーズ
2560,バルバロッサ,0,990,25,35,95,700,50,100,160,160,160,160,50,－,ＬＬ,70,96500,-4,-5,0,0,艦船系／スパロボシリーズ
2561,パーツィバル,0,990,20,30,90,700,50,100,160,160,160,160,60,－,ＬＬ,70,96500,-4,-5,0,0,艦船系／スパロボシリーズ
2562,ニュルンベルク,0,960,20,30,90,700,50,100,160,160,160,160,50,－,ＬＬ,69,95600,-4,-5,0,0,艦船系／スパロボシリーズ
2563,戦艦トリスタン,0,980,20,30,90,700,50,100,160,160,160,160,50,－,ＬＬ,69,95600,-4,-5,0,0,艦船系／スパロボシリーズ
2564,テオドリクス,0,680,20,30,90,700,50,100,160,160,160,160,50,－,ＬＬ,59,67000,-4,-5,0,0,艦船系／スパロボシリーズ
2565,スキールニル,0,950,20,32,90,700,50,100,160,160,160,160,50,－,ＬＬ,68,92000,-4,-5,0,0,艦船系／スパロボシリーズ
2566,サラマンドル,0,990,20,30,90,700,50,100,160,160,160,160,50,－,ＬＬ,70,99200,-4,-5,0,0,艦船系／スパロボシリーズ
2567,ケーニヒス・ティーゲル,0,815,18,35,90,700,50,100,160,160,160,160,50,－,ＬＬ,64,92000,-4,-5,0,0,艦船系／スパロボシリーズ
2568,クヴァシル,0,770,18,35,90,700,50,100,160,160,160,160,50,－,ＬＬ,62,78400,-4,-5,0,0,艦船系／スパロボシリーズ
2569,ヴィーザル,0,950,20,30,90,700,50,100,160,160,160,160,50,－,ＬＬ,68,110000,-4,-5,0,0,艦船系／スパロボシリーズ
2570,アースグリム,0,950,18,35,90,700,50,100,160,160,160,160,50,－,ＬＬ,68,94700,-4,-5,0,0,艦船系／スパロボシリーズ
2571,ブリュンヒルト,0,1010,30,30,90,700,50,100,160,160,160,160,60,－,ＬＬ,71,134300,-4,-5,0,0,艦船系／スパロボシリーズ
2572,ラウンドフェイサー,0,350,52,52,60,450,15,100,100,100,100,100,5,－,Ｍ,36,6000,4,0,-5,-2,その他／スパロボシリーズ／量産機
2573,コーチマspl,0,338,56,68,60,570,15,230,230,200,200,200,10,－,Ｍ,37,9000,4,0,-5,-2,その他／スパロボシリーズ
2574,シュツルシークS,0,200,15,93,50,300,10,130,130,80,90,110,10,－,Ｓ,35,11400,-5,-5,3,3,その他／スパロボシリーズ
2575,フライライ,0,340,22,78,45,430,15,150,150,130,120,100,15,－,Ｓ,45,13200,-5,-5,3,3,その他／スパロボシリーズ
2576,クレッセイバー,0,700,50,80,60,550,40,300,300,400,400,300,180,－,Ｌ,64,64000,2,0,1,2,その他／スパロボシリーズ
2577,真クレッセイバー,0,790,60,85,65,860,40,500,500,450,450,400,180,強5,Ｌ,79,92000,2,0,1,2,その他／スパロボシリーズ
2578,スケルドールＫ,0,390,38,60,40,380,18,200,200,200,180,150,5,－,Ｍ,45,9600,4,2,-2,-5,その他／スパロボシリーズ
2579,グランサイズ,0,600,52,65,40,670,50,300,350,300,280,250,170,－,Ｌ,68,55000,4,2,-3,-3,その他／スパロボシリーズ
2580,ガンゴリラ,0,290,32,40,80,300,20,50,50,0,0,80,5,－,Ｍ,38,10800,4,1,-6,-5,その他／スパロボシリーズ
2581,ガンゴリラAA,0,290,32,45,80,350,20,80,80,30,50,100,10,－,Ｍ,40,13200,4,0,-6,-5,その他／スパロボシリーズ
2582,ファラビット,0,330,22,96,50,625,25,300,400,250,280,280,90,－,Ｓ,50,40000,6,0,-5,-5,その他／スパロボシリーズ
2583,プレイメイα,0,370,36,58,35,390,20,100,100,100,80,50,20,－,Ｍ,49,13200,3,1,-3,-5,その他／スパロボシリーズ
2584,プレイメイβ,0,370,36,52,55,390,20,100,100,100,80,50,1,－,Ｍ,49,14400,3,1,-3,-5,その他／スパロボシリーズ
2585,プレイメイΔ,0,372,36,63,40,390,20,100,100,100,80,50,1,－,Ｍ,42,15000,-5,1,-3,3,その他／スパロボシリーズ
2586,魔窟堂仕様プレイメイα,0,455,41,75,35,450,20,450,450,400,380,350,50,－,Ｍ,49,32800,5,1,-3,-5,その他／スパロボシリーズ／専用機
2587,ゴトラタン(キャノンフォーム),0,474,49,100,80,570,16,250,250,220,200,250,10,強5,Ｍ,52,43840,2,-3,2,2,MS系／機動戦士Vガンダム／ザンスカール帝国
2588,ガーリオン・カスタム,0,455,50,88,90,460,20,280,280,260,260,270,10,－,Ｍ,54,41200,3,-6,3,2,その他／バンプレストオリジナル
2589,ガーリオン・トロンベ,0,455,52,92,90,500,20,320,320,280,280,280,20,－,Ｍ,55,42400,2,-6,3,3,その他／バンプレストオリジナル
2590,ヤマト試作艦,0,1600,5,5,180,500,100,270,270,200,200,200,50,－,ＬＬ,89,110000,-1,0,1,1,艦船系／スパロボシリーズ
2591,ゲーツ専用バウンド・ドック,0,448,59,113,62,478,27,180,190,170,170,0,10,強1,Ｍ,38,57160,2,-3,3,-4,MS系／連邦軍・ティターンズ・地球連合／機動戦士Zガンダム／専用機
2592,ゲーツ専用バウンド・ドック(MA) ,1,448,59,120,62,478,27,180,190,170,170,0,10,強1,Ｍ,38,0,-5,-5,4,3,MA系／連邦軍・ティターンズ・地球連合／機動戦士Zガンダム／専用機
2593,アルブレード・カスタム,0,415,55,105,70,480,20,200,250,200,200,100,20,－,Ｍ,54,28000,2,-3,3,2,その他／バンプレストオリジナル
2594,ネオゲッター1,0,624,46,55,60,525,30,200,100,230,170,100,90,－,Ｍ,50,76060,4,-4,2,-4,その他／スパロボシリーズ
2595,ネオゲッター2 ,1,624,41,75,60,525,30,200,100,230,170,100,90,－,Ｍ,50,0,-2,-5,3,5,その他／スパロボシリーズ
2596,ネオゲッター3 ,1,624,58,45,60,525,30,200,100,230,170,100,90,－,Ｍ,50,0,1,5,3,-5,その他／スパロボシリーズ
2597,地獄の壁仕様フロスト,0,300,35,48,59,350,19,100,200,150,200,150,30,－,Ｓ,40,6000,5,-3,-6,-5,その他／スパロボシリーズ
2598,ゾロ(MA) ,1,357,35,80,65,408,20,210,240,235,220,200,5,－,Ｍ,38,0,-5,-5,-5,3,MA系／機動戦士Vガンダム／ザンスカール帝国／量産機
2599,ドライグ,0,444,50,105,80,530,15,360,350,240,260,260,150,－,Ｍ,45,40000,1,-3,4,-4,MS系／機動戦士ガンダムF90
2600,ストライクGP01,0,470,33,80,65,400,20,220,220,230,230,180,60,－,Ｍ,40,15000,0,-1,0,2,MS系／ガンダム系／連邦軍・ティターンズ・地球連合／オリジナル系
2601,ズサン,0,350,43,62,55,428,22,100,150,125,150,100,20,－,Ｍ,39,7800,2,-2,2,0,MS系／ターンAガンダム／量産機
2602,アクシズ仕様ドラッツェ,0,256,19,56,45,312,29,0,0,90,90,0,5,－,Ｍ,27,6690,-5,-5,3,-5,MS系／ジオン・ネオジオン軍・ザフト／機動戦士Zガンダム
2603,エゥーゴ仕様ジム・カスタム,0,345,33,70,58,397,18,50,90,140,140,0,5,－,Ｍ,36,12726,2,-5,2,-4,MS系／ジム系／エウーゴ・カラバ／機動戦士Zガンダム／量産機
2604,フルアーマーGP01,0,465,43,60,60,370,18,160,185,175,175,0,40,－,Ｍ,37,14700,2,-1,0,0,MS系／ガンダム系／連邦軍・ティターンズ・地球連合／オリジナル系
2605,量産型ガンタンク,0,275,21,32,80,320,15,0,30,0,0,90,1,－,Ｍ,15,7410,2,-4,-5,-5,その他／連邦軍・ティターンズ・地球連合／MSV(モビルスーツバリエーション)／量産機
2606,MS牽引型ガンタンク,0,230,21,38,80,300,18,0,30,0,0,90,1,－,Ｍ,22,4200,3,-2,-5,-5,その他／連邦軍・ティターンズ・地球連合／第08MS小隊
2607,新ゲッター1,0,420,50,50,60,450,80,170,170,170,170,170,1,－,Ｌ,48,40000,0,-5,2,4,その他／スパロボシリーズ
2608,新ゲッター2 ,1,420,45,55,60,450,80,170,170,170,170,170,1,－,Ｌ,48,0,5,-5,-5,-5,その他／スパロボシリーズ
2609,新ゲッター3 ,1,420,55,45,60,450,80,170,170,170,170,170,1,－,Ｌ,48,0,0,5,-5,-5,その他／スパロボシリーズ
2610,カンナ専用光武,0,228,29,33,30,225,15,230,230,0,0,0,1,NT5,ＳＳ,30,6000,5,-5,-5,-3,その他／サクラ大戦シリーズ／専用機
2611,紅蘭専用光武,0,228,17,25,35,225,15,230,230,0,0,0,1,NT5,ＳＳ,30,6000,5,-5,-5,-3,その他／サクラ大戦シリーズ／専用機
2612,アイリス専用光武,0,228,21,33,30,225,15,230,230,0,0,0,1,NT5,ＳＳ,30,6000,5,-5,-5,-3,その他／サクラ大戦シリーズ／専用機
2613,マリア専用光武,0,228,16,29,45,225,15,230,230,0,0,0,1,NT5,ＳＳ,30,6000,5,-5,-5,-3,その他／サクラ大戦シリーズ／専用機
2614,すみれ専用光武,0,228,21,33,45,225,15,230,230,0,0,0,1,NT5,ＳＳ,30,6000,5,-5,-5,-3,その他／サクラ大戦シリーズ／専用機
2615,さくら専用光武,0,228,23,30,30,225,15,230,230,0,0,0,10,NT5,ＳＳ,30,6000,5,-5,-5,-3,その他／サクラ大戦シリーズ／専用機
2616,プロトタイプケンプファー,0,304,26,91,58,408,18,0,0,165,165,0,50,－,Ｍ,26,15810,2,-3,2,-4,MS系／ジオン・ネオジオン軍・ザフト
2617,プロトタイプキュベレイ,0,458,40,80,80,540,25,250,190,205,210,215,80,NT5,Ｌ,47,18000,0,-3,4,-4,MS系／ジオン・ネオジオン軍・ザフト／Z-MSV
2618,オリジン(キャノン形態) ,1,480,50,80,78,440,25,180,180,180,200,200,100,強5,Ｍ,45,0,2,-4,3,2,MS系／ガンダム系／ガンダム00
2619,スレッガー専用ガンキャノン,0,263,35,50,58,290,20,0,0,0,195,95,30,－,Ｍ,30,11400,3,0,1,0,MS系／連邦軍・ティターンズ・地球連合／オリジナル系／専用機
2620,ドム・グロウスバイル,0,283,25,58,48,265,14,0,0,90,90,0,5,－,Ｍ,30,11100,0,-3,3,-4,MS系／ジオン・ネオジオン軍・ザフト／ドム系／オリジナル系
2621,月光号,0,1100,48,64,90,600,70,280,200,200,200,200,70,－,ＬＬ,79,290000,-5,-4,-4,5,艦船系／スパロボシリーズ
2622,大型戦闘艦,0,2100,10,5,110,800,80,260,260,200,200,200,70,－,ＬＬ,114,182000,-2,-2,1,-1,艦船系／スパロボシリーズ／量産機
2623,ガルマンガミラス戦闘空母,0,1600,10,5,80,700,80,260,260,200,200,200,30,－,ＬＬ,93,92000,-2,-3,1,-3,艦船系／スパロボシリーズ／量産機
2624,バルグレイ,0,942,54,41,110,570,70,260,260,200,200,200,100,－,ＬＬ,66,32980,-4,-5,3,2,艦船系／スパロボシリーズ
2625,ゴーランド,0,1800,5,5,120,600,70,250,250,200,200,200,50,－,ＬＬ,97,40000,-2,-3,1,-4,艦船系／スパロボシリーズ／量産機
2626,デストリア,0,600,10,20,90,500,80,200,200,200,200,200,35,－,ＬＬ,52,16200,-5,-5,1,-5,艦船系／スパロボシリーズ／量産機
2627,駆逐艦冬月,0,1700,5,5,120,700,70,280,280,200,200,200,50,－,ＬＬ,97,40000,-3,0,1,-4,艦船系／スパロボシリーズ
2628,合体レッドホークヤマト,0,1600,25,20,90,800,100,290,290,300,300,300,100,－,ＬＬ,90,76000,0,1,1,1,艦船系／スパロボシリーズ
2629,ワイバーンギア,0,564,50,90,50,455,17,300,300,0,0,0,30,強5,Ｍ,58,34060,2,-3,1,2,その他／スパロボシリーズ
2630,リシテア(RM),0,860,43,37,120,700,80,200,200,200,200,200,100,－,ＬＬ,63,164000,3,1,-3,-3,艦船系／機動戦士Vガンダム／ザンスカール帝国／量産機
2631,リシテア(FM) ,1,860,43,37,120,700,80,200,200,200,200,200,100,－,ＬＬ,63,0,-3,-3,2,2,艦船系／機動戦士Vガンダム／ザンスカール帝国／量産機
2632,グレゴルー専用スコープドッグTC,0,250,14,72,60,300,10,200,200,200,200,0,30,－,ＳＳ,35,2100,5,-5,-5,-5,その他／専用機／ボトムズシリーズ
2633,ムーザ専用スコープドッグTC,0,250,14,72,60,300,10,200,200,200,200,0,30,－,ＳＳ,35,2100,5,-5,-5,-5,その他／専用機／ボトムズシリーズ
2634,バイマン専用スコープドッグTC,0,250,14,72,60,300,10,200,200,200,200,0,30,－,ＳＳ,35,2100,5,-5,-5,-5,その他／専用機／ボトムズシリーズ
2635,スタンディングタートル,0,270,18,60,60,320,10,0,150,150,150,0,5,－,ＳＳ,32,2100,3,2,-5,-5,その他／ボトムズシリーズ／量産機
2636,エルドスピーネ,0,275,19,75,60,320,10,150,150,150,150,0,25,－,ＳＳ,34,2100,5,-5,-5,-5,その他／ボトムズシリーズ／量産機
2637,レッドバロン,0,600,70,70,30,450,15,180,180,280,0,0,180,－,Ｍ,52,52000,3,0,-3,-2,その他／スパロボシリーズ
2638,Hi-νガンダム,0,518,50,107,105,572,20,300,255,250,230,240,180,NT5,Ｍ,60,54880,1,-4,3,-4,MS系／ガンダム系／連邦軍・ティターンズ・地球連合／ZZ/CCA-MSV
2639,クァドラン・ロー,0,385,36,98,70,430,10,170,170,170,170,170,50,強4,Ｍ,49,28000,3,-2,3,1,その他／マクロスシリーズ／量産機
2640,マックス専用クァドラン・ロー,0,430,40,105,90,480,10,180,180,180,180,180,1,強4,Ｍ,54,40000,3,-2,3,1,その他／マクロスシリーズ／専用機
2641,ガンダムGP02F,0,485,38,70,60,430,22,180,180,180,180,0,30,－,Ｍ,40,10200,3,-2,2,0,MS系／ガンダム系／連邦軍・ティターンズ・地球連合／オリジナル系
2642,ガンダムGP02PF,0,485,32,75,60,430,22,180,180,180,180,0,40,－,Ｍ,42,10200,3,-2,2,0,MS系／ガンダム系／連邦軍・ティターンズ・地球連合／オリジナル系
2643,ガンダムGP02MLRS,0,410,50,70,60,532,22,180,180,180,0,180,30,－,Ｍ,44,25960,2,-5,2,-4,MS系／ガンダム系／連邦軍・ティターンズ・地球連合
2644,ベイブル,0,372,58,100,65,450,15,180,190,190,170,150,50,－,Ｓ,43,18010,2,-5,3,3,その他／スパロボシリーズ
2645,バルディ,0,300,46,95,62,520,15,180,190,190,170,150,50,－,Ｓ,42,18010,2,-5,3,3,その他／スパロボシリーズ
2646,ブルグレン,0,530,45,60,70,490,20,140,150,150,150,120,10,－,Ｓ,54,19200,1,-4,5,3,その他／スパロボシリーズ
2647,エビル・S,0,345,36,83,64,378,18,90,125,110,40,0,1,－,Ｍ,37,12000,2,-3,2,0,MS系／機動戦士ガンダムF91／量産機
2648,クロスボーン・ガンダムX1フルクロス,0,476,56,113,90,570,20,280,260,260,270,230,230,NT2,Ｍ,58,41260,3,-3,3,0,MS系／ガンダム系／機動戦士クロスボーンガンダム
2649,クロスボーン・ガンダムX1フルアーマー,0,476,60,110,90,570,20,280,260,260,270,230,230,NT2,Ｍ,58,41260,3,-3,3,0,MS系／ガンダム系／機動戦士クロスボーンガンダム
2650,ナカガワ専用高機動型ギャン,0,334,30,70,54,310,15,0,130,130,0,0,40,－,Ｍ,38,11580,3,0,3,0,MS系／ジオン・ネオジオン軍・ザフト／MSV(モビルスーツバリエーション)／ギャン系／専用機
2651,スウェン専用ストライクIWSP,0,408,38,77,60,425,30,220,230,200,200,200,10,－,Ｍ,54,15000,2,-4,4,3,MS系／ガンダム系／ガンダムSEED ASTRAY、MSV／専用機
2652,リガード,0,300,30,78,70,250,15,170,170,170,170,170,10,強1,Ｍ,30,10800,2,-3,3,0,その他／マクロスシリーズ／量産機
2653,リガード・小型ミサイルポッド装備,0,300,30,72,70,250,15,170,170,170,170,170,10,強1,Ｍ,30,11400,2,-3,3,0,その他／マクロスシリーズ／量産機
2654,リガード・大型ミサイルポッド装備,0,300,30,65,85,250,15,170,170,170,170,170,10,強1,Ｍ,30,11400,2,-3,3,0,その他／マクロスシリーズ／量産機
2655,ネモ(バリュートパック装備),0,352,35,70,60,397,18,120,130,0,80,0,5,－,Ｍ,37,12660,2,-3,2,-5,MS系／ジム系／エウーゴ・カラバ／機動戦士Zガンダム／量産機
2656,ビルバイン(迷彩),0,345,27,120,80,510,15,290,290,290,290,150,20,NT7,Ｓ,62,52300,3,-2,0,5,その他／スパロボシリーズ
2657,ウイングキャリバー(迷彩) ,1,345,23,110,80,510,15,290,290,290,290,150,20,NT7,Ｓ,42,0,3,-5,0,5,その他／スパロボシリーズ
2658,ナツキ,0,230,17,75,40,390,10,300,300,300,300,300,1,－,ＳＳ,39,290000,3,-4,3,3,人系
2659,シズル,0,230,17,75,40,390,10,300,300,300,300,300,1,－,ＳＳ,39,290000,3,-4,3,3,人系
2660,ハルカ,0,190,23,75,40,540,10,300,300,300,300,300,1,－,ＳＳ,42,500000,1,1,1,1,人系
2661,エルスティン,0,200,20,65,40,420,10,300,300,300,300,300,1,－,ＳＳ,38,500000,3,-4,2,2,人系
2662,ニナ,0,180,17,60,40,450,10,300,300,300,300,300,1,－,ＳＳ,38,500000,3,-4,2,2,人系
2663,アリカ,0,210,25,80,40,450,10,300,300,300,300,300,200,－,ＳＳ,41,500000,3,-4,2,2,人系
2664,はやて,0,154,17,80,72,570,10,300,300,300,300,300,100,－,ＳＳ,54,740000,2,-5,2,2,人系
2665,ドロロロボ,0,300,18,50,50,250,13,200,200,180,170,150,1,－,ＳＳ,25,40000,2,-4,0,2,その他／スパロボシリーズ
2666,クルルロボ,0,300,18,50,50,250,13,170,170,170,170,150,1,－,ＳＳ,25,40000,2,-4,0,3,その他／スパロボシリーズ
2667,ギロロロボ,0,300,18,50,50,250,13,80,200,0,200,150,1,－,ＳＳ,25,40000,2,-4,0,2,その他／スパロボシリーズ
2668,タママロボ,0,300,18,50,50,250,13,80,90,190,170,150,1,－,ＳＳ,25,40000,2,-4,0,2,その他／スパロボシリーズ
2669,ケロロロボ,0,300,18,50,50,250,13,180,180,160,190,150,10,－,ＳＳ,25,40000,2,-4,0,2,その他／スパロボシリーズ
2670,マッハパトロール,0,180,16,86,45,320,13,180,180,80,100,100,50,－,Ｓ,25,12000,3,3,-5,-4,スパロボシリーズ／車輌・戦闘機系
2671,マッハアタッカー ,1,180,16,98,45,320,13,180,180,80,100,100,1,－,Ｓ,25,0,-5,-4,3,3,スパロボシリーズ／車輌・戦闘機系
2672,ダイファイター ,1,1152,77,75,50,990,80,300,300,250,250,250,350,－,ＬＬ,99,0,-5,-3,2,2,その他／スパロボシリーズ
2673,ダイタンク ,1,1152,89,70,75,990,80,300,300,250,250,250,350,－,ＬＬ,99,0,2,2,0,-5,その他／スパロボシリーズ
2674,マークフィアー,0,575,50,77,65,470,35,200,100,50,200,200,45,強5,Ｌ,57,52000,4,-1,0,-4,その他／スパロボシリーズ
2675,ヌージャデル・ガー,0,350,37,80,70,350,15,170,170,170,170,170,50,強4,Ｍ,44,32800,3,-3,3,1,その他／マクロスシリーズ
2676,ヌージャデル・ガーR,0,380,40,80,70,380,15,190,190,190,190,190,20,強4,Ｍ,46,40000,3,-3,3,1,その他／マクロスシリーズ
2677,ザンボエース,0,468,46,80,65,320,30,200,200,120,150,160,50,強2,Ｌ,40,13210,2,-3,1,0,その他／スパロボシリーズ
2678,ザンバード ,1,468,40,75,65,320,30,200,200,120,150,160,1,強2,Ｌ,40,0,-4,-4,4,4,その他／スパロボシリーズ
2679,ファイナルダンクーガ,0,934,72,70,75,990,27,330,350,320,300,320,1240,－,Ｍ,81,166340,3,-2,3,3,その他／スパロボシリーズ
2680,ブラスティー(C),0,470,55,100,70,580,35,500,500,300,400,400,200,－,Ｌ,58,52000,-5,-3,4,3,その他／スパロボシリーズ
2681,ブラスティー(S) ,1,470,50,110,90,580,35,500,500,300,400,400,200,－,Ｌ,58,0,-5,-4,5,3,その他／スパロボシリーズ
2682,ダグファイヤー ,1,400,40,70,40,300,10,250,250,220,220,220,1,－,Ｓ,33,0,2,0,0,-5,その他／勇者・エルドランシリーズ
2683,グレイ・ゼータ,0,448,56,122,82,478,19,250,270,200,230,250,150,NT5,Ｍ,60,54820,2,-3,2,-5,MS系／ガンダム系／専用機
2684,ウェイブライダー(グレイ・ゼータ) ,1,448,56,129,82,478,24,250,270,200,230,250,150,NT5,Ｍ,60,0,-6,-6,4,4,MA系／ガンダム系／専用機
2685,レッド・ゼータ,0,448,56,122,82,478,19,250,270,200,230,250,150,NT5,Ｍ,57,54820,2,-3,2,-4,MS系／ガンダム系／専用機
2686,ウェイブライダー(レッド・ゼータ) ,1,448,56,129,82,478,24,250,270,200,230,250,1,NT5,Ｍ,57,0,-6,-6,4,4,MA系／ガンダム系／専用機
2687,火星独立ジオン軍仕様ガンダムF90,0,453,50,116,70,520,15,250,270,260,240,260,50,－,Ｍ,39,18750,2,-1,3,0,MS系／ガンダム系／機動戦士ガンダムF90
2688,ゴールドフレーム天ミナO,0,456,45,91,75,572,18,300,290,310,220,220,20,強4,Ｍ,45,24640,3,-3,3,0,MS系／ガンダム系／ガンダムSEED ASTRAY、MSV
2689,新型量産機データ収集実験機,0,300,20,55,52,250,12,0,0,60,60,0,1,－,Ｍ,25,16050,2,0,2,0,MS系／ジム系／連邦軍・ティターンズ・地球連合／スターダストメモリー
2690,ワッパ,0,50,1,35,35,170,8,0,10,0,0,0,1,－,Ｓ,11,150,0,-3,-5,2,ジオン・ネオジオン軍・ザフト／機動戦士ガンダム／車輌・戦闘機系／量産機
2691,デストロイド・シャイアン,0,300,30,65,80,200,15,150,150,150,150,150,10,－,Ｓ,36,8400,2,-2,-2,1,その他／マクロスシリーズ
2692,デストロイド・トマホーク,0,340,36,60,100,210,15,180,180,170,170,170,30,－,Ｓ,39,9600,2,-2,0,-5,その他／マクロスシリーズ／量産機
2693,デストロイド・ディフェンダー,0,340,36,60,100,210,15,180,180,170,170,170,30,－,Ｓ,39,9600,2,-2,0,-5,その他／マクロスシリーズ／量産機
2694,デストロイド・スパルタン,0,360,44,85,60,250,15,180,180,170,170,170,30,－,Ｓ,44,10800,3,-2,-1,-5,その他／マクロスシリーズ／量産機
2695,ゴライオン,0,780,57,45,50,750,60,350,350,350,330,300,50,－,Ｌ,71,146000,2,0,2,2,その他／勇者・エルドランシリーズ
2696,騎士ガンダム,0,520,60,62,65,480,25,250,250,250,150,130,40,－,Ｍ,45,40000,4,-4,0,0,MS系／ガンダム系
2697,スカラップスSL,0,315,25,80,60,510,10,100,100,250,250,0,10,－,ＳＳ,42,8400,3,-5,3,-5,その他／ボトムズシリーズ
2698,イクストル,0,340,36,33,52,150,12,0,0,50,50,0,10,－,Ｓ,23,8430,4,-5,-5,-5,その他／スパロボシリーズ
2699,アーマーン・アヌビス,0,600,65,100,90,650,20,240,240,250,250,250,30,－,Ｍ,67,146000,2,2,2,2,その他／スパロボシリーズ
2700,テスト機仕様F91,0,434,42,103,90,534,20,280,260,260,270,230,50,NT3,Ｍ,54,36760,2,-3,2,0,MS系／ガンダム系／連邦軍・ティターンズ・地球連合／機動戦士ガンダムF91
2701,ギャプランTR-5,0,460,33,85,60,325,20,100,160,160,160,160,5,－,Ｍ,33,52240,0,-1,1,0,MS系／連邦軍・ティターンズ・地球連合／アドバンス・オブ・ゼータ
2702,ギャプランTR-5(MA) ,1,460,25,105,40,325,20,100,160,160,160,160,5,－,Ｍ,33,0,-1,-2,3,4,MS系／連邦軍・ティターンズ・地球連合／アドバンス・オブ・ゼータ
2703,ファイバー,0,460,54,96,70,482,19,100,270,180,180,180,30,－,Ｌ,47,56980,-5,-3,3,3,MS系／連邦軍・ティターンズ・地球連合／アドバンス・オブ・ゼータ
2704,フライルー,0,422,45,113,60,454,25,150,285,285,285,0,10,－,Ｍ,45,46540,2,-3,2,-4,MS系／連邦軍・ティターンズ・地球連合／アドバンス・オブ・ゼータ
2705,フライルー(MA) ,1,422,45,120,60,454,25,150,285,285,285,0,10,－,Ｍ,45,0,-5,-5,5,3,MA系／連邦軍・ティターンズ・地球連合／アドバンス・オブ・ゼータ
2706,ヤッターアンコウ,0,340,22,40,55,400,10,200,250,250,150,130,70,－,Ｓ,40,12000,-6,2,2,2,その他／スパロボシリーズ
2707,ヤッターペリカン,0,300,20,58,55,400,10,200,250,250,150,130,1,－,Ｓ,40,12000,0,2,-6,4,その他／スパロボシリーズ
2708,ヤッターワン,0,310,22,50,55,400,10,200,250,250,150,130,1,－,Ｓ,40,12000,4,-4,0,0,その他／スパロボシリーズ
2709,ランスロット,0,365,37,100,50,420,10,280,350,350,350,300,50,－,Ｓ,38,40000,3,-4,-4,-4,その他／コードギアス
2710,コーネリア専用グロースター,0,318,37,80,50,300,10,280,350,350,350,300,40,－,Ｓ,31,23200,3,-2,-4,-5,その他／コードギアス／専用機
2711,ポルコート,0,320,40,80,60,300,30,140,140,150,150,150,10,強3,Ｓ,38,18000,2,-1,0,-5,その他／勇者・エルドランシリーズ
2712,スーパーGフォートレス,0,600,39,98,35,640,45,220,220,240,240,220,50,NT4,Ｍ,56,24400,-5,-4,4,2,MA系／ガンダム系／エウーゴ・カラバ／オリジナル系
2713,テッカマンブレード,0,410,40,85,50,460,10,200,200,200,0,200,130,強3,ＳＳ,45,290000,1,-5,4,2,人系／スパロボシリーズ
2714,ASS-1,0,1800,60,5,30,1200,200,800,800,0,0,0,180,－,ＸＬ,108,3330050,-5,-5,2,-5,艦船系／マクロスシリーズ
2715,オーガス・バルキリー,0,400,40,100,80,600,20,400,400,400,400,400,1,－,Ｍ,47,18000,2,-1,4,3,その他／スパロボシリーズ
2716,ソーラーアクエリオン,0,600,84,69,90,524,50,600,400,400,400,400,250,NT7,Ｌ,95,200000,4,-2,2,2,その他／スパロボシリーズ
2717,アクエリオンルナ,0,600,70,78,80,524,50,600,400,400,400,400,1,NT7,Ｌ,85,200000,2,-2,2,4,その他／スパロボシリーズ
2718,アクエリオンマーズ,0,600,74,86,70,524,50,600,400,400,400,400,1,NT7,Ｌ,85,200000,3,-1,2,2,その他／スパロボシリーズ
2719,マーシィドッグHMC,0,250,14,72,60,300,10,0,0,200,200,0,10,－,ＳＳ,33,1500,3,1,-5,-5,その他／ボトムズシリーズ
2720,カラミティドッグG,0,300,17,98,50,450,10,220,240,240,240,0,20,－,ＳＳ,37,3480,5,-3,0,-5,その他／ボトムズシリーズ
2721,カラミティドッグR,0,310,19,84,50,450,10,220,240,240,240,0,20,－,ＳＳ,37,3480,5,-3,0,-5,その他／ボトムズシリーズ
2722,ベルリン(MH),0,432,40,90,60,500,20,110,110,100,70,0,30,－,Ｍ,45,32820,3,1,1,-4,その他／ファイブスター物語
2723,ヘルマイネ,0,492,42,75,50,500,20,100,100,80,50,0,50,－,Ｍ,46,28020,3,-1,-2,-3,その他／ファイブスター物語
2724,ビストーム,0,360,32,75,40,495,30,300,300,300,250,200,150,強1,Ｌ,47,34000,6,1,-5,-5,スパロボシリーズ
2725,ラガン,0,280,40,66,25,350,10,200,200,200,180,150,80,－,ＳＳ,30,15000,5,-5,-5,-5,その他／スパロボシリーズ
2726,グレン,0,500,45,45,40,450,30,250,250,250,230,200,1,－,Ｓ,37,20800,4,-2,0,-4,その他／スパロボシリーズ
2727,グレンラガン,0,550,50,62,50,750,30,300,300,350,300,250,150,－,Ｍ,64,46000,5,-2,2,-4,その他／スパロボシリーズ
2728,ドラン(WM),0,430,45,80,55,300,15,170,150,120,140,0,10,－,Ｍ,35,6600,-2,-5,-4,4,その他／スパロボシリーズ
2729,レセップス,0,697,33,44,110,382,100,160,250,130,150,100,10,－,ＬＬ,50,357320,4,-3,-5,-3,艦船系／ジオン・ネオジオン軍・ザフト／ガンダムSEED
2730,バビ,0,312,24,59,55,340,18,150,160,120,150,70,5,強2,Ｍ,33,8430,2,-3,-5,3,MS系／ジオン・ネオジオン軍・ザフト／ガンダムSEED DESTINY
2731,バビ(MA) ,1,312,24,64,55,340,18,150,160,120,150,70,5,強2,Ｍ,33,0,-5,-3,-5,3,MS系／ジオン・ネオジオン軍・ザフト／ガンダムSEED DESTINY
2732,グラタン(直立モード) ,1,280,15,50,60,200,25,10,30,30,0,0,5,－,Ｓ,25,0,2,-2,-6,-5,スパロボシリーズ／車輌・戦闘機系
2733,グラタン(水上モード) ,1,280,15,50,40,200,15,10,30,30,0,0,5,－,Ｓ,25,0,-4,3,-6,0,スパロボシリーズ／車輌・戦闘機系
2734,グラタン(飛行モード) ,1,280,15,50,40,200,15,10,30,30,0,0,5,－,Ｓ,25,0,-4,-4,-6,1,スパロボシリーズ／車輌・戦闘機系
2735,クロノクル専用ゾロ(MA) ,1,410,36,86,65,408,20,210,240,235,220,200,10,－,Ｍ,41,0,-5,-5,-5,3,MA系／機動戦士Vガンダム／専用機／ザンスカール帝国
2736,ニューゴッドフェニックス,0,744,58,40,85,630,40,370,370,220,220,220,30,－,Ｌ,60,146030,0,-3,4,5,車輌・戦闘機系／スパロボシリーズ
2737,ガッチャスパルタン,0,600,54,65,90,595,40,390,390,240,240,240,50,－,Ｌ,55,182030,1,0,5,5,車輌・戦闘機系／スパロボシリーズ
2738,ルンピニーガンダム,0,480,50,52,50,430,18,180,260,200,150,150,5,強1,Ｍ,40,9000,2,0,0,0,MS系／ガンダム系／機動武闘伝Gガンダム
2739,スノーミラージュガンダム,0,440,46,58,60,420,18,180,260,200,150,150,5,強1,Ｍ,40,6000,2,0,0,0,MS系／ガンダム系／機動武闘伝Gガンダム
2740,バロンガンダム,0,480,50,44,50,400,18,180,260,200,150,150,5,強1,Ｍ,40,6000,2,0,0,0,MS系／ガンダム系／機動武闘伝Gガンダム
2741,バロンガンダム(バロン神の怒りモード) ,1,480,60,35,50,400,18,180,260,200,150,150,5,強1,Ｍ,40,0,2,0,0,0,MS系／ガンダム系／機動武闘伝Gガンダム
2742,ガズウート,0,288,24,33,78,300,20,150,60,0,100,0,5,強1,Ｍ,29,5910,2,-3,2,-5,MS系／ジオン・ネオジオン軍・ザフト／ガンダムSEED DESTINY／量産機
2743,ガズウート(タンク形態) ,1,288,24,38,78,300,20,150,60,0,100,0,5,強1,Ｍ,29,0,3,-3,-1,-5,MA系／ジオン・ネオジオン軍・ザフト／ガンダムSEED DESTINY／量産機
2744,アムロ専用バウ,0,535,45,79,70,405,20,180,190,160,150,1,20,－,Ｍ,43,50980,2,-1,1,0,MS系／エウーゴ・カラバ／専用機／オリジナル系
2745,アムロ専用バウ(MA) ,1,420,30,105,75,405,20,180,190,160,150,1,20,－,Ｍ,43,0,-1,-3,1,4,その他／エウーゴ・カラバ／専用機／オリジナル系
2746,アルトアイゼン・ナハト,0,440,70,70,50,396,25,250,250,270,220,200,60,－,Ｍ,42,33040,5,-3,3,-4,その他／バンプレストオリジナル
2747,哨戒機ATキャリー,0,300,14,60,60,400,15,0,100,0,0,0,1,－,Ｓ,29,2100,-2,-5,-5,3,その他／ボトムズシリーズ／量産機
2748,ATフライ,0,300,14,60,60,400,15,0,100,0,0,0,1,－,Ｓ,29,2100,-2,-5,-5,3,その他／ボトムズシリーズ／量産機
2749,ポッドベリー,0,312,22,80,60,370,10,200,210,210,210,0,20,－,ＳＳ,32,6000,5,-4,3,-5,その他／ボトムズシリーズ
2750,ブラストルタイガー,0,600,55,125,95,400,20,300,300,200,290,350,1,－,Ｍ,61,92000,6,-4,-6,1,その他／ゾイドシリーズ／スパロボシリーズ
2751,メガトロン,0,436,69,52,60,470,15,250,250,250,250,250,20,強5,Ｓ,51,98300,4,-2,-3,-5,その他／スパロボシリーズ
2752,ヱクセリヲン,0,2215,73,58,190,900,200,300,300,300,300,300,500,－,ＸＬ,160,380000,-6,-6,1,0,艦船系／スパロボシリーズ
2753,ガイキングLOD,0,620,66,65,55,600,70,210,170,195,195,195,190,－,Ｌ,64,76000,2,-2,0,3,その他／スパロボシリーズ
2754,ホバギー,0,50,1,35,35,170,8,0,10,0,0,0,1,－,ＳＳ,11,15,0,-3,-5,2,スパロボシリーズ／車輌・戦闘機系／量産機
2755,ガーリオン・カスタム”無明”,0,656,86,110,60,620,20,330,330,400,300,0,100,－,Ｍ,69,64000,2,-2,3,3,その他／バンプレストオリジナル
2756,エクスカイザー,0,340,40,70,50,350,10,120,120,120,110,100,50,強5,Ｓ,43,15600,3,-2,2,-4,その他／勇者・エルドランシリーズ
2757,火鳥,0,60,20,80,30,150,5,90,90,90,90,90,10,強3,ＳＳ,17,3000,3,-4,1,2,その他／勇者・エルドランシリーズ
2758,ファイバード,0,480,40,65,60,520,20,120,120,120,110,100,10,強2,Ｍ,45,28020,3,1,1,-5,その他／勇者・エルドランシリーズ
2759,ダ・ガーン,0,384,40,70,60,560,5,120,120,80,120,100,10,強5,Ｓ,44,14410,4,0,1,-4,その他／勇者・エルドランシリーズ
2760,ヴァルシオン改,0,840,90,64,90,900,80,300,300,300,300,300,50,－,Ｌ,78,584000,3,-3,3,3,その他／バンプレストオリジナル
2761,ヴァルシオン改・タイプCF,0,800,73,55,90,960,58,300,300,300,300,300,50,－,Ｌ,77,290000,0,-4,2,1,その他／バンプレストオリジナル
2762,ニューレイズナー,0,348,54,120,70,530,10,180,180,180,180,150,150,－,Ｓ,47,52020,1,-3,5,3,その他／スパロボシリーズ
2763,ガイ,0,110,20,100,30,150,5,200,200,200,200,200,30,強3,ＳＳ,28,3000,3,-2,-4,-5,その他／勇者・エルドランシリーズ
2764,ルネ,0,90,15,75,50,120,5,200,200,170,200,180,20,強3,ＳＳ,15,3000,3,-2,-4,-5,その他／勇者・エルドランシリーズ
2765,ストーム・ドーガ,0,400,38,65,80,360,18,120,180,120,120,0,10,－,Ｍ,35,7200,2,-4,0,4,MS系／ザク系／ジオン・ネオジオン軍・ザフト／ZZ/CCA-MSV
2766,マ・クベ専用ボール,0,150,18,30,40,175,8,100,100,100,100,100,20,－,Ｓ,20,1800,-5,-3,2,-5,その他／専用機／オリジナル系
2767,ドズル・ザビ専用ボール,0,190,20,27,40,200,8,100,100,100,100,100,20,－,Ｓ,22,1950,-5,-3,2,-5,その他／専用機／オリジナル系
2768,ランバ・ラル専用ボール,0,150,18,30,40,175,8,100,100,100,100,100,20,－,Ｍ,20,1800,-5,-3,2,-5,その他／専用機／オリジナル系
2769,シャア専用ザクレロ,0,417,24,74,58,390,25,60,60,0,0,0,1,－,Ｍ,38,12330,-6,-6,3,-6,MA系／ジオン・ネオジオン軍・ザフト／専用機／オリジナル系
2770,テムジンガンダム,0,500,58,57,57,450,16,180,150,200,100,0,5,強1,Ｍ,42,10440,3,-1,0,0,MS系／ガンダム系／機動武闘伝Gガンダム
2771,グロムリン,0,650,44,53,75,600,33,300,350,200,300,300,100,NT5,Ｌ,52,137000,-5,-5,3,-3,MA系／ジオン・ネオジオン軍・ザフト／オリジナル系
2772,グロムリンII,0,700,44,70,80,700,40,300,370,200,350,350,150,NT5,Ｌ,58,155000,-5,-5,4,-2,MA系／ジオン・ネオジオン軍・ザフト／オリジナル系
2773,グロムリン・フォズィル,0,1200,50,30,90,800,40,350,380,350,350,350,250,NT5,Ｌ,77,335000,-5,-5,4,-2,MA系／ジオン・ネオジオン軍・ザフト／オリジナル系
2774,ガンダム(RO),0,350,35,62,58,325,18,130,130,130,130,0,30,－,Ｍ,30,14100,2,0,1,1,MS系／ガンダム系／連邦軍・ティターンズ・地球連合
2775,指揮官仕様ジム,0,250,21,36,47,260,11,0,10,30,30,0,1,－,Ｍ,22,6810,1,-5,1,0,MS系／ジム系／連邦軍・ティターンズ・地球連合／機動戦士ガンダム
2776,ペズ・バタラ,0,372,33,76,56,393,18,130,110,110,120,0,40,NT1,Ｍ,37,11550,2,-4,2,-4,MS系／ガンダム系／機動戦士クロスボーンガンダム
2777,バルブス,0,372,27,104,54,335,15,100,10,80,80,0,50,NT5,Ｍ,39,10800,-4,-3,5,-3,MS系／ザク系／ジオン・ネオジオン軍・ザフト
2778,コルニグス,0,480,47,116,66,556,20,250,200,200,200,200,180,NT3,Ｍ,56,45040,2,-3,3,0,MS系／ガンダム系／機動戦士クロスボーンガンダム
2779,コルニグス(MA) ,1,480,47,120,66,556,20,250,200,200,200,200,180,NT3,Ｍ,56,0,-5,-3,3,3,MS系／ガンダム系／機動戦士クロスボーンガンダム
2780,リグ・リング,0,550,50,75,75,660,30,270,270,270,270,270,150,NT5,Ｌ,56,52000,0,-5,2,2,MS系／ザンスカール帝国／オリジナル系
2781,ビグ・ラング,0,480,39,43,70,460,80,275,275,260,200,0,100,－,ＬＬ,47,29380,-5,-5,3,-5,MA系／ジオン・ネオジオン軍・ザフト
2782,ライト・スコープドッグ,0,200,11,80,60,300,10,0,0,150,150,0,1,－,ＳＳ,25,1500,5,-5,-5,-5,その他／ボトムズシリーズ
2783,エクルビス,0,325,22,88,60,440,10,100,100,280,280,0,20,－,ＳＳ,33,18000,5,-5,-5,-5,その他／ボトムズシリーズ
2784,雪上戦用ブロッカー,0,280,20,56,60,300,10,0,0,200,200,0,1,－,ＳＳ,27,1800,2,-5,0,-5,その他／ボトムズシリーズ
2785,地上戦艦,0,1100,5,10,60,750,80,0,280,200,0,0,80,－,Ｌ,66,92000,2,-3,-4,-5,艦船系／ボトムズシリーズ
2786,ゲシュペンスト・タイプRV,0,400,46,100,80,450,21,320,320,255,295,270,50,－,Ｍ,57,40000,3,-2,3,2,その他／バンプレストオリジナル
2787,ラーズアングリフ・レイブン,0,660,65,92,80,500,30,220,220,180,190,190,120,－,Ｍ,63,52000,4,-2,1,2,その他／バンプレストオリジナル
2788,ネロブリッツ,0,420,38,83,70,425,25,200,220,150,80,60,90,強5,Ｍ,53,28000,4,-2,3,1,MS系／ガンダム系／ガンダムSEED ASTRAY、MSV
2789,ロッソイージス,0,410,42,87,80,430,25,300,320,150,80,160,90,強5,Ｍ,45,28000,4,-3,3,1,MS系／ガンダム系／ガンダムSEED ASTRAY、MSV
2790,ロッソイージス(飛行形態) ,1,410,42,87,80,430,25,300,320,150,80,160,90,強5,Ｍ,46,0,3,-3,2,3,MS系／ガンダム系／ガンダムSEED ASTRAY、MSV
2791,ロッソイージス(砲撃形態) ,1,410,42,75,95,430,25,300,320,150,80,160,90,強5,Ｍ,46,0,3,-3,3,1,MS系／ガンダム系／ガンダムSEED ASTRAY、MSV
2792,ロッソイージス(多脚形態) ,1,410,40,87,80,430,25,300,320,150,80,160,90,強5,Ｍ,46,0,5,0,3,1,MS系／ガンダム系／ガンダムSEED ASTRAY、MSV
2793,ロッソイージス(巡航形態) ,1,410,42,80,80,430,25,300,320,150,80,160,90,強5,Ｍ,46,0,-4,-3,4,4,MA系／ガンダム系／ガンダムSEED ASTRAY、MSV
2794,ロッソイージス(MA) ,1,410,38,84,60,430,25,300,320,150,80,160,90,強5,Ｍ,46,0,-4,-2,4,2,MA系／ガンダム系／ガンダムSEED ASTRAY、MSV
2795,シビリアンアストレイDSSDカスタム,0,332,28,61,70,445,17,170,190,220,220,220,20,－,Ｍ,37,7950,0,-5,4,-5,MS系／ガンダム系／ガンダムSEED ASTRAY、MSV
2796,シビリアンアストレイJGカスタム,0,390,31,78,80,380,20,150,170,200,200,200,1,－,Ｍ,36,8400,3,-1,3,-3,MS系／ガンダム系／ガンダムSEED ASTRAY、MSV
2797,複砲仕様ドム・キャノン,0,302,28,53,58,326,18,0,120,80,105,80,10,－,Ｍ,31,9690,3,-3,-5,-4,MS系／ジオン・ネオジオン軍・ザフト／ドム系／MSV(モビルスーツバリエーション)／量産機
2798,ミデア後期型,0,270,20,32,65,380,56,50,100,0,50,50,5,－,Ｌ,28,11100,0,-5,-4,4,車輌・戦闘機系／連邦軍・ティターンズ・地球連合／量産機
2799,アドバンスド・フライルー,0,440,45,120,60,460,24,170,305,305,285,200,35,－,Ｍ,46,54460,3,-3,2,-4,MA系／連邦軍・ティターンズ・地球連合／アドバンス・オブ・ゼータ
2800,Zガンダム2号機,0,448,56,122,82,478,19,250,270,200,230,250,30,NT3,Ｍ,55,54820,2,-3,3,-4,MS系／ガンダム系／エウーゴ・カラバ／機動戦士Zガンダム
2801,ウェイブライダー2号機 ,1,448,56,129,82,478,24,250,270,200,230,250,1,NT3,Ｍ,55,0,-5,-5,4,-1,MA系／ガンダム系／エウーゴ・カラバ／機動戦士Zガンダム
2802,カスペン専用ゲルググ,0,352,32,65,54,354,19,0,135,135,135,0,10,－,Ｍ,34,10440,2,-3,2,-4,MS系／ジオン・ネオジオン軍・ザフト／MSV(モビルスーツバリエーション)／ゲルググ系／専用機
2803,ブラックマイトガイン,0,672,55,65,60,600,25,280,280,250,250,250,10,－,Ｌ,56,46020,3,0,1,-2,その他／スパロボシリーズ
2804,デモンベイン・トゥーソード(最終形態),0,750,60,70,70,780,30,290,280,300,250,250,50,NT4,Ｌ,76,200000,3,3,3,2,その他／スパロボシリーズ
2805,ゲッPーX,0,420,50,50,60,450,80,170,170,170,170,170,20,－,Ｌ,48,28000,0,-5,2,4,その他／スパロボシリーズ
2806,シロガネ,0,1400,60,54,180,830,100,400,400,360,360,360,200,－,ＬＬ,100,200000,-2,1,1,1,艦船系／バンプレストオリジナル
2807,クロガネ,0,1600,75,60,180,900,100,400,400,360,360,360,50,－,ＬＬ,110,218000,0,1,1,1,艦船系／バンプレストオリジナル
2808,レイズナー(フライトユニット),0,450,38,72,70,500,20,130,130,130,130,120,5,－,Ｓ,57,34000,1,-3,0,6,その他／スパロボシリーズ
2809,アテナ専用ナイキック,0,408,52,90,70,420,20,180,200,200,180,180,30,－,Ｓ,43,23220,3,-5,1,3,その他／スパロボシリーズ
2810,アテナ専用ナイキック(F) ,1,408,46,80,70,420,20,200,200,180,180,180,30,－,Ｓ,43,0,-5,-3,2,3,スパロボシリーズ／車輌・戦闘機系
2811,VA-3 インベーダー,0,380,53,66,70,540,20,180,180,170,170,170,10,－,Ｓ,54,19500,-4,0,5,5,マクロスシリーズ／車輌・戦闘機系
2812,VA-3 インベーダー(B) ,1,380,55,58,70,540,20,180,180,170,170,170,10,－,Ｓ,54,0,4,0,3,-4,その他／マクロスシリーズ
2813,AEUヘリオン,0,277,23,42,40,297,15,50,50,60,60,0,1,－,Ｍ,27,6060,1,0,-4,2,MS系／ガンダム00／量産機
2814,AEUヘリオン(MA) ,1,277,23,37,40,297,15,50,50,60,60,0,1,－,Ｍ,27,0,-5,-5,-4,3,MA系／ガンダム00／量産機
2815,AEUイナクト,0,295,26,56,53,339,17,50,50,80,80,0,30,－,Ｍ,31,6990,1,-4,-4,2,MS系／ガンダム00／量産機
2816,AEUイナクト(MA) ,1,295,26,61,53,339,17,50,50,80,80,0,30,－,Ｍ,31,0,-5,-4,-4,-3,MA系／ガンダム00／量産機
2817,ティエレン地上型,0,282,24,37,40,297,18,40,40,90,90,0,5,－,Ｍ,26,5580,3,-4,-5,-5,MS系／ガンダム00／量産機
2818,ティエレン高機動型,0,252,33,59,45,325,20,40,40,90,90,0,25,－,Ｍ,28,7860,2,-4,-2,0,MS系／ガンダム00／量産機
2819,ティエレン宇宙型,0,285,24,40,45,297,18,40,40,90,90,0,5,－,Ｍ,27,5460,-4,-5,2,-5,MS系／ガンダム00／量産機
2820,ユニオンフラッグ,0,295,23,55,50,339,17,50,50,80,80,0,30,－,Ｍ,30,6810,0,-4,-3,2,MS系／ガンダム00／量産機
2821,ユニオンフラッグ(MA) ,1,295,23,61,50,339,17,50,50,80,80,0,30,－,Ｍ,30,0,-5,-5,-3,3,MA系／ガンダム00／量産機
2822,ガンダムヴァーチェ,0,402,41,67,74,550,18,180,180,0,180,180,100,－,Ｍ,45,17580,1,-4,2,1,MS系／ガンダム系／ガンダム00
2823,ガンダムキュリオス,0,402,36,77,68,509,18,180,180,150,150,150,100,－,Ｍ,43,19260,1,-4,2,3,MS系／ガンダム系／ガンダム00
2824,ガンダムキュリオス(MA) ,1,402,36,83,68,509,18,180,180,150,150,150,100,－,Ｍ,43,0,-5,-5,3,3,MA系／ガンダム系／ガンダム00
2825,ガンダムデュナメス,0,402,40,71,78,509,18,180,180,0,180,180,100,－,Ｍ,44,14460,2,-5,2,1,MS系／ガンダム系／ガンダム00
2826,ガンダムエクシア,0,402,37,74,71,466,18,180,180,180,180,0,100,－,Ｍ,42,14520,2,-3,2,2,MS系／ガンダム系／ガンダム00
2827,VA-3 インベーダー(G) ,1,380,50,62,70,540,20,180,180,170,170,170,10,－,Ｓ,54,0,1,1,-2,1,その他／マクロスシリーズ
2828,VE-1 エリントシーカー,0,290,36,66,80,550,20,170,170,170,170,170,50,－,Ｍ,38,20800,-2,-2,5,-5,マクロスシリーズ／車輌・戦闘機系
2829,VE-1 エリントシーカー(G) ,1,290,32,62,80,550,20,170,170,170,170,170,50,－,Ｓ,38,0,0,-2,1,-5,その他／マクロスシリーズ
2830,VE-1 エリントシーカー(B) ,1,290,38,66,80,550,20,170,170,170,170,170,50,－,Ｍ,38,0,5,-5,3,-5,その他／マクロスシリーズ
2831,VF-4 ライトニングIII,0,300,36,84,80,350,20,170,170,170,170,170,50,－,Ｍ,34,11400,-2,-2,5,2,マクロスシリーズ／車輌・戦闘機系
2832,VF-4 ライトニングIII(G) ,1,300,34,80,80,350,20,170,170,170,170,170,50,－,Ｓ,34,0,1,-2,1,-5,その他／マクロスシリーズ
2833,VF-4 ライトニングIII(B) ,1,300,38,75,80,350,20,170,170,170,170,170,50,－,Ｍ,34,0,5,-5,3,-5,その他／マクロスシリーズ
2834,ロビン専用高機動型ザク,0,300,21,56,42,312,18,0,40,40,40,0,45,－,Ｍ,29,7350,-3,-3,4,-5,MS系／ザク系／ジオン・ネオジオン軍・ザフト／専用機
2835,カート専用高機動型ザク後期型,0,348,28,70,54,340,18,0,80,80,80,0,55,－,Ｍ,34,7350,-4,-4,4,-5,MS系／ザク系／ジオン・ネオジオン軍・ザフト／専用機
2836,ジオン軍戦闘ヘリ,0,180,15,60,13,80,5,0,10,0,15,0,1,－,Ｓ,15,450,1,-2,-3,4,ジオン・ネオジオン軍・ザフト／第08MS小隊／車輌・戦闘機系／量産機
2837,海自303式強化外骨格,0,190,22,46,50,250,20,50,60,60,60,40,55,－,ＳＳ,27,155000,3,0,-3,-2,人系
2838,アバランチドッグ,0,250,14,65,60,300,10,0,0,150,150,0,1,－,ＳＳ,31,1500,5,-5,-5,-5,その他／ボトムズシリーズ
2839,スレッジトータス,0,270,18,60,60,320,10,0,150,150,150,0,1,－,ＳＳ,32,1800,5,-5,-5,-5,その他／ボトムズシリーズ
2840,スタンディングタートルSTC,0,270,22,52,60,320,10,0,150,150,150,0,1,－,ＳＳ,32,2100,3,2,-5,-5,その他／ボトムズシリーズ
2841,モスピーダ,0,144,12,65,60,175,10,50,50,50,20,0,5,－,ＳＳ,10,1230,5,-5,-5,-5,その他／スパロボシリーズ／量産機
2842,モスピーダ(RA) ,1,144,20,75,60,175,10,50,50,250,20,0,5,－,ＳＳ,10,0,4,-5,-2,-4,その他／スパロボシリーズ／量産機
2843,ボックメッサー専用スコープドッグ,0,250,14,48,80,300,10,0,0,150,150,0,5,－,ＳＳ,31,1500,5,-5,-5,-5,その他／ボトムズシリーズ／専用機
2844,ゼトラ専用スコープドッグ,0,250,14,65,99,300,10,0,0,150,150,0,5,－,ＳＳ,32,2100,5,-5,-5,-5,その他／ボトムズシリーズ／専用機
2845,ボルク専用スコープドッグ,0,245,12,70,60,300,10,0,0,150,150,0,5,－,ＳＳ,32,2100,5,-5,-5,-5,その他／ボトムズシリーズ／専用機
2846,ノルデン専用スコープドッグ,0,250,14,55,60,300,10,0,0,150,150,0,5,－,ＳＳ,32,2100,5,-5,-5,-5,その他／ボトムズシリーズ／専用機
2847,レーン専用スコープドッグ,0,250,16,75,50,300,10,0,0,150,150,0,5,－,ＳＳ,32,2100,5,-5,-5,-5,その他／ボトムズシリーズ／専用機
2848,フォークト専用スコープドッグ,0,250,14,72,60,300,10,0,0,150,150,0,5,－,ＳＳ,32,2100,5,-5,-5,-5,その他／ボトムズシリーズ／専用機
2849,サイコサラマンダー,0,690,45,40,80,700,50,200,200,100,200,200,1,－,Ｌ,65,52000,0,-6,3,0,MA系／ジオン・ネオジオン軍・ザフト／MSV(モビルスーツバリエーション)
2850,レーン専用スコープドッグアサルト,0,250,16,80,50,170,10,0,150,150,150,0,5,－,ＳＳ,32,2250,5,-5,-5,-5,その他／ボトムズシリーズ／専用機
2851,AT用自走砲,0,300,14,55,80,300,15,0,100,0,100,0,5,－,ＳＳ,26,2100,0,-5,-5,0,その他／ボトムズシリーズ／量産機
2852,VF-22S シュトゥルムフォーゲルII,0,430,40,117,95,470,20,180,180,170,170,170,120,－,Ｍ,45,54400,-2,-2,5,5,マクロスシリーズ／車輌・戦闘機系
2853,VF-22S シュトゥルムフォーゲルII(B) ,1,430,45,105,75,470,20,180,180,170,170,170,120,－,Ｍ,45,0,5,-5,3,-2,その他／マクロスシリーズ
2854,水中潜航仕様スコープドッグ,0,250,14,64,50,300,10,0,0,150,150,0,5,－,ＳＳ,32,2100,2,3,-5,-5,その他／ボトムズシリーズ／専用機
2855,ケスウリ隊仕様ファッティー,0,270,18,70,60,300,10,0,0,200,200,0,30,－,ＳＳ,33,2100,2,-5,5,-5,その他／ボトムズシリーズ
2856,ケスウリ隊仕様陸戦用ファッティーA型,0,270,18,72,60,300,12,0,0,200,150,0,5,－,ＳＳ,33,2100,6,-5,-5,-5,その他／ボトムズシリーズ
2857,雷電,0,320,19,66,50,190,12,0,0,100,120,0,10,－,ＳＳ,20,13500,4,-5,-5,-5,その他／スパロボシリーズ
2858,震電,0,320,19,62,50,220,12,100,100,100,150,0,5,－,ＳＳ,21,12900,4,-5,-5,-5,その他／スパロボシリーズ
2859,マドックスWDS装着型,0,130,18,45,65,350,5,300,0,50,10,40,5,－,ＳＳ,29,7500,5,-4,-5,-5,人系／車輌・戦闘機系
2860,マドックス強襲空挺タイプ,0,130,18,45,65,350,5,300,0,50,10,40,5,－,ＳＳ,29,7500,4,-4,-5,0,人系／車輌・戦闘機系
2861,ジェットダガー,0,277,32,70,42,313,12,0,150,80,80,0,10,－,Ｍ,34,7500,1,0,-1,3,MS系／連邦軍・ティターンズ・地球連合／ガンダムSEED ASTRAY、MSV／量産機
2862,ガンダムアストレア,0,365,40,83,66,395,22,230,230,0,230,230,10,－,Ｍ,34,16410,2,-3,2,1,MS系／ガンダム系／ガンダム00
2863,砂漠用ジェムズガン,0,390,38,80,62,430,18,140,165,150,150,150,5,－,Ｍ,40,15750,3,-3,-5,-2,MS系／ジム系／連邦軍・ティターンズ・地球連合／機動戦士Vガンダム
2864,νガンダム(ハイ・ストリーマー),0,432,54,89,82,560,40,260,230,210,220,210,10,NT3,Ｍ,53,61000,0,0,4,-5,MS系／ガンダム系／連邦軍・ティターンズ・地球連合／逆襲のシャア
2865,ヴァイスセイヴァー,0,600,68,112,110,660,25,330,330,330,330,0,120,強5,Ｍ,70,76000,3,-1,3,3,その他／バンプレストオリジナル
2866,スサノヲ十式,0,450,55,80,50,500,20,170,170,170,170,170,80,－,Ｍ,53,40000,3,-3,2,-3,スパロボシリーズ／車輌・戦闘機系
2867,ベルゼルート,0,470,45,95,60,480,20,170,170,170,170,170,100,－,Ｍ,54,19200,2,-4,3,3,その他／バンプレストオリジナル
2868,ブライサンダー,0,620,40,62,70,450,32,300,300,250,250,250,250,－,Ｓ,60,92000,3,0,0,0,その他／スパロボシリーズ
2869,ブライスター,0,670,50,54,70,450,32,300,300,250,250,250,1,－,Ｍ,60,92000,-3,-3,3,3,その他／スパロボシリーズ
2870,ザク50(MA) ,1,950,52,74,62,507,15,0,0,0,30,30,50,－,Ｌ,69,0,-2,-3,2,0,MA系／ザク系／オリジナル系
2871,蒼いカラス小隊仕様グフ・カスタム3号機,0,310,30,80,50,310,12,0,0,125,0,0,1,－,Ｍ,31,11190,5,0,-4,0,MS系／ジオン・ネオジオン軍・ザフト／第08MS小隊／グフ系
2872,蒼いカラス小隊仕様グフ・カスタム2号機,0,310,30,80,50,310,12,0,0,125,0,0,1,－,Ｍ,31,11190,5,0,-4,0,MS系／ジオン・ネオジオン軍・ザフト／第08MS小隊／グフ系
2873,蒼いカラス小隊仕様グフ・カスタム1号機,0,310,30,80,50,310,12,0,0,125,0,0,1,－,Ｍ,31,11190,5,0,-4,0,MS系／ジオン・ネオジオン軍・ザフト／第08MS小隊／グフ系
2874,フェニックス・ゼロ,0,332,28,50,62,382,20,130,130,130,130,130,30,－,Ｍ,34,7470,2,-3,2,3,MS系／ガンダム系／連邦軍・ティターンズ・地球連合／オリジナル系
2875,ネティクス,0,410,37,73,60,425,20,190,50,145,175,50,50,NT3,Ｍ,40,18210,2,-3,2,-2,MS系／ガンダム系／連邦軍・ティターンズ・地球連合／オリジナル系
2876,ビギナ・ロナ,0,455,48,94,85,520,20,200,250,250,200,0,70,－,Ｍ,45,11400,1,-4,3,-3,MS系／オリジナル系
2877,グレート・ジオング,0,640,61,70,80,638,30,280,280,260,280,280,150,NT5,Ｌ,63,116030,1,-5,2,1,MS系／ジオン・ネオジオン軍・ザフト／オリジナル系
2878,ビグロマイヤー(MM) ,1,454,31,98,60,432,24,175,175,160,0,0,10,－,Ｌ,43,0,-5,-5,5,-5,MA系／ジオン・ネオジオン軍・ザフト
2879,トーラス(MA) ,1,400,37,78,62,430,40,250,240,230,240,210,10,－,Ｍ,38,0,0,-2,2,0,MA系／新機動戦記ガンダムW／量産機
2880,サンクキングダム仕様トーラス,0,400,42,62,62,430,40,250,240,230,240,210,5,－,Ｍ,38,4830,0,-2,2,0,MS系／新機動戦記ガンダムW
2881,サンクキングダム仕様トーラス(MA) ,1,400,37,78,62,430,40,250,240,230,240,210,5,－,Ｍ,38,0,0,-2,2,0,MA系／新機動戦記ガンダムW
2882,リーオー,0,272,19,35,60,297,16,250,240,230,240,210,20,－,Ｍ,17,4980,2,-2,-3,-5,MS系／新機動戦記ガンダムW／量産機
2883,ドロロロボMk-II,0,300,18,65,50,270,13,200,200,180,170,150,10,－,ＳＳ,25,2400,2,-4,0,0,その他／スパロボシリーズ
2884,ドロロロボMk-II(MA) ,1,300,22,60,50,270,13,200,200,180,170,150,10,－,ＳＳ,25,0,3,-3,0,-3,その他／スパロボシリーズ
2885,クルルロボMk-II,0,300,22,60,50,270,13,170,170,170,170,150,10,－,ＳＳ,25,2400,2,-4,0,-1,その他／スパロボシリーズ
2886,クルルロボMk-II(MA) ,1,300,18,65,50,270,13,170,170,170,170,150,10,－,ＳＳ,25,0,-2,-4,0,3,その他／スパロボシリーズ
2887,ギロロロボMk-II,0,300,18,65,50,270,13,80,200,0,200,150,10,－,ＳＳ,25,2400,2,-4,0,0,その他／スパロボシリーズ
2888,ギロロロボMkII(MA) ,1,300,22,60,50,270,13,80,200,0,200,150,10,－,ＳＳ,25,0,3,-4,0,-1,その他／スパロボシリーズ
2889,タママロボMk-II,0,300,18,65,50,270,13,80,90,190,170,150,10,－,ＳＳ,25,2400,2,-4,0,-2,その他／スパロボシリーズ
2890,タママロボMk-II(MA) ,1,300,22,60,50,270,13,80,90,190,170,150,10,－,ＳＳ,25,0,-2,-4,0,2,その他／スパロボシリーズ
2891,ケロロロボMk-II,0,300,22,60,50,270,13,180,180,160,190,150,10,－,ＳＳ,25,2400,2,-4,0,-2,その他／スパロボシリーズ
2892,ケロロロボMk-II(MA) ,1,300,18,65,50,270,13,180,180,160,190,150,10,－,ＳＳ,25,0,-2,-4,0,3,その他／スパロボシリーズ
2893,ゴッドケロン,0,450,22,60,50,500,15,180,180,160,190,150,70,－,Ｓ,40,28000,0,-4,0,0,その他／スパロボシリーズ
2894,セイバー,0,90,9,110,70,900,10,420,235,730,530,760,1540,－,ＳＳ,30,290000,5,0,-6,-4,人系
2895,リック・ディアス(シュトゥッツァー),0,416,48,102,55,454,18,150,170,0,0,0,20,－,Ｍ,44,34180,1,-3,3,-5,MS系／エウーゴ・カラバ／アドバンス・オブ・ゼータ
2896,リック・ディアス(S)LSB,0,500,35,70,45,400,20,150,170,0,0,0,10,－,Ｍ,40,26860,1,-1,2,0,MS系／エウーゴ・カラバ／アドバンス・オブ・ゼータ
2897,リック・ディアス(S)LSB(MA) ,1,500,35,75,45,400,20,150,170,0,0,0,10,－,Ｍ,40,0,-5,-5,3,0,MS系／エウーゴ・カラバ／アドバンス・オブ・ゼータ
2898,ヘイズル・ラー第二形態ブースター装備,0,430,43,88,70,470,20,160,180,160,140,0,30,－,Ｌ,42,24400,0,-3,2,0,MS系／ガンダム系／連邦軍・ティターンズ・地球連合／アドバンス・オブ・ゼータ
2899,ブグ,0,380,40,56,60,390,30,170,170,170,150,140,1,－,Ｍ,33,6000,3,-1,0,-3,MS系
2900,真・武者頑駄無,0,455,52,85,75,425,20,170,170,170,170,0,100,－,Ｍ,41,6150,2,0,1,1,MS系／ガンダム系／オリジナル系
2901,クラブ,0,290,25,45,35,95,18,50,50,40,40,0,1,－,Ｓ,19,2700,1,-5,-3,-5,その他／スパロボシリーズ／量産機
2902,プロメウス,0,360,40,62,40,240,18,90,90,85,85,0,5,－,Ｍ,29,6300,2,-3,-3,-5,その他／スパロボシリーズ／量産機
2903,ギャン改,0,378,38,70,54,360,16,140,100,140,0,0,60,－,Ｍ,32,11910,2,-2,-4,2,MS系／ジオン・ネオジオン軍・ザフト／ギャン系／オリジナル系
2904,アマクサ,0,415,42,93,70,523,16,280,260,260,270,230,80,NT1,Ｍ,46,31960,2,-3,2,0,MS系／ジオン・ネオジオン軍・ザフト／機動戦士クロスボーンガンダム
2905,STガン,0,408,33,80,110,400,18,140,165,100,100,100,1,－,Ｍ,43,36020,1,-4,2,-4,MS系／連邦軍・ティターンズ・地球連合／機動戦士ガンダムF90
2906,シド専用ギラ・ドーガ改,0,400,45,91,70,425,20,150,160,160,160,160,50,－,Ｍ,42,19200,2,-3,2,-4,MS系／連邦軍・ティターンズ・地球連合／機動戦士ガンダムF90／オリジナル系／専用機
2907,ガンダムF90(2号機),0,415,43,98,70,510,18,100,100,100,0,0,70,－,Ｍ,43,18900,2,-3,3,-2,MS系／ガンダム系／連邦軍・ティターンズ・地球連合／機動戦士ガンダムF90
2908,バタラ,0,353,31,73,50,348,18,70,70,50,0,0,1,－,Ｍ,34,11580,0,-4,2,-4,MS系／機動戦士クロスボーンガンダム／量産機
2909,バーンズ専用バタラ,0,407,33,80,50,348,18,70,70,50,0,0,10,－,Ｍ,37,11580,0,-4,2,-4,MS系／機動戦士クロスボーンガンダム／専用機
2910,アラナ・バタラ,0,420,33,77,50,405,16,80,90,60,0,0,25,－,Ｍ,37,11400,0,-4,1,1,MS系／機動戦士クロスボーンガンダム
2911,量産型ノーティラス,0,410,48,83,70,540,40,200,200,180,200,100,70,－,Ｌ,46,25660,-5,0,3,0,MA系／機動戦士クロスボーンガンダム／量産機
2912,ノーティラス,0,460,50,83,70,540,40,220,220,240,220,200,30,－,Ｌ,48,29620,-5,0,3,0,MA系／機動戦士クロスボーンガンダム
2913,ディオナ,0,238,35,80,55,460,18,100,100,100,0,0,1,－,Ｍ,35,15150,2,-3,2,-5,MS系／機動戦士クロスボーンガンダム
2914,カングリジョ,0,420,40,60,60,540,40,200,200,180,200,100,10,－,Ｌ,42,7350,-5,2,4,0,MA系／機動戦士クロスボーンガンダム
2915,エレファンテ,0,523,49,73,70,570,35,285,275,285,285,295,20,NT5,Ｌ,60,59260,-5,-5,3,-4,MA系／機動戦士クロスボーンガンダム
2916,エレゴレラ,0,470,48,77,70,680,35,230,230,250,270,270,40,－,Ｌ,51,10200,-3,-3,3,-4,MA系／機動戦士クロスボーンガンダム
2917,エレバド,0,368,36,76,70,315,18,140,140,190,160,0,10,－,Ｍ,33,5790,-3,-5,3,2,MS系／機動戦士クロスボーンガンダム
2918,ヴァゴン,0,391,38,76,50,393,18,140,140,110,120,90,5,－,Ｍ,38,12060,3,-3,2,2,MS系／機動戦士クロスボーンガンダム
2919,アラナ,0,392,33,90,55,393,18,148,156,143,153,140,5,－,Ｍ,39,16410,2,-3,2,-4,MS系／機動戦士クロスボーンガンダム
2920,量産型クァバーゼ,0,414,38,80,60,520,18,150,150,135,135,130,10,－,Ｍ,44,15810,2,-4,2,1,MS系／機動戦士クロスボーンガンダム／量産機
2921,クァバーゼ,0,464,39,80,60,530,18,200,200,240,180,180,30,－,Ｍ,46,17490,2,-4,2,0,MS系／機動戦士クロスボーンガンダム
2922,クァバーゼ(MA) ,1,464,39,83,60,530,18,200,200,240,180,180,30,－,Ｍ,46,0,-2,-5,2,1,MA系／機動戦士クロスボーンガンダム
2923,アビジョ,0,472,30,116,60,393,18,140,135,135,135,130,20,－,Ｓ,44,18120,0,-4,3,2,MS系／機動戦士クロスボーンガンダム
2924,トトゥガ,0,506,57,50,80,490,25,315,285,275,270,280,20,－,Ｍ,52,18090,2,-4,2,-4,MS系／機動戦士クロスボーンガンダム
2925,ガンプ,0,440,54,74,70,620,21,298,297,297,300,294,1,－,Ｍ,47,11640,2,-3,3,-4,MS系／機動戦士クロスボーンガンダム
2926,ネオガンダム(1号機),0,440,47,94,110,570,32,290,290,290,305,300,100,－,Ｍ,46,11580,2,-3,3,-1,MS系／ガンダム系／シルエットフォーミュラ
2927,ロム,0,200,20,65,40,400,10,300,300,300,290,290,10,強2,ＳＳ,28,40000,3,-3,0,0,その他／スパロボシリーズ
2928,ジャバコ,0,400,40,86,60,445,15,148,148,148,148,148,10,－,Ｍ,41,16830,2,-3,2,-5,MS系／機動戦士Vガンダム／ザンスカール帝国
2929,ベルガ・バルス,0,465,42,93,60,510,18,200,200,200,200,200,20,－,Ｍ,47,18720,2,-3,2,0,MS系／シルエットフォーミュラ
2930,ケン専用ゲルググ,0,352,32,65,54,310,19,80,85,85,80,80,5,－,Ｍ,34,10470,3,-3,-5,-4,MS系／ジオン・ネオジオン軍・ザフト／ゲルググ系／専用機
2931,ソウルガンナー,0,415,36,98,78,485,18,180,180,220,220,200,80,強4,Ｍ,50,19200,2,-4,4,2,その他／バンプレストオリジナル
2932,ソウルランサー,0,465,42,118,98,585,18,220,220,320,320,220,120,強4,Ｍ,65,40000,3,-4,5,2,その他／バンプレストオリジナル
2933,ソウルランサーF ,1,465,42,123,92,585,18,220,220,320,320,220,1,強4,Ｍ,65,0,-4,-2,5,4,その他／バンプレストオリジナル
2934,クロイツ・ヴァールハイト,0,580,52,92,60,600,32,320,320,350,320,350,150,強4,Ｌ,70,110000,5,-2,4,0,その他／バンプレストオリジナル
2935,VF-25S メサイア,0,440,42,118,80,470,20,200,200,200,200,200,10,－,Ｍ,46,56800,-2,-2,5,5,マクロスシリーズ／車輌・戦闘機系
2936,VF-25S メサイア(G) ,1,440,38,108,80,470,20,180,180,170,170,170,10,－,Ｓ,46,0,1,-2,1,-5,その他／マクロスシリーズ
2937,VF-25S メサイア(B) ,1,440,47,100,60,470,20,180,180,170,170,170,10,－,Ｍ,46,0,5,-5,3,-2,その他／マクロスシリーズ
2938,マグアナック・スナイパー,0,400,32,50,95,500,30,200,200,200,200,200,30,－,Ｍ,39,8400,3,-2,-2,-3,MS系／新機動戦記ガンダムW
2939,マグアナック・ガンナー,0,420,32,50,90,500,30,200,200,200,200,200,30,－,Ｍ,39,8400,3,-2,-2,-3,MS系／新機動戦記ガンダムW
2940,マグアナック・デザートランナー,0,420,32,50,90,500,30,200,200,200,200,200,30,－,Ｍ,39,8400,3,-2,-2,-3,MS系／新機動戦記ガンダムW
2941,サーカスI,0,340,30,70,50,380,10,120,120,110,110,110,1,－,Ｓ,33,18000,4,-3,-3,-5,スパロボシリーズ／車輌・戦闘機系
2942,ガルビオン ,1,340,35,65,50,380,10,120,120,110,110,110,1,－,Ｓ,33,0,2,-3,0,0,その他／スパロボシリーズ
2943,ナナジン,0,330,40,76,60,355,20,180,170,170,160,0,35,NT5,Ｓ,43,19200,3,-2,0,5,その他／専用機／スパロボシリーズ
2944,オウカオー,0,330,40,76,60,355,20,180,170,170,160,0,1,NT5,Ｓ,43,19200,3,-2,0,5,その他／専用機／スパロボシリーズ
2945,ビックバイパー,0,290,14,74,60,450,15,90,100,90,90,50,30,－,Ｍ,33,28000,-5,-5,1,4,スパロボシリーズ／車輌・戦闘機系
2946,ソウルセイバーFF,0,575,62,55,70,600,48,300,300,250,200,0,1,強4,Ｌ,62,76000,5,-2,0,-4,その他／バンプレストオリジナル
2947,スーパーソウルセイバーFF,0,720,75,65,80,700,48,420,420,300,200,200,120,強4,Ｌ,72,290000,4,-4,2,2,その他／バンプレストオリジナル
2948,ガーディアル・ブラッド,0,700,62,98,55,825,32,500,500,400,400,400,250,強4,Ｌ,75,290000,2,-2,2,3,その他／バンプレストオリジナル
2949,ガイキングLOD(FO),0,640,65,85,55,400,70,210,170,195,195,195,40,－,Ｌ,64,76000,2,-2,0,3,その他／スパロボシリーズ
2950,ギャロップ(WM),0,290,24,50,35,150,15,50,60,40,40,0,1,－,Ｓ,20,6000,2,-5,-5,-5,その他／スパロボシリーズ
2951,ガラバゴス,0,420,45,62,45,230,18,150,150,145,145,0,1,－,Ｍ,31,10200,3,-5,-3,-5,その他／スパロボシリーズ
2952,逆転王,0,500,40,50,60,600,80,300,200,350,190,190,30,－,Ｌ,56,40000,3,-2,-3,-3,その他／スパロボシリーズ
2953,三冠王,0,600,40,54,60,600,80,300,200,350,250,250,20,－,Ｌ,59,52000,3,-2,-3,1,その他／スパロボシリーズ
2954,エスカフローネ,0,260,22,67,45,500,17,20,80,30,0,0,10,－,ＳＳ,30,28000,4,0,-2,-1,その他／スパロボシリーズ
2955,キスカ,0,1200,5,10,110,500,100,200,200,100,100,100,20,－,ＬＬ,74,110000,-6,0,1,-1,艦船系／スパロボシリーズ
2956,メダルーザ,0,800,5,5,120,300,100,220,220,0,0,200,50,－,ＬＬ,52,182000,-6,0,1,-2,艦船系／スパロボシリーズ
2957,マイトウィング,0,400,38,60,30,260,20,80,60,40,20,20,1,－,Ｍ,30,12000,-3,-5,0,3,艦船系／勇者・エルドランシリーズ
2958,テキーラガンダム,0,410,53,75,60,510,16,150,150,170,150,0,50,強5,Ｍ,42,18000,1,2,0,-5,MS系／ガンダム系／機動武闘伝Gガンダム
2959,リオン・タイプF,0,450,40,90,52,500,20,80,100,80,100,80,20,－,Ｍ,43,12000,-1,-6,2,3,その他／バンプレストオリジナル
2960,ウルズ専用ベルゲルミル,0,770,58,120,64,800,40,180,180,200,180,180,100,強4,Ｍ,79,128000,0,-6,2,2,その他／バンプレストオリジナル／専用機
2961,アンサズ専用ベルゲルミル,0,710,50,124,64,800,40,180,180,200,180,180,100,強4,Ｍ,76,110000,0,-6,2,2,その他／バンプレストオリジナル／専用機
2962,スリサズ専用ベルゲルミル,0,630,62,120,64,800,40,180,180,200,180,180,100,強4,Ｍ,74,110000,0,-6,2,2,その他／バンプレストオリジナル／専用機
2963,バレリオン,0,504,58,60,84,450,23,80,110,50,100,180,60,－,Ｍ,45,40020,1,-6,1,1,その他／バンプレストオリジナル
2964,リオン,0,390,35,85,52,430,20,80,100,80,100,80,20,－,Ｍ,38,10800,-1,-6,2,3,その他／バンプレストオリジナル／量産機
2965,83式飛行外骨格,0,80,5,84,74,350,6,350,300,350,300,300,20,－,ＳＳ,33,290000,0,-3,-5,6,人系
2966,83式飛行外骨格(GM) ,1,80,2,88,60,350,6,350,300,350,300,300,20,－,ＳＳ,33,0,-4,-5,-5,6,人系／車輌・戦闘機系
2967,バッハシュテルツェV-1,0,85,5,84,79,390,6,300,300,300,300,300,20,－,ＳＳ,32,326000,0,-4,-5,6,人系
2968,バッハシュテルツェV-1(GM) ,1,85,2,86,65,380,6,300,300,300,300,300,20,－,ＳＳ,32,0,-4,-5,-5,6,人系／車輌・戦闘機系
2969,雷神,0,80,5,74,70,450,10,300,350,300,350,300,20,－,ＳＳ,33,290000,0,-4,-5,6,人系
2970,雷神(GM) ,1,80,2,76,60,450,10,300,350,300,350,300,20,－,ＳＳ,33,0,-4,-5,-5,6,人系／車輌・戦闘機系
2971,風神,0,80,5,79,95,370,10,300,300,300,350,350,20,－,ＳＳ,33,290000,0,-3,-5,6,人系
2972,風神(GM) ,1,80,2,82,72,370,10,300,300,300,350,350,20,－,ＳＳ,33,0,-4,-5,-5,6,人系／車輌・戦闘機系
2973,零神,0,80,5,86,71,350,6,350,300,350,300,300,20,－,ＳＳ,33,290000,0,-3,-5,6,人系
2974,零神(GM) ,1,80,2,88,60,350,6,350,300,350,300,300,20,－,ＳＳ,33,0,-4,-5,-5,6,人系／車輌・戦闘機系
2975,スバル,0,200,20,105,50,510,10,500,500,100,300,100,100,－,ＳＳ,51,380000,3,-4,-3,2,人系
2976,アカネ,0,212,16,80,40,370,10,300,300,300,300,300,1,－,ＳＳ,39,110000,3,-4,3,3,人系
2977,チエ,0,225,14,92,40,390,10,300,300,300,300,300,1,－,ＳＳ,39,110000,3,-4,3,3,人系
2978,ナオ,0,190,10,98,40,370,10,300,300,300,300,300,1,－,ＳＳ,39,92000,3,-4,3,3,人系
2979,舞衣,0,225,16,70,40,390,10,300,300,300,300,300,1,－,ＳＳ,39,110000,3,-4,3,3,人系
2980,コダール,0,318,28,90,50,330,15,300,300,110,200,100,1,－,Ｓ,32,9000,4,1,-5,-4,その他／スパロボシリーズ
2981,コダールｉ,0,330,28,90,50,360,15,300,300,110,200,100,1,－,Ｓ,33,10500,4,1,-5,-4,その他／スパロボシリーズ
2982,VF-25S アーマードメサイア,0,450,44,113,80,470,20,200,200,200,200,200,30,－,Ｍ,51,56800,-2,-2,5,-3,マクロスシリーズ／車輌・戦闘機系
2983,VF-25S アーマードメサイア(G) ,1,450,40,103,80,470,20,180,180,170,170,170,30,－,Ｓ,51,0,1,-2,1,-4,その他／マクロスシリーズ
2984,VF-25S アーマードメサイア(B) ,1,450,49,95,60,470,20,180,180,170,170,170,30,－,Ｍ,51,0,5,-5,3,-5,その他／マクロスシリーズ
2985,メリクリウス・シュイヴァン,0,564,58,80,74,600,18,260,280,260,280,300,230,－,Ｍ,54,64020,2,-4,2,-5,MS系／G-UNIT
2986,ベルリンSR2,0,420,40,75,60,450,20,180,180,200,100,0,20,－,Ｍ,47,14400,4,-2,-2,-2,その他／ファイブスター物語
2987,エクサランス・エターナル,0,636,58,120,105,840,24,200,200,200,200,200,300,－,Ｍ,70,260030,1,-2,3,4,その他／バンプレストオリジナル
2988,鋼鉄神ジーグ,0,460,52,80,50,560,80,200,200,200,200,200,20,強5,Ｓ,56,64000,3,-2,0,2,その他／スパロボシリーズ
2989,パペットファイター,0,180,12,60,50,300,10,0,40,0,0,0,1,－,Ｓ,23,3600,-4,-4,1,-4,車輌・戦闘機系／スパロボシリーズ／量産機
2990,キャバリアー０,0,460,65,70,80,680,30,200,210,180,180,150,10,－,Ｍ,54,16800,2,-3,2,-5,その他／スパロボシリーズ
2991,ライガーブルー・ソウガ,0,500,50,95,50,500,20,250,250,130,150,80,50,－,Ｍ,56,23200,5,-4,-6,0,その他／ゾイドシリーズ／スパロボシリーズ
2992,シールドライガーMk-II,0,445,44,85,60,600,20,190,250,220,185,120,40,－,Ｍ,57,55600,4,-3,-5,0,その他／ゾイドシリーズ／スパロボシリーズ
2993,シールドライガーDCS-J,0,420,44,95,60,600,20,190,370,220,365,120,10,－,Ｍ,57,55600,4,-3,-5,0,その他／ゾイドシリーズ／スパロボシリーズ
2994,ソロモン仕様サイコミュ高機動試験型ザク,0,315,24,82,54,310,12,80,80,0,0,80,1,NT2,Ｍ,30,11460,-3,-3,3,-2,MS系／ザク系／ジオン・ネオジオン軍・ザフト／MSV(モビルスーツバリエーション)
2995,劾専用ハイペリオンG,0,410,40,78,90,390,30,250,280,130,150,130,20,強4,Ｍ,44,28000,3,-3,0,0,MS系／ガンダム系／ガンダムSEED ASTRAY、MSV／専用機
2996,ケルベロスザクウォーリア,0,370,45,77,60,400,20,200,200,100,100,100,10,強6,Ｍ,44,22000,3,-3,3,0,MS系／ザク系／ジオン・ネオジオン軍・ザフト／ガンダムSEED DESTINY
2997,ジスト専用シグー,0,335,29,59,62,272,28,200,90,70,100,20,5,強2,Ｍ,38,14400,2,-2,3,2,MS系／連邦軍・ティターンズ・地球連合／ガンダムSEED ASTRAY、MSV／専用機
2998,ルドルフ専用グフイグナイテッド,0,448,39,74,70,424,18,200,230,100,100,100,5,強6,Ｍ,41,11460,2,-3,2,2,MS系／ジオン・ネオジオン軍・ザフト／グフ系／ガンダムSEED DESTINY／専用機
2999,ブグ(TO),0,235,15,35,40,252,18,0,50,0,30,0,20,－,Ｍ,13,5850,1,-3,2,-3,MS系／ジオン・ネオジオン軍・ザフト／THE ORIGIN
3000,ユニコーンガンダム,0,576,70,144,82,567,19,290,260,240,250,240,350,NT7,Ｍ,64,133220,2,-2,2,-4,MS系／ガンダム系／連邦軍・ティターンズ・地球連合／ガンダムUC
3001,ユニコーンガンダム(DM) ,1,576,70,144,82,340,21,290,260,240,250,240,350,NT7,Ｍ,64,0,3,-2,3,-5,MS系／ガンダム系／連邦軍・ティターンズ・地球連合／ガンダムUC
3002,アヴァランチエクシア,0,388,40,94,71,395,22,180,180,0,180,180,20,－,Ｍ,39,20020,2,-4,3,2,MS系／ガンダム系／ガンダム00
3003,アヴァランチエクシア(高速移動形態) ,1,388,40,66,71,395,22,180,180,0,180,180,20,－,Ｍ,39,0,-2,-4,3,2,MS系／ガンダム系／ガンダム00
3004,アヴァロン,0,910,45,42,100,900,100,220,320,180,200,280,180,－,ＬＬ,72,164000,-5,-5,-2,3,艦船系／コードギアス
3005,紅蓮弐式,0,340,45,92,50,360,10,280,350,350,350,300,50,－,Ｓ,35,28000,3,-4,-4,-5,その他／コードギアス
3006,サザーランド,0,260,28,62,50,210,10,230,300,300,300,250,1,－,Ｓ,24,5400,3,-4,-4,-5,その他／コードギアス／量産機
3007,ランスロット・エアキャヴァルリー,0,363,37,96,50,420,10,280,350,350,350,300,10,－,Ｓ,38,42400,-3,-4,-4,3,その他／コードギアス
3008,ガウェイン,0,385,37,70,82,438,15,300,350,300,350,320,80,－,Ｍ,41,28000,3,-4,-5,2,その他／コードギアス
3009,サラマンダー,0,408,46,95,70,490,20,120,120,100,150,120,30,－,Ｍ,45,40000,-3,-4,-5,5,その他／ゾイドシリーズ／スパロボシリーズ
3010,ザク・ファースト改良型,0,180,16,40,40,175,10,0,0,10,0,0,1,－,Ｍ,17,375,1,-1,0,-3,MS系／ザク系／ジオン・ネオジオン軍・ザフト／オリジナル系
3011,デザートゲルググ,0,438,46,70,60,318,19,0,90,0,120,120,5,－,Ｍ,32,12810,1,-2,-3,0,MS系／ジオン・ネオジオン軍・ザフト／ZZ/CCA-MSV／ゲルググ系／量産機
3012,グラハム専用ユニオンフラッグC,0,318,24,69,63,318,17,90,90,120,120,0,20,－,Ｍ,32,8010,0,-4,-3,2,MS系／ガンダム00／専用機
3013,グラハム専用ユニオンフラッグC(MA) ,1,318,24,74,63,318,17,90,90,120,120,0,20,－,Ｍ,32,0,-5,-5,-3,3,MA系／ガンダム00／専用機
3014,ティエレン長距離射撃型,0,285,26,33,75,318,18,40,40,0,40,60,15,－,Ｍ,30,5460,1,-3,-5,-5,MS系／ガンダム00／量産機
3015,ティエレン対空型,0,285,26,33,75,318,18,40,40,0,40,60,15,－,Ｍ,30,5460,1,-3,-5,0,MS系／ガンダム00／量産機
3016,指揮官仕様ティエレン宇宙用,0,305,24,40,45,318,18,80,80,90,90,0,10,－,Ｍ,29,5490,-4,-5,2,-5,MS系／ガンダム00
3017,ティエレンタオツー,0,325,26,59,60,424,18,150,120,100,110,110,20,強5,Ｍ,32,7440,2,-3,2,-4,MS系／ガンダム00
3018,スローネアイン,0,408,38,67,71,572,18,180,180,180,200,200,110,－,Ｍ,45,12090,1,-4,1,1,MS系／ガンダム系／ガンダム00
3019,スローネツヴァイ,0,408,38,71,68,572,18,200,200,200,200,200,110,－,Ｍ,46,11550,1,-3,1,1,MS系／ガンダム系／ガンダム00
3020,スローネドライ,0,408,38,74,63,615,18,200,200,200,200,200,110,－,Ｍ,47,12150,1,-3,1,1,MS系／ガンダム系／ガンダム00
3021,スローネアイン・トゥルブレンツ,0,370,40,82,80,450,20,200,200,200,200,200,150,－,Ｍ,39,25600,1,-3,1,1,MS系／ガンダム系／ガンダム00
3022,スローネアイン・トゥルブレンツ(MA) ,1,370,40,57,80,450,20,200,200,200,200,200,150,－,Ｍ,39,0,1,-3,2,2,MA系／ガンダム系／ガンダム00
3023,アストレイグリーンフレーム,0,400,30,90,70,400,32,210,210,220,220,220,10,－,Ｍ,41,15000,3,-3,5,0,MS系／ガンダム系／ガンダムSEED ASTRAY、MSV
3024,ランチャーストライクE,0,465,45,70,70,480,30,200,220,100,120,200,100,強5,Ｍ,48,25600,3,-4,3,2,MS系／ガンダム系／連邦軍・ティターンズ・地球連合／ガンダムSEED ASTRAY、MSV
3025,ソードストライクE,0,475,45,75,50,480,30,200,220,210,200,80,100,強5,Ｍ,48,25600,2,-4,3,2,MS系／ガンダム系／連邦軍・ティターンズ・地球連合／ガンダムSEED ASTRAY、MSV
3026,エアマスタープロトタイプ,0,370,32,92,75,260,18,260,220,180,160,140,5,NT3,Ｍ,42,13860,1,0,1,1,MS系／ガンダム系／連邦軍・ティターンズ・地球連合／機動新世紀ガンダムX
3027,エアマスタープロトタイプ(FM) ,1,370,32,92,75,260,18,260,220,180,160,140,5,NT3,Ｍ,42,0,-1,-2,2,4,MA系／ガンダム系／連邦軍・ティターンズ・地球連合／機動新世紀ガンダムX
3028,ストライクエアマスター,0,400,34,98,75,300,18,240,220,180,160,140,35,NT3,Ｍ,44,14700,1,0,1,1,MS系／ガンダム系／連邦軍・ティターンズ・地球連合／機動新世紀ガンダムX
3029,ストライクエアマスター(FM) ,1,400,34,98,75,300,18,240,220,180,160,140,35,NT3,Ｍ,44,0,-1,-2,3,4,MA系／ガンダム系／連邦軍・ティターンズ・地球連合／機動新世紀ガンダムX
3030,GファルコンエアマスターB,0,460,50,120,65,465,40,255,245,235,245,215,60,－,Ｍ,56,15000,-5,-5,2,3,MA系／ガンダム系／連邦軍・ティターンズ・地球連合／機動新世紀ガンダムX
3031,アレック専用ケルベロスバクゥハウンド,0,322,26,55,50,340,12,150,200,130,50,50,20,強1,Ｍ,31,6240,5,-2,-5,-4,MS系／ジオン・ネオジオン軍・ザフト／ガンダムSEED ASTRAY、MSV／専用機
3032,レオンズ専用シビリアンアストレイDSSDC,0,410,33,82,80,390,20,170,190,220,220,220,20,－,Ｍ,38,7200,2,-1,4,-3,MS系／ガンダム系／ガンダムSEED ASTRAY、MSV／専用機
3033,フェアリオンG,0,320,30,120,90,500,12,300,300,270,270,270,80,NT5,Ｓ,51,70000,0,-6,3,3,その他／バンプレストオリジナル
3034,ジアース,0,1050,128,35,70,550,100,300,10,300,300,300,500,－,ＬＬ,71,110000,1,-3,-1,-5,その他／スパロボシリーズ
3035,ヒカル専用エステバリス・カスタム,0,380,55,100,60,500,20,300,500,200,200,0,50,強4,Ｓ,45,18000,1,-5,5,1,その他／スパロボシリーズ／専用機
3036,イズミ専用エステバリス・カスタム,0,380,55,100,60,500,20,300,500,200,200,0,50,強4,Ｓ,45,18000,1,-5,5,1,その他／スパロボシリーズ／専用機
3037,リョーコ専用エステバリス・カスタム,0,380,55,100,60,500,20,300,500,200,200,0,50,強4,Ｓ,45,18000,1,-5,5,1,その他／スパロボシリーズ／専用機
3038,宇宙用ベルゼルガ,0,280,17,68,70,300,10,250,250,200,200,0,1,－,ＳＳ,33,2100,2,-2,3,-5,その他／ボトムズシリーズ
3039,ネネ専用モトスレイヴ,0,220,24,76,60,330,8,300,200,200,200,0,50,－,ＳＳ,27,2400,4,-5,-5,-5,その他／スパロボシリーズ／専用機
3040,ネネ専用モトスレイヴ(MR) ,1,220,24,76,60,330,8,300,200,200,200,0,50,－,ＳＳ,27,0,2,-5,-5,2,その他／スパロボシリーズ／専用機
3041,リンナ専用モトスレイヴ,0,220,24,76,60,330,8,300,200,200,200,0,50,－,ＳＳ,27,2400,4,-5,-5,-5,その他／スパロボシリーズ／専用機
3042,リンナ専用モトスレイヴ(MR) ,1,220,24,76,60,330,8,300,200,200,200,0,50,－,ＳＳ,27,0,2,-5,-5,2,その他／スパロボシリーズ／専用機
3043,シリア専用モトスレイヴ,0,220,24,76,60,330,8,300,200,200,200,0,50,－,ＳＳ,27,2400,4,-5,-5,-5,その他／スパロボシリーズ／専用機
3044,シリア専用モトスレイヴ(MR) ,1,220,24,76,60,330,8,300,200,200,200,0,50,－,ＳＳ,27,0,2,-5,-5,2,その他／スパロボシリーズ／専用機
3045,プリス専用モトスレイヴ,0,220,24,76,60,330,8,300,200,200,200,0,50,－,ＳＳ,27,2400,4,-5,-5,-5,その他／スパロボシリーズ／専用機
3046,プリス専用モトスレイヴ(MR) ,1,220,24,76,60,330,8,300,200,200,200,0,50,－,ＳＳ,27,0,2,-5,-5,2,その他／スパロボシリーズ／専用機
3047,ディルファム,0,400,38,60,58,390,20,130,130,130,130,100,1,－,Ｍ,36,10800,4,-2,-5,-5,その他／スパロボシリーズ／量産機
3048,トモエ,0,250,30,70,40,450,10,300,300,300,300,300,1,－,ＳＳ,42,137000,3,-4,2,2,人系
3049,トモエ(FM) ,1,250,30,70,40,450,10,300,300,300,300,300,1,－,ＳＳ,42,0,3,-4,2,2,人系
3050,ネフティスIX,0,375,48,90,50,500,20,170,170,170,170,170,10,－,Ｍ,53,40000,3,-3,2,-3,その他／スパロボシリーズ
3051,ディアーヌ7,0,360,40,104,60,500,20,170,170,170,170,170,10,－,Ｍ,52,40000,3,-3,2,0,その他／スパロボシリーズ
3052,ジュピター2,0,490,52,80,60,560,20,180,180,180,180,180,40,－,Ｍ,57,30400,3,-3,2,-3,その他／スパロボシリーズ
3053,イシュタル12,0,390,36,85,50,770,20,170,170,170,170,170,40,－,Ｍ,60,40000,3,-3,2,2,その他／スパロボシリーズ
3054,ゼロ・ゾック,0,420,30,40,64,340,25,0,0,0,165,0,10,－,Ｍ,33,16800,-3,3,-5,-5,MS系／ジオン・ネオジオン軍・ザフト／オリジナル系
3055,ゼロ・ゾック(MA) ,1,420,30,30,64,340,20,0,0,0,165,0,10,－,Ｍ,33,0,-3,4,-5,-5,MS系／ジオン・ネオジオン軍・ザフト／オリジナル系
3056,ドートレス,0,270,22,53,55,348,16,0,0,70,70,0,1,－,Ｍ,30,7980,2,-3,2,-5,MS系／機動新世紀ガンダムX／量産機
3057,ドートレス・コマンド,0,297,22,53,58,348,16,0,0,100,100,0,1,－,Ｍ,31,7980,2,-3,2,-5,MS系／機動新世紀ガンダムX／量産機
3058,GWビット,0,340,40,80,55,330,40,250,240,230,240,210,10,NT5,Ｍ,33,14400,0,-2,2,0,MS系／機動新世紀ガンダムX
3059,GTビット,0,410,50,54,65,360,40,250,240,230,240,210,10,NT5,Ｍ,36,14400,0,-2,2,0,MS系／機動新世紀ガンダムX
3060,グレンラガンW,0,550,50,65,50,750,30,350,350,350,300,250,50,－,Ｍ,65,79600,5,-2,2,2,その他／スパロボシリーズ
3061,アストレイブルーフレームサード,0,409,40,84,70,435,20,220,220,220,250,220,50,強4,Ｍ,45,18000,3,-3,4,2,MS系／ガンダム系／ガンダムSEED ASTRAY、MSV
3062,リゼル・カスタム,0,377,35,79,85,400,20,270,290,320,320,320,10,－,Ｍ,36,41200,2,-3,4,-3,MS系／連邦軍・ティターンズ・地球連合
3063,リゼル・カスタム(WR) ,1,377,35,73,70,400,20,270,290,320,320,320,10,－,Ｍ,36,0,0,-3,4,-3,MA系／連邦軍・ティターンズ・地球連合
3064,高機動仕様ヘイズル2号機,0,400,35,90,70,440,26,150,180,160,140,0,5,－,Ｍ,43,15000,2,-1,1,0,MS系／ガンダム系／連邦軍・ティターンズ・地球連合／アドバンス・オブ・ゼータ
3065,アドバンスド・ヘイズル・ラー,0,480,43,104,70,470,30,160,180,160,140,0,10,－,Ｍ,45,14400,0,-3,2,0,MS系／ガンダム系／連邦軍・ティターンズ・地球連合／アドバンス・オブ・ゼータ
3066,ハイゼンスレイ,0,416,46,82,76,400,22,300,300,300,300,300,10,－,Ｍ,32,38800,2,-1,1,0,MS系／ガンダム系／連邦軍・ティターンズ・地球連合／アドバンス・オブ・ゼータ
3067,ウーンドウォート,0,448,56,113,70,478,18,300,300,300,300,300,100,－,Ｍ,38,54820,-3,-3,2,2,MS系／ガンダム系／連邦軍・ティターンズ・地球連合／アドバンス・オブ・ゼータ
3068,ハイゼンスレイII・ラー ,1,480,61,122,78,532,22,300,300,300,300,300,200,強5,Ｍ,42,0,2,-4,3,2,MS系／ガンダム系／連邦軍・ティターンズ・地球連合／アドバンス・オブ・ゼータ
3069,ターンデルタ,0,488,50,100,80,400,20,270,290,320,320,320,40,－,Ｍ,41,52000,2,-3,4,2,MS系／ガンダム系／ガンダムSEED ASTRAY、MSV
3070,ロト,0,377,39,87,50,425,12,270,290,320,320,320,5,－,Ｍ,39,14580,2,-3,2,-5,MS系／連邦軍・ティターンズ・地球連合／ガンダムUC／量産機
3071,ナシリ専用ロト,0,286,30,48,50,310,12,270,290,320,320,320,10,－,Ｍ,27,10890,2,-1,4,-3,MS系／連邦軍・ティターンズ・地球連合／専用機／ガンダムUC
3072,リゼル,0,403,50,109,66,432,20,270,290,320,320,320,130,－,Ｍ,41,41380,2,-3,2,-5,MS系／連邦軍・ティターンズ・地球連合／ガンダムUC／量産機
3073,リゼル(WR) ,1,403,50,115,66,432,20,270,290,320,320,320,130,－,Ｍ,41,0,-5,-5,3,3,MA系／連邦軍・ティターンズ・地球連合／ガンダムUC／量産機
3074,デルタプラス,0,454,56,131,73,478,19,270,290,320,320,320,150,－,Ｍ,47,60700,2,-3,2,-5,MS系／連邦軍・ティターンズ・地球連合／ガンダムUC
3075,ギラ・ズール,0,390,45,92,80,425,20,0,175,120,170,170,20,－,Ｍ,43,18240,2,-3,2,-5,MS系／ザク系／ジオン・ネオジオン軍・ザフト／ガンダムUC／量産機
3076,親衛隊仕様ギラ・ズール,0,400,48,96,80,425,20,0,175,120,170,170,20,－,Ｍ,43,20020,2,-3,2,-5,MS系／ザク系／ジオン・ネオジオン軍・ザフト／ガンダムUC／量産機
3077,アンジェロ専用ギラ・ズール,0,432,50,100,80,425,20,0,175,120,170,170,20,－,Ｍ,42,20020,2,-3,2,-5,MS系／ザク系／ジオン・ネオジオン軍・ザフト／専用機／ガンダムUC
3078,クシャトリヤ,0,688,65,96,96,638,23,290,250,180,180,210,170,強5,Ｍ,63,115400,2,-4,2,-5,MS系／ジオン・ネオジオン軍・ザフト／ガンダムUC
3079,シナンジュ,0,560,67,135,88,567,22,350,350,380,380,380,220,NT7,Ｍ,61,133220,2,-3,2,-5,MS系／ジオン・ネオジオン軍・ザフト／ガンダムUC
3080,クラウドハーケン,0,620,54,110,82,680,32,400,400,420,420,380,150,強4,Ｌ,70,290000,3,-2,4,2,その他／バンプレストオリジナル
3081,クラウドハーケンF ,1,620,54,120,72,680,32,400,400,420,420,380,150,強4,Ｌ,70,0,-4,-2,4,4,その他／バンプレストオリジナル
3082,オーダイ,0,800,84,42,70,920,64,450,450,500,0,0,250,強4,Ｌ,80,500000,4,-4,2,-2,その他／バンプレストオリジナル
3083,ランドグリーズ,0,540,56,80,70,410,20,170,170,170,170,170,100,－,Ｍ,54,15600,3,-3,2,-3,その他／バンプレストオリジナル／量産機
3084,ランドグリーズ・レイブン,0,640,62,87,80,460,20,180,180,180,180,180,10,－,Ｍ,60,41800,3,-3,2,-3,その他／バンプレストオリジナル
3085,レーバテイン,0,384,29,130,75,525,15,400,400,220,250,200,150,－,Ｓ,47,146090,4,1,-5,-4,その他／スパロボシリーズ
3086,輝専用VF-1A バルキリー,0,320,28,75,80,450,20,170,170,170,170,150,5,－,Ｍ,36,7500,-2,-2,5,5,マクロスシリーズ／車輌・戦闘機系／専用機
3087,輝専用VF-1A バルキリー(B) ,1,320,30,66,60,450,20,170,170,170,170,150,5,－,Ｍ,36,0,5,-2,3,-2,その他／マクロスシリーズ／専用機
3088,輝専用VF-1A バルキリー(SP),0,360,36,79,80,490,20,170,170,170,170,150,5,－,Ｍ,40,9000,-5,-5,5,-5,マクロスシリーズ／車輌・戦闘機系／専用機
3089,輝専用VF-1A バルキリー(SP)(B) ,1,360,38,79,60,490,20,170,170,170,170,150,5,－,Ｍ,40,0,5,-5,3,-5,その他／マクロスシリーズ／専用機
3090,ミリア専用VF-1J バルキリー,0,325,28,75,80,450,20,170,170,170,170,150,50,－,Ｍ,36,7500,-2,-2,5,5,マクロスシリーズ／車輌・戦闘機系／専用機
3091,ミリア専用VF-1J バルキリー(B) ,1,325,30,66,60,450,20,170,170,170,170,150,50,－,Ｍ,36,0,5,-2,3,-2,その他／マクロスシリーズ／専用機
3092,ミリア専用VF-1J バルキリー(SP),0,370,36,79,80,490,20,170,170,170,170,150,50,－,Ｍ,40,9000,-5,-5,5,-5,マクロスシリーズ／車輌・戦闘機系／専用機
3093,ミリア専用VF-1J バルキリー(SP)(B) ,1,370,38,79,60,490,20,170,170,170,170,150,50,－,Ｍ,40,0,5,-5,3,-5,その他／マクロスシリーズ／専用機
3094,マックス専用VF-1J バルキリー,0,325,28,75,80,450,20,170,170,170,170,150,50,－,Ｍ,36,7500,-2,-2,5,5,マクロスシリーズ／車輌・戦闘機系／専用機
3095,マックス専用VF-1J バルキリー(B) ,1,325,30,66,60,450,20,170,170,170,170,150,50,－,Ｍ,36,0,5,-2,3,-2,その他／マクロスシリーズ／専用機
3096,マックス専用VF-1J バルキリー(SP),0,370,36,79,80,490,20,170,170,170,170,150,50,－,Ｍ,40,9000,-5,-5,5,-5,マクロスシリーズ／車輌・戦闘機系／専用機
3097,マックス専用VF-1J バルキリー(SP)(B) ,1,370,38,79,60,490,20,170,170,170,170,150,50,－,Ｍ,40,0,5,-5,3,-5,その他／マクロスシリーズ／専用機
3098,フォッカー専用VF-1S バルキリー,0,330,28,75,80,450,20,170,170,170,170,150,50,－,Ｍ,36,7500,-2,-2,5,5,マクロスシリーズ／車輌・戦闘機系／専用機
3099,フォッカー専用VF-1S バルキリー(B) ,1,330,30,66,60,450,20,170,170,170,170,150,50,－,Ｍ,36,0,5,-2,3,-2,その他／マクロスシリーズ／専用機
3100,ガンダムナドレ,0,382,34,78,68,466,18,300,300,300,300,300,10,－,Ｍ,41,14070,1,-3,3,1,MS系／ガンダム系／ガンダム00
3101,RVF-25 メサイア,0,440,42,118,110,470,20,200,200,200,200,200,100,－,Ｍ,46,56800,-4,-4,5,5,マクロスシリーズ／車輌・戦闘機系
3102,RVF-25 メサイア(G) ,1,440,38,108,110,470,20,180,180,170,170,170,100,－,Ｓ,46,0,1,-2,1,-5,その他／マクロスシリーズ
3103,RVF-25 メサイア(B) ,1,440,47,100,90,470,20,180,180,170,170,170,100,－,Ｍ,46,0,5,-5,3,-2,その他／マクロスシリーズ
3104,キュリオスガスト,0,380,40,100,68,395,24,180,180,150,150,150,30,－,Ｍ,39,18600,1,-4,3,1,MS系／ガンダム系／ガンダム00
3105,キュリオスガスト(MA) ,1,370,40,70,68,395,24,180,180,150,150,150,30,－,Ｍ,39,0,-3,-4,4,4,MA系／ガンダム系／ガンダム00
3106,デュナメストルペード,0,376,42,83,68,395,24,180,180,0,180,180,10,－,Ｍ,38,14520,2,-4,2,1,MS系／ガンダム系／ガンダム00
3107,シェルフラッグ,0,302,27,54,50,339,18,50,50,80,80,0,30,－,Ｍ,31,6780,3,-2,-5,-5,MS系／ガンダム00
3108,オーバーフラッグ,0,295,23,59,60,339,17,90,90,120,120,0,20,－,Ｍ,31,6900,0,-4,-3,2,MS系／ガンダム00
3109,オーバーフラッグ(MA) ,1,295,23,64,60,339,17,90,90,120,120,0,20,－,Ｍ,31,0,-5,-5,-3,3,MA系／ガンダム00
3110,グラハム専用オーバーフラッグ,0,295,23,61,60,339,17,90,90,120,120,0,20,－,Ｍ,32,7170,0,-4,-3,2,MS系／ガンダム00／専用機
3111,グラハム専用オーバーフラッグ(MA) ,1,295,23,66,60,339,17,90,90,120,120,0,20,－,Ｍ,32,0,-5,-5,-3,3,MA系／ガンダム00／専用機
3112,スローネヴァラヌス,0,366,38,70,71,418,20,160,160,160,180,180,100,－,Ｍ,37,14100,1,-3,1,1,MS系／ガンダム00
3113,ジンクス,0,382,36,72,60,487,19,160,160,160,180,180,5,－,Ｍ,41,8850,1,-3,1,1,MS系／ガンダム00／量産機
3114,ザブングル・フル装備,0,480,55,58,52,320,18,150,150,145,145,0,10,－,Ｍ,37,18600,5,-5,-2,-1,その他／スパロボシリーズ
3115,RVF-25 メサイア(SP),0,440,44,113,110,470,20,200,200,200,200,200,130,－,Ｍ,51,56800,-4,-4,5,5,マクロスシリーズ／車輌・戦闘機系
3116,RVF-25 メサイア(SP)(G) ,1,440,40,103,110,470,20,180,180,170,170,170,130,－,Ｓ,51,0,1,-2,1,-5,その他／マクロスシリーズ
3117,RVF-25 メサイア(SP)(B) ,1,400,49,95,90,470,20,180,180,170,170,170,130,－,Ｍ,51,0,5,-5,3,-2,その他／マクロスシリーズ
3118,フォッカー専用VF-1S バルキリー(SP),0,375,36,79,80,450,20,180,180,180,180,160,50,－,Ｍ,40,13500,-5,-5,5,-5,マクロスシリーズ／車輌・戦闘機系／専用機
3119,フォッカー専用VF-1S バルキリー(SP)(B) ,1,375,38,79,60,450,20,180,180,180,180,160,50,－,Ｍ,40,0,5,-5,3,-5,その他／マクロスシリーズ／専用機
3120,ネェル・アーガマ改,0,864,28,46,90,1595,130,270,300,230,265,300,200,－,ＬＬ,96,795800,-4,-4,3,4,艦船系／連邦軍・ティターンズ・地球連合
3121,ホバーカーゴ,0,900,38,25,160,800,100,160,250,120,120,120,1,－,ＬＬ,78,164000,3,0,-5,-5,艦船系／ゾイドシリーズ
3122,キャラメルマン2号,0,130,10,45,30,300,20,0,400,500,300,300,200,－,ＳＳ,30,110000,5,-2,-5,-5,スパロボシリーズ
3123,キャラメルマン3号,0,150,14,68,30,300,20,0,500,500,300,300,200,－,ＳＳ,32,290000,5,-1,-4,-5,スパロボシリーズ
3124,オボッチャマン,0,180,37,98,70,990,20,300,300,500,500,300,200,強5,ＳＳ,62,380000,6,-2,-2,-5,人系／スパロボシリーズ
3125,キャラメルマン5号,0,50,5,20,10,200,5,500,500,300,300,300,200,－,ＳＳ,10,110000,5,-1,-4,-5,人系／スパロボシリーズ
3126,キャラメルマン6号,0,50,5,20,10,200,5,500,500,300,300,300,200,－,ＳＳ,10,110000,5,-1,-4,-5,人系／スパロボシリーズ
3127,キャラメルマン7号,0,400,40,40,50,500,9,500,500,300,300,300,200,－,Ｓ,20,500000,5,-1,-4,3,スパロボシリーズ
3128,キャラメルマン8号,0,50,5,20,10,200,5,500,500,300,300,300,200,－,ＳＳ,10,110000,5,-1,-4,-5,スパロボシリーズ
3129,キャラメルマン9号,0,250,34,90,60,700,8,500,500,300,300,300,200,強5,ＳＳ,10,290000,5,-1,-4,4,人系／スパロボシリーズ
3130,セイバー(A),0,90,9,110,70,900,10,420,235,730,530,760,154,－,ＳＳ,50,290000,5,0,-6,-4,人系
3131,AZ02,0,500,65,80,55,500,20,200,350,300,320,200,10,－,Ｓ,56,43000,4,-6,0,0,その他／スパロボシリーズ
3132,ヴィクセン,0,480,60,82,60,500,15,200,350,300,320,200,10,－,Ｓ,56,43000,4,-6,0,0,その他／スパロボシリーズ
3133,ナインボール・セラフ(MA) ,1,580,60,80,80,450,30,180,300,250,260,165,90,強5,Ｍ,49,0,-4,-4,0,4,その他／スパロボシリーズ
3134,コマンドウルフ,0,336,42,80,60,350,20,160,200,140,160,180,30,－,Ｍ,36,12030,5,-3,-5,0,その他／ゾイドシリーズ／スパロボシリーズ／量産機
3135,ゼネバス仕様コマンドウルフLC,0,336,33,80,80,350,20,180,220,160,180,200,70,－,Ｍ,36,12030,5,-4,-6,-1,その他／ゾイドシリーズ／スパロボシリーズ／量産機
3136,セイバータイガー,0,430,48,75,60,480,20,190,220,230,195,130,60,－,Ｍ,52,21400,5,-3,-5,0,その他／ゾイドシリーズ／スパロボシリーズ／量産機
3137,グレートサーベル,0,430,53,95,60,540,20,210,250,260,195,130,20,－,Ｍ,54,40000,5,-3,-5,0,その他／ゾイドシリーズ／スパロボシリーズ
3138,マクロス・クォーター,0,1200,45,35,140,1000,50,500,500,500,500,500,100,－,ＬＬ,172,290000,-3,-3,4,2,艦船系／マクロスシリーズ
3139,マクロス・クォーター(強襲形態) ,1,1200,45,45,140,1000,50,500,500,500,500,500,100,－,ＬＬ,172,0,-3,-3,4,2,艦船系／マクロスシリーズ
3140,デュナメス超高高度用射撃銃装備,0,376,42,83,68,395,24,180,180,0,180,180,10,－,Ｍ,38,14520,0,-4,2,1,MS系／ガンダム系／ガンダム00
3141,133式ボール,0,190,18,35,50,195,10,0,20,20,0,0,5,－,Ｓ,15,354,-3,-3,2,-2,その他／連邦軍・ティターンズ・地球連合／オリジナル系
3142,ギュゲスD,0,280,18,62,68,300,12,10,30,30,0,0,10,－,ＳＳ,27,5700,4,0,-3,1,スパロボシリーズ／車輌・戦闘機系／量産機
3143,ホットロディマス,0,430,50,52,60,470,15,230,230,230,230,230,5,強5,Ｓ,50,40840,4,-2,-3,-5,その他／スパロボシリーズ
3144,スタースクリーム,0,420,50,52,60,500,15,230,230,230,230,230,5,強5,Ｓ,50,43000,4,-4,-1,0,その他／スパロボシリーズ
3145,ジュネりん,0,600,42,40,50,600,45,220,200,200,200,200,150,－,Ｌ,58,14700,2,-2,0,-5,その他／スパロボシリーズ
3146,コンパチブルカイザー,0,816,67,80,90,770,56,330,330,300,300,300,300,－,Ｌ,71,101090,2,-3,2,2,その他／バンプレストオリジナル
3147,サーシェス専用AEUイナクトC,0,342,28,71,55,509,17,150,150,80,80,0,10,－,Ｍ,38,8310,2,-4,-4,2,MS系／ガンダム00／専用機
3148,サーシェス専用AEUイナクトC(MA) ,1,342,28,76,55,509,17,50,50,80,80,0,10,－,Ｍ,38,0,-5,-5,-4,3,MA系／ガンダム00／専用機
3149,リック・ドムII(LG),0,313,28,61,50,347,18,0,0,100,100,0,50,－,Ｍ,22,7950,-5,-5,4,-4,MS系／ジオン・ネオジオン軍・ザフト／ポケットの中の戦争／ドム系／量産機
3150,ダンクーガノヴァ,0,780,58,50,75,480,37,330,340,340,300,320,30,－,Ｌ,63,97400,5,-3,4,-5,その他／スパロボシリーズ
3151,アイアンマン2,0,285,19,65,63,330,10,0,220,200,150,150,10,－,ＳＳ,36,6300,6,-5,-5,-5,その他／ボトムズシリーズ
3152,ベルゼルガ・イミテイト,0,290,17,62,70,300,10,250,250,200,200,0,5,－,ＳＳ,33,2100,2,-2,3,-5,その他／ボトムズシリーズ
3153,ケスウリ隊仕様チャビィー,0,260,18,74,60,310,10,0,0,200,200,0,10,－,ＳＳ,33,2400,2,-5,0,-5,その他／ボトムズシリーズ
3154,セイバーオルタ,0,90,30,95,70,990,10,420,235,730,530,760,154,－,ＳＳ,40,560000,5,0,-6,-4,人系
3155,セイバーリリィ,0,90,10,110,70,990,10,420,235,730,530,760,154,－,ＳＳ,40,740000,5,0,-6,-4,人系
3156,モルモット隊仕様ジム・コマンド,0,294,28,52,55,320,18,0,0,40,40,0,50,－,Ｍ,22,8040,3,-3,1,-4,MS系／ジム系／連邦軍・ティターンズ・地球連合／戦慄のブルー／量産機
3157,エジプト軍仕様ファントム,0,398,59,42,60,250,20,190,190,200,200,200,30,－,Ｍ,31,6000,2,-3,-2,1,その他／マブラヴ／量産機
3158,ストライクイーグル,0,398,38,71,60,350,20,220,220,200,200,200,20,－,Ｍ,35,6600,3,-3,-2,2,その他／マブラヴ／量産機
3159,陽炎,0,364,34,63,60,300,20,210,210,200,200,200,15,－,Ｍ,32,6300,3,-3,-2,2,その他／マブラヴ／量産機
3160,アクティヴ・イーグル,0,398,38,76,60,340,12,220,220,200,200,200,10,－,Ｍ,35,7200,3,-3,-2,2,その他／マブラヴ／量産機
3161,第1戦術機甲連隊仕様不知火,0,409,38,75,65,375,20,300,300,280,280,280,5,－,Ｍ,37,7500,3,-3,-2,2,その他／マブラヴ
3162,不知火・壱型丙,0,409,38,82,65,338,20,300,300,280,280,280,10,－,Ｍ,36,7800,3,-3,-2,2,その他／マブラヴ
3163,吹雪(超水平線砲装備),0,352,30,71,60,250,20,280,280,250,250,250,30,－,Ｍ,32,6000,3,-3,-1,0,その他／マブラヴ
3164,チェルミナートル,0,398,38,71,60,300,20,220,220,200,200,200,10,－,Ｍ,44,6000,3,-3,-2,2,その他／マブラヴ／量産機
3165,N22YF,0,398,44,86,60,450,20,270,270,240,240,240,40,－,Ｍ,40,12900,3,-3,-2,2,その他／マブラヴ／量産機
3166,グレイゴースト,0,445,46,94,60,430,20,260,260,260,240,240,40,－,Ｍ,44,14400,3,-3,-2,2,その他／マブラヴ／量産機
3167,イーグル,0,375,34,70,60,325,20,210,210,200,200,200,10,－,Ｍ,33,7500,3,-3,-2,2,その他／マブラヴ／量産機
3168,瑞鶴,0,432,55,58,60,325,20,190,190,200,200,200,20,－,Ｍ,36,12600,3,-3,-2,2,その他／マブラヴ／量産機
3169,ラプター,0,443,46,92,60,425,20,290,290,260,260,260,20,－,Ｍ,52,14400,3,-3,-2,2,その他／マブラヴ／量産機
3170,カプリコ,0,380,41,57,60,256,20,90,90,85,85,0,20,－,Ｍ,30,6600,2,-3,-3,-5,その他／スパロボシリーズ／量産機
3171,トロン専用カプリコ,0,380,41,60,62,256,20,90,90,85,85,0,20,－,Ｍ,31,6600,2,-3,-3,-5,その他／スパロボシリーズ／専用機
3172,スパロウホーク,0,210,32,96,50,240,11,95,90,85,85,0,20,－,Ｍ,26,7200,-3,-4,3,3,車輌・戦闘機系／スパロボシリーズ
3173,ムゲン・キャリバー,0,300,24,55,40,300,8,100,100,70,70,50,30,－,Ｓ,27,5100,3,-3,-5,-5,スパロボシリーズ／車輌・戦闘機系
3174,ストライクノワールオルタナティブ,0,458,45,92,60,629,17,220,240,220,220,220,260,－,Ｍ,52,31720,2,-4,2,2,MS系／ガンダム系／連邦軍・ティターンズ・地球連合／ガンダムSEED ASTRAY、MSV
3175,デスティニーインパルス改,0,500,50,108,80,635,20,310,330,240,250,200,130,強5,Ｍ,55,67540,2,-4,2,2,MS系／ガンダム系／ジオン・ネオジオン軍・ザフト／ガンダムSEED ASTRAY、MSV
3176,GNフラッグ,0,385,35,83,58,530,17,180,180,190,100,100,20,－,Ｍ,45,8760,0,-4,2,2,MS系／ガンダム00／専用機
3177,マウアー専用ガブスレイ,0,410,52,105,67,460,18,160,185,185,185,185,10,－,Ｍ,45,43480,2,-3,2,-5,MS系／連邦軍・ティターンズ・地球連合／機動戦士Zガンダム／専用機
3178,マウアー専用ガブスレイ(中間形態) ,1,410,52,105,67,460,18,160,185,185,185,185,10,－,Ｍ,45,0,0,-4,3,0,MS系／連邦軍・ティターンズ・地球連合／機動戦士Zガンダム／専用機
3179,マウアー専用ガブスレイ(MA) ,1,410,52,111,67,460,18,160,185,185,185,185,10,－,Ｍ,45,0,-5,-5,4,3,MA系／連邦軍・ティターンズ・地球連合／機動戦士Zガンダム／専用機
3180,ストロングバックス,0,250,17,60,60,300,10,0,0,150,150,0,5,－,ＳＳ,31,4500,5,-5,-5,-5,その他／ボトムズシリーズ／量産機
3181,ヴィンセント,0,330,36,83,50,390,10,250,300,300,300,220,10,－,Ｓ,34,28000,3,-4,-4,-3,その他／コードギアス
3182,指揮官仕様ヴィンセント・エア,0,330,36,80,60,390,10,250,300,300,300,220,5,－,Ｓ,35,30400,3,-4,-4,3,その他／コードギアス
3183,ダルジャン,0,510,44,77,70,590,20,180,180,180,180,170,40,－,Ｓ,58,40000,1,-3,5,3,その他／スパロボシリーズ／専用機
3184,エルダール,0,560,44,62,70,560,20,180,180,180,180,170,40,－,Ｓ,58,40000,1,-3,5,3,その他／スパロボシリーズ／専用機
3185,ダンコフ,0,578,48,60,70,600,20,180,180,180,180,170,40,－,Ｓ,58,40000,1,-3,5,3,その他／スパロボシリーズ／専用機
3186,ガッシュラン,0,348,54,105,70,630,9,180,180,180,180,170,40,－,Ｓ,49,15030,1,-3,5,3,その他／スパロボシリーズ／専用機
3187,VF-27 ルシファー,0,440,44,122,110,470,20,200,200,200,200,200,80,強5,Ｍ,52,64600,-2,-2,5,5,マクロスシリーズ／車輌・戦闘機系
3188,VF-27 ルシファー(G) ,1,440,40,111,110,470,20,180,180,170,170,170,80,強5,Ｓ,52,0,1,-2,1,-5,その他／マクロスシリーズ
3189,VF-27 ルシファー(B) ,1,440,49,102,90,470,20,180,180,170,170,170,80,強5,Ｍ,52,0,5,-5,3,-2,その他／マクロスシリーズ
3190,キングキタン,0,490,50,56,50,300,12,300,300,350,300,250,50,－,Ｓ,46,41800,5,-3,2,-5,その他／スパロボシリーズ
3191,ビルトラプター(FM) ,1,380,45,100,50,400,30,200,250,200,175,100,50,NT3,Ｍ,48,0,-3,2,1,4,その他／バンプレストオリジナル
3192,ダヤッカイザー,0,490,53,40,65,300,12,100,100,50,90,50,50,－,Ｓ,45,44800,3,-3,-5,-5,その他／スパロボシリーズ
3193,シュウェザァイ,0,430,40,30,60,330,34,80,80,50,40,60,30,－,Ｌ,36,8400,-5,3,-5,-5,MA系／ガンダム00
3194,プトレマイオス,0,948,33,38,110,413,251,180,200,130,150,160,40,－,ＬＬ,56,218000,-5,-5,4,-1,艦船系／ガンダム00
3195,GNアームズTYPE-D,0,398,30,55,80,636,47,200,200,150,220,220,60,－,Ｍ,47,8850,-5,-5,4,0,MA系／ガンダム00
3196,GNアームズTYPE-E,0,498,44,76,80,552,47,400,400,420,420,150,260,－,Ｍ,40,18330,-5,-5,3,0,MA系／ガンダム00
3197,アルヴァトーレ,0,547,52,84,90,720,56,300,300,320,320,320,150,－,Ｌ,59,41380,-4,-4,4,-2,MA系／ガンダム00
3198,アルヴァトーレ(発射形態) ,1,547,52,84,90,720,56,300,300,320,320,320,150,－,Ｌ,59,0,-4,-4,3,-2,MA系／ガンダム00
3199,アドヴァンスドジンクス,0,385,36,74,63,487,18,240,240,240,270,270,30,－,Ｍ,42,8970,2,-3,2,2,MS系／ガンダム00
3200,ダブルオーガンダム,0,464,46,94,76,615,18,300,300,300,300,0,140,－,Ｍ,62,29020,2,-3,2,2,MS系／ガンダム系／ガンダム00
3201,ケルディムガンダム,0,448,44,86,84,636,18,300,300,0,300,300,110,－,Ｍ,52,18960,2,-3,2,2,MS系／ガンダム系／ガンダム00
3202,アリオスガンダム,0,448,41,93,71,636,19,330,330,270,270,270,110,－,Ｍ,51,31780,1,-3,2,3,MS系／ガンダム系／ガンダム00
3203,アリオスガンダム(MA) ,1,448,41,98,71,636,19,330,330,270,270,270,110,－,Ｍ,51,0,-5,-3,3,3,MA系／ガンダム系／ガンダム00
3204,セラヴィーガンダム,0,448,48,81,76,678,18,280,280,0,320,320,110,－,Ｍ,53,31420,1,-3,2,1,MS系／ガンダム系／ガンダム00
3205,セラヴィーガンダム(FBM) ,1,448,48,81,76,678,18,280,280,0,320,320,110,－,Ｍ,53,0,1,-3,2,1,MS系／ガンダム系／ガンダム00
3206,ガルバトロン,0,486,74,52,68,520,15,270,270,270,270,270,50,強5,Ｍ,57,116300,4,2,0,-5,その他／スパロボシリーズ
3207,プロマキス,0,408,45,62,44,320,20,180,180,180,180,0,30,－,Ｍ,34,12000,5,-2,-2,-2,その他／スパロボシリーズ／量産機
3208,ウィンガル,0,330,42,70,62,400,20,200,200,180,180,0,20,－,Ｍ,35,13200,2,-4,0,0,その他／スパロボシリーズ／量産機
3209,ザウエル,0,420,54,95,50,490,11,300,300,300,300,200,20,－,Ｍ,45,28020,4,-2,-2,0,その他／スパロボシリーズ／量産機
3210,飛甲兵,0,420,42,70,62,400,20,200,200,180,180,0,10,－,Ｍ,42,12600,2,-4,0,0,その他／スパロボシリーズ／量産機
3211,バルキング,0,750,72,60,55,650,70,260,220,245,245,245,40,－,Ｌ,69,76000,2,-2,0,3,その他／スパロボシリーズ
3212,ライキング,0,630,60,90,55,650,70,260,220,245,245,245,40,－,Ｌ,69,76000,2,-2,0,3,その他／スパロボシリーズ
3213,トリプルガイキング,0,636,66,75,55,600,70,250,210,235,235,235,50,－,Ｌ,64,92000,2,-2,0,3,その他／スパロボシリーズ
3214,ガイキング・ザ・グレート,0,770,74,75,55,700,70,400,260,285,285,285,50,－,Ｌ,72,146000,2,-2,0,3,その他／スパロボシリーズ
3215,Gコンパチブルカイザー,0,840,75,80,90,875,58,330,330,300,300,300,380,－,Ｌ,76,102890,2,-3,2,2,その他／バンプレストオリジナル
3216,パーフェクトガンダム改,0,480,48,60,75,500,20,210,220,185,190,190,70,－,Ｍ,48,13500,1,-4,3,-3,MS系／ガンダム系／連邦軍・ティターンズ・地球連合／MSV(モビルスーツバリエーション)
3217,コアブースターIIインターセプトタイプ,0,283,19,72,40,354,10,40,100,40,0,0,5,－,Ｍ,31,7290,-5,-5,2,3,連邦軍・ティターンズ・地球連合／機動戦士ガンダム／車輌・戦闘機系
3218,偵察隊仕様ザクII,0,290,30,60,80,250,11,0,0,0,100,100,1,－,Ｍ,28,7410,0,-1,3,0,MS系／ザク系／ジオン・ネオジオン軍・ザフト
3219,ヨーツンヘイム,0,330,25,28,100,1100,70,0,230,105,130,190,50,－,Ｍ,45,41800,-5,-5,1,-5,艦船系／連邦軍・ティターンズ・地球連合
3220,ジェガン,0,384,43,87,58,425,19,140,165,150,150,150,100,－,Ｍ,30,14670,1,-4,2,-4,MS系／ジム系／連邦軍・ティターンズ・地球連合／逆襲のシャア／量産機
3221,ファントン,0,200,20,32,26,206,17,40,40,80,80,0,1,－,Ｍ,18,5700,1,-4,-3,-3,MS系／ガンダム00／量産機
3222,アンフ,0,258,18,30,32,212,17,40,40,80,80,0,1,－,Ｍ,21,4590,1,-4,-5,-5,MS系／ガンダム00／量産機
3223,ティエレン高機動B型,0,285,23,44,47,297,18,40,40,90,90,0,5,－,Ｍ,27,5640,4,-3,-5,-5,MS系／ガンダム00／量産機
3224,指揮官仕様ティエレン高機動B型,0,305,23,44,47,318,18,40,40,90,90,0,5,－,Ｍ,29,5880,4,-3,-5,-5,MS系／ガンダム00
3225,ガンダムサダルスード,0,366,42,83,68,385,24,180,180,0,180,180,10,－,Ｍ,37,14100,2,-4,2,1,MS系／ガンダム系／ガンダム00
3226,ガンダムアブルホール,0,350,40,97,68,375,24,180,180,150,150,150,10,－,Ｍ,36,13800,1,-4,3,1,MS系／ガンダム系／ガンダム00
3227,ガンダムアブルホール(MA) ,1,350,40,60,68,375,24,180,180,150,150,150,10,－,Ｍ,36,0,-3,-4,4,4,MA系／ガンダム系／ガンダム00
3228,ガンダムプルトーネ,0,377,45,67,74,415,26,180,180,0,180,180,10,－,Ｍ,38,18300,1,-4,3,1,MS系／ガンダム系／ガンダム00
3229,ガンダムアストレアTYPE-F,0,388,34,77,58,551,18,230,230,0,230,230,10,－,Ｍ,44,12150,2,0,2,2,MS系／ガンダム系／ガンダム00
3230,ガンダムアストレアTYPE-F2,0,398,35,79,58,594,18,235,235,0,230,230,20,－,Ｍ,46,14730,2,0,2,2,MS系／ガンダム系／ガンダム00
3231,アヴァランチアストレア,0,375,40,95,68,395,22,230,230,0,230,230,20,－,Ｍ,38,18900,2,-3,2,1,MS系／ガンダム系／ガンダム00
3232,Zマジンガー,0,520,80,30,55,550,80,200,200,195,195,195,110,－,Ｍ,56,52000,3,-2,0,-2,その他／スパロボシリーズ
3233,MAZINGER,0,520,80,30,55,550,80,200,200,195,195,195,110,－,Ｍ,56,52000,4,-2,-5,-5,その他／スパロボシリーズ
3234,グジャグラヴァン・ヴァー,0,800,78,30,110,600,20,190,190,170,170,180,90,－,Ｌ,69,55600,0,-2,0,-2,その他／マクロスシリーズ
3235,レイヴン仕様セイバータイガー,0,430,48,75,60,480,20,190,220,230,195,130,5,－,Ｍ,52,21400,5,-3,-5,0,その他／ゾイドシリーズ／専用機
3236,コマンダー仕様シールドライガー,0,400,44,100,60,440,20,190,370,220,365,120,50,－,Ｍ,57,53800,4,-3,-5,0,その他／ゾイドシリーズ／スパロボシリーズ
3237,アグリッサ,0,448,44,64,80,530,30,50,50,280,80,0,30,－,Ｍ,46,8370,2,-4,0,3,MA系／ガンダム00
3238,アグリッサ(展開形態) ,1,448,44,64,80,530,30,50,50,280,80,0,30,－,Ｌ,46,0,1,-4,0,1,MA系／ガンダム00
3239,サーシェス専用AEUイナクトC-A型,0,318,32,70,55,360,20,50,50,80,80,0,10,－,Ｍ,32,8460,2,-4,0,2,MS系／ガンダム00／専用機
3240,サーシェス専用AEUイナクトC-A型(MA) ,1,318,32,50,55,360,20,50,50,80,80,0,10,－,Ｍ,32,0,2,-4,0,3,MA系／ガンダム00／専用機
3241,ガンダムサダルスードTYPE-F,0,388,36,72,68,572,18,180,180,0,180,180,10,－,Ｍ,45,5820,2,0,2,2,MS系／ガンダム系／ガンダム00
3242,AEUヘリオンイニティウム,0,234,19,44,40,206,15,50,50,60,60,0,1,－,Ｍ,21,7380,1,-4,1,2,MS系／ガンダム00
3243,AEUヘリオンイニティウム(MA) ,1,234,19,30,40,206,15,50,50,60,60,0,1,－,Ｍ,21,0,-2,-4,1,3,MA系／ガンダム00
3244,ストライクフラッグ,0,280,32,75,50,277,18,50,70,80,80,80,20,－,Ｍ,28,8700,1,-4,-1,2,MS系／ガンダム00
3245,ストライクフラッグ(MA) ,1,280,32,52,50,277,18,50,70,80,80,80,20,－,Ｍ,28,0,-2,-4,-1,3,MA系／ガンダム00
3246,コロニーガードフラッグ,0,280,32,65,50,310,20,50,50,80,80,0,20,－,Ｍ,29,8760,0,-4,1,0,MS系／ガンダム00
3247,コロニーガードフラッグ(MA) ,1,280,32,46,50,310,20,50,50,80,80,0,20,－,Ｍ,29,0,-3,-4,2,0,MA系／ガンダム00
3248,VF-25G メサイア,0,440,42,118,90,470,20,200,200,200,200,200,130,－,Ｍ,46,57400,-4,-4,5,5,マクロスシリーズ／車輌・戦闘機系
3249,VF-25G メサイア(G) ,1,440,38,108,90,470,20,180,180,170,170,170,130,－,Ｓ,46,0,1,-2,1,-5,その他／マクロスシリーズ
3250,VF-25G メサイア(B) ,1,440,47,100,70,470,20,180,180,170,170,170,130,－,Ｍ,46,0,5,-5,3,-2,その他／マクロスシリーズ
3251,バルゴラ1号機,0,410,38,95,70,385,20,200,200,200,200,200,95,－,Ｌ,39,18000,2,-2,4,2,その他／バンプレストオリジナル
3252,バルゴラ2号機,0,410,38,95,70,352,20,200,200,200,200,200,1,－,Ｌ,39,18000,2,-2,4,2,その他／バンプレストオリジナル
3253,バルゴラ3号機,0,410,38,95,70,352,20,200,200,200,200,200,1,－,Ｌ,39,18000,2,-2,4,2,その他／バンプレストオリジナル
3254,キング・ビアル,0,1190,46,48,90,560,80,160,160,100,130,140,50,－,ＬＬ,80,326000,-5,0,3,2,艦船系／スパロボシリーズ
3255,イシュキック,0,330,38,66,50,350,7,90,90,90,50,50,1,－,Ｓ,33,4680,1,-4,-2,2,その他／スパロボシリーズ／量産機
3256,イシュキック・コマンダー,0,410,44,68,50,480,8,90,150,90,50,50,5,－,Ｓ,40,5100,1,-4,-2,2,その他／スパロボシリーズ／量産機
3257,ブロンコII,0,310,34,61,50,256,8,100,120,80,80,80,20,－,Ｓ,30,4575,-2,-4,3,2,車輌・戦闘機系／スパロボシリーズ／量産機
3258,ブロンコII(G) ,1,310,30,71,50,256,8,100,120,80,80,80,20,－,Ｓ,30,0,2,-4,3,1,車輌・戦闘機系／スパロボシリーズ／量産機
3259,サテライザー ,1,900,55,25,80,800,80,300,300,150,160,150,250,－,ＬＬ,77,0,1,-5,2,0,艦船系／スパロボシリーズ
3260,テュガテール,0,510,55,90,42,600,15,400,400,400,350,350,200,強5,Ｍ,60,43000,2,-4,0,3,その他／バンプレストオリジナル
3261,エレオス,0,520,58,90,52,600,22,400,400,300,350,400,20,強5,Ｍ,60,44800,-4,-2,0,4,その他／バンプレストオリジナル
3262,ヒュポクリシス,0,620,62,60,54,620,26,400,400,350,350,350,20,強5,Ｍ,62,52000,2,-4,0,3,その他／バンプレストオリジナル
3263,モラーバー・マーイ,0,310,32,62,50,290,7,90,120,90,90,90,20,－,Ｓ,30,19500,0,-4,0,3,その他／スパロボシリーズ
3264,モラーバー・リーア,0,310,32,62,60,290,7,90,120,90,90,90,1,－,Ｓ,30,19500,0,-4,0,3,その他／スパロボシリーズ
3265,グローマ,0,770,40,58,60,570,80,80,150,110,110,110,110,－,Ｌ,65,92000,0,-4,-3,3,艦船系／スパロボシリーズ
3266,グランカイザー,0,410,48,90,60,415,20,250,250,220,220,220,50,NT3,Ｍ,50,92000,3,-4,3,0,その他／スパロボシリーズ
3267,ヤルダバオト,0,600,58,95,68,525,24,300,300,300,180,180,250,－,Ｍ,54,52060,4,-4,2,-4,その他／バンプレストオリジナル
3268,ヤルダバオト(神化),0,720,63,110,68,700,26,500,500,500,180,180,150,－,Ｍ,66,92090,4,-4,2,1,その他／バンプレストオリジナル
3269,ビレフォール,0,600,62,85,68,525,24,300,300,300,180,180,50,－,Ｍ,54,52060,4,-4,2,-4,その他／バンプレストオリジナル
3270,アガレス,0,540,58,80,63,600,22,400,400,400,180,180,130,－,Ｍ,53,80030,4,-4,2,1,その他／バンプレストオリジナル
3271,アンドラス,0,800,100,32,60,650,35,400,400,400,400,400,100,－,Ｍ,62,428000,3,-2,0,-5,その他／バンプレストオリジナル
3272,グライア,0,340,28,60,44,210,17,50,30,0,0,0,1,－,Ｍ,26,12000,3,-4,2,-2,その他／エルガイムシリーズ／量産機
3273,アローン,0,318,24,56,44,180,15,40,30,0,0,0,1,－,Ｍ,24,8400,3,-4,2,-2,その他／エルガイムシリーズ／量産機
3274,ペイリネス,0,700,58,96,82,680,27,400,400,180,400,400,110,－,Ｍ,71,64000,2,-4,2,4,その他／バンプレストオリジナル
3275,マルディクト,0,820,78,88,62,720,32,400,400,400,400,400,150,－,Ｌ,76,81200,4,-4,0,-5,その他／バンプレストオリジナル
3276,グラシャラボラス,0,770,72,72,85,660,30,400,400,400,400,400,120,－,Ｌ,72,65200,2,-4,0,3,その他／バンプレストオリジナル
3277,エクスティム,0,990,82,48,60,800,62,400,400,400,400,400,200,－,Ｌ,82,146000,4,-2,0,-5,その他／バンプレストオリジナル
3278,ラハ・エクスティム,0,1150,90,30,70,850,58,500,500,500,400,400,200,－,Ｌ,89,500000,4,-2,0,-5,その他／バンプレストオリジナル
3279,ノッセル,0,520,48,90,80,550,30,330,310,310,320,280,80,NT2,Ｍ,49,30400,-3,-3,4,1,その他／機動戦士クロスボーンガンダム／量産機
3280,エクシアリペア,0,332,28,64,66,466,18,180,180,180,180,0,1,－,Ｍ,38,13320,2,-3,2,2,MS系／ガンダム系／ガンダム00
3281,ダブルオーガンダムSS,0,472,46,94,76,615,18,300,300,300,300,0,20,－,Ｍ,62,29800,2,-3,2,2,MS系／ガンダム系／ガンダム00
3282,真・騎馬武者頑駄無,0,900,65,120,100,700,30,450,450,300,500,500,500,－,Ｍ,71,500000,5,-3,0,0,MS系／ガンダム系／オリジナル系
3283,アロウズ仕様ジンクスIII,0,411,37,80,60,594,19,260,260,260,270,270,20,－,Ｍ,46,13170,1,-3,1,1,MS系／ガンダム00
3284,アヘッド,0,415,37,80,66,615,20,280,280,260,270,270,10,－,Ｍ,48,13230,1,-3,2,1,MS系／ガンダム00
3285,モルガキャノリー,0,320,42,68,75,300,15,50,80,60,30,30,1,－,Ｓ,31,5400,6,-5,-6,-4,その他／ゾイドシリーズ／スパロボシリーズ
3286,芳佳,0,227,25,58,55,350,8,140,150,300,350,300,200,NT8,ＳＳ,27,200000,1,-4,-5,5,人系
3287,チャビィー宇宙用,0,260,18,74,60,310,10,0,0,200,200,0,10,－,ＳＳ,33,2400,2,-5,5,-5,その他／ボトムズシリーズ
3288,ウォリアー1,0,315,19,84,50,450,10,220,240,240,240,0,20,強5,ＳＳ,38,3570,5,-3,0,-5,その他／ボトムズシリーズ
3289,大型ドッグキャリアー,0,280,14,60,60,400,15,0,100,0,0,0,1,－,ＳＳ,28,1800,5,-5,-5,-3,その他／ボトムズシリーズ
3290,ラインバレル,0,560,32,90,99,340,21,200,200,350,300,300,100,強4,Ｍ,56,78400,3,-4,0,-5,その他／スパロボシリーズ
3291,ヴァーダント,0,545,32,120,110,550,21,300,300,350,300,300,260,強4,Ｍ,62,99200,4,-4,0,-2,その他／スパロボシリーズ
3292,ランスロット・コンクエスター,0,365,37,100,60,480,10,300,370,370,370,320,30,－,Ｓ,40,55600,3,-4,-4,3,その他／コードギアス
3293,紅蓮可翔式,0,375,45,100,50,450,10,300,370,370,370,320,30,－,Ｓ,40,53200,3,-4,-4,3,その他／コードギアス
3294,空雷王,0,420,52,68,50,440,40,200,200,200,200,200,20,－,Ｌ,49,28000,2,-2,5,2,その他／スパロボシリーズ
3295,ガチコ,0,300,32,100,70,320,8,100,110,120,70,290,15,NT3,ＳＳ,32,5100,3,-3,-5,-2,その他／キングゲイナー
3296,パンサー,0,320,38,82,55,310,12,100,100,80,70,60,5,NT3,Ｓ,31,6300,3,0,0,2,その他／キングゲイナー
3297,エンペランザ,0,365,40,110,70,480,11,200,200,220,240,330,95,NT3,Ｓ,42,12300,3,-3,1,3,その他／キングゲイナー
3298,ラッシュロッド,0,410,40,104,60,450,11,190,180,100,230,50,90,NT3,Ｓ,41,12000,3,-2,1,3,その他／キングゲイナー
3299,オーライザー,0,402,35,93,66,509,17,150,150,120,120,120,10,－,Ｍ,44,12090,-5,-5,3,3,車輌・戦闘機系／ガンダム00
3300,ダブルオーライザー,0,514,50,108,82,700,18,400,400,400,400,400,100,－,Ｍ,68,77560,0,-4,4,2,MS系／ガンダム系／ガンダム00
3301,アンダーゴレーム,0,390,40,100,65,435,11,100,80,60,90,0,70,NT3,Ｓ,40,8700,3,-3,-2,3,その他／キングゲイナー／量産機
3302,ゴレーム,0,440,48,104,65,480,11,200,190,120,240,60,40,NT3,Ｓ,44,14100,3,-3,-2,3,その他／キングゲイナー／量産機
3303,ドーベック,0,410,48,86,60,320,10,90,80,80,90,90,5,NT3,Ｓ,36,7800,3,0,0,0,その他／キングゲイナー／量産機
3304,アデット専用ドーベック,0,410,48,88,60,320,10,90,80,80,90,90,5,NT3,Ｓ,36,7800,3,0,0,0,その他／キングゲイナー／専用機
3305,メックスブルート,0,340,44,104,60,460,10,90,90,90,90,90,15,NT3,Ｓ,43,12300,3,-3,-3,3,その他／キングゲイナー
3306,ドミネーター,0,320,48,110,60,540,10,90,80,80,90,90,15,NT3,Ｓ,42,18000,3,0,0,0,その他／キングゲイナー
3307,ジンバ,0,330,40,104,50,410,10,90,80,80,90,90,15,NT3,Ｓ,37,12600,3,0,0,0,その他／キングゲイナー
3308,プラネッタ,0,560,48,118,50,380,10,390,200,180,180,40,50,NT3,Ｓ,57,18900,3,0,0,0,その他／キングゲイナー
3309,オーバーデビル,0,700,68,82,80,750,10,90,80,80,90,90,130,NT3,Ｓ,63,200000,3,0,0,0,その他／キングゲイナー
3310,美緒,0,204,16,66,35,175,8,150,150,300,350,300,200,NT8,ＳＳ,24,290000,1,-4,-5,5,人系
3311,ミーナ,0,193,18,75,60,250,8,150,150,300,350,350,200,NT8,ＳＳ,24,182000,1,-4,-5,5,人系
3312,リネット,0,181,21,54,80,200,8,140,150,300,350,300,200,NT8,ＳＳ,21,110000,1,-4,-5,5,人系
3313,ペリーヌ,0,181,21,62,40,200,8,140,150,300,350,300,200,NT8,ＳＳ,20,236000,1,-4,-5,5,人系
3314,ハルトマン,0,170,21,70,70,250,8,140,150,300,350,300,200,NT8,ＳＳ,23,344000,1,-4,-5,5,人系
3315,バルクホルン,0,250,37,54,60,275,12,140,150,300,350,300,200,NT8,ＳＳ,26,362000,1,-4,-5,5,人系
3316,ルッキーニ,0,170,16,66,40,200,8,140,150,300,350,300,200,NT8,ＳＳ,19,146000,1,-4,-5,5,人系
3317,シャーロット,0,238,21,88,30,225,8,150,150,300,350,350,200,NT8,ＳＳ,24,218000,1,-4,-5,5,人系
3318,エイラ,0,181,12,62,40,225,9,140,150,300,350,300,200,NT8,ＳＳ,20,218000,1,-4,-5,5,人系
3319,サーニャ,0,170,25,54,60,225,9,140,150,300,350,300,200,NT8,ＳＳ,21,182000,1,-4,-5,5,人系
3320,バルゴラ改,0,430,38,95,70,385,20,250,250,250,250,250,20,－,Ｍ,39,18000,2,-2,4,0,その他／バンプレストオリジナル
3321,バルゴラ改(VWFS),0,470,40,100,70,480,20,300,300,300,300,300,30,－,Ｍ,45,28000,2,-2,4,2,その他／バンプレストオリジナル
3322,バルゴラ・グローリー,0,470,44,104,70,480,20,300,300,300,300,300,60,－,Ｍ,47,40000,2,-2,4,2,その他／バンプレストオリジナル
3323,ガンレオン,0,710,68,50,60,660,43,300,300,400,300,300,200,NT5,Ｌ,59,76020,3,-3,3,-2,その他／バンプレストオリジナル
3324,ガイア・ギア雷電,0,710,35,120,100,680,40,350,400,350,350,350,200,NT5,Ｍ,72,200000,0,-5,6,5,MS系／ガンダム系
3325,なのは,0,188,24,77,70,570,11,500,500,100,300,100,200,－,ＳＳ,55,740000,2,-4,-3,3,人系
3326,フェイト(SS),0,175,17,110,60,570,11,500,500,100,300,100,200,－,ＳＳ,57,668000,2,-4,-3,3,人系
3327,はやて(KK),0,180,17,88,110,600,11,500,500,300,300,300,200,－,ＳＳ,58,524000,2,-5,-3,2,人系
3328,イシュキック・コマンダーII,0,540,48,86,50,570,9,110,180,110,80,80,5,－,Ｓ,49,6300,1,-4,-2,2,その他／スパロボシリーズ／量産機
3329,ディビニダド,0,1280,31,66,80,690,40,285,200,300,400,400,170,－,ＬＬ,80,148340,-5,-5,3,3,MA系／機動戦士クロスボーンガンダム／量産機
3330,マゼラン改(0088),0,1300,35,32,180,950,50,180,260,120,130,220,40,－,ＬＬ,78,110000,-3,-5,4,-1,艦船系／連邦軍・ティターンズ・地球連合／ガンダムセンチネル／量産機
3331,ウィルゲム,0,1100,50,30,90,600,80,290,300,300,270,270,50,－,Ｍ,67,52000,-5,-5,2,2,艦船系／ターンAガンダム
3332,浦賀,0,1020,46,26,90,550,80,180,200,100,170,130,80,－,Ｍ,62,28000,-5,-5,2,2,艦船系／マクロスシリーズ
3333,アリゾナ,0,1700,80,35,160,800,100,270,270,200,200,200,280,－,ＬＬ,103,320000,-5,0,1,1,艦船系／スパロボシリーズ／量産機
3334,メッサーラ・ディノファウストΑ,0,420,26,90,74,420,20,180,190,170,180,0,40,－,Ｍ,46,32800,-5,-5,4,-1,MS系／連邦軍・ティターンズ・地球連合
3335,ズサ・カスタム,0,330,37,80,49,500,22,100,150,150,140,100,20,－,Ｍ,42,7500,2,-5,2,0,MS系／ジオン・ネオジオン軍・ザフト
3336,ガザM,0,314,22,42,40,328,15,70,70,60,65,0,1,－,Ｍ,29,6930,0,2,-5,-5,MA系／ジオン・ネオジオン軍・ザフト／量産機
3337,オーバーヘッドホーク,0,190,20,90,50,250,10,20,20,0,0,0,1,－,Ｍ,26,6010,-4,-5,-4,5,その他／ザンスカール帝国／機動戦士Vガンダム
3338,レッグ,0,100,20,60,52,100,8,60,60,15,0,0,1,－,Ｍ,13,3900,2,-5,-5,-5,その他／スパロボシリーズ／量産機
3339,センドビード,0,360,36,50,50,150,8,60,60,15,0,0,5,－,Ｍ,25,4350,2,-3,-5,-5,その他／スパロボシリーズ
3340,武者ガンダムMk-II,0,475,55,68,75,450,20,220,220,220,220,220,100,－,Ｍ,44,6750,2,-3,1,1,MS系／ガンダム系／オリジナル系
3341,武者摩亜屈,0,480,52,64,75,435,20,180,180,170,170,0,100,－,Ｍ,42,6900,3,-4,-1,1,MS系／ガンダム系／オリジナル系
3342,騎馬武者摩亜屈,0,550,52,68,75,465,20,280,280,270,270,0,60,－,Ｍ,46,18900,3,-4,-1,1,MS系／ガンダム系／オリジナル系
3343,バラッド専用コマンドウルフ,0,450,42,82,60,480,20,180,220,160,180,200,70,－,Ｍ,52,12000,5,-3,-5,0,その他／ゾイドシリーズ／専用機
3344,偵察型ムラサメ,0,360,32,70,90,350,17,200,230,100,100,100,30,－,Ｍ,35,12600,2,-3,0,0,MS系／ジオン・ネオジオン軍・ザフト／ガンダムSEED DESTINY
3345,偵察型ムラサメ(MA) ,1,360,28,75,90,350,17,200,230,100,100,100,30,－,Ｍ,35,0,-3,-3,0,4,MA系／ジオン・ネオジオン軍・ザフト／ガンダムSEED DESTINY
3346,ジスト専用シグーアサルト,0,335,39,59,62,272,24,200,90,70,100,20,20,強2,Ｍ,41,13500,2,-2,3,2,MS系／ジオン・ネオジオン軍・ザフト／ガンダムSEED／専用機
3347,AEUイナクト宇宙型,0,295,26,56,53,339,17,50,50,80,80,0,10,－,Ｍ,31,6870,1,-4,2,-3,MS系／ガンダム00／量産機
3348,AEUイナクト宇宙型(MA) ,1,295,26,61,53,339,17,50,50,80,80,0,10,－,Ｍ,31,0,1,-4,2,-3,MA系／ガンダム00／量産機
3349,サキガケ,0,424,39,80,74,594,20,290,300,300,270,270,40,－,Ｍ,48,14970,1,-4,2,1,MS系／ガンダム00／専用機／量産機
3350,ティエレンチーツー,0,340,32,66,60,344,26,150,120,100,110,110,10,強5,Ｍ,32,8100,1,-3,2,-2,MS系／ガンダム00
3351,ティエレンジィージュー,0,350,35,68,60,354,14,40,40,90,90,0,5,－,Ｍ,25,7200,1,-4,-2,-2,MS系／ガンダム00
3352,セルゲイ専用ティエレンタオツー,0,325,26,59,60,424,18,150,120,100,110,110,20,－,Ｍ,35,6840,2,-3,2,0,MS系／ガンダム00／専用機
3353,アルケーガンダム,0,464,45,84,74,784,20,300,300,400,400,400,50,－,Ｍ,57,28720,1,-5,1,2,MS系／ガンダム系／ガンダム00
3354,GNアーチャー,0,415,38,81,71,572,16,320,320,270,270,270,50,－,Ｍ,47,14700,0,-4,2,3,MS系／ガンダム00
3355,GNアーチャー(MA) ,1,415,38,86,71,572,16,320,320,270,270,270,50,－,Ｍ,47,0,-5,-5,4,4,MA系／ガンダム00
3356,アーチャーアリオス,0,490,41,93,71,636,24,350,350,270,270,270,50,－,Ｍ,52,32500,-4,-4,3,1,MS系／ガンダム系／ガンダム00
3357,茶々丸,0,180,8,75,60,320,10,500,500,500,500,500,400,－,ＳＳ,35,290000,4,-4,-5,2,人系
3358,アステリオンAX,0,408,45,108,80,370,26,320,320,300,300,310,80,－,Ｍ,39,31000,3,-6,2,3,その他／バンプレストオリジナル
3359,ART-1,0,400,40,108,60,440,26,320,280,300,200,110,30,NT4,Ｍ,56,32200,3,-3,2,-3,その他／バンプレストオリジナル
3360,ARTウィング ,1,400,37,108,90,720,26,320,320,300,300,310,30,－,Ｍ,56,0,-3,-3,2,3,その他／バンプレストオリジナル
3361,アーマリオン,0,556,60,85,70,380,21,200,200,170,170,170,40,－,Ｍ,45,18000,0,-5,3,2,その他／バンプレストオリジナル
3362,ズィーガーリオン,0,450,44,115,70,520,20,300,300,270,270,270,60,NT2,Ｍ,47,40000,1,0,2,3,その他／バンプレストオリジナル
3363,エヴァンジェリン,0,115,5,70,70,380,10,500,500,500,500,500,100,－,ＳＳ,37,290000,1,-4,-6,4,人系
3364,バスターアーク,0,440,48,120,90,480,20,180,180,150,150,150,180,－,Ｍ,56,52000,1,-2,2,2,その他／スパロボシリーズ
3365,デストロイド・シャイアンII,0,390,40,75,80,250,15,180,180,170,170,170,20,－,Ｓ,42,7500,2,-2,-2,1,その他／マクロスシリーズ
3366,XAN,0,700,72,120,90,670,20,700,700,700,700,700,300,－,Ｓ,73,740000,3,-5,0,3,その他／キングゲイナー
3367,ケルディムサーガ,0,464,45,88,64,657,18,300,300,0,300,300,30,－,Ｍ,57,28840,2,-3,2,2,MS系／ガンダム系／ガンダム00
3368,ガデッサ,0,458,47,84,70,657,21,300,280,260,270,360,50,強5,Ｍ,52,19020,1,-3,3,3,MS系／ガンダム00
3369,ガラッゾ,0,458,45,86,70,636,21,300,280,360,270,260,50,強5,Ｍ,51,18960,2,-4,2,2,MS系／ガンダム00
3370,セラフィムガンダム,0,415,41,88,68,552,18,280,280,300,320,320,10,－,Ｍ,47,18390,2,1,2,1,MS系／ガンダム系／ガンダム00
3371,VF-25F メサイア,0,435,42,118,80,470,20,200,200,200,200,200,130,－,Ｍ,46,56800,-2,-2,5,5,マクロスシリーズ／車輌・戦闘機系
3372,VF-25F メサイア(G) ,1,435,38,108,80,470,20,180,180,170,170,170,130,－,Ｓ,46,0,1,-2,1,-5,その他／マクロスシリーズ
3373,VF-25F メサイア(B) ,1,435,47,100,60,470,20,180,180,170,170,170,130,－,Ｍ,46,0,5,-5,3,-2,その他／マクロスシリーズ
3374,ノーラ専用SV-51,0,280,22,105,80,400,20,160,180,170,170,150,100,－,Ｓ,34,12000,-2,-2,-5,5,マクロスシリーズ／車輌・戦闘機系／専用機
3375,ノーラ専用SV-51(G) ,1,280,22,95,70,400,20,160,180,170,170,150,100,－,Ｓ,33,0,1,1,-2,1,その他／マクロスシリーズ／専用機
3376,ノーラ専用SV-51(B) ,1,280,22,85,60,400,20,160,180,170,170,150,100,－,Ｓ,33,0,5,-2,-3,-2,その他／マクロスシリーズ／専用機
3377,VF-0Sw/ゴースト,0,300,10,84,80,350,20,160,160,150,150,100,20,－,Ｍ,30,12000,-2,-3,-4,4,マクロスシリーズ／車輌・戦闘機系
3378,VF-0Sw/ゴースト(G) ,1,300,10,80,60,350,20,160,160,150,150,100,20,－,Ｍ,30,0,1,1,-2,1,その他／マクロスシリーズ
3379,VF-0Sw/ゴースト(B) ,1,300,10,70,60,350,20,160,160,150,150,100,20,－,Ｍ,30,0,4,-3,-2,-2,その他／マクロスシリーズ
3380,エンドラ,0,1300,33,31,160,1100,150,0,400,125,160,350,90,－,ＬＬ,92,164000,-5,-5,3,0,艦船系／ジオン・ネオジオン軍・ザフト／機動戦士ガンダムZZ／量産機
3381,サダラーン,0,1700,33,38,190,1300,150,0,400,125,160,350,20,－,ＬＬ,112,524000,-5,-5,3,1,艦船系／ジオン・ネオジオン軍・ザフト／機動戦士ガンダムZZ
3382,頭領ドロロロボ,0,300,20,65,50,270,13,200,200,180,170,150,10,－,ＳＳ,25,5700,2,-4,-4,0,その他／スパロボシリーズ
3383,頭領ドロロロボ(天翔木馬形態) ,1,300,24,60,50,270,13,200,200,180,170,150,10,－,ＳＳ,25,0,3,-3,-3,1,その他／スパロボシリーズ
3384,藪医クルルロボ,0,300,24,60,50,270,13,170,170,170,170,150,10,－,ＳＳ,25,5700,2,-4,0,-1,その他／スパロボシリーズ
3385,藪医クルルロボ(鯱形態) ,1,300,20,65,50,270,13,170,170,170,170,150,10,－,ＳＳ,25,0,1,-4,0,0,その他／スパロボシリーズ
3386,浪人ギロロロボ,0,300,20,65,50,270,13,80,200,0,200,150,10,－,ＳＳ,25,5700,2,-4,0,0,その他／スパロボシリーズ
3387,浪人ギロロロボ(鉄拳砲撃形態) ,1,300,24,60,50,270,13,80,200,0,200,150,10,－,ＳＳ,25,0,3,-4,0,-1,その他／スパロボシリーズ
3388,足軽タママロボ,0,300,20,65,50,270,13,80,90,190,170,150,10,－,ＳＳ,25,5700,2,-4,0,-2,その他／スパロボシリーズ
3389,足軽タママロボ(御玉杓子形態) ,1,300,24,60,50,270,13,80,90,190,170,150,10,－,ＳＳ,25,0,-3,2,0,2,その他／スパロボシリーズ
3390,武者ケロロロボ,0,300,24,60,50,270,13,180,180,160,190,150,10,－,ＳＳ,25,5700,2,-4,0,-2,その他／スパロボシリーズ
3391,武者ケロロロボ(牛蛙形態) ,1,300,20,65,50,270,13,180,180,160,190,150,10,－,ＳＳ,25,0,-2,-4,0,0,その他／スパロボシリーズ
3392,計六六大将軍,0,490,30,60,50,500,15,180,180,160,190,150,70,－,Ｓ,42,40000,0,-4,0,0,その他／スパロボシリーズ
3393,アークグレンラガン,0,2060,94,70,150,620,50,800,800,800,800,800,900,－,ＸＬ,129,1220000,0,0,0,0,その他／スパロボシリーズ
3394,超銀河グレンラガン,0,2165,98,104,180,1350,500,900,900,900,900,900,900,－,ＸＬ,194,500000,0,0,0,0,その他／スパロボシリーズ
3395,シャア専用ヤクト・ドーガ,0,458,44,97,70,485,21,190,150,160,180,0,40,NT2,Ｍ,44,18570,1,-5,3,-4,MS系／ジオン・ネオジオン軍・ザフト／オリジナル系／専用機
3396,ギラ・ドーガ改,0,400,45,91,70,425,20,150,160,160,160,160,60,－,Ｍ,42,18300,2,-3,2,-4,MS系／ザク系／ジオン・ネオジオン軍・ザフト／逆襲のシャア／量産機
3397,篁唯依専用武御雷,0,432,46,92,60,425,20,280,280,250,250,250,40,－,Ｍ,41,12300,3,-3,-2,2,その他／マブラヴ／専用機
3398,ニルヴァーシュ spec3,0,410,40,130,70,700,20,450,430,350,300,200,100,NT5,Ｍ,53,52000,0,-4,-5,5,その他／スパロボシリーズ
3399,インベル,0,624,46,60,60,735,38,200,200,200,200,200,250,－,Ｌ,58,52060,1,-3,1,2,その他／スパロボシリーズ
3400,Gスカイ・イージー(ガンダム搭載),0,330,28,65,62,250,18,25,45,40,40,10,40,－,Ｍ,28,7050,-2,-4,1,3,連邦軍・ティターンズ・地球連合／機動戦士ガンダム／車輌・戦闘機系
3401,ランドキャリバー ,1,300,24,55,40,300,8,100,100,70,70,50,30,－,Ｓ,27,0,4,-4,-5,-5,スパロボシリーズ／車輌・戦闘機系
3402,バトルフロンティア,0,2200,45,23,100,800,300,500,500,500,500,500,150,－,ＸＬ,132,452000,-6,-6,0,-3,艦船系／マクロスシリーズ
3403,バトルフロンティア強攻型 ,1,2200,45,23,100,800,300,500,500,500,500,500,150,－,ＸＬ,132,0,-6,-6,0,-4,艦船系／マクロスシリーズ
3404,マゼラ・アイン,0,170,15,27,52,200,20,10,30,30,30,0,1,－,Ｓ,17,3000,3,-5,-5,-4,ジオン・ネオジオン軍・ザフト／車輌・戦闘機系／量産機
3405,サウロペルタ,0,55,1,32,35,180,8,0,5,0,0,0,1,－,ＳＳ,11,45,2,-5,-5,-5,ジオン・ネオジオン軍・ザフト／車輌・戦闘機系／量産機
3406,ウィーゼル,0,140,18,26,62,200,20,0,30,0,30,30,1,－,Ｓ,16,570,4,-5,-5,-4,ジオン・ネオジオン軍・ザフト／車輌・戦闘機系／量産機
3407,ヘヴィ・フォーク,0,770,32,24,80,550,40,0,220,100,120,180,1,－,ＬＬ,51,19500,3,-5,-5,-3,艦船系／連邦軍・ティターンズ・地球連合
3408,エンキ,0,520,54,78,50,560,20,250,200,200,200,150,30,－,Ｍ,58,52000,3,-3,2,1,その他／スパロボシリーズ
3409,エンキドゥ,0,550,54,84,50,600,20,300,250,250,250,200,50,－,Ｍ,61,64000,3,-3,2,1,その他／スパロボシリーズ
3410,エンキドゥドゥ,0,570,60,90,50,640,20,350,300,300,300,250,70,－,Ｍ,64,79600,3,-3,2,1,その他／スパロボシリーズ
3411,ラゼンガン,0,580,60,115,50,800,20,350,350,400,350,300,80,－,Ｍ,71,128000,4,-2,2,1,その他／スパロボシリーズ
3412,コアガンナー,0,580,46,66,85,445,35,270,290,230,230,290,80,－,Ｌ,46,43000,2,-4,3,-5,その他／スパロボシリーズ
3413,Gガンナー,0,680,56,52,85,480,42,270,290,230,230,290,30,－,Ｌ,50,52000,2,-4,3,-5,その他／スパロボシリーズ
3414,ビルドエンジェル,0,380,40,80,60,410,12,220,230,180,180,60,1,－,Ｍ,37,20200,-4,-4,3,4,車輌・戦闘機系／スパロボシリーズ
3415,ブラン,0,455,39,75,60,460,25,180,180,175,175,0,10,－,Ｌ,38,5160,-5,-5,5,-4,MA系／ジオン・ネオジオン軍・ザフト／オリジナル系
3416,ギャン(MC実験機),0,304,30,70,54,310,13,100,100,100,100,0,30,－,Ｍ,32,5700,4,-5,2,-4,MS系／ジオン・ネオジオン軍・ザフト／オリジナル系／ギャン系
3417,ゴッド・ハロ,0,700,58,68,72,600,25,0,0,0,0,0,200,強5,Ｍ,96,290000,3,2,2,2,MA系／オリジナル系
3418,真・龍虎王,0,800,70,82,84,720,80,480,480,400,400,480,100,NT7,Ｌ,92,146000,0,4,2,2,その他／バンプレストオリジナル
3419,真・虎龍王 ,1,800,60,88,60,720,80,480,480,480,400,400,100,NT7,Ｌ,92,0,5,0,3,-2,その他／バンプレストオリジナル
3420,ダイ・ガード,0,572,52,62,80,510,25,180,180,320,0,0,180,－,Ｍ,58,52000,2,-2,-4,-2,その他／スパロボシリーズ
3421,コクボウガー,0,612,64,62,90,550,25,180,180,320,0,0,20,－,Ｍ,62,64000,2,-2,-4,-2,その他／スパロボシリーズ
3422,ブーレイT-233,0,550,60,68,74,500,20,180,180,180,100,100,30,－,Ｍ,57,12600,4,0,0,-4,その他／ファイブスター物語
3423,サイレンR型,0,450,35,95,60,550,25,170,170,170,160,160,60,NT5,Ｍ,55,28000,4,1,1,-2,その他／ファイブスター物語
3424,ナドレアクウオス,0,376,32,85,68,378,18,300,300,300,300,300,20,－,Ｍ,37,14400,1,-3,3,1,MS系／ガンダム系／ガンダム00
3425,ジンクスII,0,388,36,78,60,510,19,190,190,190,190,190,20,－,Ｍ,42,12030,2,-3,2,2,MS系／ガンダム00／量産機
3426,ジンクスIIソード,0,388,36,78,60,510,19,190,190,190,190,190,5,－,Ｍ,42,12030,2,-3,2,2,MS系／ガンダム00／量産機
3427,ジンクスIIキャノン,0,388,36,78,60,510,19,190,190,190,190,190,5,－,Ｍ,42,12030,2,-3,2,2,MS系／ガンダム00／量産機
3428,連邦軍仕様ジンクスIII,0,411,37,80,60,594,19,260,260,260,270,270,1,－,Ｍ,37,13170,1,-3,1,1,MS系／ガンダム00／量産機
3429,アヘッドスマルトロン,0,415,37,84,68,615,20,280,280,260,270,270,40,強5,Ｍ,48,14820,1,-3,2,1,MS系／ガンダム00
3430,アヘッド強行偵察型,0,380,41,88,68,413,20,280,280,260,270,270,20,－,Ｍ,40,18000,0,-3,2,1,MS系／ガンダム00
3431,ガッデス(OO),0,458,46,89,68,615,20,300,280,300,300,300,50,強5,Ｍ,51,14940,2,-4,2,2,MS系／ガンダム00
3432,ストームデュナメス,0,386,42,85,68,395,24,180,180,0,180,180,10,－,Ｍ,39,14700,2,-4,2,1,MS系／ガンダム系／ガンダム00
3433,ストームデュナメス(高速移動形態) ,1,386,42,85,68,395,24,180,180,0,180,180,10,－,Ｍ,39,0,2,-4,2,1,MS系／ガンダム系／ガンダム00
3434,アリオスアスカロン,0,464,42,93,70,657,18,330,330,290,270,270,20,－,Ｍ,58,31900,2,-2,2,3,MS系／ガンダム系／ガンダム00
3435,アリオスアスカロン(MA) ,1,464,42,98,70,657,18,330,330,290,270,270,20,－,Ｍ,58,0,-5,-2,3,3,MA系／ガンダム系／ガンダム00
3436,ヤークトアルケー,0,498,48,88,79,806,20,300,300,400,400,400,200,－,Ｍ,59,18870,2,-2,2,2,MS系／ガンダム系／ガンダム00
3437,クラウス専用イナクトLS,0,243,24,50,42,254,20,50,50,80,80,0,10,－,Ｍ,24,7500,1,-4,-3,-2,MS系／ガンダム00／専用機
3438,マークドライ,0,564,48,80,70,445,35,200,100,200,100,100,90,強4,Ｌ,56,52000,4,-1,0,-4,その他／スパロボシリーズ
3439,マークアハト,0,575,50,76,70,470,35,200,100,200,100,100,90,強4,Ｌ,57,52000,4,-1,0,-4,その他／スパロボシリーズ
3440,マークフュンフ,0,590,56,72,70,510,35,200,100,200,100,100,90,強4,Ｌ,59,52000,4,-1,0,-4,その他／スパロボシリーズ
3441,ベイバロンモデル,0,610,50,76,70,480,38,200,100,200,100,100,90,強4,Ｌ,58,52000,4,-1,0,-4,その他／スパロボシリーズ
3442,メガセリオンモデル,0,630,52,68,70,510,43,200,100,200,100,100,90,強4,Ｌ,60,52000,4,-1,0,-4,その他／スパロボシリーズ
3443,マークアイン,0,560,48,80,70,445,35,200,100,200,100,100,90,強4,Ｌ,56,52000,4,-1,0,-4,その他／スパロボシリーズ
3444,マークニヒト,0,608,60,78,70,540,35,200,100,50,200,200,290,強5,Ｌ,69,64600,4,-1,0,1,その他／スパロボシリーズ
3445,ブラウニー,0,570,44,76,60,445,30,200,220,270,250,200,20,－,Ｍ,56,28000,2,-4,-3,-3,その他／スパロボシリーズ
3446,キャロ,0,142,15,75,60,440,10,500,500,100,300,100,200,－,ＳＳ,48,290000,2,-4,-3,3,人系
3447,ティアナ,0,182,17,100,60,470,10,500,500,100,300,100,200,－,ＳＳ,56,326000,2,-4,-3,3,人系
3448,ヴィータ,0,138,21,88,60,510,10,500,500,100,300,100,200,－,ＳＳ,52,404000,2,-4,-3,3,人系
3449,シグナム,0,228,19,106,60,510,10,500,500,100,300,100,200,－,ＳＳ,56,452000,2,-4,-3,3,人系
3450,エリオ,0,170,19,110,35,480,10,500,500,300,100,100,200,－,ＳＳ,53,308000,3,-4,-3,-3,人系
3451,ハインド・カインド,0,780,43,76,99,520,23,200,200,200,250,250,40,強4,Ｍ,66,78400,3,-4,0,1,その他／スパロボシリーズ
3452,ハインド・カインド(LC装備),0,780,43,76,99,520,23,200,200,200,250,250,40,強4,Ｍ,66,78400,3,-4,0,1,その他／スパロボシリーズ
3453,アルマ,0,400,30,65,60,450,20,200,200,250,200,200,40,強4,Ｍ,48,40000,3,-4,0,0,その他／スパロボシリーズ
3454,アルマ・イダテン,0,450,32,72,60,450,20,200,200,250,200,200,10,強4,Ｍ,50,40000,3,-4,0,0,その他／スパロボシリーズ
3455,ディスィーブ,0,610,32,84,65,500,54,200,200,250,250,250,1,強4,Ｍ,48,64000,0,-4,0,1,その他／スパロボシリーズ
3456,アパレシオン,0,555,34,100,108,580,19,200,200,300,300,350,200,強4,Ｍ,61,92900,3,-4,0,1,その他／スパロボシリーズ
3457,ランスロット・アルビオン,0,386,40,110,60,600,10,400,470,470,470,420,50,－,Ｓ,47,76000,3,-4,-4,3,その他／コードギアス
3458,紅蓮聖天八極式,0,400,50,108,60,540,10,400,470,470,470,420,50,－,Ｓ,45,110000,3,-4,-4,3,その他／コードギアス
3459,スティンガー,0,460,40,76,50,320,20,160,160,120,120,120,30,－,Ｍ,36,28000,0,-4,0,3,その他／スパロボシリーズ
3460,サーペント(G),0,520,48,70,70,380,25,180,180,130,130,130,20,－,Ｍ,41,28000,-2,4,0,2,その他／スパロボシリーズ
3461,ヴェンデッタ,0,576,54,100,58,455,17,300,300,300,180,180,100,強5,Ｍ,60,76060,2,2,2,2,その他／スパロボシリーズ
3462,アンフィスバエナ,0,612,58,95,62,525,17,400,400,380,180,180,100,強7,Ｍ,63,83090,2,2,2,2,その他／スパロボシリーズ
3463,バードマン,0,360,38,72,50,300,10,100,150,100,100,0,10,－,ＳＳ,32,5940,3,-5,3,-5,その他／スパロボシリーズ
3464,バードマン(MA) ,1,360,34,76,50,300,10,100,150,100,100,0,10,－,ＳＳ,32,0,-5,-5,3,3,その他／車輌・戦闘機系
3465,オーガン(アーキタイプ),0,350,55,102,50,380,10,220,220,220,200,200,70,強4,ＳＳ,50,110000,2,0,5,2,人系
3466,オーガン,0,350,50,102,50,380,10,220,220,220,200,200,100,強4,ＳＳ,50,110000,2,0,5,2,人系
3467,羽々斬,0,480,52,92,60,550,20,300,300,300,200,0,120,強5,Ｍ,60,40000,4,-2,0,2,その他／バンプレストオリジナル
3468,VF-17D ナイトメア,0,310,30,92,80,350,20,100,100,100,100,100,10,－,Ｍ,33,31000,-2,-2,5,5,マクロスシリーズ／車輌・戦闘機系／量産機
3469,VF-17D ナイトメア(G) ,1,310,28,85,80,350,20,150,150,140,140,140,10,－,Ｓ,33,0,1,-2,1,-5,その他／マクロスシリーズ／量産機
3470,VF-17D ナイトメア(B) ,1,310,33,78,60,350,20,150,150,140,140,140,10,－,Ｍ,30,0,5,-5,3,-2,その他／マクロスシリーズ／量産機
3471,VF-171 ナイトメア+,0,350,32,102,80,380,20,100,100,100,100,100,10,－,Ｍ,37,43600,-2,-2,5,5,マクロスシリーズ／車輌・戦闘機系／量産機
3472,VF-171 ナイトメア+(G) ,1,350,30,95,80,380,20,150,150,140,140,140,10,－,Ｓ,36,0,1,-2,1,-5,その他／マクロスシリーズ／量産機
3473,VF-171 ナイトメア+(B) ,1,350,36,86,60,380,20,150,150,140,140,140,10,－,Ｍ,33,0,5,-5,3,-2,その他／マクロスシリーズ／量産機
3474,VF-171EX ナイトメア+EX,0,350,39,115,80,418,20,200,200,200,200,200,10,－,Ｍ,45,52000,-2,-2,5,5,マクロスシリーズ／車輌・戦闘機系
3475,VF-171EX ナイトメア+EX(G) ,1,350,37,97,80,418,20,300,300,280,280,280,10,－,Ｓ,44,0,1,-2,1,-5,その他／マクロスシリーズ
3476,VF-171EX ナイトメア+EX(B) ,1,350,44,85,60,418,20,300,300,280,280,280,10,－,Ｍ,41,0,5,-5,3,-2,その他／マクロスシリーズ
3477,ルカ専用RVF-171 ナイトメア+,0,350,32,102,100,418,20,200,200,200,200,200,10,－,Ｍ,51,52000,-2,-2,5,5,マクロスシリーズ／車輌・戦闘機系／専用機
3478,ルカ専用RVF-171 ナイトメア+(B) ,1,350,36,86,80,418,20,300,300,280,280,280,10,－,Ｍ,51,0,5,-5,3,-2,その他／マクロスシリーズ／専用機
3479,アルト専用VF-171EX ナイトメア+EX,0,350,39,115,80,418,20,200,200,200,200,200,10,－,Ｍ,45,52000,-2,-2,5,5,マクロスシリーズ／車輌・戦闘機系／専用機
3480,アルト専用VF-171EX ナイトメア+EX(G) ,1,350,37,97,80,418,20,300,300,280,280,280,10,－,Ｓ,44,0,1,-2,1,-5,その他／マクロスシリーズ／専用機
3481,アルト専用VF-171EX ナイトメア+EX(B) ,1,350,44,85,60,418,20,300,300,280,280,280,10,－,Ｍ,41,0,5,-5,3,-2,その他／マクロスシリーズ／専用機
3482,エヴァンゲリオン試作零号機,0,468,40,85,80,490,80,300,300,300,300,300,100,－,Ｌ,94,290090,3,-3,0,-4,その他／新世紀エヴァンゲリオン
3483,エヴァンゲリオン正規実用型2号機,0,580,55,75,80,700,80,300,300,300,300,300,100,－,Ｌ,115,740000,3,-1,2,0,その他／新世紀エヴァンゲリオン
3484,エヴァンゲリオン試験初号機,0,560,55,80,80,700,80,300,300,300,300,300,100,－,Ｌ,120,740000,3,-1,2,0,その他／新世紀エヴァンゲリオン
3485,エヴァンゲリオン正規実用型3号機,0,600,55,80,80,700,80,300,300,300,300,300,100,－,Ｌ,120,740000,3,-1,2,0,その他／新世紀エヴァンゲリオン
3486,エヴァンゲリオン次世代試験4号機,0,600,55,80,80,700,80,300,300,300,300,300,100,－,Ｌ,120,740000,3,-1,2,0,その他／新世紀エヴァンゲリオン
3487,エヴァンゲリオン仮設5号機,0,570,55,80,80,700,80,300,300,300,300,300,100,－,Ｌ,120,740000,5,-5,-2,-5,その他／新世紀エヴァンゲリオン
3488,カノントータス,0,410,90,35,90,560,20,200,200,150,200,220,20,－,Ｓ,46,7680,0,-2,-5,-3,その他／ゾイドシリーズ／スパロボシリーズ／量産機
3489,カノントータス(水中潜行モード) ,1,410,90,35,90,560,20,200,200,150,200,220,20,－,Ｓ,46,0,-5,4,-5,-5,その他／ゾイドシリーズ／スパロボシリーズ／量産機
3490,バン仕様ブレードライガーAB,0,456,42,110,75,490,20,280,300,320,280,200,10,－,Ｍ,48,30460,5,-4,-5,1,その他／ゾイドシリーズ／スパロボシリーズ
3491,シャドーフォックス,0,380,40,86,65,400,20,160,200,140,160,180,1,－,Ｍ,48,12000,5,-3,-5,0,その他／ゾイドシリーズ／スパロボシリーズ
3492,レオン仕様ブレードライガーAB,0,456,42,110,75,490,20,280,300,320,280,200,100,－,Ｍ,48,30460,5,-4,-5,1,その他／ゾイドシリーズ／スパロボシリーズ
3493,ブレードライガーBI,0,456,42,110,75,490,20,280,300,320,280,200,1,－,Ｍ,48,30460,5,-3,-5,1,その他／ゾイドシリーズ／スパロボシリーズ
3494,バスタートータス,0,410,90,30,90,400,20,200,200,150,200,220,10,－,Ｓ,40,19800,0,-2,-5,0,その他／ゾイドシリーズ／スパロボシリーズ
3495,バスタートータス(水中潜行モード) ,1,410,90,30,90,400,10,200,200,150,200,220,10,－,Ｓ,40,0,-5,4,-2,-5,その他／ゾイドシリーズ／スパロボシリーズ
3496,グレミー軍仕様ハンマ・ハンマ,0,460,44,94,70,571,24,250,220,210,250,220,10,－,Ｍ,49,18210,0,-5,3,-4,MS系／機動戦士ガンダムZZ
3497,グレミー軍仕様R・ジャジャ,0,387,34,76,50,370,20,120,130,150,150,0,10,－,Ｍ,37,12600,2,-5,3,-2,MS系／機動戦士ガンダムZZ
3498,グレミー軍仕様バウ,0,396,48,100,60,447,18,160,160,150,140,0,10,－,Ｍ,43,28360,2,-3,2,-4,MS系／機動戦士ガンダムZZ
3499,グレミー軍仕様バウ(MA) ,1,396,48,107,60,447,18,160,160,150,140,0,10,－,Ｍ,43,0,-5,-5,3,3,その他／機動戦士ガンダムZZ
3500,テム・レイ専用ガンダム,0,420,35,50,58,150,18,130,130,130,130,0,60,－,Ｍ,31,14400,2,-1,2,-1,MS系／ガンダム系／連邦軍・ティターンズ・地球連合／専用機／オリジナル系
3501,グレミー軍仕様ドライセン,0,396,48,96,54,447,22,110,115,70,50,120,1,－,Ｍ,42,21400,2,-3,2,-4,MS系／機動戦士ガンダムZZ／ドム系
3502,グレミー軍仕様ガルスJ,0,316,40,74,44,445,16,90,125,110,40,0,1,－,Ｍ,37,13200,3,-5,2,-2,MS系／機動戦士ガンダムZZ
3503,タイフーン,0,400,35,76,65,400,20,300,300,300,280,260,40,－,Ｍ,37,12000,3,-3,-2,2,その他／マブラヴ／量産機
3504,撃震,0,398,59,42,60,250,20,190,190,200,200,200,1,－,Ｍ,31,8400,3,-3,-2,2,その他／マブラヴ／量産機
3505,ファイティング・ファルコン,0,375,34,67,60,325,16,210,210,200,200,200,20,－,Ｍ,33,6300,3,-3,-2,2,その他／マブラヴ／量産機
3506,殲撃10型,0,375,34,70,60,325,18,210,210,200,200,200,5,－,Ｍ,34,6900,3,-3,-2,2,その他／マブラヴ／量産機
3507,ジュラーブリク,0,382,30,66,70,345,18,210,210,210,200,190,20,－,Ｍ,34,7500,3,-3,-2,2,その他／マブラヴ／量産機
3508,真耶専用瑞鶴,0,432,55,60,60,325,20,190,190,200,200,200,20,－,Ｍ,37,12600,3,-3,-2,2,その他／マブラヴ／専用機
3509,DC仕様不知火・弐型,0,409,38,86,65,338,20,300,300,280,280,280,1,－,Ｍ,38,8400,3,-3,-2,2,その他／マブラヴ
3510,グレミー軍仕様シュツルム・ディアス,0,470,30,70,50,500,20,160,180,150,100,0,1,－,Ｍ,42,14700,2,-5,2,0,MS系／エウーゴ・カラバ／機動戦士ガンダムZZ
3511,グレミー軍仕様ガ・ゾウム,0,450,40,77,50,470,22,0,200,200,200,0,1,－,Ｍ,41,9000,1,-5,2,-3,MS系／ジオン・ネオジオン軍・ザフト／機動戦士ガンダムZZ
3512,グレミー軍仕様ガ・ゾウム(MA) ,1,450,40,54,30,470,22,0,200,200,200,0,1,－,Ｍ,41,0,-4,-4,3,2,MA系／ジオン・ネオジオン軍・ザフト／機動戦士ガンダムZZ
3513,グレミー軍仕様ガザC,0,310,31,57,42,388,20,80,90,90,95,0,1,－,Ｍ,32,7470,2,-5,2,-2,MS系／ジオン・ネオジオン軍・ザフト／機動戦士Zガンダム
3514,グレミー軍仕様ガザC(MA) ,1,360,31,50,35,388,20,80,90,90,95,0,1,－,Ｍ,32,0,-5,-5,3,2,MA系／ジオン・ネオジオン軍・ザフト／機動戦士Zガンダム
3515,グレミー軍仕様ガザD,0,285,35,61,48,400,22,80,120,90,95,0,1,－,Ｍ,33,11250,2,-5,2,-2,MS系／ジオン・ネオジオン軍・ザフト／機動戦士ガンダムZZ
3516,グレミー軍仕様ガザD(MA) ,1,285,40,54,35,400,22,80,120,90,95,0,1,－,Ｍ,33,0,-5,-5,3,2,MA系／ジオン・ネオジオン軍・ザフト／機動戦士ガンダムZZ
3517,ケルディムガンダムGNHW/R,0,448,44,86,84,657,18,300,300,0,300,300,20,－,Ｍ,53,18990,2,-3,2,2,MS系／ガンダム系／ガンダム00
3518,アリオスガンダムGNHW/M,0,448,41,98,71,657,19,330,330,270,270,270,20,－,Ｍ,52,32140,1,-3,2,3,MS系／ガンダム系／ガンダム00
3519,アリオスガンダムGNHW/M(MA) ,1,448,41,103,71,657,19,330,330,270,270,270,20,－,Ｍ,52,0,-5,-3,3,3,MA系／ガンダム系／ガンダム00
3520,アーチャーアリオスGNHW/M,0,492,41,103,71,657,19,330,330,270,270,270,50,－,Ｍ,54,40900,-5,-3,3,3,MS系／ガンダム系／ガンダム00
3521,セラヴィーガンダムGNHW/B,0,448,48,81,76,700,18,280,280,0,320,320,20,－,Ｍ,54,31480,1,-3,2,1,MS系／ガンダム系／ガンダム00
3522,セラヴィーガンダムGNHW/B(FBM) ,1,448,48,81,76,700,18,280,280,0,320,320,20,－,Ｍ,54,0,1,-3,2,1,MS系／ガンダム系／ガンダム00
3523,セラヴィーガンダムGNHW/3G,0,464,48,83,76,700,18,280,280,0,320,320,20,－,Ｍ,54,32260,2,-3,2,2,MS系／ガンダム系／ガンダム00
3524,エクシアリペアII,0,415,41,86,76,509,18,180,180,180,180,0,40,－,Ｍ,45,14820,2,-3,2,2,MS系／ガンダム系／ガンダム00
3525,ゲド,0,282,15,60,48,153,15,50,30,50,30,30,5,NT2,Ｓ,40,4950,1,-2,0,3,その他／スパロボシリーズ／量産機
3526,ヴェルビン,0,384,35,130,80,612,15,290,290,290,290,290,120,NT6,Ｓ,68,110450,3,-3,0,5,その他／スパロボシリーズ
3527,モノコット,0,355,42,30,75,500,20,180,180,120,120,180,10,－,Ｍ,35,6600,5,-4,-4,-4,その他／スパロボシリーズ
3528,スカーツ,0,480,54,85,60,450,12,300,300,300,300,300,80,－,Ｍ,45,28020,3,-3,-4,-3,その他／スパロボシリーズ
3529,ゲッター號,0,550,56,54,60,450,20,200,100,230,170,100,60,－,Ｍ,54,18900,4,-4,2,0,その他／スパロボシリーズ
3530,リボーンズガンダム ,1,518,53,106,82,806,23,380,380,380,380,380,200,強5,Ｍ,62,0,1,-4,4,2,MS系／ガンダム系／ガンダム00
3531,リボーンズキャノン ,1,518,53,106,82,806,21,380,380,380,380,380,200,強5,Ｍ,62,0,1,-4,4,2,MS系／ガンダム系／ガンダム00
3532,4LEG,0,460,37,62,40,350,18,170,170,130,140,130,5,－,Ｍ,36,14400,2,0,0,0,MS系／ターンAガンダム
3533,4LEG(MA) ,1,460,37,58,40,350,18,170,170,130,140,130,5,－,Ｍ,36,0,-5,-5,0,3,MA系／ターンAガンダム
3534,ガンダムラジエル,0,387,40,88,63,395,22,180,180,180,180,0,110,－,Ｍ,38,14100,2,-4,3,2,MS系／ガンダム系／ガンダム00
3535,コロンブス改,0,290,25,30,100,1200,70,0,230,105,130,190,1,－,Ｍ,57,6000,-5,-5,1,-5,艦船系／連邦軍・ティターンズ・地球連合／スターダストメモリー／量産機
3536,ゼー・ズール,0,344,34,70,80,350,18,0,165,120,160,160,5,－,Ｍ,36,6600,0,4,-4,-2,MS系／ザク系／ジオン・ネオジオン軍・ザフト／ガンダムUC
3537,ジェスタ,0,432,54,109,63,461,18,150,175,160,160,160,50,－,Ｍ,43,44440,2,-3,2,-5,MS系／ジム系／連邦軍・ティターンズ・地球連合／ガンダムUC／量産機
3538,ズサ・ダイン,0,322,45,75,76,457,18,110,140,190,40,115,10,－,Ｍ,41,7080,0,-4,1,-5,MS系／ザク系／ジオン・ネオジオン軍・ザフト
3539,グザ,0,440,36,76,80,330,18,0,155,100,150,150,1,－,Ｍ,38,5250,0,-5,1,-5,MS系／ザク系／ジオン・ネオジオン軍・ザフト
3540,ガンダムMk-IIIハーピュレイ(MA) ,1,470,30,100,75,320,22,200,150,150,0,0,10,－,Ｍ,40,0,-4,-3,3,1,MA系／ガンダム系／連邦軍・ティターンズ・地球連合／オリジナル系
3541,マスラオ,0,458,43,89,69,615,20,290,300,300,270,270,100,－,Ｍ,50,18930,1,-4,2,1,MS系／ガンダム00／専用機
3542,スサノオ,0,521,47,98,54,678,20,290,300,300,270,270,30,－,Ｍ,55,32020,1,-4,3,1,MS系／ガンダム00／専用機
3543,最終決戦仕様ダブルオーライザー,0,514,50,108,82,742,18,400,400,500,500,500,50,－,Ｍ,69,77860,1,-4,4,2,MS系／ガンダム系／ガンダム00
3544,ガザB,0,280,26,50,40,328,18,80,80,60,65,0,1,－,Ｍ,28,2160,0,-5,2,-4,MS系／ザク系／ジオン・ネオジオン軍・ザフト／量産機
3545,ガザW,0,500,48,90,50,470,18,80,250,250,250,0,70,－,Ｍ,45,7050,0,-5,2,2,MS系／ザク系／ジオン・ネオジオン軍・ザフト／量産機
3546,ドーガ,0,470,39,87,80,570,18,0,185,120,170,170,1,NT5,Ｍ,47,7230,0,-5,2,-4,MS系／ザク系／ジオン・ネオジオン軍・ザフト
3547,アクシリオ,0,325,28,70,50,555,22,80,80,110,110,0,1,－,Ｍ,39,5190,0,-5,2,1,その他／機動戦士クロスボーンガンダム／量産機
3548,ザンライザー,0,360,33,77,68,354,17,150,150,120,120,120,50,－,Ｍ,35,14400,-4,-4,3,2,車輌・戦闘機系／ガンダム00
3549,ブッシ,0,336,30,60,62,280,20,40,50,60,30,40,1,強5,Ｍ,31,16810,1,-4,2,-4,MS系／機動武闘伝Gガンダム／量産機
3550,ノブッシ,0,300,33,43,62,285,20,50,60,70,50,50,1,強5,Ｍ,27,5070,2,-4,1,-4,MS系／機動武闘伝Gガンダム／量産機
3551,エスタルドス,0,480,40,70,40,170,16,50,50,60,60,60,1,－,Ｍ,32,15010,1,-4,-3,-5,MS系／機動新世紀ガンダムX／量産機
3552,パイロン,0,290,26,62,40,260,18,60,60,70,70,70,5,－,Ｍ,26,7500,1,-3,-5,-4,MS系／機動新世紀ガンダムX／量産機
3553,パイロン改,0,290,28,64,40,260,18,60,60,70,70,70,5,－,Ｍ,26,7650,0,-3,-5,-4,MS系／機動新世紀ガンダムX／量産機
3554,オクト・エイプ改,0,346,28,68,60,300,20,120,120,120,120,0,10,－,Ｍ,35,13200,3,-1,-3,2,MS系／その他／機動新世紀ガンダムX／量産機
3555,デルタ,0,470,60,82,60,500,15,200,350,300,320,200,10,－,Ｓ,56,43000,5,-6,0,0,その他／スパロボシリーズ
3556,オーギル,0,490,52,87,60,500,15,200,350,300,320,200,10,－,Ｓ,56,43000,4,-6,0,0,その他／スパロボシリーズ
3557,セプテム,0,318,27,66,50,378,15,20,20,90,90,0,5,－,Ｍ,33,7830,2,-2,2,-4,MS系／機動新世紀ガンダムX／量産機
3558,セプテム改,0,326,28,66,50,378,15,30,30,90,90,90,5,－,Ｍ,34,7890,3,0,-5,-4,MS系／機動新世紀ガンダムX／量産機
3559,ジュラッグ,0,288,28,60,50,370,15,30,30,90,90,90,5,－,Ｍ,32,7470,3,-3,-5,-4,MS系／機動新世紀ガンダムX／量産機
3560,ブレイドガイナー,0,580,50,75,50,550,40,250,250,300,200,200,20,－,Ｌ,55,76000,3,-2,0,1,その他／スパロボシリーズ
3561,天羽々斬,0,550,67,100,60,550,20,500,500,500,200,200,180,強7,Ｍ,72,76000,4,-2,0,3,その他／バンプレストオリジナル
3562,DiSRX,0,1150,70,60,90,900,50,750,750,750,750,750,500,NT7,Ｌ,133,1064000,2,-2,1,1,その他／バンプレストオリジナル
3563,ザンダブルオー,0,464,46,94,76,615,18,300,300,300,300,0,100,－,Ｍ,62,29020,2,-3,2,2,MS系／ガンダム系／ガンダム00
3564,ダブルオーザンライザー,0,524,53,115,82,742,18,400,400,400,400,400,380,－,Ｍ,70,147260,2,-3,3,3,MS系／ガンダム系／ガンダム00
3565,オリファント,0,305,32,46,50,485,15,150,150,200,200,200,1,－,Ｍ,34,7200,4,-5,-5,-1,MS系／新機動戦記ガンダムW
3566,カッシング,0,262,43,58,50,285,18,150,150,110,110,110,1,－,Ｍ,29,6000,2,-3,-5,-4,MS系／機動武闘伝Gガンダム／量産機
3567,ドートレス・フライヤー,0,228,26,58,50,250,18,150,150,140,140,0,1,－,Ｍ,26,7500,1,-4,-5,4,MS系／機動新世紀ガンダムX／量産機
3568,バリエント,0,366,30,73,50,385,18,160,160,140,140,0,1,－,Ｍ,36,8370,-5,-5,2,2,MS系／機動新世紀ガンダムX／量産機
3569,ガディール,0,360,28,103,50,393,18,150,150,110,110,110,1,－,Ｍ,38,12090,-5,-5,-5,3,MA系／機動新世紀ガンダムX／量産機
3570,Mタイプ仕様ガンダムF90,0,453,50,116,70,520,15,250,260,260,240,200,120,－,Ｍ,39,18450,0,4,-5,-4,MS系／ガンダム系／連邦軍・ティターンズ・地球連合／機動戦士ガンダムF90
3571,ガンダムバーンレプオス,0,612,50,90,68,658,20,270,260,250,250,250,130,－,Ｍ,58,68980,3,1,3,-5,MS系／ガンダム系／連邦軍・ティターンズ・地球連合／G-UNIT
3572,実戦配備仕様0ガンダム,0,422,42,73,70,424,18,250,250,0,250,250,150,－,Ｍ,41,12210,2,-3,2,1,MS系／ガンダム系／ガンダム00
3573,クェル・ドーガ,0,410,40,75,50,430,18,100,140,180,150,150,1,－,Ｍ,28,8400,1,-3,2,-4,MS系／ザク系／ジオン・ネオジオン軍・ザフト
3574,バギ・ドーガ,0,440,50,83,50,480,18,150,160,150,170,170,10,NT3,Ｍ,42,12900,1,-4,2,-4,MS系／ザク系／ジオン・ネオジオン軍・ザフト
3575,サイコ・ドーガ,0,615,40,110,60,420,40,150,190,160,180,0,30,NT3,Ｌ,48,6600,-5,-5,3,-4,MA系／ジオン・ネオジオン軍・ザフト／ZZ/CCA-MSV
3576,イフリート・ナハト,0,313,28,70,53,337,18,110,0,120,90,0,20,－,Ｍ,37,8670,3,-4,-5,-4,MS系／ジオン・ネオジオン軍・ザフト
3577,グランディーネ,0,820,47,50,80,615,34,230,230,270,270,270,100,－,Ｍ,61,92990,3,-5,-5,-4,MA系／機動新世紀ガンダムX
3578,高機動型リーオー,0,272,19,38,60,297,16,250,240,230,240,210,1,－,Ｍ,17,5580,2,-2,-3,2,MS系／新機動戦記ガンダムW／量産機
3579,ザクスピード(MA) ,1,330,22,60,52,260,12,0,90,70,70,70,10,－,Ｍ,28,0,2,-1,0,1,MA系／ザク系／ジオン・ネオジオン軍・ザフト
3580,ザクヘッド,0,90,20,38,30,150,5,0,0,10,10,0,1,－,ＳＳ,13,4500,-5,-5,1,-4,MS系／ザク系／ジオン・ネオジオン軍・ザフト／量産機
3581,セレブレイダー,0,565,45,82,38,550,33,250,250,270,180,180,50,－,Ｌ,56,43000,4,-2,0,-4,その他／スパロボシリーズ
3582,ブレイドガイナー・ツインドライブモード,0,680,58,78,50,600,40,300,300,300,200,200,110,－,Ｌ,64,92000,3,-2,0,-4,その他／スパロボシリーズ
3583,サンドージュ,0,454,32,75,35,385,16,90,90,140,140,0,30,－,Ｍ,37,6600,5,-5,5,-4,MS系／機動戦士Vガンダム
3584,ジェガン改,0,400,36,75,58,390,18,140,165,150,150,150,1,－,Ｍ,29,12600,1,-4,2,0,MS系／ジム系／連邦軍・ティターンズ・地球連合／量産機
3585,ジェガン重装型,0,494,69,67,58,460,18,240,265,250,260,250,150,－,Ｍ,46,16130,2,-4,1,-2,MS系／ジム系／連邦軍・ティターンズ・地球連合／ZZ/CCA-MSV／量産機
3586,クロッカ専用ジェニス改,0,274,32,62,40,210,15,0,0,90,90,0,1,－,Ｍ,26,4800,0,-3,2,-4,MS系／機動新世紀ガンダムX／専用機
3587,ヴェドバ専用ジェニス改,0,360,40,60,50,250,16,0,0,90,90,0,10,－,Ｍ,31,15010,2,-3,2,-5,MS系／機動新世紀ガンダムX／専用機
3588,GDストライカー,0,364,37,71,50,360,18,130,130,150,150,150,1,－,Ｍ,34,8400,1,-3,2,-4,MS系／連邦軍・ティターンズ・地球連合／量産機
3589,GDキャノン,0,384,37,75,70,400,18,130,130,150,150,150,1,－,Ｍ,39,18010,1,-3,2,-5,MS系／連邦軍・ティターンズ・地球連合
3590,Gファルコンレオパルド,0,590,57,66,65,600,40,255,245,235,245,215,60,－,Ｍ,56,12000,-5,-5,2,3,MA系／ガンダム系／連邦軍・ティターンズ・地球連合／機動新世紀ガンダムX
3591,シャッフル・クラブ,0,460,57,82,55,510,40,220,280,240,210,180,10,強5,Ｍ,56,40000,5,-3,2,-4,MS系／ガンダム系／機動武闘伝Gガンダム
3592,シャッフル・クラブ(MA) ,1,460,65,78,55,510,40,220,280,240,210,180,10,強5,Ｍ,56,0,-5,-3,2,4,MA系／ガンダム系／機動武闘伝Gガンダム
3593,シャッフル・ジョーカー,0,480,60,88,55,540,40,220,280,240,210,180,10,強5,Ｍ,56,41200,5,-3,0,4,MS系／ガンダム系／機動武闘伝Gガンダム
3594,シャッフル・スペード,0,460,58,83,55,510,40,220,280,240,210,180,10,強5,Ｍ,56,40000,5,-3,0,-4,MS系／ガンダム系／機動武闘伝Gガンダム
3595,シャッフル・スペード(MA) ,1,460,67,78,55,510,40,220,280,240,210,180,10,強5,Ｍ,56,0,-5,-4,3,4,MA系／ガンダム系／機動武闘伝Gガンダム
3596,シャッフル・ダイヤ,0,472,57,83,60,540,40,220,280,240,210,180,10,強5,Ｍ,56,40000,5,-3,0,-4,MS系／ガンダム系／機動武闘伝Gガンダム
3597,シャッフル・ダイヤ(MA) ,1,470,66,79,60,540,40,220,280,240,210,180,10,強5,Ｍ,56,0,-5,-4,3,4,MA系／ガンダム系／機動武闘伝Gガンダム
3598,スコーピオ,0,498,50,92,60,636,23,220,280,240,210,180,165,－,Ｍ,53,32860,1,-3,3,-4,MS系／新機動戦記ガンダムW
3599,スコーピオ(MA) ,1,498,50,97,60,636,23,220,280,240,210,180,165,－,Ｍ,53,0,-5,-5,3,1,MA系／新機動戦記ガンダムW
3600,1ガンダム,0,452,50,100,82,472,22,180,180,180,180,0,50,強5,Ｍ,45,33400,2,-4,3,2,MS系／ガンダム系／ガンダム00
3601,ベルゼルート・ブリガンディ,0,570,52,115,74,580,25,300,300,250,300,250,100,－,Ｍ,64,56800,2,-4,4,2,その他／バンプレストオリジナル
3602,クストウェル,0,490,60,85,50,480,20,170,170,170,170,170,10,－,Ｍ,54,19200,4,-4,0,-2,その他／バンプレストオリジナル
3603,クストウェル・ブラキウム,0,600,64,94,50,580,20,300,300,300,250,250,100,－,Ｍ,64,56800,4,-4,0,-2,その他／バンプレストオリジナル
3604,グランティード,0,720,67,70,52,600,56,170,170,170,170,170,10,－,Ｌ,58,80030,4,-4,2,-2,その他／バンプレストオリジナル
3605,グランティード・ドラコデウス,0,888,75,80,52,880,30,300,300,300,250,250,500,－,Ｌ,75,230030,3,-4,1,0,その他／バンプレストオリジナル
3606,Dユニット,0,272,20,38,50,318,11,100,190,180,190,160,5,強3,Ｍ,28,3480,-5,-5,1,-5,MS系／量産機／G-UNIT
3607,デスネービー,0,318,28,62,40,250,15,30,30,35,35,0,1,－,Ｍ,25,4500,-5,1,-5,-5,MS系／機動武闘伝Gガンダム／量産機
3608,デスバット,0,290,23,66,40,250,15,30,30,35,35,0,1,－,Ｍ,25,4500,-5,-5,-5,1,MS系／機動武闘伝Gガンダム／量産機
3609,デスバーディ,0,295,24,62,40,250,15,30,30,35,35,0,1,－,Ｍ,25,4500,-5,-5,0,0,MS系／機動武闘伝Gガンダム／量産機
3610,GNキャノン,0,452,50,88,87,472,22,180,180,0,180,180,1,強5,Ｍ,45,33400,0,-4,3,2,MS系／ガンダム00
3611,ヴォルレント,0,400,60,76,58,420,20,170,170,170,170,170,10,－,Ｍ,48,14400,3,-4,0,2,その他／バンプレストオリジナル
3612,ラフトクランズ・ファウネア,0,700,70,90,72,580,30,400,400,300,400,300,120,－,Ｌ,67,7200,3,-4,2,2,その他／バンプレストオリジナル／専用機
3613,ジュア＝ム専用ラフトクランズ,0,700,70,90,72,580,30,400,400,400,300,300,10,－,Ｌ,67,6600,3,-4,2,2,その他／バンプレストオリジナル／専用機
3614,ラフトクランズ・アウルン,0,780,70,100,72,600,30,450,450,450,400,400,120,－,Ｌ,70,164000,3,-4,2,2,その他／バンプレストオリジナル／専用機
3615,ラフトクランズ,0,780,70,100,72,600,30,450,450,450,450,450,180,－,Ｌ,80,236000,3,-4,2,2,その他／バンプレストオリジナル
3616,ズィー・ガディン,0,900,70,80,55,800,40,500,500,500,400,400,300,－,Ｌ,82,290000,2,-4,2,2,その他／バンプレストオリジナル
3617,ズィー・ガディン(攻撃形態),0,1200,55,40,90,1000,40,500,500,500,500,500,300,－,Ｌ,90,290000,0,-2,2,2,その他／バンプレストオリジナル
3618,ブラックゲッタードラゴン,0,520,50,60,60,750,80,270,270,270,270,270,1,－,Ｌ,64,76000,0,-5,-1,5,その他／スパロボシリーズ
3619,黒の部隊仕様デナン・ゲー,0,423,39,90,62,422,17,95,120,115,50,0,5,－,Ｍ,42,14430,2,-3,2,0,MS系／機動戦士ガンダムF91
3620,ドータップ水中型,0,240,25,55,45,140,10,0,0,70,70,0,1,－,Ｍ,21,3610,-5,3,-5,-5,その他／機動新世紀ガンダムX
3621,ドーシート,0,400,40,75,50,250,18,100,100,120,120,120,1,－,Ｍ,33,18010,0,2,-5,-5,MS系／機動新世紀ガンダムX／量産機
3622,ドーシートIII,0,432,45,85,50,310,18,110,110,130,130,130,1,－,Ｍ,38,24020,0,2,-5,-5,MS系／機動新世紀ガンダムX／量産機
3623,サベージ・クロスボウ,0,250,24,58,42,180,12,180,180,100,140,100,10,－,Ｓ,22,3300,4,-1,-6,-4,その他／スパロボシリーズ
3624,アルタ仕様ドートレス,0,230,32,54,40,240,14,0,0,80,80,0,1,－,Ｍ,27,5100,1,-2,2,-5,MS系／機動新世紀ガンダムX／量産機
3625,ドートレス・ウェポン,0,240,32,52,50,240,14,0,0,80,80,80,5,－,Ｍ,28,5100,1,-2,2,-5,MS系／機動新世紀ガンダムX／量産機
3626,戦士ガンキャノン,0,545,50,54,68,390,20,0,0,0,95,95,50,－,Ｍ,42,12000,3,-4,-2,-2,MS系／連邦軍・ティターンズ・地球連合
3627,僧侶ガンタンク,0,305,36,50,80,480,18,0,0,0,0,80,50,－,Ｍ,36,12000,3,-4,-2,-3,MS系／連邦軍・ティターンズ・地球連合
3628,武闘家ネモ,0,390,36,70,50,420,16,120,130,0,80,0,50,－,Ｍ,38,8250,3,-4,-2,-2,MS系／ジム系／エウーゴ・カラバ
3629,ウィオラー・ケウム,0,864,47,66,68,454,30,400,400,400,0,0,200,強5,Ｌ,65,254000,4,2,0,-2,その他／バンプレストオリジナル
3630,インペトゥス,0,860,53,74,74,493,30,400,400,400,350,350,200,強5,Ｌ,58,254000,1,0,3,4,その他／バンプレストオリジナル
3631,フォルティス・アーラ,0,760,47,81,90,430,30,400,400,300,400,400,200,強5,Ｌ,63,254000,3,1,3,1,その他／バンプレストオリジナル
3632,ヘビメタガンダム,0,300,36,60,80,400,18,0,0,0,0,80,50,－,Ｍ,35,12000,3,-4,-2,-3,MS系／ガンダム系
3633,プリスクス・ノクス,0,760,43,74,48,520,30,400,400,400,300,200,200,強5,Ｌ,78,254000,5,0,2,0,その他／バンプレストオリジナル
3634,アルタ仕様ドートレス・ウェポン,0,240,32,54,50,240,14,0,0,80,80,80,1,－,Ｍ,28,5100,1,-2,2,-4,MS系／機動新世紀ガンダムX／量産機
3635,ドートレス・ネオ,0,340,50,80,50,390,14,150,150,140,140,0,10,－,Ｍ,39,14400,1,-2,2,0,MS系／機動新世紀ガンダムX／量産機
3636,ファートゥム,0,1100,100,28,72,700,40,500,500,400,400,400,300,強7,Ｌ,100,644000,2,0,2,0,その他／バンプレストオリジナル
3637,トラゴス,0,330,37,46,50,270,15,60,60,0,110,0,10,－,Ｍ,28,4950,1,-3,-5,-5,MS系／新機動戦記ガンダムW／量産機
3638,トラゴス(MA) ,1,330,37,46,50,270,15,60,60,0,110,0,10,－,Ｍ,28,0,1,-3,-5,-5,MA系／新機動戦記ガンダムW／量産機
3639,ドラゴン・フライ,0,90,16,42,20,60,5,0,5,0,0,0,1,－,Ｍ,10,450,-4,-5,-5,2,連邦軍・ティターンズ・地球連合／機動戦士ガンダム／車輌・戦闘機系
3640,コロニー制圧戦仕様ザクI,0,262,19,39,40,280,18,0,0,10,0,0,1,－,Ｍ,25,6300,2,-3,2,-4,MS系／ザク系／ジオン・ネオジオン軍・ザフト／MSV(モビルスーツバリエーション)
3641,アイギス,0,100,12,50,50,900,20,300,300,300,300,300,300,強5,ＳＳ,40,620000,3,-5,-5,-4,人系
3642,バージム,0,375,40,62,50,300,18,110,110,120,120,120,1,－,Ｍ,32,6000,1,-3,2,-4,MS系／連邦軍・ティターンズ・地球連合
3643,バトラーベンスンマム,0,420,36,60,40,300,20,230,10,190,190,0,1,強4,Ｍ,33,7500,4,-3,0,-4,MS系／機動武闘伝Gガンダム
3644,ファントマ,0,730,45,70,60,360,20,200,200,220,220,220,100,強4,Ｌ,33,7500,1,-3,0,-4,MA系／機動武闘伝Gガンダム
3645,プローバー,0,215,13,22,70,150,10,0,60,20,40,20,1,－,Ｍ,17,3750,-4,4,-5,-5,艦船系／ジオン・ネオジオン軍・ザフト／機動戦士ガンダム
3646,ペスカトーレ,0,395,33,65,60,310,15,90,80,50,50,0,1,強5,Ｍ,35,30020,1,2,-5,-5,MS系／機動武闘伝Gガンダム
3647,マケドニア仕様ヘビーガン,0,340,40,79,50,480,18,150,175,160,160,160,10,－,Ｍ,36,6300,1,-2,2,-4,MS系／ジム系／連邦軍・ティターンズ・地球連合／機動戦士ガンダムF91
3648,ホバーボート,0,50,1,30,30,140,9,0,5,0,0,0,1,－,Ｍ,10,300,1,-2,-5,-5,機動戦士Zガンダム／車輌・戦闘機系／量産機
3649,ポーラ・ベアー,0,375,37,66,50,225,18,80,80,120,120,120,1,－,Ｍ,30,8100,3,-3,-5,-5,MS系／機動新世紀ガンダムX／量産機
3650,武者∀ガンダム,0,530,46,95,50,400,20,200,200,160,150,150,80,－,Ｍ,44,28000,3,-3,3,0,MS系／ガンダム系／オリジナル系
3651,エルマー専用ザクII,0,275,24,43,42,300,18,0,30,0,30,0,20,－,Ｍ,27,9510,3,-3,-5,-4,MS系／ザク系／ジオン・ネオジオン軍・ザフト／専用機
3652,RFアッザム,0,696,50,75,64,600,24,160,160,160,160,160,130,－,Ｍ,57,140030,-5,-5,1,2,MA系／ジオン・ネオジオン軍・ザフト／機動戦士ガンダムF90
3653,RFギャン,0,340,45,88,54,480,13,150,110,150,0,0,10,－,Ｍ,43,7500,4,-5,2,-4,MS系／ジオン・ネオジオン軍・ザフト／機動戦士ガンダムF90／ギャン系
3654,指揮官仕様RFゲルググ,0,382,38,70,79,372,20,0,210,190,220,220,5,－,Ｍ,41,8880,2,-3,3,-2,MS系／ジオン・ネオジオン軍・ザフト／機動戦士ガンダムF90／ゲルググ系
3655,指揮官仕様RFザク,0,323,35,68,73,312,20,0,175,170,170,150,1,－,Ｍ,34,7050,2,-3,2,-4,MS系／ザク系／ジオン・ネオジオン軍・ザフト／機動戦士ガンダムF90
3656,RFデザート・ドム,0,352,37,70,72,360,20,0,180,170,170,140,1,－,Ｍ,40,7410,4,-3,-5,-4,MS系／ジオン・ネオジオン軍・ザフト／ドム系／機動戦士ガンダムF90
3657,レオス,0,387,34,62,60,382,19,150,160,170,170,140,150,－,Ｍ,27,7290,1,-2,1,-5,MS系／G-UNIT
3658,レオール,0,387,33,70,60,382,19,150,160,200,150,0,1,－,Ｍ,27,7290,4,-3,4,-4,MS系／G-UNIT
3659,レオン,0,387,40,58,60,382,19,160,160,200,150,0,1,－,Ｍ,27,7290,4,-3,4,-4,MS系／G-UNIT
3660,ワイバーン戦闘機,0,294,27,85,40,306,15,160,50,50,10,10,1,－,Ｍ,21,6030,-5,-5,3,3,ガンダムセンチネル／車輌・戦闘機系／量産機
3661,アストラーザ,0,1020,45,54,80,720,80,230,250,50,200,200,30,－,ＬＬ,70,43000,-5,-5,1,1,艦船系／機動新世紀ガンダムX
3662,カリスト,0,910,50,58,80,840,80,250,250,50,230,230,150,－,ＬＬ,80,182000,-5,-5,2,1,艦船系／機動戦士Vガンダム／ザンスカール帝国
3663,アマルテア,0,1700,53,54,80,900,80,250,270,50,230,230,50,－,ＬＬ,100,290000,-5,-5,2,1,艦船系／機動戦士Vガンダム／ザンスカール帝国
3664,プトレマイオス2,0,962,35,76,115,413,251,180,210,150,170,180,160,－,ＬＬ,59,548000,-5,-5,4,1,艦船系／ガンダム00
3665,アルマイヤー,0,1470,50,50,80,800,80,260,260,250,230,230,60,－,ＬＬ,98,146000,-5,-5,1,1,艦船系／ターンAガンダム
3666,ウルベ護衛艦,0,795,40,50,70,780,80,200,200,220,220,220,100,－,ＬＬ,73,76000,-5,-5,2,0,艦船系／機動武闘伝Gガンダム
3667,ウルベ旗艦,0,1360,49,45,70,930,80,300,300,320,320,320,70,－,ＬＬ,98,254000,-5,-5,2,0,艦船系／機動武闘伝Gガンダム
3668,ガーベラ,0,1700,49,58,80,750,80,300,330,300,330,330,60,－,ＬＬ,105,290000,-5,-5,1,1,艦船系／機動新世紀ガンダムX
3669,カミオン,0,340,28,50,50,360,10,50,80,0,70,0,20,－,Ｓ,31,6000,1,-5,-5,-5,車輌・戦闘機系／機動戦士Vガンダム／リガ・ミリティア
3670,カラカル隊仕様ザク・デザートタイプ,0,275,24,43,55,300,18,50,50,50,55,0,10,－,Ｍ,28,6510,3,-3,-5,-4,MS系／ザク系／ジオン・ネオジオン軍・ザフト／MSV(モビルスーツバリエーション)
3671,帰還船,0,660,26,40,50,360,80,120,120,50,110,0,50,－,ＬＬ,51,18000,-5,-5,1,1,艦船系／ターンAガンダム
3672,グランシャリオ,0,1480,60,50,60,900,80,330,330,100,150,300,330,－,ＬＬ,102,428000,-5,-5,1,1,艦船系／G-UNIT
3673,グリーツ艦,0,1020,40,50,50,700,80,200,200,70,100,0,1,－,ＬＬ,77,110000,3,-5,-5,-5,艦船系／機動新世紀ガンダムX
3674,宇宙高速戦闘艦,0,498,28,54,80,424,50,250,200,0,200,0,100,－,ＬＬ,42,119090,-5,-5,3,-5,艦船系／新機動戦記ガンダムW
3675,ノブリス・オブリージュ,0,490,52,87,60,500,15,200,350,300,320,200,110,－,Ｓ,57,43000,4,-6,0,0,その他／スパロボシリーズ
3676,ゴージャスター,0,420,20,40,40,350,20,70,70,30,0,0,1,－,Ｌ,32,6000,-2,-2,-5,1,艦船系／機動武闘伝Gガンダム
3677,ゴルビー,0,400,25,42,40,540,40,80,80,60,70,0,20,－,Ｌ,38,28000,-5,-5,-5,1,艦船系／機動武闘伝Gガンダム
3678,ゴルビーII,0,1300,50,40,50,630,40,280,280,260,270,200,200,－,Ｌ,84,182000,-5,-5,1,1,艦船系／機動武闘伝Gガンダム
3679,シノーペ,0,340,40,63,40,600,30,100,150,50,80,0,50,－,Ｌ,40,18000,-5,-5,1,-5,艦船系／機動戦士Vガンダム／ザンスカール帝国／量産機
3680,魚の骨,0,340,40,63,40,600,30,100,150,50,80,0,1,－,Ｌ,40,18000,-5,-5,1,-5,艦船系／機動戦士Vガンダム／リガ・ミリティア
3681,ペインキラー,0,540,30,110,85,490,21,300,300,300,300,350,200,強4,Ｍ,58,65200,4,-4,0,-2,その他／スパロボシリーズ
3682,ザク・タンカー,0,528,37,50,40,450,20,110,20,60,90,0,1,－,Ｍ,32,60020,3,-5,-5,-5,車輌・戦闘機系／機動戦士ガンダムZZ／ジオン・ネオジオン軍・ザフト／量産機
3683,トリエステ,0,1020,40,54,40,690,80,140,80,110,110,0,1,－,Ｍ,67,128000,2,2,-5,-5,艦船系／機動新世紀ガンダムX
3684,ザムス・ナーダ,0,740,40,62,80,540,80,140,80,80,80,90,100,－,ＬＬ,54,76000,-5,-5,1,1,艦船系／機動戦士ガンダムF91
3685,ザムス・ジェス,0,1000,50,58,80,540,80,140,80,120,120,100,100,－,ＬＬ,63,128000,-5,-5,1,1,艦船系／機動戦士ガンダムF91
3686,ザムス・ギリ,0,1360,40,54,90,690,80,140,80,220,220,300,50,－,ＬＬ,80,236000,-5,-5,1,1,艦船系／機動戦士ガンダムF91
3687,ホワイト・グリント,0,490,52,90,65,500,15,200,350,300,320,200,10,－,Ｓ,57,43000,4,-6,0,0,その他／スパロボシリーズ
3688,ホワイト・グリント(MA) ,1,490,52,60,65,500,15,200,350,300,320,200,10,－,Ｓ,57,0,4,-6,0,0,その他／スパロボシリーズ
3689,ゴーダム,0,750,70,40,60,700,30,250,250,250,250,220,200,－,Ｌ,70,18000,2,-2,0,0,その他／スパロボシリーズ
3690,サルベージ船,0,625,16,20,40,350,30,20,20,0,0,0,40,－,Ｌ,37,5700,-5,0,-5,-5,艦船系／新機動戦記ガンダムW／量産機
3691,ジェット輸送機,0,750,26,25,40,560,30,30,0,0,0,0,40,－,Ｌ,50,2730,-5,-5,-5,1,艦船系／新機動戦記ガンダムW
3692,シーバルチャー艦,0,900,36,54,40,600,50,100,130,0,70,0,60,－,ＬＬ,59,40000,-5,2,-5,-5,艦船系／機動新世紀ガンダムX
3693,シビア,0,1125,36,30,40,800,80,130,200,270,150,120,120,－,ＬＬ,72,31000,-5,-5,2,-5,艦船系／機動戦士クロスボーンガンダム
3694,シャトル,0,400,16,30,30,150,10,10,20,0,10,0,1,－,Ｍ,23,600,-5,-5,2,0,車輌・戦闘機系／機動戦士Vガンダム／量産機
3695,スクイード,0,2040,57,52,80,1000,80,300,330,200,380,380,100,－,ＬＬ,115,452000,-5,-5,0,-4,艦船系／機動戦士Vガンダム／ザンスカール帝国
3696,スーパーソニックトランスポーター,0,765,28,61,85,510,90,1000,1000,1500,500,0,200,－,Ｌ,56,216290,-5,-5,0,2,艦船系／新機動戦記ガンダムW
3697,潜水MS母艦,0,680,32,25,40,450,80,200,200,0,90,0,1,－,Ｌ,37,18000,-5,3,-5,-5,艦船系／新機動戦記ガンダムW／量産機
3698,双胴戦闘母艦,0,1300,40,30,50,660,80,200,200,0,140,0,180,－,ＬＬ,74,14400,-5,3,-5,-5,艦船系／新機動戦記ガンダムW／量産機
3699,飛行船ダモクレス,0,60,5,4,40,200,30,0,10,0,0,0,1,－,Ｌ,11,3000,-6,-6,-6,-2,艦船系／機動武闘伝Gガンダム
3700,フルアーマーガンダム7号機,0,416,48,61,76,425,18,140,140,120,155,150,50,NT1,Ｍ,42,20260,2,-3,2,-4,MS系／ガンダム系／連邦軍・ティターンズ・地球連合／M-MSV(大河原邦夫コレクション)
3701,超大型輸送機,0,900,40,38,40,450,20,50,130,50,50,0,100,－,Ｌ,53,30400,-5,-5,-5,2,艦船系／機動新世紀ガンダムX
3702,ドック型輸送揚陸艦,0,700,16,20,40,350,30,20,20,0,0,0,30,－,Ｌ,38,2700,-5,0,-5,-5,艦船系／新機動戦記ガンダムW
3703,デボラ専用アドヴァンスドジンクス,0,364,38,82,63,395,20,240,240,240,270,270,5,－,Ｍ,37,14400,1,-3,1,1,MS系／ガンダム00／専用機
3704,ドリテア護衛艦,0,900,36,58,50,600,30,150,150,200,200,0,10,－,Ｌ,60,40000,-5,1,-5,-5,艦船系／機動新世紀ガンダムX
3705,ドリテア,0,1000,40,52,50,600,50,230,230,200,200,0,20,－,ＬＬ,63,46000,-5,1,-5,-5,艦船系／機動新世紀ガンダムX／量産機
3706,スペルビアジンクス,0,408,36,83,66,594,18,280,280,300,280,280,40,－,Ｍ,47,11730,2,2,-5,-4,MS系／ガンダム00
3707,パゾク,0,450,28,32,50,600,90,0,230,200,220,180,10,－,ＬＬ,42,40000,-5,-5,1,-5,艦船系／ジオン・ネオジオン軍・ザフト／機動戦士ガンダム／量産機
3708,バルトーク,0,795,38,50,90,660,80,290,290,200,240,250,90,－,ＬＬ,59,110000,-5,-5,1,1,艦船系／機動新世紀ガンダムX
3709,バンダール,0,1730,38,10,160,990,100,310,380,210,220,250,160,－,ＬＬ,102,308000,0,-5,-5,-5,艦船系／機動新世紀ガンダムX
3710,ヒマラヤ,0,680,24,25,60,600,80,180,200,0,70,60,90,－,Ｌ,50,92000,-5,1,-5,-5,艦船系／連邦軍・ティターンズ・地球連合／機動戦士ガンダム／量産機
3711,陸戦強襲型ガンタンク,0,276,21,65,80,320,18,0,30,0,0,90,20,－,Ｍ,23,7050,3,-4,-5,-5,その他／連邦軍・ティターンズ・地球連合
3712,陸戦強襲型ガンタンク(突撃砲形態) ,1,276,21,67,80,320,15,0,30,0,0,90,20,－,Ｍ,23,0,3,-4,-5,-5,その他／連邦軍・ティターンズ・地球連合
3713,ピレネー,0,860,40,40,60,630,50,250,250,220,220,190,70,－,Ｌ,59,76000,2,2,-5,-5,艦船系／機動新世紀ガンダムX
3714,臨時デスラー艦,0,1200,15,5,120,700,100,270,270,200,200,200,80,－,ＬＬ,83,146000,-6,0,1,1,艦船系／スパロボシリーズ
3715,ニルヴァーシュ specV,0,440,45,140,90,700,20,500,500,350,300,200,100,NT5,Ｍ,57,76000,0,-4,-5,5,その他／スパロボシリーズ
3716,フォート・セバーン,0,830,37,48,50,450,50,210,210,200,0,0,1,－,ＬＬ,51,110000,-5,-5,-5,2,艦船系／機動新世紀ガンダムX
3717,カブラカン,0,1600,58,10,70,700,80,310,310,200,370,370,170,－,ＬＬ,86,272000,0,-5,-5,-5,艦船系／スパロボシリーズ
3718,レグナント,0,547,54,91,100,678,50,280,280,250,240,260,50,強4,Ｌ,59,99830,-2,-5,3,2,MS系／ガンダム00
3719,レグナント(MA) ,1,547,54,96,100,678,50,280,280,250,240,260,50,強4,Ｌ,59,0,-5,-4,3,2,MA系／ガンダム00
3720,ブレイウッド,0,795,45,40,70,750,100,200,200,200,220,230,30,－,Ｌ,62,110000,-5,-5,2,0,艦船系／シルエットフォーミュラ
3721,ポリペイモス,0,960,40,50,50,700,80,220,240,0,200,0,40,－,Ｌ,65,110000,-5,2,-5,-5,艦船系／機動新世紀ガンダムX
3722,ライゴウガンダム,0,470,45,70,65,480,30,200,200,140,140,140,110,強5,Ｍ,49,28000,3,-4,3,2,MS系／ガンダム系／連邦軍・ティターンズ・地球連合／ガンダムSEED ASTRAY、MSV
3723,キャリバーンライゴウ,0,470,45,70,65,480,30,200,200,200,120,100,1,強5,Ｍ,49,28000,3,-4,3,2,MS系／ガンダム系／連邦軍・ティターンズ・地球連合／ガンダムSEED ASTRAY、MSV
3724,スペキュラムライゴウ,0,470,45,70,65,480,30,200,200,140,140,140,1,強5,Ｍ,49,28000,3,-4,3,3,MS系／ガンダム系／連邦軍・ティターンズ・地球連合／ガンダムSEED ASTRAY、MSV
3725,サムブリットライゴウ,0,470,45,70,65,480,30,200,200,100,120,200,1,強5,Ｍ,49,28000,3,-4,3,2,MS系／ガンダム系／連邦軍・ティターンズ・地球連合／ガンダムSEED ASTRAY、MSV
3726,ゲイルストライク,0,480,45,84,60,450,30,200,220,100,120,80,20,強5,Ｍ,48,20800,2,-4,5,4,MS系／ガンダム系／ガンダムSEED ASTRAY、MSV
3727,ヘイルバスター,0,420,40,65,92,425,38,200,220,60,100,140,130,強5,Ｍ,48,14100,2,-2,3,0,MS系／ガンダム系／ガンダムSEED ASTRAY、MSV
3728,レーゲンデュエル,0,425,50,85,70,425,30,240,250,200,200,200,130,強5,Ｍ,48,18300,0,-4,5,2,MS系／ガンダム系／ガンダムSEED ASTRAY、MSV
3729,ニクスプロヴィデンス,0,498,50,98,90,615,32,250,280,100,120,180,5,強5,Ｍ,60,32200,2,-4,3,0,MS系／ガンダム系／ガンダムSEED ASTRAY、MSV
3730,スーパーエステバリス,0,350,55,104,60,490,24,300,500,100,200,200,60,強4,Ｓ,45,18000,1,-5,5,1,その他／スパロボシリーズ
3731,エステバリス2,0,320,55,110,60,390,20,250,250,100,200,0,30,強3,Ｓ,39,16800,1,-5,4,1,その他／スパロボシリーズ
3732,砲戦エステバリス,0,350,62,45,80,420,25,250,250,0,200,300,20,強3,Ｓ,39,16200,3,-4,1,-4,その他／スパロボシリーズ
3733,ステルンクーゲル,0,340,58,100,60,520,20,250,200,200,300,0,15,－,Ｓ,45,12600,2,-5,2,1,その他／スパロボシリーズ
3734,六連,0,318,60,120,60,470,15,300,300,200,200,0,25,強4,Ｓ,45,15000,-2,-5,3,2,その他／スパロボシリーズ
3735,ドラグナー1,0,415,60,82,60,540,30,200,210,170,170,150,10,－,Ｍ,45,34060,2,-3,2,2,その他／スパロボシリーズ
3736,グラスゴー,0,228,25,62,40,180,10,50,50,60,60,0,1,－,Ｓ,21,6000,3,-3,-5,-4,その他／コードギアス／量産機
3737,カレン専用グラスゴー,0,228,25,62,40,180,10,50,50,60,60,0,5,－,Ｓ,21,6000,3,-3,-5,-4,その他／コードギアス／専用機
3738,無頼,0,250,25,66,40,180,10,150,120,110,110,0,20,－,Ｓ,23,7200,3,-3,-5,-4,その他／コードギアス／量産機
3739,ゼロ専用無頼,0,250,25,66,40,180,10,150,120,110,110,0,5,－,Ｓ,23,12000,3,-3,-5,-4,その他／コードギアス／専用機
3740,カレン専用無頼,0,250,25,66,40,180,10,150,120,110,110,0,5,－,Ｓ,23,7800,3,-3,-5,-4,その他／コードギアス／専用機
3741,無頼改,0,272,28,75,40,210,10,170,150,120,120,0,30,－,Ｓ,25,13200,3,-3,-5,-4,その他／コードギアス
3742,霊夢,0,92,7,97,70,730,10,450,335,630,430,600,300,－,ＳＳ,38,380000,4,-4,-6,4,人系
3743,魔理沙,0,77,6,104,70,780,10,420,230,660,650,620,300,－,ＳＳ,39,380000,4,-4,-6,4,人系
3744,ネブラブリッツ,0,412,35,85,70,425,28,250,235,230,290,140,150,強5,Ｍ,59,32500,3,-3,4,-4,MS系／ガンダム系／ガンダムSEED ASTRAY、MSV／量産機
3745,ヴァンセイバー,0,435,46,93,80,534,18,290,320,130,180,140,50,強5,Ｍ,49,34660,2,-4,3,2,MS系／ガンダム系／ガンダムSEED ASTRAY、MSV
3746,ヴァンセイバー(MA) ,1,435,46,98,80,534,18,290,320,130,180,140,50,強5,Ｍ,49,0,-5,-5,5,4,MA系／ガンダム系／ガンダムSEED ASTRAY、MSV
3747,ハウンド,0,50,2,40,40,200,8,20,50,60,60,0,5,－,ＳＳ,14,270,3,-5,-5,-5,スパロボシリーズ／車輌・戦闘機系
3748,ボナパルト,0,160,16,28,60,200,12,0,40,30,30,0,5,－,ＳＳ,18,5400,4,-5,-5,-5,スパロボシリーズ／車輌・戦闘機系
3749,メリリン,0,1500,34,30,110,900,80,290,330,0,300,300,40,－,ＸＬ,91,290000,-5,-5,1,-5,艦船系／機動戦士Vガンダム／ザンスカール帝国
3750,メロウド,0,795,32,33,50,600,50,50,60,0,50,0,10,－,ＬＬ,54,146000,-5,-5,-5,1,艦船系／連邦軍・ティターンズ・地球連合／機動戦士Zガンダム
3751,木星帝国戦艦,0,1360,53,54,60,840,70,60,220,70,150,180,50,－,ＬＬ,85,254000,-5,-5,1,-5,艦船系／機動戦士クロスボーンガンダム
3752,ユーコンU99,0,876,21,28,80,590,80,0,240,120,120,180,20,－,ＬＬ,56,12000,-5,3,-5,-5,艦船系／ジオン・ネオジオン軍・ザフト／ポケットの中の戦争／量産機
3753,リーブラ,0,1820,50,30,70,850,90,60,350,370,360,380,100,－,ＸＬ,102,2280000,-6,-6,0,-6,艦船系／新機動戦記ガンダムW
3754,リーンホース,0,795,40,50,150,700,130,250,280,200,250,260,100,－,ＬＬ,63,40000,-4,-5,2,3,艦船系／機動戦士Vガンダム／リガ・ミリティア
3755,ロッキー,0,910,40,54,80,660,80,200,240,200,230,200,50,－,ＬＬ,63,92000,1,-5,-5,-5,艦船系／機動新世紀ガンダムX／量産機
3756,ロンバルディア,0,1200,33,34,190,1050,120,170,275,135,150,230,10,－,ＬＬ,89,92000,-4,-5,3,-3,艦船系／連邦軍・ティターンズ・地球連合／機動戦士Zガンダム
3757,グラントルーパー,0,690,56,62,70,600,30,230,200,210,210,200,80,－,Ｌ,65,64000,2,-5,2,2,その他／スパロボシリーズ
3758,純血派仕様サザーランド,0,260,28,62,50,210,10,230,300,300,300,250,1,－,Ｓ,24,8400,3,-4,-4,-5,その他／コードギアス／量産機
3759,ヘリオンメディウム,0,234,19,46,40,206,15,50,50,60,60,0,5,－,Ｍ,21,7500,1,-4,1,2,MS系／ガンダム00
3760,ヘリオンメディウム(MA) ,1,234,19,32,40,206,15,50,50,60,60,0,5,－,Ｍ,21,0,-2,-4,1,3,MA系／ガンダム00
3761,フルアーマー0ガンダム,0,443,45,69,70,424,18,250,250,0,250,250,10,－,Ｍ,42,12810,2,-3,2,1,MS系／ガンダム系／ガンダム00
3762,ガルムガンダム,0,424,41,79,70,551,22,300,280,260,270,360,30,強5,Ｍ,46,14940,2,2,2,-4,MS系／ガンダム系／ガンダム00
3763,ガガ,0,342,28,64,53,509,18,300,280,260,270,360,1,強5,Ｍ,39,7080,-5,-5,3,-5,MS系／ガンダム00／量産機
3764,デラーズ専用試作型リック・ドム,0,300,28,56,48,326,18,0,0,90,90,0,30,－,Ｍ,30,7770,-3,-4,3,-5,MS系／ジオン・ネオジオン軍・ザフト／ドム系／専用機
3765,オリジン(タンク形態) ,1,480,50,88,84,440,25,180,180,180,200,200,100,強5,Ｍ,45,0,4,-3,0,0,MA系／ガンダム系／ガンダム00
3766,ドグザム,0,550,64,34,70,600,50,130,200,0,120,205,50,－,Ｌ,47,40000,0,-5,2,-2,MA系／ジオン・ネオジオン軍・ザフト／MSV(モビルスーツバリエーション)
3767,ドグロ ,1,450,64,64,70,600,50,130,200,0,120,205,50,－,Ｌ,47,0,-5,-5,4,-2,MA系／ジオン・ネオジオン軍・ザフト／MSV(モビルスーツバリエーション)
3768,ドグザム(MA) ,1,550,84,24,70,600,50,130,200,0,120,205,50,－,Ｌ,47,0,0,-5,2,-2,MA系／ジオン・ネオジオン軍・ザフト／MSV(モビルスーツバリエーション)
3769,ウォドグ ,1,550,64,34,50,600,50,130,200,0,200,120,50,－,Ｌ,48,0,0,-5,2,-2,MA系／ジオン・ネオジオン軍・ザフト／MSV(モビルスーツバリエーション)
3770,蜃気楼,0,460,48,104,95,540,18,130,390,100,300,0,30,－,Ｓ,49,64000,0,0,-5,0,その他／コードギアス
3771,蜃気楼(FM) ,1,460,52,78,86,540,18,130,390,100,300,0,30,－,Ｓ,49,0,0,2,-5,2,その他／コードギアス
3772,ギルフォード専用グロースター,0,306,37,70,50,240,10,270,340,340,340,290,30,－,Ｓ,28,18000,3,-2,-4,-4,その他／コードギアス／専用機
3773,月下(先行試作機),0,330,37,88,50,360,10,270,340,340,340,290,5,－,Ｓ,34,31600,3,-2,-4,-4,その他／コードギアス
3774,月下,0,318,37,80,50,270,10,270,300,300,300,250,1,－,Ｓ,30,18000,3,-2,-4,-4,その他／コードギアス／量産機
3775,藤堂専用月下,0,320,37,80,50,300,10,270,300,300,300,250,10,－,Ｓ,30,18000,3,-2,-4,-4,その他／コードギアス／専用機
3776,暁,0,330,35,80,50,300,10,280,260,280,280,240,10,－,Ｓ,30,18000,3,-2,-4,-4,その他／コードギアス／量産機
3777,暁可翔式,0,330,35,75,50,270,10,280,260,280,280,240,10,－,Ｓ,30,19200,3,-2,-4,3,その他／コードギアス
3778,直参仕様暁,0,330,39,88,50,300,10,290,270,280,280,240,10,－,Ｓ,32,28000,3,-3,-5,3,その他／コードギアス
3779,C.C.専用暁,0,330,39,88,50,300,10,290,270,280,280,240,20,－,Ｓ,32,28000,3,-3,-5,3,その他／コードギアス／専用機
3780,斬月,0,340,40,92,50,480,10,320,300,280,280,240,10,－,Ｓ,39,40000,3,-3,-5,3,その他／コードギアス／専用機
3781,VF-25F アーマードメサイア,0,450,44,113,80,470,20,200,200,200,200,200,30,－,Ｍ,51,56800,-2,-2,5,-3,マクロスシリーズ／車輌・戦闘機系
3782,VF-25F アーマードメサイア(G) ,1,450,40,103,80,470,20,180,180,170,170,170,30,－,Ｓ,51,0,1,-2,1,-4,その他／マクロスシリーズ
3783,VF-25F アーマードメサイア(B) ,1,450,49,95,60,470,20,180,180,170,170,170,30,－,Ｍ,51,0,5,-5,3,-5,その他／マクロスシリーズ
3784,リアクティブアーマード VF-0A,0,320,12,50,60,450,20,160,160,150,150,100,5,－,Ｍ,33,13500,4,-3,-2,-2,その他／マクロスシリーズ
3785,リアクティブアーマード VF-0S,0,320,12,50,60,450,20,160,160,150,150,100,5,－,Ｍ,33,13500,4,-3,-2,-2,その他／マクロスシリーズ
3786,ランスロット・フロンティア,0,340,37,100,60,420,10,260,300,270,270,220,20,－,Ｓ,38,42400,3,-4,-5,3,その他／コードギアス
3787,アルヴァアロン,0,418,46,88,76,472,22,190,190,170,170,170,50,－,Ｍ,43,29200,2,-4,3,0,MS系／ガンダム00
3788,クラン,0,340,18,80,70,200,20,300,300,300,300,300,200,強3,Ｍ,28,290000,2,-2,3,2,マクロスシリーズ／人系
3789,ちびクラン ,1,40,18,80,70,200,20,300,300,300,300,300,200,強3,ＳＳ,28,0,2,-2,3,2,マクロスシリーズ／人系
3790,メガロード,0,2500,45,25,100,800,300,400,400,400,400,400,100,－,ＸＬ,122,548000,-6,-6,0,0,艦船系／マクロスシリーズ
3791,ガンダムアルテミー,0,357,38,89,71,395,17,300,300,300,300,300,10,－,Ｍ,37,14400,1,-3,3,1,MS系／ガンダム系／ガンダム00
3792,ローゼン・ズール,0,505,63,131,82,496,22,150,260,230,250,250,50,－,Ｍ,53,67540,0,-3,3,-4,MS系／ザク系／ジオン・ネオジオン軍・ザフト／専用機／ガンダムUC
3793,真マジンガーZ,0,480,68,45,55,550,75,200,200,195,195,195,10,－,Ｍ,51,40000,2,-2,-3,4,その他／スパロボシリーズ
3794,プロトエネルガー,0,460,60,30,55,550,70,190,190,195,195,195,1,－,Ｍ,49,40000,2,-5,-5,-5,その他／スパロボシリーズ
3795,ザ・ビースト仕様エヴァンゲリオン2号機,0,580,50,82,80,700,80,300,300,300,300,300,1,－,Ｌ,115,740000,3,-1,2,0,その他／新世紀エヴァンゲリオン
3796,2nd仕様なのは,0,160,24,75,70,510,10,500,500,100,300,100,5,－,ＳＳ,52,692000,2,-4,-3,3,人系
3797,ヴィヴィオ,0,204,17,106,60,680,10,500,500,200,300,100,200,－,ＳＳ,51,692000,2,-4,-3,3,人系
3798,アルベロ専用量産型ゲシュペンストMk-II改,0,380,36,86,75,300,25,280,300,250,235,235,1,－,Ｍ,44,28000,3,0,4,2,その他／バンプレストオリジナル／専用機
3799,カイ専用量産型ゲシュペンストMk-II改,0,380,36,86,75,300,25,280,300,250,235,235,30,－,Ｍ,44,28000,3,0,4,2,その他／バンプレストオリジナル／専用機
3800,キャノンガンダム,0,352,45,83,52,450,24,80,140,0,150,60,25,－,Ｍ,38,18000,3,-2,1,0,MS系／連邦軍・ティターンズ・地球連合／シルエットフォーミュラ
3801,ブルーフレームセカンドリバイ,0,481,46,89,70,488,20,220,220,220,250,220,150,強4,Ｍ,47,14940,3,-3,4,2,MS系／ガンダム系／ガンダムSEED ASTRAY、MSV
3802,レッドフレーム改,0,480,46,98,70,657,18,220,220,220,250,220,150,－,Ｍ,44,18960,2,-3,3,-4,MS系／ガンダム系／ガンダムSEED ASTRAY、MSV
3803,アストレイミラージュフレーム,0,438,43,83,75,488,28,300,310,310,220,220,150,強4,Ｍ,45,13410,3,-3,4,0,MS系／ガンダム系／ガンダムSEED ASTRAY、MSV
3804,アストレイミラージュフレーム(GM) ,1,438,43,83,55,488,28,300,310,310,220,220,150,強4,Ｍ,45,0,3,-3,4,0,MS系／ガンダム系／ガンダムSEED ASTRAY、MSV
3805,ミラージュフレームセカンドイシュー,0,460,45,87,75,488,28,330,310,340,220,0,30,強5,Ｍ,48,14580,3,-3,4,0,MS系／ガンダム系／ガンダムSEED ASTRAY、MSV
3806,ミラージュフレームセカンドイシュー(MA) ,1,460,45,87,55,488,28,330,310,340,220,0,30,強5,Ｍ,48,0,3,-3,4,0,MS系／ガンダム系／ガンダムSEED ASTRAY、MSV
3807,デルタガンダム(MA) ,1,432,52,129,71,460,19,200,210,160,160,160,220,－,Ｍ,47,0,-6,-6,4,4,MA系／ガンダム系／エウーゴ・カラバ／Z-MSV
3808,コルベット・ブースター,0,250,21,54,57,260,13,0,10,30,30,0,10,－,Ｍ,25,3900,0,-5,-5,1,MS系／ジム系／連邦軍・ティターンズ・地球連合／MSV(モビルスーツバリエーション)
3809,ディザートザク,0,320,35,50,45,300,13,50,50,100,55,60,30,－,Ｍ,29,6300,4,-3,-5,-4,MS系／ザク系／ジオン・ネオジオン軍・ザフト／機動戦士ガンダムZZ／量産機
3810,ベック・ザ・グレートRX3,0,715,88,45,55,700,30,100,100,230,190,190,60,－,Ｍ,65,116300,2,-3,-3,-4,その他／スパロボシリーズ
3811,連邦宇宙輸送艇,0,300,5,15,35,200,20,50,50,0,5,0,5,－,Ｍ,31,6600,-4,-5,1,-3,艦船系／連邦軍・ティターンズ・地球連合／第08MS小隊／量産機
3812,ヴァイクラン,0,1600,90,74,90,970,50,100,160,160,160,160,350,NT5,Ｌ,113,1890000,0,-5,2,2,その他／バンプレストオリジナル
3813,士郎,0,98,9,85,70,850,10,400,215,400,300,200,1000,－,ＳＳ,48,452000,5,0,-6,-4,人系
3814,ヴァーチェフィジカル,0,387,45,77,74,425,26,180,180,0,180,180,5,－,Ｍ,39,18930,1,-4,3,1,MS系／ガンダム系／ガンダム00
3815,大神専用天武,0,310,36,64,30,350,15,270,270,0,0,0,10,NT5,ＳＳ,39,19500,5,-5,-5,-3,その他／サクラ大戦シリーズ／専用機
3816,ゲシュペンスト・ファントム,0,180,18,45,80,210,10,130,130,117,132,120,50,－,ＳＳ,20,13500,3,-1,4,-2,その他／バンプレストオリジナル
3817,ナハト,0,212,24,37,50,160,12,120,120,130,110,100,1,－,ＳＳ,28,12600,5,-3,3,-4,その他／バンプレストオリジナル
3818,ヴァイスリッター・アーベント,0,200,20,52,80,195,22,125,125,100,100,130,1,－,ＳＳ,31,12900,2,-5,5,4,その他／バンプレストオリジナル
3819,フェイクライド,0,160,15,60,90,250,12,150,150,135,135,135,1,NT5,ＳＳ,32,20500,0,-6,3,3,その他／バンプレストオリジナル
3820,アルクオン,0,240,25,54,58,290,12,150,150,150,90,90,1,－,ＳＳ,36,18000,4,-4,2,-4,その他／バンプレストオリジナル
3821,フルアーマー・ユニコーン(DM) ,1,592,70,144,82,383,21,290,260,240,250,240,50,NT7,Ｍ,67,0,3,-2,3,-4,MS系／ガンダム系／連邦軍・ティターンズ・地球連合／ガンダムUC
3822,エル・ライン,0,580,32,74,42,600,21,200,200,180,180,180,80,－,Ｍ,45,76000,3,-2,2,0,その他／スパロボシリーズ
3823,闇の女王,0,700,48,52,66,780,30,300,300,280,280,280,120,－,Ｍ,52,146000,2,-4,2,-2,その他／スパロボシリーズ
3824,ユナ,0,90,8,82,70,500,10,158,45,78,56,82,220,－,ＳＳ,38,254000,5,-4,5,5,人系
3825,PKO仕様ハンニバル,0,350,20,38,72,300,10,50,50,20,50,20,10,－,Ｓ,22,5700,3,-5,-5,-5,その他／スパロボシリーズ／量産機
3826,凛,0,82,8,80,70,900,10,159,47,77,57,80,159,－,ＳＳ,50,740000,5,0,-6,-4,人系
3827,セファーラジエル,0,417,43,97,68,436,22,180,180,180,200,210,150,－,Ｍ,41,32200,2,-4,4,3,MS系／ガンダム系／ガンダム00
3828,ガイラム,0,510,45,100,60,600,19,260,230,210,220,210,60,－,Ｍ,50,52000,3,-4,3,3,その他／エルガイムシリーズ
3829,アークゲイン,0,300,39,48,45,275,13,150,150,200,100,0,1,－,ＳＳ,37,110000,3,-1,3,2,その他／バンプレストオリジナル
3830,ノーヘッド,0,365,40,90,66,407,20,280,280,260,270,270,40,－,Ｍ,39,14400,1,-3,2,2,MS系／ガンダム00
3831,ブレードライガー(猫) ,1,456,49,105,75,490,20,280,300,320,280,200,100,－,Ｍ,48,0,5,-3,-5,1,その他／ゾイドシリーズ／スパロボシリーズ
3832,バン専用ブレードライガー,0,456,42,110,75,490,20,280,300,320,280,200,1,－,Ｍ,48,30460,5,-3,-5,1,その他／ゾイドシリーズ／専用機
3833,咲夜,0,86,8,100,70,780,10,450,335,630,430,600,300,－,ＳＳ,40,620000,4,-4,-6,4,人系
3834,1.5ガンダム,0,390,35,68,75,450,23,170,170,160,170,170,100,強5,Ｍ,41,15000,1,-2,3,2,MS系／ガンダム系／ガンダム00
3835,邪鬼銃王,0,255,32,27,65,240,20,250,230,220,220,210,1,－,ＳＳ,23,7500,2,-1,3,0,その他／バンプレストオリジナル
3836,チャールズ専用スピアヘッド,0,355,34,102,60,380,20,250,250,200,200,200,1,－,Ｍ,41,18000,0,-4,-3,5,その他／専用機／スパロボシリーズ
3837,レイ専用スピアヘッド,0,355,34,102,60,380,20,250,250,200,200,200,1,－,Ｍ,41,18000,0,-4,-3,5,その他／専用機／スパロボシリーズ
3838,シャオショウ,0,140,20,28,26,206,10,120,120,100,100,100,1,－,Ｓ,16,5400,-5,-4,2,-5,MA系／ガンダム00／量産機
3839,クーガーI型,0,280,22,65,52,300,15,180,180,180,180,180,20,－,Ｓ,34,5100,4,-2,0,-2,その他／スパロボシリーズ／量産機
3840,クーガーII型,0,295,22,72,64,300,15,180,180,180,180,180,20,－,Ｓ,34,5400,4,-2,0,-2,その他／スパロボシリーズ／量産機
3841,エリファス,0,520,60,90,60,570,32,300,300,300,300,300,100,－,Ｌ,62,40000,2,-2,3,3,その他／バンプレストオリジナル
3842,カオス・アングイス,0,565,65,80,75,600,35,300,300,250,300,300,20,－,Ｌ,64,40000,3,0,2,-2,その他／バンプレストオリジナル
3843,カオス・レオー,0,615,72,90,50,600,34,300,300,300,250,250,20,－,Ｌ,64,40000,3,0,2,-2,その他／バンプレストオリジナル
3844,レムレース,0,1020,60,55,75,800,120,400,400,300,300,300,180,－,Ｌ,84,119000,2,2,0,2,その他／バンプレストオリジナル
3845,カオス・レムレース,0,1500,60,65,75,1000,112,400,400,400,400,400,220,－,Ｌ,94,500000,2,2,0,2,その他／バンプレストオリジナル
3846,ゼファー,0,420,53,62,50,360,10,150,150,200,200,200,90,－,Ｓ,39,25000,2,-3,0,-5,その他／スパロボシリーズ
3847,ロードゼファー,0,465,57,82,50,480,12,250,250,300,300,200,60,－,Ｓ,45,40000,2,-3,0,2,その他／スパロボシリーズ
3848,爆烈丸,0,318,36,70,60,360,10,200,200,150,150,0,20,－,Ｓ,40,18000,3,-3,0,-4,その他／スパロボシリーズ
3849,シュテル,0,386,50,66,60,360,10,150,250,150,150,0,20,－,Ｓ,45,28000,3,-3,0,-4,その他／スパロボシリーズ
3850,エクリプス,0,90,7,110,90,990,10,400,400,500,500,0,500,－,ＳＳ,56,500000,5,0,4,2,人系
3851,カレイドルビー,0,90,10,100,80,990,10,159,47,77,57,80,500,－,ＳＳ,56,500000,5,0,-6,2,人系
3852,セブンソード/G,0,480,46,94,76,615,18,300,300,300,300,0,40,－,Ｍ,62,31660,2,-4,3,2,MS系／ガンダム系／ガンダム00
3853,重装仕様アストレアTYPE-F,0,388,34,77,58,551,18,230,230,0,230,230,30,－,Ｍ,34,13650,2,0,2,2,MS系／ガンダム系／ガンダム00
3854,ファルケ,0,360,36,100,50,450,15,300,300,110,200,100,100,－,Ｓ,39,19200,4,1,-5,-4,その他／スパロボシリーズ
3855,空中戦艦,0,1680,20,20,92,840,120,100,100,400,200,0,120,－,ＸＬ,93,290000,-5,-5,-5,1,艦船系／スパロボシリーズ
3856,ザンザクファントム,0,430,48,80,90,330,20,200,200,100,100,100,50,強6,Ｍ,43,28000,3,-3,3,0,MS系／ザク系／ジオン・ネオジオン軍・ザフト／オリジナル系
3857,ナリカ,0,140,10,92,90,500,20,350,350,400,300,300,400,－,ＳＳ,50,692000,4,-2,-5,-1,人系
3858,ヴェサリウス,0,614,32,47,90,382,90,170,260,120,140,200,80,－,ＬＬ,46,228170,-5,-5,3,-5,艦船系／ジオン・ネオジオン軍・ザフト／ガンダムSEED
3859,零影,0,360,54,120,60,350,15,400,300,0,0,0,1,－,Ｓ,40,110030,3,3,3,3,その他／スパロボシリーズ
3860,ミロンガ,0,460,32,120,80,450,21,550,550,500,500,300,150,強5,Ｍ,68,43600,2,-2,2,3,その他／バンプレストオリジナル
3861,ヘリオン,0,420,45,80,70,400,18,220,220,200,220,200,30,強2,Ｓ,42,13500,2,-2,2,0,その他／スパロボシリーズ／量産機
3862,ヘリオン(MA) ,1,420,38,90,55,400,18,220,220,200,220,200,30,強2,Ｓ,42,0,-4,-4,2,4,車輌・戦闘機系／スパロボシリーズ／量産機
3863,ワーロック,0,450,45,95,80,500,20,300,300,300,300,300,100,強5,Ｓ,45,40000,3,0,5,-2,その他／スパロボシリーズ
3864,零豪鬼,0,280,25,115,30,390,20,400,400,500,300,100,100,－,Ｍ,48,45400,5,-2,0,1,その他／スパロボシリーズ
3865,スーパー8,0,520,55,45,60,350,30,300,300,300,250,200,80,－,Ｌ,48,14400,2,4,0,-2,その他／スパロボシリーズ
3866,ユーチャリス,0,1060,47,30,90,910,200,270,290,200,200,200,50,強5,ＬＬ,96,326000,-6,0,2,1,艦船系／スパロボシリーズ
3867,美琴,0,40,4,70,60,360,10,161,45,78,56,79,500,強5,ＳＳ,40,572000,2,-3,-6,-4,人系
3868,エルザ,0,175,10,80,100,600,12,400,400,400,300,300,300,強6,ＳＳ,55,740000,5,0,0,0,人系
3869,ガバメント,0,430,45,58,50,180,18,130,130,100,100,0,40,－,Ｍ,30,7500,4,-5,-4,-5,その他／スパロボシリーズ／量産機
3870,ダッガー,0,430,45,50,50,180,18,130,130,100,100,0,20,－,Ｍ,29,6300,4,-5,-4,-5,その他／スパロボシリーズ
3871,オットリッチ,0,375,40,50,50,180,15,40,50,80,60,0,1,－,Ｍ,27,5700,3,-3,-4,-5,その他／スパロボシリーズ
3872,凄乃皇・四型,0,682,59,25,102,600,180,400,350,200,450,500,300,強6,Ｌ,54,92000,0,0,1,2,その他／マブラヴ
3873,フルアーマーガンダムタイプB,0,400,39,56,60,390,22,135,165,145,145,0,10,－,Ｍ,36,4260,1,-5,2,-3,MS系／ガンダム系／連邦軍・ティターンズ・地球連合／MSV(モビルスーツバリエーション)
3874,ビッグデュオ・インフェルノ,0,600,68,68,60,550,50,200,200,380,380,380,60,－,Ｍ,61,240500,3,-3,0,5,その他／スパロボシリーズ
3875,キャリバー,0,290,24,52,40,300,9,100,100,70,70,50,1,－,Ｓ,26,5100,3,-3,-5,-5,スパロボシリーズ／車輌・戦闘機系／量産機
3876,量産型ランドキャリバー ,1,290,24,52,40,300,9,100,100,70,70,50,1,－,Ｓ,26,0,4,-4,-5,-5,スパロボシリーズ／車輌・戦闘機系／量産機
3877,ファントム,0,400,32,68,52,256,12,50,250,250,250,0,60,－,Ｓ,31,12930,5,-2,-5,-5,その他／スパロボシリーズ
3878,ファントムJ ,1,400,22,58,52,256,12,50,250,250,250,0,60,－,Ｓ,31,0,5,-2,-5,-5,その他／スパロボシリーズ
3879,シルヴァ・バレト,0,496,61,122,65,478,22,210,250,170,250,250,90,NT3,Ｍ,50,57040,2,-3,2,-4,MS系／連邦軍・ティターンズ・地球連合
3880,ミサイル艦,0,1400,10,5,110,800,80,260,260,200,200,300,70,－,ＬＬ,104,40000,-2,-2,1,-1,艦船系／スパロボシリーズ／量産機
3881,ヘヴィガードII型,0,325,38,36,72,300,12,180,180,180,180,180,30,－,Ｓ,34,5400,4,-2,0,-2,その他／スパロボシリーズ
3882,リブギゴ,0,390,36,40,50,400,5,400,400,250,250,250,1000,－,Ｍ,20,76000,5,-4,-2,3,MS系／スパロボシリーズ
3883,コブラガンダム(MF) ,1,460,38,70,45,420,20,250,180,170,160,120,5,強1,Ｍ,39,0,2,-2,0,-2,MS系／ガンダム系／機動武闘伝Gガンダム
3884,ヌメリコフ専用ライト・スコープドッグ,0,200,11,73,60,240,10,0,0,150,160,0,5,－,ＳＳ,31,1500,5,-5,-5,-4,その他／ボトムズシリーズ／専用機
3885,リーマン専用スコープドッグ,0,250,14,75,70,300,10,0,0,180,150,0,5,－,ＳＳ,32,1500,5,-5,-5,-4,その他／ボトムズシリーズ／専用機
3886,神虎,0,329,32,106,50,450,15,270,450,340,340,300,20,－,Ｓ,48,110000,3,-4,-4,3,その他／コードギアス
3887,ブルゲイター,0,430,42,48,52,470,30,190,190,165,165,165,50,－,Ｍ,49,28000,2,-5,0,2,その他／スパロボシリーズ
3888,ジャンボコースター ,1,430,42,48,52,470,30,190,190,165,165,165,1,－,Ｍ,49,0,4,-5,0,-5,その他／スパロボシリーズ
3889,スピンランサー,0,420,40,52,52,470,30,200,180,165,165,165,1,－,Ｍ,49,28000,2,-5,0,2,その他／スパロボシリーズ
3890,マジックUFO ,1,420,40,52,52,470,30,200,180,165,165,165,1,－,Ｍ,49,0,-5,-5,0,4,その他／スパロボシリーズ
3891,グランファイター,0,460,40,50,52,470,50,220,200,165,165,165,1,－,Ｍ,50,40000,2,-5,0,2,その他／スパロボシリーズ
3892,銀河号 ,1,460,40,50,52,470,50,220,200,165,165,165,1,－,Ｍ,50,0,4,-5,0,-1,その他／スパロボシリーズ
3893,ギンガイザー,0,550,42,40,52,570,30,250,250,175,175,175,100,－,Ｍ,56,64000,2,-5,0,2,その他／スパロボシリーズ
3894,アヴァランチエクシアダッシュ,0,415,37,79,71,572,18,180,180,0,180,180,20,－,Ｍ,46,13410,-2,-4,4,0,MS系／ガンダム系／ガンダム00
3895,ビグダム,0,575,48,34,56,550,20,200,120,120,120,120,30,NT3,Ｍ,48,19500,3,-5,-5,-4,MA系／ジオン・ネオジオン軍・ザフト
3896,ドムプラス,0,280,40,42,48,280,15,120,120,100,100,80,30,－,Ｍ,31,19500,4,-2,-5,-4,MS系／ジオン・ネオジオン軍・ザフト／ドム系
3897,ジム・ストライカー(テスト機),0,308,30,54,55,330,18,50,50,50,30,10,10,－,Ｍ,31,8040,3,-3,-5,-4,MS系／ジム系／連邦軍・ティターンズ・地球連合
3898,トルネードガンダム,0,327,24,44,55,373,18,120,120,120,120,120,20,－,Ｍ,32,6150,2,-2,3,0,MS系／ガンダム系
3899,テッカマンオメガ,0,440,50,24,95,800,10,200,200,200,200,200,10,強4,ＳＳ,52,92000,3,-5,1,-2,その他／スパロボシリーズ
3900,ガーベラガンダム,0,405,38,91,61,430,20,180,190,170,190,0,70,－,Ｍ,31,18120,2,-4,2,-3,MS系／ジオン・ネオジオン軍・ザフト／オリジナル系
3901,オメガモン,0,560,40,46,68,700,15,400,380,400,350,200,300,強5,Ｍ,61,76000,2,-4,0,2,その他／スパロボシリーズ
3902,ゴーダムドラゴン ,1,750,70,40,60,700,30,250,250,250,250,220,200,－,Ｌ,70,0,-2,-2,0,2,その他／スパロボシリーズ
3903,VF-19S ブレイザーバルキリー,0,420,42,100,90,450,10,170,170,170,170,150,30,－,Ｍ,42,67000,-2,-2,5,5,マクロスシリーズ／車輌・戦闘機系
3904,VF-19S ブレイザーバルキリー(G) ,1,420,40,95,90,450,10,170,170,170,170,150,30,－,Ｓ,42,0,1,1,1,1,その他／マクロスシリーズ
3905,VF-19S ブレイザーバルキリー(B) ,1,420,45,100,90,450,10,170,170,170,170,150,30,－,Ｍ,42,0,5,-2,3,-2,その他／マクロスシリーズ
3906,ガラヤカ,0,370,50,81,70,500,20,300,300,300,200,200,20,－,Ｍ,51,29200,4,-4,2,1,その他／スパロボシリーズ
3907,グレートガンバルガー,0,730,72,70,50,800,44,400,200,450,350,250,300,－,Ｌ,74,240500,2,0,1,3,その他／勇者・エルドランシリーズ
3908,バースロイル,0,800,28,52,65,330,98,100,100,200,150,200,280,－,ＬＬ,76,254000,-6,-6,2,-5,艦船系／スパロボシリーズ
3909,粒子貯蔵タンク仕様ダブルオーライザー,0,514,50,108,82,763,18,400,400,500,500,500,50,－,Ｍ,60,64480,1,-4,4,2,MS系／ガンダム系／ガンダム00
3910,セラヴィーガンダムII,0,416,46,82,76,435,26,280,280,0,320,320,30,－,Ｍ,41,19410,1,-4,3,1,MS系／ガンダム系／ガンダム00
3911,ラファエルガンダム,0,498,50,93,76,848,21,450,500,300,450,450,120,－,Ｍ,66,42040,2,-4,4,2,MS系／ガンダム系／ガンダム00
3912,ガンダムハルート,0,498,48,101,80,763,18,450,500,300,500,450,120,強5,Ｍ,64,77020,2,-4,3,3,MS系／ガンダム系／ガンダム00
3913,ガンダムハルート(MA) ,1,498,48,106,60,763,18,450,500,300,500,450,120,強5,Ｍ,64,0,-5,-4,4,3,MA系／ガンダム系／ガンダム00
3914,ガンダムサバーニャ,0,498,49,96,96,763,18,450,500,300,400,500,120,－,Ｍ,65,41620,2,-4,3,2,MS系／ガンダム系／ガンダム00
3915,ダブルオークアンタ,0,564,60,125,87,806,18,450,500,550,550,450,300,NT7,Ｍ,82,182000,2,-4,4,4,MS系／ガンダム系／ガンダム00
3916,クイーンサイダロン,0,395,38,82,50,400,12,300,200,300,200,200,50,－,Ｍ,44,18000,4,-2,0,-2,その他／スパロボシリーズ
3917,キングスカッシャー,0,375,40,92,50,400,12,300,200,300,200,200,50,－,Ｍ,42,18000,4,-2,0,-2,その他／スパロボシリーズ
3918,バルトール,0,495,14,125,90,450,21,500,500,500,500,500,50,－,Ｍ,70,44800,0,-4,2,4,その他／バンプレストオリジナル
3919,ジュデッカ(レビ機),0,750,113,50,82,770,97,380,350,200,200,350,50,NT5,Ｌ,71,458000,2,-2,4,2,その他／バンプレストオリジナル／専用機
3920,R-9Leo,0,230,10,90,90,370,15,120,180,140,140,160,40,－,Ｍ,40,13200,-3,2,3,3,スパロボシリーズ／車輌・戦闘機系
3921,ラグナロック,0,468,40,80,55,600,15,120,180,140,140,160,140,強5,Ｍ,48,15010,0,2,3,3,スパロボシリーズ／車輌・戦闘機系
3922,ゴッドライディーン,0,850,90,60,85,710,100,500,500,450,450,450,700,NT3,ＬＬ,96,500000,2,2,2,2,その他／スパロボシリーズ
3923,KOS-MOS Ver.4,0,150,22,85,90,900,20,400,400,400,400,400,500,強5,ＳＳ,57,452000,4,-5,4,-4,人系
3924,GAU仕様ヘイズル・アウスラ,0,500,48,98,70,470,20,160,180,160,140,0,20,－,Ｍ,38,52480,0,-2,3,0,MS系／ガンダム系／連邦軍・ティターンズ・地球連合／アドバンス・オブ・ゼータ
3925,GPB仕様Hi-νガンダム,0,518,50,107,105,572,20,300,255,250,230,240,40,NT5,Ｍ,60,53680,1,-4,3,-4,MS系／ガンダム系
3926,ビギニングガンダム,0,400,35,86,53,370,24,130,130,130,130,0,60,－,Ｍ,37,18000,1,-5,3,3,MS系／ガンダム系
3927,カイキンク,0,550,57,60,53,470,70,110,120,135,135,135,10,－,Ｌ,55,28000,2,-2,0,3,その他／スパロボシリーズ
3928,イクサー1,0,400,40,95,65,520,10,165,45,80,54,80,193,強5,ＳＳ,40,274790,2,-3,2,2,人系／スパロボシリーズ
3929,イクサー2,0,400,40,95,65,520,10,165,50,83,55,82,193,強5,ＳＳ,40,274880,2,-3,2,2,人系／スパロボシリーズ
3930,イクサー3,0,388,36,92,65,485,10,100,100,100,100,100,193,強5,ＳＳ,38,274970,2,-3,3,3,人系／スパロボシリーズ
3931,アトロス,0,388,36,92,65,485,10,100,100,100,100,100,193,強5,ＳＳ,38,275060,2,-3,3,3,人系／スパロボシリーズ
3932,イクサーロボ,0,718,45,73,65,590,38,300,100,290,190,190,1,強5,Ｌ,57,52020,2,-3,0,2,その他／スパロボシリーズ
3933,カグツチ,0,850,64,70,63,450,21,200,300,300,300,300,60,強4,Ｍ,66,43000,3,-4,2,-5,その他／スパロボシリーズ
3934,タリスマン,0,700,60,80,63,540,21,200,300,300,300,300,60,強4,Ｍ,64,43000,3,-4,2,-3,その他／スパロボシリーズ
3935,ツバキヒメ,0,548,50,88,60,400,21,200,300,300,300,300,60,強4,Ｍ,54,43000,3,-4,2,-5,その他／スパロボシリーズ
3936,迅雷,0,600,50,77,63,440,20,200,300,300,300,300,60,強4,Ｍ,56,43000,3,-4,2,-5,その他／スパロボシリーズ
3937,グラン・ネイドル,0,1300,70,50,65,900,120,300,300,300,300,300,160,強4,ＬＬ,96,110000,-5,-6,2,2,その他／スパロボシリーズ
3938,ジャック,0,330,40,96,63,370,10,300,300,300,300,300,200,強4,ＳＳ,45,64000,4,-5,-5,-4,人系
3939,イカ娘,0,60,4,30,50,160,10,100,100,100,100,100,1350,－,ＳＳ,5,290000,3,5,-5,-1,人系
3940,スーパーカスタムザクF2000,0,480,38,60,60,510,18,85,120,120,100,0,50,－,Ｍ,50,14760,2,-3,2,-4,MS系／ザク系
3941,ランスロット・クラブ,0,305,33,88,60,390,10,270,330,330,330,300,50,－,Ｓ,34,40000,3,-4,-4,-4,その他／コードギアス
3942,ダンクーガノヴァ・マックスゴッド,0,830,62,64,77,530,37,330,440,350,300,320,30,－,Ｌ,68,149600,5,-3,4,-1,その他／スパロボシリーズ
3943,アールダイガン,0,408,50,70,74,560,29,310,300,320,280,280,1,－,Ｍ,46,23260,2,-3,3,3,その他／スパロボシリーズ
3944,クァドラン・レア,0,470,56,113,77,510,20,220,200,200,200,200,70,－,Ｍ,46,43360,0,-4,5,3,その他／マクロスシリーズ
3945,ビッグゴールド,0,845,95,113,57,940,10,500,500,500,500,500,1930,強5,ＳＳ,78,256700,2,-3,3,3,人系／スパロボシリーズ
3946,R-9C,0,180,10,88,60,340,15,120,180,170,170,140,40,－,Ｍ,30,7500,-3,2,3,3,スパロボシリーズ／車輌・戦闘機系
3947,オリジナルダンクーガ,0,895,95,50,65,1080,30,500,500,500,500,500,950,－,Ｌ,80,290000,2,2,4,2,その他／スパロボシリーズ
3948,GPB仕様バウ,0,396,48,100,60,447,18,160,160,150,140,0,10,－,Ｍ,43,28360,2,-3,2,-4,MS系
3949,GPB仕様バウ(MA) ,1,396,48,107,60,447,18,160,160,150,140,0,10,－,Ｍ,43,0,-5,-5,3,3,その他
3950,イクサーΣ,0,850,57,77,65,690,38,300,100,290,193,193,19,強5,Ｍ,64,92000,2,-3,0,2,その他／スパロボシリーズ
3951,ジンクスユニコーン,0,384,38,82,63,395,20,160,160,180,180,160,15,－,Ｍ,37,14400,2,-3,1,1,MS系／ガンダム00
3952,HWS仕様ユニコーンガンダム,0,594,79,134,82,567,19,290,260,240,250,240,50,NT7,Ｍ,64,171380,2,-4,2,-5,MS系／ガンダム系／連邦軍・ティターンズ・地球連合／ガンダムUC
3953,ヒリング専用ガラッゾ,0,458,45,86,70,636,21,300,280,360,270,260,50,強5,Ｍ,51,18960,2,-4,2,2,MS系／ガンダム00／専用機
3954,ネロ(FG),0,90,10,88,70,990,10,420,235,730,530,760,1540,－,ＳＳ,40,500000,5,0,-6,-4,人系
3955,VT-1 スーパーオストリッチ,0,330,36,83,50,490,20,120,120,120,120,0,40,－,Ｍ,38,12600,-3,-3,5,-3,マクロスシリーズ／車輌・戦闘機系／量産機
3956,VT-1 スーパーオストリッチ(G) ,1,330,33,77,43,490,20,120,120,120,120,0,40,－,Ｓ,38,0,1,1,1,-3,その他／マクロスシリーズ／量産機
3957,VT-1 スーパーオストリッチ(B) ,1,330,38,73,37,490,20,120,120,120,120,0,40,－,Ｍ,38,0,5,-3,3,-5,その他／マクロスシリーズ／量産機
3958,ベアッガイ,0,294,31,66,42,408,18,10,30,30,15,0,80,－,Ｍ,33,8220,2,3,2,-4,MS系
3959,クアンタ・フルセイバー,0,597,62,128,92,806,18,450,600,650,550,450,230,NT7,Ｍ,87,222770,2,-4,4,4,MS系／ガンダム系／ガンダム00
3960,マッドサンダー,0,696,70,40,100,710,40,300,400,400,400,300,320,－,Ｌ,73,146090,4,2,-5,-4,その他／ゾイドシリーズ／スパロボシリーズ
3961,S仕様ゲシュペンストMk-II,0,576,62,80,80,560,21,280,300,290,230,230,250,－,Ｍ,54,40060,3,-1,4,1,その他／バンプレストオリジナル
3962,ヴァルホーク,0,425,32,90,60,500,32,200,200,180,180,180,50,－,Ｌ,58,28000,-4,-4,2,4,その他／バンプレストオリジナル
3963,ヴァルホーク(CC) ,1,425,32,80,70,500,32,200,200,180,180,180,50,－,Ｌ,58,0,2,-2,4,0,その他／バンプレストオリジナル
3964,ヴァルストーク,0,900,70,32,120,700,185,300,300,250,250,300,100,－,ＬＬ,90,110000,-4,-2,1,1,艦船系／バンプレストオリジナル
3965,ヴァルガード,0,1100,70,52,120,700,85,320,320,300,300,280,150,－,ＬＬ,95,290000,2,-4,0,-2,その他／バンプレストオリジナル
3966,ヴァルザカード,0,1500,80,62,120,1400,212,500,500,450,450,450,250,－,ＬＬ,120,500000,2,-4,2,0,その他／バンプレストオリジナル
3967,アルムアルクス,0,495,32,100,70,550,35,300,300,280,280,280,50,強5,Ｌ,60,40000,1,-4,4,2,その他／バンプレストオリジナル
3968,アルムストラ,0,900,70,42,120,700,170,300,300,250,250,300,120,強5,ＬＬ,90,146000,-4,-2,2,1,艦船系／バンプレストオリジナル
3969,スキエンティア,0,1200,85,50,42,900,284,500,500,500,450,450,140,強7,ＬＬ,100,500000,3,-4,0,-4,その他／バンプレストオリジナル
3970,サピエンティア,0,1600,90,60,57,1200,284,500,500,500,500,500,160,強7,ＬＬ,110,500000,-4,-2,3,1,その他／バンプレストオリジナル
3971,ヴァルアルム,0,1500,80,72,80,1400,212,500,500,500,400,400,200,強7,ＬＬ,118,500000,2,-4,2,0,その他／バンプレストオリジナル
3972,デルフィング(第一形態),0,287,5,100,78,250,5,300,250,300,200,100,100,－,Ｓ,50,44800,5,-3,-5,-5,その他
3973,デルフィング(第二形態),0,310,20,100,78,275,30,350,300,350,200,100,50,－,Ｓ,52,44800,5,-3,-5,-5,その他
3974,デルフィング(第三形態),0,330,38,84,78,300,20,400,300,400,200,100,50,－,Ｓ,56,68800,5,-3,-5,-5,その他
3975,エルテーミス,0,295,22,78,78,290,16,300,250,300,200,100,10,－,Ｓ,40,41800,5,-3,-5,-5,その他
3976,タイラント・ソード,0,520,40,110,90,500,21,300,300,280,280,280,150,NT7,Ｍ,52,52000,-1,-5,5,-2,MS系／連邦軍・ティターンズ・地球連合
3977,タイラント・ソード改,0,540,40,118,90,700,21,350,350,300,300,300,100,NT7,Ｍ,54,64000,-1,-5,5,-2,MS系／連邦軍・ティターンズ・地球連合
3978,シュヴァルツェア・レーゲン,0,254,60,76,80,580,15,200,400,200,300,200,40,NT6,ＳＳ,40,164000,1,-4,0,4,人系／専用機
3979,ラファール・リヴァイヴ・カスタムII,0,182,53,96,70,500,15,300,300,200,200,250,10,NT6,ＳＳ,37,146000,1,-4,0,4,人系／専用機
3980,甲龍,0,196,53,87,60,530,15,300,300,300,100,300,140,NT6,ＳＳ,37,164000,2,-4,0,4,人系／専用機
3981,ブルー・ティアーズ,0,175,58,102,80,560,15,300,300,200,200,300,150,NT6,ＳＳ,39,164000,1,-4,0,4,人系／専用機
3982,打鉄,0,175,33,76,40,300,15,300,300,300,100,100,140,NT6,ＳＳ,25,128000,1,-4,0,0,人系
3983,白式,0,182,40,98,40,450,15,400,100,400,100,100,140,NT6,ＳＳ,35,290000,1,-4,0,4,人系／専用機
3984,ドルフィンII世号,0,700,52,40,90,600,40,230,230,200,200,200,90,－,Ｌ,54,92000,-5,3,-5,2,艦船系／スパロボシリーズ
3985,一般仕様ブレイヴ,0,490,48,99,71,742,20,290,300,300,270,270,50,－,Ｍ,57,52120,1,-4,2,-4,MS系／ガンダム00／量産機
3986,一般仕様ブレイヴ(MA) ,1,490,48,105,61,742,20,290,300,300,270,270,50,－,Ｍ,57,0,-5,-5,3,2,MA系／ガンダム00／量産機
3987,指揮官仕様ブレイヴ,0,510,48,99,86,763,20,300,380,300,270,270,40,－,Ｍ,60,52360,1,-4,2,-4,MS系／ガンダム00／専用機
3988,指揮官仕様ブレイヴ(MA) ,1,510,48,105,76,763,20,290,380,300,270,270,40,－,Ｍ,60,0,-5,-5,3,2,MA系／ガンダム00／専用機
3989,大地魔竜,0,900,66,14,110,810,160,400,400,395,395,395,30,－,ＬＬ,76,290000,3,-3,-2,0,艦船系／スパロボシリーズ
3990,天空魔竜,0,800,57,16,110,750,160,400,400,395,395,395,30,－,ＬＬ,76,290000,-5,-5,3,4,艦船系／スパロボシリーズ
3991,白式(BG),0,445,40,98,90,405,20,180,200,150,150,150,10,－,Ｍ,42,7500,3,-5,3,-2,MS系／ガンダム系／ガンダムビルドシリーズ
3992,GPB仕様サザビー,0,492,39,84,57,335,28,210,240,200,180,0,10,－,Ｍ,39,31420,1,-5,3,-1,MS系／ガンダムビルドシリーズ
3993,ジークフリート,0,478,48,82,50,600,25,270,300,350,300,300,80,強5,Ｌ,47,76000,-5,-4,-5,4,その他／コードギアス
3994,ハルヒ,0,80,5,80,90,190,11,999,0,999,999,999,861,－,ＳＳ,36,79660,3,0,-5,-1,人系
3995,ラッシュバード,0,668,46,45,70,300,20,200,210,150,140,80,230,－,Ｌ,52,28000,3,0,2,-4,その他／バンプレストオリジナル
3996,劉備ガンダム,0,460,45,93,60,630,15,275,355,285,165,455,359,強5,Ｍ,49,19782,2,-5,2,-2,MS系／ガンダム系／SDガンダム
3997,曹操ガンダム,0,453,43,92,60,650,15,415,520,240,700,410,359,強5,Ｍ,50,19782,2,-5,2,-2,MS系／ガンダム系／SDガンダム
3998,孫権ガンダム,0,469,42,93,60,630,15,250,365,460,280,170,359,強5,Ｍ,49,19782,2,-5,2,-2,MS系／ガンダム系／SDガンダム
3999,呂布トールギス,0,525,48,70,75,545,15,500,545,250,865,455,359,強5,Ｍ,65,19782,2,-5,2,-2,MS系／ガンダム系／SDガンダム
4000,フォーエバーガンダム,0,486,47,100,80,615,18,400,400,400,400,400,70,－,Ｍ,53,40300,2,0,3,2,MS系／ガンダム系
4001,オルディオス,0,550,55,100,100,600,25,600,600,600,550,300,250,－,Ｍ,60,64000,4,2,-6,6,その他／ゾイドシリーズ／スパロボシリーズ
4002,アブゾノール,0,500,32,40,40,500,84,200,200,80,80,0,10,－,Ｌ,41,18000,1,0,3,0,その他／スパロボシリーズ
4003,アディゴ,0,420,36,88,50,420,48,200,250,80,80,0,40,－,Ｌ,39,28000,1,-2,3,-2,その他／スパロボシリーズ／量産機
4004,アディゴ(MA) ,1,420,36,88,50,420,48,200,250,80,80,0,40,－,Ｌ,39,0,-2,-2,5,0,その他／スパロボシリーズ／量産機
4005,デッカ・バウ,0,340,32,62,50,300,18,100,150,80,80,0,1,－,Ｍ,30,12000,-5,-5,3,3,車輌・戦闘機系／スパロボシリーズ／量産機
4006,ドグ・マック,0,680,40,42,50,390,79,160,180,80,80,0,1,－,Ｍ,44,18000,2,-5,0,2,その他／スパロボシリーズ／量産機
4007,ガルボ・ジック,0,900,53,42,50,720,124,200,250,280,220,0,200,－,ＬＬ,64,55000,-5,-5,2,0,その他／スパロボシリーズ／量産機
4008,ギル・バウ,0,330,36,62,50,360,18,100,150,80,80,0,1,－,Ｍ,30,8400,-5,-5,3,3,車輌・戦闘機系／スパロボシリーズ／量産機
4009,ズロオ・ジック,0,385,32,62,50,330,18,100,150,80,80,0,5,－,Ｍ,30,12000,-5,-5,3,3,車輌・戦闘機系／スパロボシリーズ／量産機
4010,ガダッカ,0,50,1,38,40,200,4,0,20,40,0,0,1,－,ＳＳ,13,30,1,-5,-5,0,車輌・戦闘機系／スパロボシリーズ／量産機
4011,ジョング,0,60,1,44,40,210,8,0,20,50,0,0,1,－,Ｓ,14,420,1,-5,1,0,車輌・戦闘機系／スパロボシリーズ／量産機
4012,ギド・マック,0,650,53,60,50,720,137,300,300,280,80,0,50,－,ＬＬ,56,64000,1,-3,3,0,その他／スパロボシリーズ／量産機
4013,ギド・マック・ドゥ ,1,1300,53,45,50,360,137,300,300,280,80,0,350,－,ＬＬ,56,0,1,-3,2,0,その他／スパロボシリーズ／量産機
4014,パッファ,0,310,30,40,50,300,14,210,200,110,140,100,1,－,Ｍ,28,6000,-5,-5,0,2,車輌・戦闘機系／スパロボシリーズ／量産機
4015,ギラン・ドウ,0,660,40,45,50,350,71,210,200,110,140,100,50,－,Ｌ,44,6010,2,-1,2,-2,その他／スパロボシリーズ／量産機
4016,ジグ・マック,0,760,40,42,50,450,99,300,300,380,280,0,50,－,Ｌ,49,28000,1,0,3,0,その他／スパロボシリーズ／量産機
4017,ロッグ・マック,0,840,58,70,50,600,83,220,200,300,100,100,60,－,Ｌ,62,52020,1,-5,1,-2,その他／スパロボシリーズ／量産機
4018,ガンガ・ルブ,0,1020,50,50,70,690,128,330,330,310,340,300,300,－,Ｌ,68,40000,1,-5,2,0,その他／スパロボシリーズ
4019,ザンザ・ルブ,0,1250,57,58,50,810,156,220,200,300,100,100,400,－,Ｌ,81,96500,1,-5,2,0,その他／スパロボシリーズ
4020,バイラル・ジン,0,2400,40,18,90,1500,300,400,400,400,400,400,250,－,ＸＬ,142,362000,-6,-6,1,-5,艦船系／スパロボシリーズ
4021,ストライクヴァレイ,0,425,36,60,30,300,38,180,180,180,0,0,30,－,Ｌ,30,7500,3,-2,2,0,その他／バンプレストオリジナル／量産機
4022,キャノンヴァレイ,0,395,40,50,60,300,38,180,180,0,180,180,10,－,Ｌ,30,7500,2,-2,2,0,その他／バンプレストオリジナル／量産機
4023,インペリアルヴァレイ,0,820,48,82,60,500,40,320,320,280,280,280,120,－,Ｌ,60,76000,0,-2,3,2,その他／バンプレストオリジナル
4024,ストレイバード,0,532,34,90,70,300,43,250,280,200,220,220,300,－,Ｌ,52,40000,0,-2,4,2,その他／バンプレストオリジナル
4025,ラッシュバードMA,0,668,46,72,70,450,20,300,300,250,250,240,120,－,Ｌ,62,64000,3,-2,2,2,その他／バンプレストオリジナル
4026,ガルトデウス,0,1250,70,12,90,900,200,400,400,380,380,380,300,－,ＬＬ,100,548000,0,-4,0,-2,その他／バンプレストオリジナル
4027,黒子,0,38,4,70,60,340,10,161,45,78,56,79,500,強5,ＳＳ,40,548000,2,-3,-6,-4,人系
4028,バンドック,0,1090,82,30,75,700,80,400,300,200,180,190,200,強2,ＬＬ,92,380000,-5,2,1,3,艦船系／スパロボシリーズ
4029,アンクシャ,0,432,54,111,66,447,22,270,290,320,320,320,40,－,Ｍ,46,41680,2,-4,4,-3,MS系／連邦軍・ティターンズ・地球連合
4030,アンクシャ(MA) ,1,432,54,118,66,447,22,270,290,320,320,320,40,－,Ｍ,46,0,-5,-5,5,-5,MA系／連邦軍・ティターンズ・地球連合
4031,ミラージュフレームサードイシュー ,1,483,47,90,80,512,28,400,400,400,350,300,100,強7,Ｍ,49,0,3,-3,5,0,MS系／ガンダム系／ガンダムSEED ASTRAY、MSV
4032,ヴァンセイバー改,0,440,46,91,85,534,18,300,350,250,250,250,80,強5,Ｍ,50,37060,2,-4,4,3,MS系／ガンダム系／専用機／ガンダムSEED ASTRAY、MSV
4033,ヴァンセイバー改(MA) ,1,440,46,96,85,534,18,300,350,250,250,250,80,強5,Ｍ,50,0,-6,-5,6,6,MA系／ガンダム系／専用機／ガンダムSEED ASTRAY、MSV
4034,ヒューゴ専用量産型ゲシュペンストMk-II改,0,380,36,86,75,300,25,280,300,250,235,235,1,－,Ｍ,44,28000,3,0,4,2,その他／専用機／バンプレストオリジナル
4035,タウバーン,0,580,37,110,60,550,30,600,600,800,700,600,300,NT4,Ｍ,61,40000,3,0,3,2,その他／スパロボシリーズ
4036,ジェガンD型,0,390,45,92,58,425,19,140,165,150,150,150,5,－,Ｍ,31,18240,1,-4,2,-4,MS系／ジム系／連邦軍・ティターンズ・地球連合／機動戦士ガンダムF91／量産機
4037,シモダ小隊仕様ジム・スナイパーカスタム,0,296,26,52,65,326,18,50,0,0,0,50,30,－,Ｍ,30,7680,2,-3,2,-4,MS系／ジム系／連邦軍・ティターンズ・地球連合／MSV(モビルスーツバリエーション)
4038,FB仕様ジム・インターセプトカスタム,0,260,26,40,79,260,13,0,10,30,30,0,10,－,Ｍ,17,6000,0,-5,3,-4,MS系／ジム系／連邦軍・ティターンズ・地球連合／MSV(モビルスーツバリエーション)
4039,エンプラス,0,511,47,77,87,594,45,280,280,250,240,260,200,強4,Ｌ,52,32020,-5,-5,3,3,MS系／ガンダム00
4040,ガデラーザ,0,637,65,111,100,890,86,290,500,270,370,370,250,NT7,ＬＬ,71,112970,-6,-6,3,2,MA系／ガンダム00
4041,レグナント2号機,0,547,54,91,100,678,50,280,280,250,240,260,20,強4,Ｌ,59,99830,-2,-5,3,2,MS系／ガンダム00
4042,レグナント2号機(MA) ,1,547,54,96,100,678,50,280,280,250,240,260,20,強4,Ｌ,59,0,-5,-4,3,2,MA系／ガンダム00
4043,アームズアストレイPMCカスタム,0,410,33,82,90,390,20,170,190,220,220,220,10,－,Ｍ,38,7200,2,-1,4,-3,MS系／ガンダム系／ガンダムSEED ASTRAY、MSV／専用機
4044,フリーダムアストレイ,0,470,52,92,80,470,18,370,400,250,270,250,70,強5,Ｍ,48,31000,1,-4,4,3,MS系／ガンダム系／ガンダムSEED ASTRAY、MSV
4045,エクスバイン,0,430,47,110,80,500,20,270,270,235,275,250,1,NT3,Ｍ,58,43000,3,-2,4,0,その他／バンプレストオリジナル
4046,エコーズ仕様ジェガン,0,403,50,96,68,425,19,140,165,150,150,150,15,－,Ｍ,33,19290,1,-4,2,-4,MS系／ジム系／連邦軍・ティターンズ・地球連合
4047,重装仕様スタークジェガン,0,409,50,105,89,443,19,185,200,175,185,165,20,－,Ｍ,43,30040,0,-5,2,-5,MS系／ジム系／連邦軍・ティターンズ・地球連合／オリジナル系
4048,御坂妹,0,40,4,70,60,360,10,161,45,78,56,79,50,強5,ＳＳ,35,110288,2,-3,-6,-4,人系
4049,ギトール,0,345,31,110,60,510,15,170,170,160,160,100,140,NT5,Ｓ,60,18750,3,-2,0,5,その他／スパロボシリーズ
4050,ZIII,0,462,45,94,72,440,20,270,290,320,320,320,30,－,Ｍ,43,65800,2,-3,4,-3,MS系／連邦軍・ティターンズ・地球連合
4051,ZIII(MA) ,1,462,45,82,72,440,20,270,290,320,320,320,30,－,Ｍ,43,0,-4,-3,5,-3,MA系／連邦軍・ティターンズ・地球連合
4052,ブラスタ,0,490,48,110,92,490,25,260,260,300,300,250,130,－,Ｍ,48,6900,3,-5,5,4,その他／バンプレストオリジナル
4053,イクスブラウ,0,395,33,75,80,455,20,240,240,220,220,220,150,－,Ｍ,45,14400,1,-3,2,1,その他／スパロボシリーズ
4054,イクスブラウform-B,0,375,25,90,80,455,20,240,240,240,200,200,50,－,Ｍ,48,18000,2,-3,2,1,その他／スパロボシリーズ
4055,イクスブラウform-G,0,385,27,110,80,455,20,240,280,220,220,220,50,－,Ｍ,48,18000,-2,-2,2,4,その他／スパロボシリーズ
4056,イクスブラウform-H,0,425,41,42,90,455,20,240,240,220,240,240,50,－,Ｍ,48,18000,1,-3,2,1,その他／スパロボシリーズ
4057,イクスブラウform-T,0,410,35,94,80,455,20,280,240,220,220,220,50,－,Ｍ,48,18000,1,-3,3,1,その他／スパロボシリーズ
4058,シャナ,0,180,17,90,60,550,11,500,500,300,100,100,487,－,ＳＳ,55,326000,4,0,-2,2,人系
4059,萃香,0,100,11,69,50,920,9,420,230,660,640,630,300,－,ＳＳ,42,380000,3,-5,-5,0,人系
4060,袖付き仕様ドライセン,0,428,50,100,60,447,22,110,115,70,50,120,5,－,Ｍ,34,29140,2,-3,2,-4,MS系／ジオン・ネオジオン軍・ザフト／ドム系／量産機
4061,サロンズ,0,420,50,78,90,440,20,280,320,130,150,210,30,－,Ｍ,53,18000,4,-3,0,1,その他／エルガイムシリーズ
4062,オーバーフラッグHMP,0,313,30,86,60,360,17,90,90,120,120,0,10,－,Ｍ,34,13650,0,-4,-2,3,MS系／ガンダム00
4063,オーバーフラッグHMP(MA) ,1,313,30,60,60,360,17,90,90,120,120,0,10,－,Ｍ,34,0,-3,-4,-2,4,MA系／ガンダム00
4064,ガランシェール,0,1000,30,42,100,950,112,170,170,110,120,130,100,－,ＬＬ,76,55600,-5,-4,2,2,艦船系／ジオン・ネオジオン軍・ザフト
4065,GPB仕様ブルーディスティニー,0,320,32,78,52,390,18,50,0,50,0,0,1,－,Ｍ,38,12870,3,-5,0,-2,MS系／ガンダム系
4066,リゼル・アタッカー,0,403,50,114,66,345,20,270,290,320,320,320,10,－,Ｍ,44,40780,2,-3,2,-5,MS系／連邦軍・ティターンズ・地球連合
4067,リゼル・アタッカー(WR) ,1,403,50,120,66,345,20,270,290,320,320,320,10,－,Ｍ,44,0,-5,-5,3,3,MA系／連邦軍・ティターンズ・地球連合
4068,プロト・スタークジェガン,0,400,48,98,89,443,19,185,200,175,185,165,30,－,Ｍ,35,29140,2,-3,2,-5,MS系／ジム系／連邦軍・ティターンズ・地球連合／ZZ/CCA-MSV
4069,テンザン専用ガーリオン・カスタム,0,455,50,88,70,460,20,280,280,260,260,270,10,－,Ｍ,52,33400,3,-6,3,2,その他／バンプレストオリジナル／専用機
4070,アルケードライ,0,432,45,91,74,430,20,300,300,200,300,200,1,－,Ｍ,42,28600,1,-3,1,1,MS系／ガンダム系／ガンダム00
4071,ラ號,0,1500,30,28,120,900,100,270,270,400,200,200,400,－,ＬＬ,90,55000,-1,0,1,1,艦船系／スパロボシリーズ
4072,ラインバレル・オーバーライド,0,560,32,94,103,300,21,200,200,350,300,300,140,強4,Ｍ,56,78400,3,-4,0,0,その他／スパロボシリーズ
4073,アクシオ,0,320,28,55,45,390,18,180,180,100,100,100,1,－,Ｍ,25,5100,3,-2,0,-4,その他／バンプレストオリジナル／量産機
4074,アリエティス,0,700,55,82,60,600,32,400,400,250,250,200,100,NT5,Ｌ,63,28000,2,-2,2,3,その他／バンプレストオリジナル
4075,パールネイル,0,585,40,90,70,550,22,350,350,200,200,180,70,－,Ｍ,52,40000,1,-2,4,3,その他／バンプレストオリジナル
4076,エメラルダン,0,720,72,67,35,550,58,380,380,350,0,0,20,－,Ｌ,63,52000,2,-2,3,2,その他／バンプレストオリジナル
4077,エクストリームガンダム,0,580,42,110,80,600,20,500,500,400,400,400,250,強7,Ｍ,60,92000,3,-2,4,0,MS系／ガンダム系／オリジナル系
4078,エクストリームガンダム(CP),0,620,52,85,100,600,20,500,500,400,500,500,50,強7,Ｍ,62,96500,2,-4,2,-2,MS系／ガンダム系／オリジナル系
4079,エクストリームガンダム(SP),0,580,42,110,80,600,20,500,500,400,400,400,50,強7,Ｍ,62,92000,3,-2,4,0,MS系／ガンダム系／オリジナル系
4080,リヴァースガンダム,0,510,50,105,92,520,24,480,480,480,480,480,100,NT6,Ｍ,49,65200,0,-4,4,2,MS系／ガンダム系／ガンダム00
4081,機雷散布ポッド装備仕様ボール,0,125,15,28,45,175,9,0,0,0,10,0,1,－,Ｓ,15,3390,-4,-4,2,-3,その他／連邦軍・ティターンズ・地球連合／MSV(モビルスーツバリエーション)
4082,リヒト・ナイチンゲール,0,580,53,104,95,610,27,350,350,350,350,350,100,NT6,Ｍ,68,68800,-3,-5,3,-5,MS系／ジオン・ネオジオン軍・ザフト／オリジナル系
4083,GPB仕様イージスガンダム,0,410,38,71,80,460,30,280,300,130,80,140,50,強5,Ｍ,45,13500,3,-4,4,3,MS系／ガンダム系
4084,マミ,0,60,10,50,80,200,12,300,300,300,300,300,200,強5,ＳＳ,25,290000,3,-5,-5,-1,人系
4085,グルーン・エルダグライン,0,540,45,72,55,500,20,200,200,200,180,180,50,－,Ｍ,60,40000,4,-1,2,0,その他／ファイブスター物語
4086,マーダル専用人馬兵,0,550,95,32,42,400,20,220,220,270,220,150,30,－,Ｍ,54,182000,6,-2,-4,-2,その他／スパロボシリーズ／専用機
4087,ノーベルガンダム(BSM) ,1,431,41,105,75,406,16,240,100,200,150,200,50,強5,Ｍ,53,0,3,0,2,-3,MS系／ガンダム系／機動武闘伝Gガンダム
4088,旧ザクスピード,0,202,15,36,40,175,10,20,20,10,0,0,20,－,Ｍ,18,4050,0,-4,2,2,MS系／ザク系／ジオン・ネオジオン軍・ザフト
4089,旧ザクスピード(MA) ,1,202,15,36,40,175,10,20,20,10,0,0,20,－,Ｍ,18,0,-3,-4,3,3,MA系／ザク系／ジオン・ネオジオン軍・ザフト
4090,ミサイル装備仕様ウィンダム,0,392,35,79,68,466,18,0,160,80,80,0,10,－,Ｍ,32,12210,-3,-3,2,0,MS系／連邦軍・ティターンズ・地球連合／ガンダムSEED DESTINY
4091,デルフィング(第四形態),0,350,50,80,78,325,20,400,300,450,250,100,50,－,Ｓ,57,68800,5,-3,-5,-5,その他
4092,デルフィング(第五形態),0,400,28,98,78,350,30,400,300,450,250,100,50,－,Ｓ,58,68800,5,-3,-5,-5,その他
4093,マサカド,0,468,40,103,84,454,20,390,400,400,270,270,70,－,Ｍ,45,30400,1,-4,2,1,MS系／ガンダム00／オリジナル系
4094,マサカド(MA) ,1,468,40,72,84,454,20,390,400,400,270,270,70,－,Ｍ,45,0,-3,-4,3,2,MA系／ガンダム00／オリジナル系
4095,ほむら,0,65,10,55,90,200,12,300,300,300,300,300,200,強5,ＳＳ,27,290000,3,-5,-5,-1,人系
4096,レッドインパルス,0,340,36,83,55,240,10,70,250,20,20,20,5,－,Ｓ,30,12000,-5,-5,4,5,車輌・戦闘機系／スパロボシリーズ
4097,ラムズゴック,0,288,28,52,42,278,16,0,0,95,95,0,20,－,Ｍ,29,7920,2,3,-5,-3,MS系／ジオン・ネオジオン軍・ザフト／MSV(モビルスーツバリエーション)
4098,カキツバタ,0,914,50,34,95,770,200,270,270,200,200,200,100,－,ＬＬ,97,311600,-6,0,2,1,艦船系／スパロボシリーズ
4099,大戦艦,0,1200,8,5,160,600,100,270,270,200,200,200,50,－,ＬＬ,68,146000,-6,0,1,1,艦船系／スパロボシリーズ／量産機
4100,ビギニング30,0,512,50,106,64,615,18,330,330,330,330,0,120,－,Ｍ,54,40300,2,0,3,2,MS系／ガンダム系
4101,ア・バオア・クー戦仕様高機動型ゲルググ,0,355,30,74,54,397,19,0,145,125,125,0,5,－,Ｍ,36,8640,1,-3,3,-4,MS系／ジオン・ネオジオン軍・ザフト／MSV(モビルスーツバリエーション)／ゲルググ系
4102,ビグ・ルフ,0,442,28,96,60,432,24,175,175,160,0,0,10,－,Ｌ,42,18180,-5,-5,3,-5,MA系／ジオン・ネオジオン軍・ザフト／MSV(モビルスーツバリエーション)
4103,ガンナーガンダム,0,250,25,50,58,225,18,130,130,130,160,90,10,－,Ｍ,23,11400,2,-1,2,-1,MS系／ガンダム系／連邦軍・ティターンズ・地球連合／MSV(モビルスーツバリエーション)
4104,テッカマン,0,410,40,85,50,460,10,200,200,200,0,200,10,強3,ＳＳ,40,92000,2,-5,5,2,人系／スパロボシリーズ
4105,ジェミー仕様プテラスボマー,0,330,32,72,68,380,15,140,155,130,65,30,20,－,Ｓ,35,6300,1,-5,-4,3,その他／ゾイドシリーズ／専用機
4106,G4号,0,360,45,44,50,320,10,140,140,145,158,160,10,－,Ｓ,31,6150,2,2,2,-4,車輌・戦闘機系／スパロボシリーズ
4107,G3号,0,250,26,60,50,275,10,143,144,149,157,160,10,－,ＳＳ,26,6150,4,-2,0,-5,車輌・戦闘機系／スパロボシリーズ
4108,G2号,0,380,36,56,50,320,10,147,154,150,168,160,10,－,Ｓ,32,6150,4,-5,-5,-5,車輌・戦闘機系／スパロボシリーズ
4109,G1号,0,350,34,72,50,320,10,151,148,150,170,160,10,－,Ｍ,32,6150,-5,-2,0,4,車輌・戦闘機系／スパロボシリーズ
4110,エクシアリペアIII,0,456,43,90,76,534,18,190,190,180,200,100,20,－,Ｍ,48,19560,2,-3,2,2,MS系／ガンダム系／ガンダム00
4111,ネメシス隊仕様ジム・ストライカー,0,308,30,59,55,330,18,50,50,50,30,10,30,－,Ｍ,32,8040,3,-3,-5,-4,MS系／ジム系／連邦軍・ティターンズ・地球連合
4112,ネメシス隊仕様ストライカー・カスタム,0,325,28,81,42,300,18,320,320,300,10,10,50,－,Ｍ,30,6600,4,-3,2,-1,MS系／ガンダム系／連邦軍・ティターンズ・地球連合
4113,レ・ディウス,0,600,42,70,50,700,30,300,300,200,200,200,100,強5,Ｌ,55,64000,0,0,3,3,その他／スパロボシリーズ
4114,ザイン,0,360,28,95,60,420,28,250,250,180,150,150,20,NT2,Ｍ,35,18000,3,-2,0,-2,その他／バンプレストオリジナル
4115,ファルク,0,340,24,80,72,450,28,250,250,100,180,150,30,NT2,Ｍ,35,18000,2,2,0,-4,その他／バンプレストオリジナル
4116,ディンフォース,0,410,32,72,70,250,30,250,250,200,120,100,30,NT2,Ｍ,35,18000,4,-4,0,-2,その他／バンプレストオリジナル
4117,ラファエルドミニオンズ,0,424,50,85,76,520,25,450,500,300,450,450,50,－,Ｍ,45,29200,2,-5,4,2,MS系／ガンダム系／ガンダム00
4118,ケルディムストーム,0,423,43,90,74,430,24,300,300,0,300,300,10,－,Ｍ,41,19800,2,-4,2,1,MS系／ガンダム系／ガンダム00
4119,ガンキャノン重装型タイプD,0,352,50,52,68,390,18,0,0,0,0,130,10,－,Ｍ,27,11130,2,-3,2,-4,MS系／連邦軍・ティターンズ・地球連合／MSV(モビルスーツバリエーション)
4120,さやか,0,60,15,52,70,200,12,300,300,300,300,300,200,強5,ＳＳ,24,290000,3,-5,-5,-1,人系
4121,杏子,0,60,10,53,70,200,12,300,300,300,300,300,200,強5,ＳＳ,26,290000,3,-5,-5,-1,人系
4122,アルトロンガンダム改・改,0,495,48,93,71,698,16,250,230,220,220,210,90,－,Ｍ,55,32920,1,0,3,0,MS系／ガンダム系／新機動戦記ガンダムW
4123,陸戦仕様AEUヘリオン,0,280,22,45,40,297,15,50,50,60,60,0,1,－,Ｍ,27,5970,3,-4,-5,-5,MS系／ガンダム00
4124,ガンダムAGE-1,0,432,45,77,58,509,18,150,150,130,130,0,90,－,Ｍ,41,13350,2,-1,2,-3,MS系／ガンダム系／ガンダムAGE
4125,ズロン,0,500,45,80,45,490,25,190,180,160,160,140,30,NT3,Ｍ,65,21400,-5,-2,0,6,その他／スパロボシリーズ／量産機
4126,アグリッサ・タイプ7,0,496,38,45,80,442,35,50,50,200,80,0,10,－,Ｍ,40,31000,0,-4,0,3,MA系／ガンダム00
4127,アグリッサ・タイプ7(展開形態) ,1,496,38,45,80,442,35,50,50,200,80,0,10,－,Ｌ,40,0,1,-4,0,2,MA系／ガンダム00
4128,ヤクト・ズール,0,500,40,100,70,390,24,90,165,140,175,90,40,NT3,Ｍ,43,16200,0,-1,1,0,MS系／ザク系／ジオン・ネオジオン軍・ザフト
4129,エクストリームガンダム(IP),0,580,47,92,100,700,20,500,500,500,500,500,50,強7,Ｍ,62,96500,2,-2,4,2,MS系／ガンダム系／オリジナル系
4130,トリニティライガー,0,550,30,120,95,480,20,300,300,350,200,200,250,－,Ｍ,61,110000,6,-3,-5,1,ゾイドシリーズ
4131,AGE-1タイタス,0,432,45,73,58,509,17,150,150,170,100,0,50,－,Ｍ,44,13350,2,-1,2,-3,MS系／ガンダム系／ガンダムAGE
4132,AGE-1スパロー,0,432,35,106,58,509,13,180,180,120,120,0,20,－,Ｍ,44,13350,2,-1,2,-3,MS系／ガンダム系／ガンダムAGE
4133,105スローターダガー,0,345,30,65,55,403,18,0,170,90,90,0,5,－,Ｍ,36,8220,1,0,2,1,MS系／連邦軍・ティターンズ・地球連合／ガンダムSEED ASTRAY、MSV
4134,サキブレ,0,455,43,89,71,430,20,200,200,200,200,200,40,－,Ｍ,42,28000,0,-4,3,0,MS系／ガンダム00／量産機
4135,ヴォルケイン,0,680,54,60,72,530,20,250,280,300,200,300,50,強5,Ｍ,61,76000,4,-4,-4,0,その他／スパロボシリーズ
4136,パーフェクトストライク,0,453,45,84,70,552,30,200,220,200,200,80,110,強5,Ｍ,43,19890,3,-2,3,2,MS系／ガンダム系／連邦軍・ティターンズ・地球連合／ガンダムSEED
4137,メタビー,0,82,10,28,35,250,10,300,300,300,300,300,50,－,ＳＳ,15,13500,4,-2,0,-2,その他
4138,ロクショウ,0,100,8,40,25,250,10,300,300,300,300,300,1,－,ＳＳ,16,13500,4,-2,0,-2,その他
4139,ジェノアス,0,292,23,56,50,348,18,60,60,65,65,0,10,－,Ｍ,30,7020,2,-3,2,-4,MS系／ガンダムAGE／量産機
4140,ジェノアスカスタム,0,316,28,66,55,363,18,160,160,65,95,0,10,－,Ｍ,33,8010,2,-3,2,-4,MS系／専用機／ガンダムAGE
4141,Gエグゼス,0,403,33,86,60,393,18,180,180,95,125,40,80,－,Ｍ,39,8940,2,-3,2,-4,MS系／専用機／ガンダムAGE
4142,ガフラン,0,378,31,66,70,393,19,200,180,115,120,90,70,－,Ｍ,38,8430,2,-3,2,-4,MS系／ガンダムAGE／量産機
4143,ガフラン(ドラゴン形態) ,1,378,31,66,70,393,19,200,180,115,120,90,70,－,Ｍ,38,0,0,-6,2,2,MA系／ガンダムAGE／量産機
4144,バクト,0,400,42,73,70,408,19,210,190,125,130,100,10,－,Ｍ,35,12210,2,-3,2,-4,MS系／ガンダムAGE／量産機
4145,バクト(ドラゴン形態) ,1,400,42,73,70,408,19,210,190,125,130,100,10,－,Ｍ,35,0,0,-6,2,2,MA系／ガンダムAGE／量産機
4146,ゼダス,0,473,41,96,70,445,19,230,190,125,130,100,40,NT1,Ｍ,45,14760,2,-3,2,-4,MS系／ガンダムAGE
4147,ゼダス(MA) ,1,473,41,96,70,445,19,230,190,125,130,100,40,NT1,Ｍ,45,0,0,-6,2,2,MA系／ガンダムAGE
4148,ガンダムAGE-2,0,458,48,98,70,550,18,160,160,165,130,100,50,－,Ｍ,49,28600,2,-3,2,-4,MS系／ガンダム系／ガンダムAGE
4149,ガンダムAGE-2(MA) ,1,458,46,105,70,550,18,160,160,165,130,100,50,－,Ｍ,49,0,-5,-5,3,3,MA系／ガンダム系／ガンダムAGE
4150,デスペラード,0,254,19,28,40,305,18,10,10,55,0,0,10,－,Ｍ,27,3840,1,-4,-5,-5,MS系／ガンダムAGE／量産機
4151,FAユニコーン・アーリータイプ,0,592,70,144,82,383,21,290,260,240,250,240,50,NT7,Ｍ,67,182000,3,-2,3,-5,MS系／ガンダム系／連邦軍・ティターンズ・地球連合／ガンダムUC
4152,ゼダスR,0,426,46,85,73,345,19,245,200,130,140,110,60,NT2,Ｍ,38,9600,2,-4,2,-2,MS系／ガンダムAGE
4153,ゼダスR(MA) ,1,426,42,90,52,345,19,245,200,130,140,110,60,NT2,Ｍ,38,0,0,-6,3,3,MA系／ガンダムAGE
4154,ジン・インサージェント,0,288,23,45,50,318,21,70,90,70,50,20,5,強1,Ｍ,29,6180,2,-3,2,-4,MS系／ジオン・ネオジオン軍・ザフト／ガンダムSEED
4155,鉄機武者鋼丸・剛,0,530,55,100,88,480,17,210,200,180,200,150,100,NT1,Ｍ,48,12600,1,-5,4,0,MS系／ガンダム系
4156,鉄機武者鋼丸・剛(RF) ,1,530,50,110,88,480,17,210,200,180,200,150,100,NT1,Ｍ,48,0,1,-5,4,0,MS系／ガンダム系
4157,目牙守羽多 ,1,530,45,100,88,480,15,210,200,180,200,150,100,NT2,Ｍ,48,0,-5,-5,5,2,MA系／ガンダム系
4158,ギガナックル仕様ビギニングガンダム,0,400,35,86,53,370,24,130,130,130,130,0,40,－,Ｍ,37,18000,1,-5,3,3,MS系／ガンダム系
4159,高機動仕様ドライセン,0,396,48,100,54,447,22,110,115,70,50,120,20,－,Ｍ,33,21400,2,-3,2,-4,MS系／ジオン・ネオジオン軍・ザフト／ドム系／オリジナル系
4160,ファルシア,0,464,40,113,70,445,19,230,190,125,150,120,140,NT2,Ｍ,46,14520,-5,-5,3,-5,MS系／ガンダムAGE
4161,プルトーネブラック,0,388,40,74,74,415,18,180,180,0,180,180,10,－,Ｍ,40,13230,1,-4,3,1,MS系／ガンダム系／ガンダム00
4162,ザク・アーティラリー,0,465,21,38,60,480,14,90,100,190,150,190,30,－,Ｍ,39,52000,2,-5,1,-4,MS系／ザク系
4163,バイアラン・カスタム,0,448,52,122,68,496,20,200,220,240,240,100,80,－,Ｍ,39,52900,-1,-6,3,3,MS系／連邦軍・ティターンズ・地球連合／ガンダムUC
4164,ニコラエフ,0,300,40,44,40,200,15,110,110,60,80,0,1,－,Ｍ,19,5400,4,-4,-5,-5,その他／スパロボシリーズ／量産機
4165,スーパーZZガンダム,0,500,62,80,95,580,30,230,220,210,210,220,120,NT4,Ｍ,66,19500,0,-3,3,0,MS系／ガンダム系
4166,ドラド,0,378,40,73,70,325,19,200,180,115,120,90,40,－,Ｍ,35,5850,3,-4,2,-4,MS系／ガンダムAGE
4167,ガルスK,0,400,43,67,54,425,19,90,125,40,110,0,5,－,Ｍ,39,8790,2,-3,2,-4,MS系／ジオン・ネオジオン軍・ザフト／機動戦士ガンダムZZ
4168,シャルドール改,0,318,35,68,50,320,18,170,170,95,95,40,5,－,Ｍ,31,4950,1,-4,-5,-4,MS系／ガンダムAGE
4169,アデル,0,378,42,74,66,315,18,160,160,140,140,140,90,－,Ｍ,34,5910,2,-2,2,-4,MS系／ガンダムAGE／量産機
4170,ディーヴァ仕様アデル,0,378,42,74,66,315,18,160,160,140,140,140,10,－,Ｍ,34,5910,2,-2,2,-4,MS系／ガンダムAGE
4171,ディーヴァ仕様アデルスパロー,0,378,36,100,66,315,12,190,190,140,140,0,70,－,Ｍ,36,6270,3,-1,3,-4,MS系／ガンダムAGE
4172,ディーヴァ仕様アデルタイタス,0,378,46,62,66,315,12,190,190,140,140,0,10,－,Ｍ,36,6270,3,-1,3,-4,MS系／ガンダムAGE
4173,ブラスタEs,0,450,48,95,82,470,18,180,180,180,180,180,20,－,Ｍ,32,5700,2,-5,4,4,その他／バンプレストオリジナル
4174,リ・ブラスタB,0,575,52,120,97,490,19,300,300,200,300,300,120,－,Ｍ,55,13500,1,-5,5,4,その他／バンプレストオリジナル
4175,リ・ブラスタR,0,625,68,95,92,490,24,300,300,300,200,200,120,－,Ｍ,55,13500,3,-5,3,3,その他／バンプレストオリジナル
4176,パールファング,0,625,40,95,70,600,22,380,380,250,250,250,90,－,Ｍ,57,64000,1,-2,3,4,その他／バンプレストオリジナル
4177,サフィアーダ,0,750,72,76,42,650,58,380,380,350,0,0,50,－,Ｌ,67,64000,2,-2,3,2,その他／バンプレストオリジナル
4178,ディアムド,0,700,60,92,60,600,63,400,400,400,400,400,100,－,Ｌ,70,76000,4,-2,4,1,その他／バンプレストオリジナル
4179,ジ・インサー,0,900,80,60,75,1000,110,700,700,500,500,500,200,NT5,Ｌ,90,110000,3,-2,2,0,その他／バンプレストオリジナル
4180,量産仕様ジンクスIV,0,448,44,88,68,636,19,300,300,300,300,300,30,－,Ｍ,41,20080,1,-3,1,1,MS系／ガンダム00／量産機
4181,ダブルオーザンライザーSS,0,524,53,115,82,742,18,400,400,400,400,400,100,－,Ｍ,70,147260,2,-3,3,3,MS系／ガンダム系／ガンダム00
4182,ニャル子,0,80,15,54,72,400,12,300,700,300,300,300,500,NT7,ＳＳ,24,620000,3,-3,-5,-4,人系
4183,サザーランド・ジーク,0,630,48,90,60,530,25,270,300,350,300,300,250,強5,Ｍ,53,92000,-5,-4,-5,4,その他／コードギアス
4184,バンシィ,0,576,70,144,82,567,19,290,260,240,250,240,270,強5,Ｍ,64,133220,3,-2,2,-4,MS系／ガンダム系／連邦軍・ティターンズ・地球連合／ガンダムUC
4185,バンシィ(DM) ,1,576,70,144,82,340,21,290,260,240,250,240,270,強5,Ｍ,64,0,4,-2,3,-4,MS系／ガンダム系／連邦軍・ティターンズ・地球連合／ガンダムUC
4186,ガンダムAGE-3,0,498,52,94,70,636,19,185,185,150,190,110,60,－,Ｍ,59,28720,2,-3,2,0,MS系／ガンダム系／ガンダムAGE
4187,シャンブロ,0,848,70,78,90,700,31,300,350,390,300,100,300,NT5,Ｌ,69,149630,4,4,-6,-5,MA系／ジオン・ネオジオン軍・ザフト／ガンダムUC
4188,ジェスタ・ストライカー,0,440,45,68,58,430,18,150,175,290,100,100,40,－,Ｍ,43,18300,1,-5,2,0,MS系／ジム系
4189,ウォクス・アウラ,0,500,38,88,65,500,17,280,230,250,230,150,100,NT5,Ｍ,49,40000,4,0,4,4,その他／スパロボシリーズ
4190,ウォクス・アウラ(P) ,1,500,38,99,55,500,17,280,230,250,230,150,100,NT5,Ｍ,49,0,-6,0,5,5,スパロボシリーズ／車輌・戦闘機系
4191,AGE-1フラット,0,498,50,90,72,630,18,150,150,130,130,0,100,－,Ｍ,53,18610,2,-4,3,-4,MS系／ガンダム系／ガンダムAGE
4192,フェイト(LF),0,158,17,82,60,560,10,500,500,500,300,0,400,－,ＳＳ,55,740000,2,-4,-3,3,人系
4193,フェイト(SF) ,1,158,12,96,60,560,10,500,500,500,300,0,400,－,ＳＳ,55,0,2,-4,-3,3,人系
4194,巡洋艦ムラサメ,0,550,5,20,120,500,80,200,250,200,200,200,40,－,ＬＬ,42,13800,-3,-4,2,-3,艦船系／スパロボシリーズ／量産機
4195,ケルカピア,0,570,10,25,90,500,80,200,200,200,200,200,45,－,ＬＬ,42,13500,-5,-5,2,-5,艦船系／スパロボシリーズ／量産機
4196,継衛,0,425,32,75,55,500,20,400,400,250,250,250,100,－,Ｍ,34,6000,0,-2,4,-5,その他／スパロボシリーズ
4197,レプリガイガー,0,320,55,60,60,500,10,200,200,170,170,170,20,強3,Ｍ,35,13500,2,-1,0,1,その他／勇者・エルドランシリーズ
4198,レプリスターガオガイガー,0,680,75,55,60,630,30,290,290,260,260,260,300,強4,Ｌ,65,92000,2,-1,2,3,その他／勇者・エルドランシリーズ
4199,パルパレーパ・プラス,0,720,80,65,70,630,30,350,350,300,300,300,280,強5,Ｌ,80,110000,3,0,3,3,その他／勇者・エルドランシリーズ
4200,クロスボーン・ガンダムX0,0,430,50,110,100,450,30,330,310,260,270,230,70,－,Ｍ,54,28000,-2,-4,5,0,MS系／ガンダム系／機動戦士クロスボーンガンダム
4201,パルパレーパ・プラジュナー,0,800,75,60,70,800,30,400,400,400,300,200,300,強7,Ｌ,77,137000,3,0,3,3,その他／勇者・エルドランシリーズ
4202,ピア・デケム・ピット,0,1000,70,50,70,800,40,400,470,400,400,400,300,強7,ＬＬ,85,200000,-3,-3,3,3,艦船系／勇者・エルドランシリーズ
4203,ピア・デケム・ピーク ,1,1000,80,40,70,800,40,400,470,400,400,400,300,強7,ＬＬ,85,0,1,-3,1,1,その他／勇者・エルドランシリーズ
4204,EW仕様ガンダムエピオン,0,548,55,113,84,678,17,250,240,230,240,210,150,強5,Ｍ,64,78340,2,-2,3,1,MS系／ガンダム系／新機動戦記ガンダムW
4205,EW仕様ガンダムエピオン(MA) ,1,548,55,118,84,678,17,250,240,230,240,210,150,強5,Ｍ,64,0,-5,-5,3,3,MA系／ガンダム系／新機動戦記ガンダムW
4206,クリピテラ,0,510,10,22,90,400,80,200,200,200,200,200,40,－,ＬＬ,37,12300,-5,-5,3,-5,艦船系／スパロボシリーズ／量産機
4207,レッドノア,0,2256,78,63,114,1400,80,100,100,200,900,900,430,－,ＸＬ,143,243200,-5,-5,1,1,艦船系／スパロボシリーズ
4208,アサルトアッシマー,0,425,40,76,55,390,20,150,150,190,190,0,80,－,Ｍ,38,9690,2,-5,2,-3,MS系
4209,アサルトアッシマー(MA) ,1,425,40,78,35,390,20,150,150,190,190,0,80,－,Ｍ,38,0,-5,-5,-4,4,MA系
4210,アダム,0,1200,35,80,80,600,50,600,600,600,600,800,600,－,ＬＬ,122,740000,3,-4,3,3,その他／新世紀エヴァンゲリオン
4211,サキエル,0,900,25,46,80,600,40,900,900,600,600,800,200,－,ＬＬ,120,740000,3,-4,0,-4,その他／新世紀エヴァンゲリオン
4212,シャムシエル,0,1100,33,54,80,600,40,900,900,600,600,800,200,－,ＬＬ,134,740000,1,-3,0,2,その他／新世紀エヴァンゲリオン
4213,ラミエル,0,1400,40,12,100,600,40,600,600,600,600,800,600,－,ＬＬ,174,740000,0,-5,0,4,その他／新世紀エヴァンゲリオン
4214,バルディエル,0,568,33,58,80,600,80,600,600,600,600,800,600,－,Ｌ,114,740000,3,-1,2,0,その他／新世紀エヴァンゲリオン
4215,エヴァンゲリオンMark.06,0,620,55,90,80,700,80,600,800,600,600,600,400,－,Ｌ,136,764000,3,-1,3,3,その他／新世紀エヴァンゲリオン
4216,八九式中戦車,0,57,2,13,40,140,25,0,30,30,30,0,60,－,Ｓ,9,5787,2,-6,-6,-5,スパロボシリーズ／車輌・戦闘機系／量産機
4217,M3リー,0,56,5,21,40,193,31,0,30,30,30,0,1,－,Ｓ,12,5823,2,-6,-6,-5,スパロボシリーズ／車輌・戦闘機系／量産機
4218,III号突撃砲,0,63,8,20,40,165,21,0,30,30,30,0,1,－,Ｓ,11,5829,2,-6,-6,-5,スパロボシリーズ／車輌・戦闘機系／量産機
4219,38(t)戦車,0,46,3,21,40,250,24,0,30,30,30,0,1,－,Ｓ,13,5817,2,-6,-6,-5,スパロボシリーズ／車輌・戦闘機系／量産機
4220,IV号戦車,0,59,4,20,40,200,26,0,30,30,30,0,1,－,Ｓ,12,5817,2,-6,-6,-5,スパロボシリーズ／車輌・戦闘機系／量産機
4221,AGE-2ダブルバレット,0,435,48,85,70,363,19,160,160,165,130,100,50,－,Ｍ,40,12960,2,-4,2,-4,MS系／ガンダム系／ガンダムAGE
4222,AGE-2ダブルバレット(MA) ,1,435,43,68,70,363,19,160,160,165,130,100,50,－,Ｍ,40,0,-5,-5,3,2,MA系／ガンダム系／ガンダムAGE
4223,AGE-2フルアームド,0,435,48,85,70,363,19,160,160,165,130,100,30,－,Ｍ,41,13260,2,-4,2,-4,MS系／ガンダム系／ガンダムAGE
4224,AGE-2フルアームド(MA) ,1,435,43,68,70,363,19,160,160,165,130,100,30,－,Ｍ,41,0,-5,-5,3,2,MA系／ガンダム系／ガンダムAGE
4225,イージスガンダム(MA) ,1,410,35,70,80,425,30,280,300,130,80,140,60,強5,Ｍ,44,0,-5,-4,4,-5,MA系／ガンダム系／ジオン・ネオジオン軍・ザフト／ガンダムSEED
4226,ビルトラプター・シュナーベル,0,395,45,100,60,400,18,200,250,250,225,225,60,－,Ｍ,52,32200,3,-4,1,1,その他／バンプレストオリジナル
4227,ビルトラプター・シュナーベル(FM) ,1,395,45,110,50,400,18,200,250,250,225,225,60,－,Ｍ,52,0,-3,-4,3,4,その他／バンプレストオリジナル
4228,ディーヴァ,0,1350,36,28,150,1000,100,270,170,130,150,260,350,－,ＬＬ,94,259400,-5,-4,3,2,艦船系／ガンダムAGE
4229,ディーヴァ(AM) ,1,1350,36,28,180,1000,100,270,170,130,150,260,350,－,ＬＬ,94,0,-5,-4,3,2,艦船系／ガンダムAGE
4230,ダイテツジン,0,900,50,60,80,800,36,300,300,200,300,250,200,－,Ｌ,108,170030,2,-4,2,3,その他／スパロボシリーズ
4231,ダイマジン,0,840,46,70,80,800,30,300,300,200,300,250,200,－,Ｌ,70,170030,2,-4,2,3,その他／スパロボシリーズ
4232,デンジン,0,610,50,50,70,600,20,290,290,250,250,250,60,－,Ｌ,60,52000,2,-4,2,1,その他／スパロボシリーズ
4233,ラゴゥ(MA) ,1,365,26,71,50,340,11,250,250,130,50,50,30,強3,Ｍ,34,0,5,-5,-6,-5,MS系／ジオン・ネオジオン軍・ザフト／ガンダムSEED／量産機
4234,スーパーバスターガンダム,0,490,45,52,92,410,25,200,220,60,100,140,120,強5,Ｍ,48,13500,2,-2,3,0,MS系／ガンダム系／ジオン・ネオジオン軍・ザフト／ガンダムSEED
4235,袖付き仕様ガザD,0,345,30,74,55,340,17,80,120,90,95,0,5,－,Ｍ,35,8730,2,-4,2,-4,MS系／ジオン・ネオジオン軍・ザフト／ガンダムUC
4236,袖付き仕様ガザD(MA) ,1,345,30,80,55,340,17,80,120,90,95,0,5,－,Ｍ,35,0,-5,-5,3,2,MA系／ジオン・ネオジオン軍・ザフト／ガンダムUC
4237,ジム・フルバーニアンカスタム,0,345,27,67,58,265,10,0,0,40,40,0,1,－,Ｍ,29,11400,1,-5,5,-4,MS系／ジム系／連邦軍・ティターンズ・地球連合／オリジナル系
4238,ロト(MA) ,1,377,39,94,50,425,12,270,290,320,320,320,5,－,Ｍ,39,0,3,-4,-3,-5,MA系／連邦軍・ティターンズ・地球連合／ガンダムUC／量産機
4239,デルタカイ,0,480,60,129,80,496,19,270,290,320,320,320,250,－,Ｍ,52,68260,2,-4,2,-4,MS系／連邦軍・ティターンズ・地球連合／ガンダムUC
4240,デルタカイ(WR) ,1,480,60,135,80,496,19,270,290,320,320,320,250,－,Ｍ,52,0,-6,-6,4,4,MA系／連邦軍・ティターンズ・地球連合／ガンダムUC
4241,イフリート・シュナイド,0,305,35,62,58,325,16,120,0,130,100,0,30,－,Ｍ,30,10980,3,-5,-4,-4,MS系／ジオン・ネオジオン軍・ザフト／ガンダムUC
4242,袖付き仕様デザート・ゲルググ,0,384,32,70,60,354,19,0,90,0,120,120,5,－,Ｍ,33,12360,3,-3,-5,-4,MS系／ジオン・ネオジオン軍・ザフト／ゲルググ系／ガンダムUC
4243,ジオン残党軍仕様マラサイ,0,390,39,78,60,408,17,145,145,145,145,0,30,－,Ｍ,36,13800,2,-3,2,-4,MS系／連邦軍・ティターンズ・地球連合／ガンダムUC
4244,ジムII・セミストライカー,0,344,35,63,59,340,18,0,0,75,75,0,20,－,Ｍ,31,8640,2,-3,2,-4,MS系／ジム系／連邦軍・ティターンズ・地球連合／ガンダムUC
4245,GPB仕様ジ・O,0,630,47,88,92,600,35,240,200,200,200,200,20,NT3,Ｍ,56,155180,1,-5,4,-2,MS系
4246,ビギニングJガンダム,0,400,35,86,53,370,24,130,130,150,110,0,50,－,Ｍ,39,28000,1,-5,3,3,MS系／ガンダム系
4247,ビギニングJガンダムBC爆熱烈火,0,520,40,108,68,436,24,230,230,250,210,0,140,－,Ｍ,45,40000,3,-5,3,3,MS系／ガンダム系
4248,ビギニングDガンダム,0,400,35,86,53,370,24,130,130,140,140,0,50,－,Ｍ,39,28000,1,-5,3,3,MS系／ガンダム系
4249,アーマードガンダムX,0,500,52,90,60,470,40,250,240,230,240,210,50,NT5,Ｍ,47,18000,0,-3,2,2,MS系／ガンダム系／オリジナル系
4250,アッシュ,0,450,57,87,80,500,19,500,500,350,350,350,120,NT5,Ｍ,65,44200,3,2,4,0,その他／バンプレストオリジナル
4251,Gバンカラン,0,700,87,48,60,600,45,180,180,500,0,0,80,－,Ｌ,58,80390,5,-2,0,-4,その他／バンプレストオリジナル
4252,エクサランス・レスキュー,0,740,66,83,77,620,22,300,300,280,280,280,70,－,Ｍ,62,170030,3,-1,3,-1,その他／バンプレストオリジナル
4253,ガルベルス(G),0,900,90,60,50,720,57,550,400,550,400,400,180,－,Ｌ,74,146000,3,-4,3,1,その他／バンプレストオリジナル
4254,ガルベルス(C) ,1,900,90,40,80,720,57,550,400,400,400,550,80,－,Ｌ,74,0,3,-4,3,1,その他／バンプレストオリジナル
4255,アレス・ガイスト,0,810,100,48,64,700,35,500,500,450,300,300,300,強7,Ｌ,72,146000,4,-5,2,0,その他／バンプレストオリジナル
4256,AGE-1キャノン,0,432,45,77,58,509,18,150,150,130,130,0,50,－,Ｍ,44,13650,2,-1,2,-5,MS系／ガンダム系／ガンダムAGE
4257,作業用MS,0,115,12,23,40,160,8,0,0,10,0,0,5,－,Ｓ,12,1500,-5,-4,1,-4,MS系／ガンダムAGE／量産機
4258,ギラ・ドーガ・クラッシャー,0,350,38,78,80,350,18,0,175,220,170,170,40,－,Ｍ,43,19080,1,-5,2,-1,MS系／ザク系
4259,スターゲイザー・コルレオーネ,0,454,43,98,80,466,18,200,250,200,200,0,30,－,Ｍ,37,16440,0,-5,4,-1,MS系／ガンダム系
4260,スペースウルフ,0,180,5,65,70,200,10,55,60,90,50,50,1,－,Ｍ,19,1800,-4,-5,3,3,スパロボシリーズ／車輌・戦闘機系
4261,ハーロック専用スペースウルフ,0,180,5,68,72,200,10,55,60,90,50,50,1,－,Ｍ,20,4200,-4,-5,4,4,スパロボシリーズ／車輌・戦闘機系
4262,バラライカ,0,398,59,42,60,250,20,190,190,200,200,200,30,－,Ｍ,28,8400,3,-3,-2,2,その他／マブラヴ
4263,量産型ジンライ,0,520,56,78,50,440,45,300,300,250,180,180,30,－,Ｌ,44,19200,2,-2,-2,-3,その他／バンプレストオリジナル／量産機
4264,ジンライ,0,580,64,95,50,560,45,400,400,350,180,180,70,－,Ｌ,52,92000,3,-2,-2,-3,その他／バンプレストオリジナル
4265,サンダーボルトII,0,454,59,33,70,275,20,190,190,200,200,200,30,－,Ｍ,34,6600,3,-3,-2,2,その他／マブラヴ／量産機
4266,キャニス,0,410,44,90,50,500,19,240,240,180,180,180,20,－,Ｍ,47,18600,2,-4,3,2,その他／バンプレストオリジナル／量産機
4267,キャニス・アルタルフ,0,490,45,125,70,520,20,480,480,240,240,240,150,強5,Ｍ,80,191000,2,-4,3,4,その他／バンプレストオリジナル
4268,雀武王,0,760,50,92,30,680,50,500,500,450,450,300,100,NT6,Ｌ,87,191000,0,-4,2,4,その他／バンプレストオリジナル
4269,武雀王 ,1,800,100,36,105,680,50,500,500,300,300,470,100,NT6,Ｌ,87,0,3,-2,0,-4,その他／バンプレストオリジナル
4270,エグゼクスバイン,0,585,47,100,80,585,19,550,550,400,450,500,180,NT7,Ｍ,63,173000,2,-2,4,3,その他／バンプレストオリジナル
4271,ガリルナガン,0,700,67,120,70,600,22,550,550,500,400,500,250,強5,Ｍ,72,344000,0,-4,4,4,その他／バンプレストオリジナル
4272,AGE-1レイザー,0,432,45,77,58,509,18,150,350,130,130,0,60,－,Ｍ,34,13350,2,-1,2,-5,MS系／ガンダム系／ガンダムAGE
4273,AGE-FX,0,558,56,125,74,720,19,235,235,250,290,290,270,NT9,Ｍ,66,172910,2,1,3,2,MS系／ガンダム系／ガンダムAGE
4274,AGEヴィクセリオス,0,550,60,92,74,450,19,235,235,250,290,290,100,NT8,Ｍ,50,19800,2,-4,2,2,MS系／ガンダム系／オリジナル系／ガンダムAGE
4275,ダナジン,0,432,48,59,60,355,19,230,220,135,140,90,50,－,Ｍ,37,13500,2,-4,2,-4,MS系／ガンダムAGE／量産機
4276,ダナジン(MA) ,1,432,48,42,60,355,19,230,220,135,140,90,50,－,Ｍ,37,0,0,-6,3,2,MA系／ガンダムAGE／量産機
4277,エンダーズ,0,432,48,59,60,355,19,230,220,135,140,90,20,－,Ｍ,37,13500,-2,-4,2,0,MS系／ガンダムAGE
4278,エンダーズ(MA) ,1,432,48,42,60,355,19,230,220,135,140,90,20,－,Ｍ,37,0,2,-6,1,-4,MA系／ガンダムAGE
4279,スラッシュブリッツ,0,400,35,88,70,425,18,200,220,150,80,60,20,強5,Ｍ,39,18600,4,-2,3,1,MS系／ガンダム系／ガンダムSEED
4280,Gバウンサー,0,396,35,80,66,340,18,220,220,195,185,40,60,－,Ｍ,36,8700,2,-4,2,-4,MS系／専用機／ガンダムAGE
4281,ティエルヴァ,0,396,35,88,75,360,18,220,220,195,230,40,50,NT5,Ｍ,37,13200,2,-4,2,-4,MS系／ガンダムAGE
4282,AGE-3オービタル,0,498,52,94,70,636,19,185,185,150,190,110,60,－,Ｍ,59,28720,0,-3,4,-5,MS系／ガンダム系／ガンダムAGE
4283,ケルベリオン・パッセ,0,475,64,115,52,500,22,450,450,300,300,300,50,強4,Ｍ,58,31000,0,-4,0,4,その他／バンプレストオリジナル
4284,ケルベリオン・アヴニール,0,475,60,112,52,500,22,450,450,300,300,450,50,強4,Ｍ,58,31000,0,-4,0,4,その他／バンプレストオリジナル
4285,ケルベリオン・プレザン,0,475,60,120,52,500,24,500,500,400,300,300,50,強5,Ｍ,60,40000,0,-4,0,5,その他／バンプレストオリジナル
4286,サイリオン,0,375,30,125,60,400,25,500,500,180,400,400,90,－,Ｍ,60,31000,-6,-4,2,6,その他／バンプレストオリジナル
4287,ノルス,0,350,36,77,60,450,28,250,250,170,170,170,40,－,Ｍ,43,13200,3,-2,3,2,その他／バンプレストオリジナル
4288,サンダーボルト仕様ザクII,0,210,18,38,62,280,11,0,30,0,30,0,100,－,Ｍ,22,7680,2,-5,2,-3,MS系／ザク系／ジオン・ネオジオン軍・ザフト／量産機
4289,サンダーボルト仕様ジム,0,240,21,36,42,220,11,0,10,30,30,0,10,－,Ｍ,21,6570,1,-5,1,-2,MS系／ジム系／連邦軍・ティターンズ・地球連合／量産機
4290,ジム・スループ,0,275,24,43,60,300,18,0,10,30,30,0,5,－,Ｍ,18,6570,0,2,-5,-4,MS系／ジム系／連邦軍・ティターンズ・地球連合／MSV(モビルスーツバリエーション)
4291,アレクサンダ,0,325,30,80,50,340,10,180,220,250,150,200,50,－,Ｓ,32,12000,3,-4,-4,-5,その他／コードギアス
4292,アレクサンダ(IM) ,1,325,24,88,50,340,10,180,220,250,150,200,50,－,Ｓ,32,0,3,-4,-4,-5,その他／コードギアス
4293,西ドイツ陸軍仕様サンダーボルトII,0,454,59,33,70,275,20,190,190,200,200,200,10,－,Ｍ,31,6600,3,-3,-2,2,その他／マブラヴ／量産機
4294,ウォクス・リンファ,0,500,38,88,65,500,17,280,230,250,230,150,100,NT5,Ｍ,49,40000,4,0,4,4,その他／スパロボシリーズ
4295,ウォクス・リンファ(P) ,1,500,38,99,55,500,17,280,230,250,230,150,100,NT5,Ｍ,49,0,-6,0,5,5,スパロボシリーズ／車輌・戦闘機系
4296,エクストリームガンダム・ゼノン-F,0,600,42,110,70,600,20,500,500,400,400,400,160,強5,Ｍ,71,110000,4,-2,3,0,MS系／ガンダム系／オリジナル系／専用機
4297,ガトー専用高機動型ザク,0,300,21,56,42,312,18,0,40,40,40,0,1,－,Ｍ,29,6750,-3,-3,4,-5,MS系／ザク系／ジオン・ネオジオン軍・ザフト／MSV(モビルスーツバリエーション)／専用機
4298,オリジン仕様ガンタンク,0,268,28,38,80,300,18,0,0,0,0,80,10,－,Ｍ,27,6000,3,-5,-4,-5,MS系／連邦軍・ティターンズ・地球連合／THE ORIGIN
4299,オリジン仕様ガンキャノン,0,263,35,50,58,290,18,0,0,0,95,95,10,－,Ｍ,28,7050,3,-5,2,-2,MS系／連邦軍・ティターンズ・地球連合／THE ORIGIN
4300,オリジン仕様ガンダム,0,384,35,70,58,408,18,130,130,130,130,0,10,－,Ｍ,38,11490,2,-1,2,-1,MS系／ガンダム系／連邦軍・ティターンズ・地球連合／THE ORIGIN
4301,フェイ・イェンHD,0,440,47,82,70,390,39,390,390,390,390,390,39,－,Ｍ,39,21400,3,-4,2,-4,その他／スパロボシリーズ
4302,指揮官仕様ジンクスIV,0,448,44,88,68,636,19,300,300,300,300,300,10,－,Ｍ,51,20080,1,-3,1,1,MS系／ガンダム00／量産機
4303,ジャンブー・クルット,0,340,63,25,60,500,17,80,30,170,170,0,70,－,Ｓ,37,13500,3,0,0,0,その他／スパロボシリーズ
4304,ジャンブー・ガラット ,1,340,58,50,60,300,17,80,30,170,170,0,70,－,Ｓ,37,0,2,0,0,3,その他／スパロボシリーズ
4305,ゼダスC,0,434,45,89,83,345,19,245,200,130,140,110,60,NT2,Ｍ,38,6600,2,-4,2,-2,MS系／ガンダムAGE
4306,ゼダスC(MA) ,1,434,41,94,52,345,19,245,200,130,140,110,60,NT2,Ｍ,38,0,0,-6,3,3,MA系／ガンダムAGE
4307,マジンカイザーSKL,0,750,75,75,75,900,30,500,500,500,500,500,50,－,Ｍ,75,110000,3,-1,1,-1,その他／スパロボシリーズ
4308,ジ・アルティメット仕様アイギス,0,100,12,50,50,900,20,300,300,300,300,300,100,強5,ＳＳ,40,626000,3,-5,-5,-4,人系
4309,ファイター2,0,300,26,70,70,400,20,120,120,70,70,0,1,－,Ｍ,33,6600,-3,-5,5,5,スパロボシリーズ／車輌・戦闘機系
4310,ファイター1,0,300,26,70,70,400,20,120,120,70,70,0,1,－,Ｍ,33,6600,-3,-5,5,5,スパロボシリーズ／車輌・戦闘機系
4311,ハッピーロボ,0,500,62,86,42,630,38,200,200,200,200,200,300,－,Ｍ,59,78460,0,0,0,0,その他／スパロボシリーズ
4312,ゲネラシオン・ブル仕様ニルヴァーシュ,0,405,40,132,70,610,20,380,380,300,250,150,50,NT5,Ｍ,50,204500,3,-3,-4,5,その他／スパロボシリーズ
4313,エヴァンゲリオン改2号機β,0,700,50,63,80,368,30,370,400,250,270,250,100,－,Ｌ,116,740000,-4,-4,4,1,その他／新世紀エヴァンゲリオン
4314,エヴァンゲリオン改2号機γ,0,600,60,63,80,368,30,370,400,250,270,250,100,－,Ｍ,116,740000,3,-1,2,0,その他／新世紀エヴァンゲリオン
4315,エヴァンゲリオン8号機α,0,700,50,63,80,368,30,370,400,250,270,250,100,－,Ｌ,116,740000,-4,-4,4,1,その他／新世紀エヴァンゲリオン
4316,エヴァンゲリオン第13号機,0,730,56,85,85,500,30,800,1000,600,600,600,1,－,Ｍ,138,740000,3,-3,3,0,その他／新世紀エヴァンゲリオン
4317,シャルドールG,0,318,5,88,50,320,2,170,170,95,95,40,5,－,Ｍ,29,5550,4,-4,-5,5,MS系／ガンダムAGE
4318,真ドラゴン,0,1380,64,76,90,660,100,500,500,500,500,500,520,－,ＸＬ,93,692000,2,-5,2,3,その他／スパロボシリーズ
4319,真ライガー ,1,1380,64,76,90,660,100,500,500,500,500,500,520,－,ＸＬ,93,0,3,-5,2,2,その他／スパロボシリーズ
4320,真ポセイドン ,1,1380,64,76,90,660,100,500,500,500,500,500,520,－,ＸＬ,93,0,2,3,2,-5,その他／スパロボシリーズ
4321,INFINITIES仕様ラプター先行量産型,0,443,46,95,65,425,20,300,300,270,270,270,40,－,Ｍ,53,18000,3,-3,-2,2,その他／マブラヴ／量産機
4322,ハンター大隊仕様ラプター,0,443,46,92,60,425,20,290,290,260,260,260,40,－,Ｍ,52,14400,3,-3,-2,2,その他／マブラヴ
4323,ヨーコMタンク,0,540,64,76,90,600,12,250,250,250,280,160,120,－,Ｓ,55,79000,3,-3,-5,-5,その他／スパロボシリーズ
4324,ガンダムレギルス,0,524,54,115,75,742,19,205,205,150,190,110,50,NT5,Ｍ,60,77080,1,-4,4,1,MS系／ガンダム系／ガンダムAGE
4325,不知火・弐型Phase2,0,420,40,86,70,385,18,300,300,280,280,280,40,－,Ｍ,38,8400,3,-3,-2,2,その他／マブラヴ
4326,ブレイズ・レイヴン,0,390,36,75,50,450,18,300,300,110,200,100,50,－,Ｓ,38,20800,5,0,-5,-4,その他／スパロボシリーズ
4327,ビェールクト,0,490,55,92,80,490,21,350,350,320,300,300,40,強5,Ｍ,50,28000,3,-3,-2,2,その他／マブラヴ
4328,Force仕様なのは,0,192,25,80,70,570,11,500,500,100,300,100,200,－,ＳＳ,56,740000,2,-4,-3,3,人系
4329,マルセイユ,0,215,25,75,70,300,8,140,150,300,350,300,1,NT8,ＳＳ,27,500000,1,-4,-5,5,人系
4330,ガンダム・スコル,0,452,35,89,62,325,16,160,185,185,185,185,10,強4,Ｍ,38,6900,0,-1,1,0,MS系／連邦軍・ティターンズ・地球連合／機動戦士Zガンダム／専用機
4331,ガンダム・スコル(MA) ,1,452,35,74,62,325,16,160,185,185,185,185,10,強4,Ｍ,38,0,-5,-2,3,1,MA系／連邦軍・ティターンズ・地球連合／機動戦士Zガンダム／専用機
4332,シド,0,690,64,100,70,700,50,350,350,380,360,300,400,－,Ｌ,60,55000,-4,-5,4,-5,MS系／ガンダム系／ガンダムAGE
4333,AGE-1バドラン,0,432,35,106,58,509,18,150,350,130,130,0,60,NT4,Ｍ,44,13350,2,-1,2,-5,MS系／ガンダム系／ガンダムAGE
4334,ゲッターロボG,0,477,42,58,60,425,50,150,150,150,150,150,10,－,Ｌ,40,6000,0,-5,2,4,その他／スパロボシリーズ
4335,クランシェ,0,390,43,76,70,326,18,150,150,140,130,100,50,－,Ｍ,35,6300,2,-4,2,-4,MS系／ガンダムAGE／量産機
4336,クランシェ(MA) ,1,390,38,61,70,326,18,150,150,140,130,100,50,－,Ｍ,35,0,-5,-5,3,2,MA系／ガンダムAGE／量産機
4337,ジェノアスII,0,300,38,54,55,310,18,140,140,65,95,0,10,－,Ｍ,29,4575,2,-4,2,-4,MS系／ガンダムAGE／量産機
4338,ジェノアスOカスタム,0,300,38,59,55,310,18,140,150,65,95,0,10,－,Ｍ,30,1725,2,-4,2,-4,MS系／ガンダムAGE／専用機
4339,アデルキャノン,0,378,42,74,66,315,18,160,160,140,140,140,10,－,Ｍ,35,6510,2,-2,2,-4,MS系／ガンダムAGE
4340,アデルスタークス,0,388,42,74,66,315,18,160,160,170,170,140,50,－,Ｍ,36,6780,2,-2,2,-4,MS系／ガンダムAGE
4341,アデルマークII,0,378,42,74,66,315,18,160,160,140,140,140,1,－,Ｍ,34,5910,5,-2,-5,-4,MS系／ガンダムAGE
4342,AGE-1スタークス,0,432,45,73,58,509,18,150,150,160,160,0,20,－,Ｍ,44,13350,2,-1,2,-4,MS系／ガンダム系／ガンダムAGE
4343,ミカサ,0,100,5,45,30,100,10,500,500,200,0,0,300,－,ＳＳ,21,173000,1,-5,-5,2,人系／スパロボシリーズ
4344,作業仕様ドラケンE,0,200,10,35,30,250,15,50,50,70,0,0,10,－,Ｓ,18,2100,2,-1,0,-3,MS系／連邦軍・ティターンズ・地球連合／ポケットの中の戦争／量産機
4345,ゼイドラ,0,468,50,93,70,380,19,260,190,125,130,100,60,NT3,Ｍ,42,6960,2,-4,2,-2,MS系／ガンダムAGE
4346,ギラーガ,0,480,52,97,70,400,19,280,200,140,150,100,50,NT4,Ｍ,43,13500,2,-4,2,-2,MS系／ガンダムAGE
4347,ゼルレギス,0,540,72,100,50,650,22,290,250,170,170,170,80,NT2,Ｍ,64,18000,3,-3,1,0,MS系／ガンダムAGE
4348,シナンジュ・スタイン,0,544,65,131,88,567,22,350,350,380,380,380,120,NT7,Ｍ,57,131420,2,-2,2,-4,MS系／ジオン・ネオジオン軍・ザフト／ガンダムUC
4349,ガロイカ,0,390,33,62,40,270,15,100,100,60,60,60,10,－,Ｍ,30,12900,-3,-3,2,2,その他／バンプレストオリジナル／量産機
4350,カレイツェド,0,650,45,65,60,260,18,90,100,90,140,110,50,－,Ｍ,41,13500,2,-1,3,-1,その他／バンプレストオリジナル／量産機
4351,グラシドゥ・リュ,0,550,40,60,70,500,18,90,100,80,120,180,50,－,Ｍ,50,12900,0,-1,2,0,その他／バンプレストオリジナル／量産機
4352,レストレイル,0,580,30,80,60,450,15,90,100,100,100,100,50,－,Ｌ,48,12600,1,-2,2,0,その他／バンプレストオリジナル／量産機
4353,レストグランシュ,0,600,35,90,70,580,18,120,120,150,150,150,50,－,Ｍ,55,18000,1,-2,3,2,その他／バンプレストオリジナル／量産機
4354,ゲイオス・グルード,0,700,50,80,80,660,20,280,280,240,240,250,200,－,Ｍ,68,76000,0,-2,3,3,その他／バンプレストオリジナル／量産機
4355,ゼラニオ,0,1800,45,50,170,900,100,300,350,250,300,350,200,－,ＬＬ,106,254000,-5,-3,3,1,艦船系／バンプレストオリジナル／量産機
4356,不知火・弐型Phase3,0,465,48,98,85,480,21,360,360,360,360,360,80,－,Ｍ,65,92000,3,-3,-2,2,その他／マブラヴ
4357,ブッシュネル,0,300,30,55,44,300,12,150,150,100,140,100,10,－,Ｓ,30,6000,4,-1,-6,-4,その他／スパロボシリーズ／量産機
4358,シャドウ,0,320,32,80,47,280,20,250,250,150,140,100,30,－,Ｓ,27,13500,4,1,-5,-4,その他／スパロボシリーズ
4359,最終決戦仕様レーバテイン,0,394,29,132,75,525,20,400,400,220,250,250,160,－,Ｓ,48,189290,2,-5,-5,3,その他／スパロボシリーズ
4360,木星決戦仕様ビギナ・ギナII,0,474,48,107,81,534,20,230,230,220,190,0,70,NT3,Ｍ,41,32860,2,-4,3,-3,MS系／機動戦士クロスボーンガンダム
4361,アヴァランチビギニングJ,0,400,40,84,53,370,24,130,130,190,80,0,120,－,Ｍ,40,32800,1,-5,3,3,MS系／ガンダム系
4362,マラサイ(バリュートパック装備),0,358,37,74,60,408,17,145,145,145,145,0,10,－,Ｍ,38,12930,2,-3,2,-4,MS系／連邦軍・ティターンズ・地球連合／機動戦士Zガンダム／量産機
4363,ヨンム専用ザクI・スナイパータイプ,0,190,13,38,80,258,14,50,50,0,60,80,10,－,Ｍ,21,3240,2,-4,1,-3,MS系／ザク系／ジオン・ネオジオン軍・ザフト／専用機
4364,オルフェウス仕様グラスゴー,0,228,25,64,40,180,10,50,150,160,60,0,5,－,Ｓ,22,6900,3,-3,-5,-5,その他／コードギアス／専用機
4365,デルタプラス(MA) ,1,454,56,137,73,478,19,270,290,320,320,320,150,－,Ｍ,47,0,-5,-5,4,4,MA系／連邦軍・ティターンズ・地球連合／ガンダムUC
4366,ガンダムヘビーアームズ改,0,480,51,88,84,700,16,250,230,220,220,210,80,－,Ｍ,56,20320,2,0,4,-2,MS系／ガンダム系／新機動戦記ガンダムW
4367,パワード・ジェスタ,0,432,54,98,63,474,18,150,175,160,160,160,40,－,Ｍ,46,45640,2,-3,2,-4,MS系／ジム系／オリジナル系
4368,ビギニングファントム,0,400,35,86,53,370,24,130,130,130,130,0,10,－,Ｍ,37,18000,1,-5,3,3,MS系／ガンダム系
4369,コスモファルコン,0,150,15,105,50,300,9,180,180,185,185,180,10,－,Ｍ,29,12000,-4,-5,5,5,スパロボシリーズ／車輌・戦闘機系／量産機
4370,100式空間偵察機,0,140,15,75,50,300,9,180,180,185,185,180,1,－,Ｓ,17,3000,-4,-5,5,5,スパロボシリーズ／車輌・戦闘機系／量産機
4371,コダールm,0,330,28,90,50,360,15,300,300,110,200,100,1,－,Ｓ,33,19500,4,1,-5,-4,その他／スパロボシリーズ
4372,マッケレル,0,227,42,40,40,175,10,100,100,100,100,100,5,－,Ｓ,16,3600,0,3,-5,-5,その他／スパロボシリーズ／量産機
4373,ネモ(UC),0,384,37,74,60,397,18,120,130,0,80,0,25,－,Ｍ,38,12780,2,-3,2,-4,MS系／ジム系／エウーゴ・カラバ／ガンダムUC／量産機
4374,クロノス,0,468,50,93,70,380,19,260,190,115,140,100,60,NT3,Ｍ,42,6960,2,-4,2,-2,MS系／ガンダムAGE
4375,天鳳超機動大将軍(天光機動鋼人形態),0,680,42,62,80,650,30,220,200,200,200,230,50,－,Ｌ,58,18300,2,-5,2,-2,MS系／ガンダム系／オリジナル系／SDガンダム
4376,天鳳超機動大将軍(機動要塞形態) ,1,680,42,62,80,650,30,220,200,200,200,230,50,－,Ｌ,58,0,3,-5,2,-5,MA系／ガンダム系／オリジナル系／SDガンダム
4377,天鳳超機動大将軍 ,1,680,42,62,80,650,30,220,200,200,200,230,50,－,Ｌ,58,0,2,-5,3,0,MS系／ガンダム系／オリジナル系
4378,ガイデロール,0,830,15,20,90,550,80,250,250,200,200,200,80,－,ＬＬ,53,40000,-5,-5,2,-5,艦船系／スパロボシリーズ／量産機
4379,サルバーS-VI型,0,180,18,26,62,200,20,0,30,0,30,30,1,－,Ｓ,18,330,4,-5,-5,-4,スパロボシリーズ／車輌・戦闘機系／量産機
4380,VF-22S シュトゥルムフォーゲルII(G) ,1,430,38,110,85,470,20,180,180,170,170,170,120,－,Ｓ,45,0,1,1,1,1,その他／マクロスシリーズ
4381,ラーストチカ,0,370,30,67,60,290,14,210,210,210,180,100,50,－,Ｍ,32,12300,3,-3,0,3,その他／マブラヴ
4382,ヴァーミリオンソード,0,370,30,60,60,320,14,210,210,210,180,100,20,－,Ｍ,33,12600,3,-3,0,3,その他／マブラヴ
4383,ファルクラム,0,370,30,72,60,305,14,210,210,210,180,100,30,－,Ｍ,34,14700,3,-3,-2,2,その他／マブラヴ
4384,ビッグシューター,0,440,45,72,70,590,28,170,170,200,200,200,50,－,Ｍ,46,19800,-5,-2,0,2,その他／スパロボシリーズ
4385,特務隊仕様AGE-2,0,458,48,98,70,550,18,160,160,165,130,100,30,－,Ｍ,49,28600,2,-3,2,-4,MS系／ガンダム系／ガンダムAGE
4386,特務隊仕様AGE-2(MA) ,1,458,46,105,70,550,18,160,160,165,130,100,30,－,Ｍ,49,0,-5,-5,3,3,MA系／ガンダム系／ガンダムAGE
4387,AGE-2ダークハウンド,0,514,54,115,70,636,19,160,160,165,130,100,150,－,Ｍ,56,41320,2,0,3,-4,MS系／ガンダム系／ガンダムAGE
4388,AGE-2ダークハウンド(MA) ,1,514,52,122,70,636,19,160,160,165,130,100,150,－,Ｍ,56,0,-5,-5,3,3,MA系／ガンダム系／ガンダムAGE
4389,フル・フロンタル専用ギラ・ドーガ,0,416,45,91,88,425,20,180,185,160,165,165,1,－,Ｍ,34,14670,2,-3,2,-4,MS系／ザク系／ジオン・ネオジオン軍・ザフト／専用機／ガンダムUC
4390,VF-171 アーマードナイトメア+,0,350,32,102,80,380,20,100,100,100,100,100,10,－,Ｍ,38,44800,-2,-2,5,5,マクロスシリーズ／車輌・戦闘機系
4391,VF-171 アーマードナイトメア+(G) ,1,350,30,95,80,380,20,150,150,140,140,140,10,－,Ｓ,38,0,1,-2,1,-5,その他／マクロスシリーズ
4392,VF-171 アーマードナイトメア+(B) ,1,350,36,86,60,380,20,150,150,140,140,140,10,－,Ｍ,38,0,5,-5,3,-2,その他／マクロスシリーズ
4393,ガラ,0,160,10,26,10,200,12,10,50,50,50,0,10,－,Ｓ,17,4650,3,-6,-6,-5,その他／スパロボシリーズ
4394,ガラ(MA) ,1,160,10,26,10,260,12,10,50,50,50,0,10,－,Ｓ,17,0,1,-6,-6,-5,その他／スパロボシリーズ
4395,ビギニングJセブンソード,0,400,40,84,53,370,24,130,130,190,80,0,120,－,Ｍ,40,30400,1,-5,3,3,MS系／ガンダム系
4396,EWACジェガン,0,384,43,87,78,425,19,140,165,150,150,150,10,－,Ｍ,32,14670,1,-4,2,-5,MS系／ジム系／連邦軍・ティターンズ・地球連合／逆襲のシャア／量産機
4397,ブラレロ,0,417,24,65,58,390,25,60,60,0,0,0,5,NT3,Ｍ,37,12600,-5,-5,3,-5,MA系／ジオン・ネオジオン軍・ザフト／MSV(モビルスーツバリエーション)
4398,リゼルC型(Da),0,435,54,118,75,460,20,270,290,320,320,320,30,－,Ｍ,48,43660,2,-3,2,-4,MS系／連邦軍・ティターンズ・地球連合／ガンダムUC
4399,リゼルC型(Da)(WR) ,1,435,54,124,75,460,20,270,290,320,320,320,30,－,Ｍ,48,0,-5,-5,4,3,MA系／連邦軍・ティターンズ・地球連合／ガンダムUC
4400,サンダーボルト仕様フルアーマーガンダム,0,416,43,52,60,408,18,135,165,145,145,0,10,－,Ｍ,39,13230,2,-4,2,-4,MS系／ガンダム系／連邦軍・ティターンズ・地球連合
4401,アルティメットまどか,0,900,99,152,99,2000,12,1900,1900,1900,1900,1900,9999,NT9,ＳＳ,200,980000,0,0,0,0,人系
4402,天元突破グレンラガン,0,2438,100,120,200,1650,90,1950,1950,1950,1900,1950,99999,－,ＸＬ,200,1980000,0,0,0,0,その他／スパロボシリーズ
4403,トリントン仕様ジムIII,0,400,41,83,60,408,18,140,165,150,150,150,5,－,Ｍ,40,15780,2,-3,2,-5,MS系／ジム系／連邦軍・ティターンズ・地球連合／ガンダムUC
4404,バザム,0,363,38,54,47,275,20,80,80,70,90,0,5,－,Ｍ,30,12000,3,-5,3,-2,その他／スパロボシリーズ／量産機
4405,ジャーゴ,0,306,30,58,44,250,20,80,80,60,40,0,5,－,Ｍ,27,8700,3,-5,-4,-2,その他／スパロボシリーズ／量産機
4406,ギブル,0,386,38,75,52,325,20,110,110,90,90,0,5,－,Ｍ,34,13200,3,-5,3,3,その他／スパロボシリーズ／量産機
4407,デュラッヘ,0,420,46,88,56,450,20,160,160,120,120,0,5,－,Ｍ,41,18000,3,-5,3,3,その他／スパロボシリーズ／量産機
4408,ヒーローマン,0,310,36,82,70,318,10,110,110,150,150,80,80,－,ＳＳ,32,25000,4,-4,2,-4,その他／スパロボシリーズ
4409,唯依専用瑞鶴,0,432,55,60,60,325,20,190,190,200,200,200,20,－,Ｍ,37,12600,3,-3,-2,2,その他／マブラヴ／専用機
4410,アカツキ・コルレオーネ,0,500,48,84,70,500,18,360,390,220,240,220,40,－,Ｍ,48,28600,2,-4,4,0,MS系／ガンダム系
4411,アカツキ・コルレオーネ(S) ,1,500,48,84,70,500,18,360,390,220,240,220,40,－,Ｍ,48,0,2,-4,0,4,MS系／ガンダム系
4412,サイコ・ジェノザウラー,0,600,50,80,65,600,20,250,280,250,250,250,40,強3,Ｍ,67,31000,5,-4,-5,0,その他／ゾイドシリーズ／スパロボシリーズ
4413,エーヴィ専用メタス,0,320,30,95,72,380,14,100,110,0,80,0,35,－,Ｍ,36,8100,1,-5,3,-4,MS系／エウーゴ・カラバ／アドバンス・オブ・ゼータ／専用機
4414,エーヴィ専用メタス(MA) ,1,320,30,90,75,380,14,100,110,0,80,0,35,－,Ｍ,36,0,-5,-5,5,1,MA系／エウーゴ・カラバ／アドバンス・オブ・ゼータ／専用機
4415,島風,0,190,29,50,19,360,120,60,225,70,120,50,100,－,ＬＬ,35,31060,0,3,-6,-5,艦船系／人系／艦これ
4416,吹雪,0,150,19,40,19,500,118,50,135,50,100,85,100,－,ＬＬ,37,19530,0,3,-6,-5,艦船系／人系／艦これ
4417,白雪,0,150,19,40,19,500,118,50,135,50,100,50,1,－,ＬＬ,37,19530,0,3,-6,-5,艦船系／人系／艦これ
4418,初雪,0,150,19,40,19,500,118,50,135,50,100,50,1,－,ＬＬ,37,19530,0,3,-6,-5,艦船系／人系／艦これ
4419,深雪,0,150,19,40,19,500,118,50,135,50,100,50,1,－,ＬＬ,37,19530,0,3,-6,-5,艦船系／人系／艦これ
4420,叢雲,0,150,19,40,19,500,118,50,135,50,100,50,1,－,ＬＬ,37,19530,0,3,-6,-5,艦船系／人系／艦これ
4421,磯波,0,150,19,40,19,500,118,50,135,50,100,50,1,－,ＬＬ,37,19530,0,3,-6,-5,艦船系／人系／艦これ
4422,ノリス専用ザクI,0,158,17,50,52,190,12,10,10,10,0,0,10,－,Ｍ,19,3540,1,-4,1,-3,MS系／ザク系／ジオン・ネオジオン軍・ザフト／MSV(モビルスーツバリエーション)／専用機
4423,駆逐艦雪風,0,160,29,50,19,500,118,50,120,60,120,250,300,－,ＬＬ,39,19530,0,3,-6,-5,艦船系／人系／艦これ
4424,黒潮,0,160,19,44,19,500,118,50,120,45,120,50,1,－,ＬＬ,38,19530,0,3,-6,-5,艦船系／人系／艦これ
4425,不知火,0,160,19,44,19,500,118,50,120,45,120,50,1,－,ＬＬ,38,19530,0,3,-6,-5,艦船系／人系／艦これ
4426,荒潮,0,160,19,43,19,519,118,50,120,45,105,50,1,－,ＬＬ,39,19530,0,3,-6,-5,艦船系／人系／艦これ
4427,霞,0,160,19,43,19,519,118,50,120,45,105,75,1,－,ＬＬ,39,19530,0,3,-6,-5,艦船系／人系／艦これ
4428,霰,0,160,19,43,19,519,118,50,120,45,105,50,1,－,ＬＬ,39,19530,0,3,-6,-5,艦船系／人系／艦これ
4429,満潮,0,160,19,43,19,519,118,50,120,45,105,50,1,－,ＬＬ,39,19530,0,3,-6,-5,艦船系／人系／艦これ
4430,大潮,0,160,19,43,19,519,118,50,120,45,105,50,1,－,ＬＬ,39,19530,0,3,-6,-5,艦船系／人系／艦これ
4431,時雨,0,160,19,43,19,400,118,50,120,45,105,150,1,－,ＬＬ,34,19530,0,3,-6,-5,艦船系／人系／艦これ
4432,村雨,0,160,19,43,19,400,118,50,120,45,105,50,1,－,ＬＬ,34,19530,0,3,-6,-5,艦船系／人系／艦これ
4433,夕立,0,160,19,43,19,400,118,50,120,45,105,50,1,－,ＬＬ,34,19530,0,3,-6,-5,艦船系／人系／艦これ
4434,五月雨,0,160,19,43,19,400,118,50,120,45,105,50,1,－,ＬＬ,34,19530,0,3,-6,-5,艦船系／人系／艦これ
4435,涼風,0,160,19,43,19,400,118,50,120,45,105,60,1,－,ＬＬ,34,19530,0,3,-6,-5,艦船系／人系／艦これ
4436,初春,0,160,19,43,19,400,118,50,120,60,105,60,100,－,ＬＬ,34,19530,0,3,-6,-5,艦船系／人系／艦これ
4437,子日,0,160,19,43,19,400,118,50,120,45,105,40,1,－,ＬＬ,34,19530,0,3,-6,-5,艦船系／人系／艦これ
4438,若葉,0,160,19,43,19,400,118,50,120,45,105,40,1,－,ＬＬ,34,19530,0,3,-6,-5,艦船系／人系／艦これ
4439,初霜,0,160,19,43,19,400,118,50,120,45,105,40,1,－,ＬＬ,34,19530,0,3,-6,-5,艦船系／人系／艦これ
4440,白露,0,160,19,43,19,400,118,50,120,60,105,150,100,－,ＬＬ,34,19530,0,3,-6,-5,艦船系／人系／艦これ
4441,朝潮,0,160,19,43,19,519,118,50,120,60,105,60,100,－,ＬＬ,39,19530,0,3,-6,-5,艦船系／人系／艦これ
4442,駆逐艦暁,0,150,19,42,19,500,118,50,120,60,105,40,100,－,ＬＬ,37,19530,0,3,-6,-5,艦船系／人系／艦これ
4443,響,0,150,19,42,19,500,118,50,120,60,105,40,1,－,ＬＬ,37,19530,0,3,-6,-5,艦船系／人系／艦これ
4444,雷,0,150,19,42,19,500,118,50,120,60,105,40,1,－,ＬＬ,37,19530,0,3,-6,-5,艦船系／人系／艦これ
4445,電,0,150,19,42,19,500,118,50,120,60,105,40,1,－,ＬＬ,37,19530,0,3,-6,-5,艦船系／人系／艦これ
4446,駆逐艦陽炎,0,160,19,44,19,500,118,50,120,60,120,60,100,－,ＬＬ,38,19530,0,3,-6,-5,艦船系／人系／艦これ
4447,ホワイトコーラル仕様ジム・キャノンII,0,345,39,52,52,408,18,0,0,0,0,125,20,－,Ｍ,25,12840,1,-5,2,-2,MS系／ジム系／連邦軍・ティターンズ・地球連合
4448,綾波,0,150,19,41,19,500,118,50,135,60,100,60,100,－,ＬＬ,37,19530,0,3,-6,-5,艦船系／人系／艦これ
4449,敷波,0,150,19,41,19,500,118,50,135,60,100,50,1,－,ＬＬ,37,19530,0,3,-6,-5,艦船系／人系／艦これ
4450,朧,0,150,19,41,19,500,118,50,135,60,100,50,1,－,ＬＬ,37,19530,0,3,-6,-5,艦船系／人系／艦これ
4451,曙,0,150,19,41,19,500,118,50,135,60,100,50,1,－,ＬＬ,37,19530,0,3,-6,-5,艦船系／人系／艦これ
4452,漣,0,150,19,41,19,500,118,50,135,60,100,50,1,－,ＬＬ,37,19530,0,3,-6,-5,艦船系／人系／艦これ
4453,潮,0,150,19,41,19,500,118,50,135,60,100,50,1,－,ＬＬ,37,19530,0,3,-6,-5,艦船系／人系／艦これ
4454,睦月,0,130,18,37,17,450,102,30,90,35,80,60,100,－,ＬＬ,34,18030,0,3,-6,-5,艦船系／人系／艦これ
4455,如月,0,130,18,37,17,450,102,30,90,35,80,50,1,－,ＬＬ,34,18030,0,3,-6,-5,艦船系／人系／艦これ
4456,皐月,0,130,18,37,17,450,102,30,90,35,80,50,1,－,ＬＬ,34,18030,0,3,-6,-5,艦船系／人系／艦これ
4457,文月,0,130,18,37,17,450,102,30,90,35,80,50,1,－,ＬＬ,34,18030,0,3,-6,-5,艦船系／人系／艦これ
4458,長月,0,130,18,37,17,450,102,30,90,35,80,75,1,－,ＬＬ,34,18030,0,3,-6,-5,艦船系／人系／艦これ
4459,菊月,0,130,18,37,17,450,102,30,90,35,80,50,1,－,ＬＬ,34,18030,0,3,-6,-5,艦船系／人系／艦これ
4460,三日月,0,130,18,37,17,450,102,30,90,35,80,50,1,－,ＬＬ,34,18030,0,3,-6,-5,艦船系／人系／艦これ
4461,望月,0,130,18,37,17,450,102,30,90,35,80,50,1,－,ＬＬ,34,18030,0,3,-6,-5,艦船系／人系／艦これ
4462,デルフォイ隊仕様リック・ディアス,0,390,43,89,58,447,18,170,170,170,170,0,10,－,Ｍ,41,20020,2,-3,2,-4,MS系／エウーゴ・カラバ
4463,夕張,0,320,29,42,39,330,139,85,100,50,65,60,150,－,ＬＬ,38,40060,0,3,-5,-4,艦船系／人系／艦これ
4464,川内,0,260,29,38,39,500,162,70,120,65,100,60,150,－,ＬＬ,43,40060,0,3,-5,-4,艦船系／人系／艦これ
4465,神通,0,260,29,38,39,500,162,70,120,65,100,60,1,－,ＬＬ,43,40060,0,3,-5,-4,艦船系／人系／艦これ
4466,那珂,0,260,29,38,39,500,162,70,120,65,120,60,1,－,ＬＬ,43,40060,0,3,-5,-4,艦船系／人系／艦これ
4467,長良,0,260,29,37,39,500,162,70,120,65,100,70,150,－,ＬＬ,43,40060,0,3,-5,-4,艦船系／人系／艦これ
4468,五十鈴,0,260,29,37,39,500,162,70,120,65,200,60,1,－,ＬＬ,43,40060,0,3,-5,-4,艦船系／人系／艦これ
4469,名取,0,260,29,37,39,500,162,70,120,65,100,60,1,－,ＬＬ,43,40060,0,3,-5,-4,艦船系／人系／艦これ
4470,由良,0,260,29,37,39,500,162,70,120,65,100,60,1,－,ＬＬ,43,40060,0,3,-5,-4,艦船系／人系／艦これ
4471,鬼怒,0,260,29,38,39,500,162,70,120,65,50,50,1,－,ＬＬ,43,40060,0,3,-5,-4,艦船系／人系／艦これ
4472,阿武隈,0,270,29,39,39,500,162,70,120,65,50,50,1,－,ＬＬ,43,40060,0,3,-5,-4,艦船系／人系／艦これ
4473,エヴァンゲリオンMark.09,0,600,60,75,85,600,80,600,500,500,500,500,700,－,Ｌ,150,764000,1,-3,2,3,その他／新世紀エヴァンゲリオン
4474,エヴァンゲリオンMark.09(高速移動形態) ,1,600,60,52,85,600,80,600,500,500,500,500,700,－,Ｌ,150,0,-4,-4,2,3,その他／新世紀エヴァンゲリオン
4475,AAAヴンダー,0,1200,40,50,140,800,200,600,800,500,500,500,630,－,ＸＬ,150,1220000,-4,-1,3,4,艦船系／新世紀エヴァンゲリオン
4476,球磨,0,250,29,36,39,500,162,70,120,65,45,50,150,－,ＬＬ,43,40060,0,3,-5,-4,艦船系／人系／艦これ
4477,多摩,0,250,29,36,39,500,162,70,120,65,45,40,1,－,ＬＬ,43,40060,0,3,-5,-4,艦船系／人系／艦これ
4478,大井,0,250,29,37,39,500,162,70,120,65,45,85,1,－,ＬＬ,43,40060,0,3,-5,-4,艦船系／人系／艦これ
4479,大井改,0,320,39,37,39,500,162,70,400,65,45,85,50,－,ＬＬ,46,67060,0,3,-5,-4,艦船系／人系／艦これ
4480,大井改二,0,430,63,43,43,500,162,135,550,145,165,65,100,－,ＬＬ,52,110090,0,3,-5,-4,艦船系／人系／艦これ
4481,北上,0,250,29,36,39,500,162,70,120,65,45,75,1,－,ＬＬ,43,40060,0,3,-5,-4,艦船系／人系／艦これ
4482,北上改,0,320,39,37,39,500,162,40,400,65,45,75,50,－,ＬＬ,46,67060,0,3,-5,-4,艦船系／人系／艦これ
4483,北上改二,0,430,63,43,43,500,162,135,550,145,265,150,100,－,ＬＬ,52,110090,0,3,-5,-4,艦船系／人系／艦これ
4484,木曾,0,250,29,36,39,500,162,60,120,65,95,50,1,－,ＬＬ,43,40060,0,3,-5,-4,艦船系／人系／艦これ
4485,天龍,0,230,29,35,19,500,162,55,90,40,90,85,150,－,ＬＬ,40,31060,0,3,-5,-4,艦船系／人系／艦これ
4486,龍田,0,230,29,35,19,500,162,55,90,40,90,85,1,－,ＬＬ,40,31060,0,3,-5,-4,艦船系／人系／艦これ
4487,ラクタパクシャ,0,400,35,86,53,370,24,130,130,140,140,0,10,－,Ｍ,39,28000,1,-5,3,3,MS系／ガンダム系
4488,ラクタパクシャ(MA) ,1,400,35,86,53,370,24,130,130,140,140,0,10,－,Ｍ,39,0,1,-5,3,3,MA系／ガンダム系
4489,シュテル(AS),0,170,25,75,80,510,10,500,500,100,200,250,200,強7,ＳＳ,53,692000,3,-5,-3,3,人系
4490,レイズタイガー,0,650,55,120,85,500,20,300,300,400,350,200,1,－,Ｍ,61,92000,6,-4,-6,1,その他／ゾイドシリーズ／スパロボシリーズ
4491,古鷹,0,360,34,33,39,700,185,150,60,80,0,50,50,－,ＬＬ,53,79060,0,3,-5,-4,艦船系／人系／艦これ
4492,加古,0,360,34,33,39,700,185,150,60,80,0,50,1,－,ＬＬ,53,79060,0,3,-5,-4,艦船系／人系／艦これ
4493,青葉,0,370,37,33,39,700,185,150,60,80,0,100,1,－,ＬＬ,54,79060,0,3,-5,-4,艦船系／人系／艦これ
4494,衣笠,0,370,37,33,39,700,185,150,60,80,0,100,1,－,ＬＬ,54,79060,0,3,-5,-4,艦船系／人系／艦これ
4495,ウォクス・イグニス,0,500,38,88,65,500,17,280,230,250,230,150,100,NT5,Ｍ,49,40000,4,0,4,4,その他／スパロボシリーズ
4496,ウォクス・イグニス(P) ,1,500,38,99,55,500,17,280,230,250,230,150,100,NT5,Ｍ,49,0,-6,0,5,5,スパロボシリーズ／車輌・戦闘機系
4497,レヴィ,0,168,17,110,65,560,10,500,500,350,150,100,200,強7,ＳＳ,53,692000,4,-2,-3,3,人系
4498,ディアーチェ,0,164,20,80,80,580,10,500,500,200,350,350,200,強7,ＳＳ,56,692000,2,-4,2,3,人系
4499,AGE-1グランサ,0,486,69,82,62,630,18,150,150,130,130,0,10,－,Ｍ,53,28180,0,-2,2,-4,MS系／ガンダム系／ガンダムAGE
4500,AGE-1フルグランサ,0,504,54,84,82,630,18,150,150,130,130,0,40,－,Ｍ,54,28480,0,-2,2,-4,MS系／ガンダム系／ガンダムAGE
4501,妙高,0,440,49,34,39,700,192,200,120,80,0,50,200,－,ＬＬ,57,114590,0,3,-9,-4,艦船系／人系／艦これ
4502,那智,0,440,49,34,39,700,192,200,120,80,0,50,1,－,ＬＬ,57,114590,0,3,-9,-4,艦船系／人系／艦これ
4503,足柄,0,440,49,34,39,700,192,200,120,80,0,50,1,－,ＬＬ,57,114590,0,3,-9,-4,艦船系／人系／艦これ
4504,羽黒,0,440,49,34,39,700,192,200,120,80,0,50,1,－,ＬＬ,57,114590,0,3,-9,-4,艦船系／人系／艦これ
4505,ユーリ,0,420,45,60,90,850,20,600,600,600,600,600,800,強7,ＳＳ,90,83000,2,-2,2,2,人系
4506,ウォクス・イプシエンス,0,580,48,70,60,500,27,280,230,200,200,200,200,NT5,Ｍ,48,40000,3,0,4,3,その他／スパロボシリーズ
4507,高雄,0,450,49,35,39,800,203,200,120,90,0,50,200,－,ＬＬ,61,114590,0,3,-9,-4,艦船系／人系／艦これ
4508,愛宕,0,450,49,35,39,800,203,200,120,90,0,50,1,－,ＬＬ,61,114590,0,3,-9,-4,艦船系／人系／艦これ
4509,摩耶,0,450,49,35,39,800,203,200,120,90,0,50,1,－,ＬＬ,61,114590,0,3,-9,-4,艦船系／人系／艦これ
4510,鳥海,0,450,49,35,39,800,203,200,120,90,0,50,1,－,ＬＬ,61,114590,0,3,-9,-4,艦船系／人系／艦これ
4511,最上,0,410,59,35,39,800,200,200,90,100,0,50,200,－,ＬＬ,60,114590,0,3,-9,-4,艦船系／人系／艦これ
4512,最上改,0,430,71,35,59,800,200,140,115,120,0,50,50,－,ＬＬ,63,114590,0,3,-9,-3,艦船系／人系／艦これ
4513,三隈,0,400,59,31,39,870,200,200,90,90,0,25,1,－,ＬＬ,62,114590,0,3,-9,-4,艦船系／人系／艦これ
4514,三隈改,0,430,71,34,59,870,200,200,90,90,0,25,50,－,ＬＬ,66,114590,0,3,-9,-4,艦船系／人系／艦これ
4515,鈴谷,0,400,59,31,39,800,200,200,90,90,0,25,1,－,ＬＬ,60,114590,0,3,-9,-4,艦船系／人系／艦これ
4516,鈴谷改,0,430,72,34,59,800,200,255,165,160,0,50,50,－,ＬＬ,63,114590,0,3,-9,-3,艦船系／人系／艦これ
4517,熊野,0,400,59,31,39,800,200,200,90,90,0,25,1,－,ＬＬ,60,114590,0,3,-9,-4,艦船系／人系／艦これ
4518,熊野改,0,430,72,34,59,800,200,255,165,160,0,50,50,－,ＬＬ,63,114590,0,3,-9,-3,艦船系／人系／艦これ
4519,ジム・ナイトシーカー,0,275,24,44,60,310,18,0,10,30,30,0,1,－,Ｍ,19,6840,2,-5,1,1,MS系／ジム系／連邦軍・ティターンズ・地球連合／MSV(モビルスーツバリエーション)
4520,利根,0,440,59,36,59,920,201,160,120,100,0,50,200,－,ＬＬ,67,114590,0,3,-9,-4,艦船系／人系／艦これ
4521,筑摩,0,440,59,36,59,920,201,160,120,100,0,50,1,－,ＬＬ,67,114590,0,3,-9,-4,艦船系／人系／艦これ
4522,初風,0,160,19,45,19,500,118,50,120,45,120,50,1,－,ＬＬ,38,19530,0,3,-9,-3,艦船系／人系／艦これ
4523,舞風,0,160,19,45,19,500,118,50,120,45,120,50,1,－,ＬＬ,38,19530,0,3,-9,-3,艦船系／人系／艦これ
4524,千歳,0,400,39,20,69,550,192,165,0,70,0,50,300,－,ＬＬ,51,64060,0,3,-9,-3,艦船系／人系／艦これ
4525,千歳改,0,410,39,25,69,550,192,165,0,75,0,50,50,－,ＬＬ,52,67060,0,3,-9,-3,艦船系／人系／艦これ
4526,千歳甲,0,420,39,27,69,550,192,170,90,95,95,50,50,－,ＬＬ,52,76060,0,3,-9,-3,艦船系／人系／艦これ
4527,千歳航,0,470,39,37,69,550,192,185,0,100,0,50,50,－,ＬＬ,55,76060,0,3,-9,-2,艦船系／人系／艦これ
4528,千歳航改二,0,570,65,38,79,550,192,305,0,195,0,60,100,－,ＬＬ,61,79060,0,3,-9,-2,艦船系／人系／艦これ
4529,強襲仕様ガンペリー,0,290,24,55,73,250,34,10,50,0,50,0,5,－,Ｍ,28,3750,0,-5,0,4,連邦軍・ティターンズ・地球連合／MSV(モビルスーツバリエーション)／車輌・戦闘機系
4530,ガルガーディア,0,380,25,92,80,450,25,250,240,180,160,90,30,NT2,Ｍ,39,19500,4,-4,1,3,その他／バンプレストオリジナル
4531,ジャスティニア,0,410,34,84,70,420,28,250,240,250,120,60,50,NT2,Ｍ,39,19200,4,-2,4,5,その他／バンプレストオリジナル
4532,ギオリアス,0,380,27,94,80,450,25,300,300,250,200,100,80,NT3,Ｍ,48,18600,5,-4,2,1,その他／バンプレストオリジナル
4533,千代田,0,400,39,20,69,550,185,165,0,70,0,50,1,－,ＬＬ,51,64060,0,3,-9,-3,艦船系／人系／艦これ
4534,千代田改,0,410,39,25,69,550,185,165,0,75,0,50,50,－,ＬＬ,52,67060,0,3,-9,-3,艦船系／人系／艦これ
4535,千代田甲,0,420,39,27,69,550,185,170,90,95,95,50,50,－,ＬＬ,52,76060,0,3,-9,-3,艦船系／人系／艦これ
4536,千代田航,0,470,39,37,69,550,192,195,0,110,0,50,50,－,ＬＬ,55,76060,0,3,-9,-3,艦船系／人系／艦これ
4537,千代田航改二,0,570,65,38,79,550,192,365,0,195,0,60,100,－,ＬＬ,61,79060,0,3,-9,-3,艦船系／人系／艦これ
4538,鳳翔,0,300,39,24,36,500,168,95,0,50,0,100,300,－,ＬＬ,44,40060,0,3,-9,-3,艦船系／人系／艦これ
4539,龍驤,0,310,39,27,69,500,180,0,0,80,0,50,300,－,ＬＬ,47,64060,0,3,-9,-3,艦船系／人系／艦これ
4540,祥鳳,0,320,39,28,69,780,205,0,0,70,0,50,300,－,ＬＬ,57,64060,0,3,-9,-3,艦船系／人系／艦これ
4541,瑞鳳,0,320,39,29,69,780,205,0,0,70,0,150,1,－,ＬＬ,57,64060,0,3,-9,-3,艦船系／人系／艦これ
4542,瑞鳳改,0,450,59,29,79,780,205,30,0,105,0,200,50,－,ＬＬ,63,76060,0,3,-9,-3,艦船系／人系／艦これ
4543,飛鷹,0,400,39,28,59,500,219,290,0,105,0,50,300,－,ＬＬ,49,76060,0,3,-9,-3,艦船系／人系／艦これ
4544,隼鷹,0,400,39,28,59,500,219,290,0,105,0,50,1,－,ＬＬ,49,76060,0,3,-9,-3,艦船系／人系／艦これ
4545,ギンシャス,0,280,37,64,52,320,25,180,180,160,140,120,10,NT1,Ｍ,35,14700,3,2,0,1,その他／バンプレストオリジナル
4546,ウェルスダイン,0,375,34,102,60,420,25,240,240,240,120,100,50,NT2,Ｍ,40,29200,4,-4,-2,0,その他／バンプレストオリジナル
4547,ウェルスゼア,0,390,61,84,70,420,25,240,240,140,240,140,70,NT2,Ｍ,41,29800,4,-4,-2,0,その他／バンプレストオリジナル
4548,ウェルスピナー,0,410,58,70,75,420,25,250,250,120,140,250,70,NT3,Ｍ,42,30400,3,2,-2,0,その他／バンプレストオリジナル
4549,ウェルスピナー・レイ,0,410,58,70,75,420,25,250,250,250,140,120,50,NT3,Ｍ,42,31000,3,2,-2,0,その他／バンプレストオリジナル
4550,ディンフレイル,0,380,32,62,90,450,28,240,240,180,180,240,70,NT2,Ｍ,39,18600,4,-2,0,-2,その他／バンプレストオリジナル
4551,ガエン仕様ソルガディ,0,390,30,88,68,420,22,240,240,180,180,180,80,NT2,Ｍ,40,18000,3,-2,4,5,その他／バンプレストオリジナル
4552,ベリアル,0,480,40,100,65,650,16,500,500,350,350,350,180,NT10,Ｓ,52,76000,2,-1,-4,4,その他／スパロボシリーズ
4553,赤城,0,690,54,28,69,800,261,365,0,160,0,60,300,－,ＬＬ,71,132590,0,3,-9,-3,艦船系／人系／艦これ
4554,加賀,0,710,59,27,69,800,238,279,0,84,0,30,300,－,ＬＬ,72,132590,0,3,-9,-3,艦船系／人系／艦これ
4555,蒼龍,0,500,49,33,69,760,227,320,0,130,0,50,300,－,ＬＬ,63,110090,0,3,-9,-3,艦船系／人系／艦これ
4556,飛龍,0,500,49,37,69,760,227,320,0,130,0,175,300,－,ＬＬ,64,110090,0,3,-9,-3,艦船系／人系／艦これ
4557,トレイス仕様ジャオーム,0,410,34,88,62,420,28,250,250,170,170,170,50,NT2,Ｍ,35,18000,3,-2,4,5,その他／バンプレストオリジナル
4558,レオゲイラ,0,360,34,60,70,450,28,180,180,180,140,80,30,NT2,Ｍ,35,14400,5,-2,0,1,その他／バンプレストオリジナル
4559,デルギラン,0,375,58,42,90,450,28,180,180,80,140,180,40,NT2,Ｍ,35,14400,4,-2,0,-4,その他／バンプレストオリジナル
4560,キョウメイ朱,0,420,58,102,70,450,28,250,250,200,140,140,100,NT3,Ｍ,42,32200,3,-2,2,4,その他／バンプレストオリジナル
4561,キョウメイ蒼,0,420,58,102,70,450,28,250,250,140,200,140,20,NT3,Ｍ,42,32200,3,2,2,4,その他／バンプレストオリジナル
4562,翔鶴,0,620,49,36,69,970,257,375,0,145,0,50,300,－,ＬＬ,75,128090,0,3,-9,-3,艦船系／人系／艦これ
4563,航空母艦瑞鶴,0,620,49,39,69,970,257,360,0,145,0,200,1,－,ＬＬ,75,128090,0,3,-9,-3,艦船系／人系／艦これ
4564,瑞鶴改,0,750,72,42,89,970,257,460,0,240,0,210,50,－,ＬＬ,83,168590,0,3,-9,-3,艦船系／人系／艦これ
4565,セルファイター,0,300,31,73,50,245,24,190,170,150,180,150,30,－,Ｍ,29,18330,-5,-4,2,3,スパロボシリーズ／車輌・戦闘機系
4566,セルブースター,0,456,37,73,55,420,41,200,180,160,190,160,40,－,Ｌ,41,19530,-5,-4,4,0,スパロボシリーズ／車輌・戦闘機系
4567,セルブースター・バルハラ,0,456,37,73,55,420,74,200,180,160,190,160,40,－,Ｌ,42,19530,-4,-4,4,2,スパロボシリーズ／車輌・戦闘機系
4568,フルアーマー電童,0,588,64,80,60,475,24,220,220,180,150,150,50,NT5,Ｍ,50,64180,3,-3,3,3,その他／スパロボシリーズ
4569,シャルドールローグ,0,318,35,68,50,320,18,170,170,95,95,40,25,－,Ｍ,32,8550,1,-4,3,-4,MS系／ガンダムAGE
4570,伊168,0,100,17,15,29,700,104,10,120,0,0,50,1,－,ＬＬ,41,18030,0,6,-9,-5,艦船系／人系／艦これ
4571,伊58,0,140,19,13,39,525,108,10,150,0,0,200,1,－,ＬＬ,37,18030,0,6,-9,-5,艦船系／人系／艦これ
4572,Gエグゼスジャックエッジ,0,362,36,76,50,310,18,180,210,95,125,40,80,－,Ｍ,24,6390,2,-4,3,-4,MS系／専用機／ガンダムAGE
4573,長良改,0,430,69,40,49,500,162,120,175,100,175,60,50,－,ＬＬ,52,43060,0,3,-9,-5,艦船系／人系／艦これ
4574,名取改,0,430,59,40,49,500,162,120,175,95,175,60,50,－,ＬＬ,52,43060,0,3,-9,-4,艦船系／人系／艦これ
4575,五十鈴改二,0,440,69,42,59,500,162,135,235,265,370,65,100,－,ＬＬ,54,43060,0,3,-9,-5,艦船系／人系／艦これ
4576,ヴェールヌイ,0,370,58,47,44,500,118,185,235,210,305,100,100,－,ＬＬ,50,28060,0,3,-9,-5,艦船系／人系／艦これ
4577,ニムバス,0,340,34,72,50,420,28,180,180,150,150,120,40,NT2,Ｍ,30,12000,4,-4,0,1,その他／バンプレストオリジナル
4578,ドリッツ,0,360,52,42,80,420,28,180,180,120,150,150,60,NT2,Ｍ,32,12600,5,-2,0,-4,その他／バンプレストオリジナル
4579,ゼルヴォイド・ヴァスト,0,380,60,78,62,450,28,280,280,280,240,240,50,NT3,Ｍ,42,32800,3,-2,1,3,その他／バンプレストオリジナル
4580,ゼルヴォイド,0,700,70,100,80,500,28,320,320,300,300,300,100,NT5,Ｍ,72,64000,2,-2,2,4,その他／バンプレストオリジナル
4581,夕立改二,0,310,52,46,49,400,118,210,250,130,250,100,100,－,ＬＬ,44,19530,0,3,-9,-5,艦船系／人系／艦これ
4582,夕雲,0,160,19,47,19,500,119,50,120,45,135,60,100,－,ＬＬ,39,19530,0,3,-9,-5,艦船系／人系／艦これ
4583,秋雲,0,160,19,45,19,500,119,50,120,45,120,70,1,－,ＬＬ,39,19530,0,3,-9,-5,艦船系／人系／艦これ
4584,Gサイフォス,0,396,35,82,66,340,18,220,220,195,185,40,40,－,Ｍ,28,12000,2,-4,2,-4,MS系／ガンダムAGE
4585,金剛,0,630,69,30,39,800,214,315,0,120,0,60,400,－,ＬＬ,68,272090,0,3,-9,-3,艦船系／人系／艦これ
4586,比叡,0,630,69,30,39,800,214,315,0,120,0,50,1,－,ＬＬ,68,272090,0,3,-9,-3,艦船系／人系／艦これ
4587,榛名,0,630,69,30,39,800,214,315,0,120,0,75,1,－,ＬＬ,68,272090,0,3,-9,-3,艦船系／人系／艦これ
4588,霧島,0,630,69,30,39,800,222,315,0,120,0,50,1,－,ＬＬ,68,272090,0,3,-9,-3,艦船系／人系／艦これ
4589,扶桑,0,670,79,19,33,800,205,370,0,115,0,25,100,－,ＬＬ,69,294590,0,3,-9,-3,艦船系／人系／艦これ
4590,扶桑改,0,750,89,33,49,800,205,525,0,240,0,50,100,－,ＬＬ,75,290090,0,3,-9,-3,艦船系／人系／艦これ
4591,山城,0,670,79,19,33,800,205,370,0,115,0,25,1,－,ＬＬ,69,294590,0,3,-9,-3,艦船系／人系／艦これ
4592,山城改,0,750,89,33,49,800,205,525,0,220,0,50,100,－,ＬＬ,75,290090,0,3,-9,-3,艦船系／人系／艦これ
4593,レギトゥス,0,450,32,60,60,400,18,150,150,150,150,150,50,－,Ｍ,38,12900,1,-2,2,1,その他／スパロボシリーズ／量産機
4594,リベルタス,0,550,38,80,60,500,20,200,220,220,180,150,150,－,Ｍ,51,28000,2,-2,2,2,その他／スパロボシリーズ
4595,ウォルンタス,0,550,40,78,62,500,20,200,220,200,200,200,150,－,Ｍ,51,28000,2,-2,2,2,その他／スパロボシリーズ
4596,テネリタス,0,550,42,75,65,500,20,200,220,150,200,220,150,－,Ｍ,51,28000,2,-2,2,2,その他／スパロボシリーズ
4597,マグドーラ・デウンド,0,380,30,55,55,320,15,120,120,100,120,100,50,－,Ｍ,36,12900,1,-2,1,1,その他／スパロボシリーズ／量産機
4598,マグドーラ・シーカ,0,380,30,55,55,320,15,120,120,100,120,100,20,－,Ｍ,36,12900,1,-2,1,1,その他／スパロボシリーズ／量産機
4599,マグドーラ・ラーレ,0,380,30,55,55,320,15,120,120,100,120,100,20,－,Ｍ,36,12900,1,-2,1,1,その他／スパロボシリーズ／量産機
4600,AGE-1アサルトジャケット,0,470,47,77,58,509,18,150,150,130,130,0,10,－,Ｍ,46,14526,2,-1,2,-5,MS系／ガンダム系／ガンダムAGE
4601,マグフォート,0,460,32,70,55,480,15,220,230,220,240,220,80,－,Ｍ,44,40000,1,-1,2,2,その他／スパロボシリーズ
4602,マグレーグル,0,480,35,75,55,480,17,300,230,220,250,220,100,－,Ｍ,46,64000,2,-1,2,2,その他／スパロボシリーズ
4603,マグオルトル,0,550,48,90,65,600,20,300,230,280,280,250,200,強5,Ｍ,60,76000,4,0,4,4,その他／スパロボシリーズ
4604,マグオルトル(P) ,1,550,48,101,55,600,20,300,230,280,280,250,200,強5,Ｍ,60,0,-6,0,5,5,スパロボシリーズ／車輌・戦闘機系
4605,トリロク,0,350,20,50,50,300,15,100,100,100,100,100,50,－,Ｍ,37,6900,-3,-3,2,1,その他／スパロボシリーズ／量産機
4606,アルヴィティオ,0,450,30,60,60,450,15,150,150,150,150,150,80,－,Ｍ,43,13500,1,-2,2,1,その他／スパロボシリーズ／量産機
4607,アルヴィリウム,0,620,50,70,65,600,25,200,200,200,200,240,200,－,Ｍ,52,64000,2,-2,2,2,その他／スパロボシリーズ
4608,アルヴィリウム・セペラ,0,650,52,75,80,620,28,150,150,220,220,280,80,－,Ｍ,60,67000,2,-2,2,2,その他
4609,伊勢,0,740,89,22,36,950,219,430,0,140,0,75,100,－,ＬＬ,78,294590,0,3,-9,-3,艦船系／人系／艦これ
4610,伊勢改,0,770,92,36,60,950,219,540,0,245,0,150,100,－,ＬＬ,82,290090,0,3,-9,-3,艦船系／人系／艦これ
4611,日向,0,740,89,22,36,950,219,430,0,140,0,75,1,－,ＬＬ,78,294590,0,3,-9,-3,艦船系／人系／艦これ
4612,日向改,0,770,92,36,60,950,219,535,0,245,0,130,100,－,ＬＬ,82,290090,0,3,-9,-3,艦船系／人系／艦これ
4613,巻雲,0,160,19,47,19,500,119,50,120,45,135,55,1,－,ＬＬ,39,19530,0,3,-9,-5,艦船系／人系／艦これ
4614,長波,0,160,19,47,19,500,119,50,120,45,135,65,1,－,ＬＬ,39,19530,0,3,-9,-5,艦船系／人系／艦これ
4615,陸奥,0,800,89,24,39,550,215,470,0,155,0,15,100,－,ＬＬ,67,344090,0,3,-9,-3,艦船系／人系／艦これ
4616,長門,0,800,89,24,39,550,224,470,0,155,0,100,100,－,ＬＬ,67,344090,0,3,-9,-3,艦船系／人系／艦これ
4617,大和,0,930,108,27,39,720,263,620,0,250,0,60,200,－,ＬＬ,78,1100120,0,3,-9,-3,艦船系／人系／艦これ
4618,大和改,0,960,118,28,39,720,263,660,0,385,0,65,1200,－,ＬＬ,80,1154120,0,3,-9,-3,艦船系／人系／艦これ
4619,ジェノアスMカスタム,0,310,30,60,55,320,18,160,160,65,95,0,10,－,Ｍ,21,8475,1,-4,3,-5,MS系／ガンダムAGE
4620,時雨改二,0,310,52,62,43,400,118,175,280,180,265,250,100,－,ＬＬ,45,19530,0,3,-9,-5,艦船系／人系／艦これ
4621,ジェガンA2型,0,390,45,92,58,425,19,140,165,150,150,150,1,－,Ｍ,31,18240,1,-4,2,-4,MS系／ジム系／連邦軍・ティターンズ・地球連合／ガンダムUC／量産機
4622,ゼネラル・レビル仕様リゼルC型(Db),0,435,54,118,75,460,20,270,290,320,320,320,30,－,Ｍ,48,43660,2,-3,2,-4,MS系／連邦軍・ティターンズ・地球連合／ガンダムUC
4623,ゼネラル・レビル仕様リゼルC型(Db)(WR) ,1,435,54,124,75,460,20,270,290,320,320,320,30,－,Ｍ,48,0,-5,-5,4,3,MA系／連邦軍・ティターンズ・地球連合／ガンダムUC
4624,阿賀野,0,300,32,37,45,600,174,130,120,85,125,50,200,－,ＬＬ,48,55060,0,3,-9,-5,艦船系／人系／艦これ
4625,能代,0,300,32,37,45,600,174,130,120,85,125,50,1,－,ＬＬ,48,55060,0,3,-9,-5,艦船系／人系／艦これ
4626,伊19,0,140,18,12,39,700,108,10,180,0,0,60,200,－,ＬＬ,43,18030,0,6,-9,-5,艦船系／人系／艦これ
4627,伊8,0,150,19,14,39,700,109,10,165,0,0,100,1,－,ＬＬ,44,18030,0,6,-9,-5,艦船系／人系／艦これ
4628,金剛改二,0,820,94,37,49,800,214,510,0,315,0,65,1200,－,ＬＬ,78,330590,0,3,-9,-3,艦船系／人系／艦これ
4629,武蔵,0,940,108,27,40,720,263,620,0,250,0,50,1,－,ＬＬ,79,1100120,0,3,-9,-3,艦船系／人系／艦これ
4630,武蔵改,0,970,119,27,40,720,263,620,0,300,0,45,1200,－,ＬＬ,81,1154120,0,3,-9,-3,艦船系／人系／艦これ
4631,スリーディ,0,150,17,27,40,300,12,10,10,55,0,0,1,－,Ｍ,19,1200,1,-4,-5,-4,MS系／ガンダムAGE／量産機
4632,ヴァンデラ,0,254,19,28,40,305,18,10,10,55,0,0,1,－,Ｍ,27,1440,1,-4,-5,-4,MS系／ガンダムAGE／量産機
4633,ジェノアスFカスタム,0,300,37,40,55,310,18,160,160,65,95,0,10,－,Ｍ,29,7575,3,-4,1,-4,MS系／専用機／ガンダムAGE
4634,衣笠改二,0,530,73,38,54,700,185,270,235,210,0,65,200,－,ＬＬ,63,110090,0,3,-9,-4,艦船系／人系／艦これ
4635,ザムジード(精霊憑依),0,600,93,74,75,520,28,460,460,400,270,270,200,NT7,Ｍ,58,275600,5,0,2,1,その他／バンプレストオリジナル
4636,ドズル専用リック・ドム,0,300,28,56,48,326,18,0,0,90,90,0,40,－,Ｍ,20,7770,-3,-4,3,-5,MS系／ジオン・ネオジオン軍・ザフト／ドム系／専用機／MSV(モビルスーツバリエーション)
4637,白露改,0,300,49,45,39,400,118,90,185,90,155,150,100,－,ＬＬ,43,19530,0,3,-9,-5,艦船系／人系／艦これ
4638,矢矧,0,310,33,38,45,600,174,130,120,85,125,65,1,－,ＬＬ,49,55060,0,3,-9,-5,艦船系／人系／艦これ
4639,比叡改二,0,830,95,36,52,800,214,315,0,120,0,65,200,－,ＬＬ,78,330590,0,3,-9,-3,艦船系／人系／艦これ
4640,ホワイトディンゴ仕様量産型ガンキャノン,0,330,34,50,68,320,18,0,0,0,80,80,50,－,Ｍ,32,7470,2,-3,2,-4,MS系／連邦軍・ティターンズ・地球連合
4641,ハーマン専用61式戦車5型,0,185,20,26,62,200,20,0,30,0,30,30,5,－,Ｓ,19,3360,4,-5,-5,-4,連邦軍・ティターンズ・地球連合／専用機／車輌・戦闘機系
4642,ガッデス(精霊憑依),0,540,85,90,85,570,28,370,370,300,270,270,200,NT7,Ｍ,54,254000,1,5,0,1,その他／バンプレストオリジナル
4643,グランヴェール(精霊憑依),0,530,70,115,70,620,28,370,390,300,270,270,200,NT7,Ｍ,56,254000,4,-3,3,1,その他／バンプレストオリジナル
4644,サイバスター(精霊憑依),0,580,78,135,80,570,28,390,390,370,370,270,200,NT9,Ｍ,57,290000,2,-2,2,6,その他／バンプレストオリジナル
4645,ゼルヴォイド(精霊憑依),0,700,100,120,80,500,28,420,420,400,400,400,200,NT7,Ｍ,68,362000,2,-2,2,5,その他／バンプレストオリジナル
4646,ヴァルヴレイヴI,0,440,42,100,82,380,19,270,250,200,230,180,220,強3,Ｍ,50,47800,1,-3,3,3,その他／スパロボシリーズ
4647,ヴァルヴレイヴIII,0,440,42,95,82,380,27,270,250,230,200,180,1,強3,Ｍ,50,41800,1,-3,3,3,その他／スパロボシリーズ
4648,ゲシュテルベン,0,325,32,82,90,400,21,300,300,250,235,235,60,－,Ｍ,44,19200,3,0,4,1,その他／バンプレストオリジナル
4649,黒い稲妻旅団仕様バーグラリードッグ,0,250,14,75,88,300,10,200,200,200,200,200,10,－,ＳＳ,34,1500,5,-5,-5,-5,その他／ボトムズシリーズ
4650,ライバード,0,280,24,72,48,400,10,180,180,160,140,100,50,－,Ｓ,32,5700,4,-4,-2,0,その他／スパロボシリーズ
4651,村雨改,0,300,49,45,39,400,118,90,165,105,155,60,1,－,ＬＬ,43,19530,0,3,-9,-5,艦船系／人系／艦これ
4652,トーマ仕様ディバイソン,0,520,55,70,80,480,56,175,215,155,190,190,110,－,Ｍ,66,40000,5,-3,-6,-1,その他／ゾイドシリーズ／スパロボシリーズ
4653,神機使い男,0,60,10,56,60,300,10,200,200,280,200,200,150,NT1,ＳＳ,24,110000,4,-6,-6,-4,人系
4654,神機使い女,0,60,10,56,60,300,10,200,200,200,200,280,150,NT1,ＳＳ,24,110000,4,-6,-6,4,人系
4655,ジオン公国軍兵士,0,20,2,13,40,100,5,0,0,0,0,0,1,－,ＳＳ,10,300,1,-4,-5,1,ジオン・ネオジオン軍・ザフト／機動戦士ガンダム／ポケットの中の戦争／第08MS小隊／人系／量産機
4656,地球連邦軍兵士,0,20,2,15,40,100,5,0,0,0,0,0,1,－,ＳＳ,10,300,1,-4,-6,-4,連邦軍・ティターンズ・地球連合／機動戦士ガンダム／ポケットの中の戦争／第08MS小隊／人系／量産機
4657,カノン,0,80,12,52,60,300,10,280,280,0,240,280,548,－,ＳＳ,24,294932,4,-6,-6,-4,人系
4658,ランスロット・グレイル,0,345,37,92,50,400,15,250,300,320,250,200,50,－,Ｓ,36,31000,3,-4,-4,-5,その他／コードギアス／専用機
4659,木曾改二,0,440,65,45,49,500,162,60,120,65,95,50,200,－,ＬＬ,53,67060,0,3,-9,-4,艦船系／人系／艦これ
4660,ルチアナ,0,170,18,62,75,200,8,130,140,300,350,300,1,NT8,ＳＳ,20,99200,1,-4,-5,5,人系
4661,マルチナ,0,160,14,70,50,200,8,130,140,300,350,300,1,NT8,ＳＳ,20,99200,1,-4,-5,5,人系
4662,フェルナンディア,0,200,16,65,65,230,8,130,140,300,350,300,1,NT8,ＳＳ,21,110000,1,-4,-4,5,人系
4663,シャクヤク,0,930,52,30,90,930,200,270,270,200,200,200,100,－,ＬＬ,102,326000,-6,0,2,1,艦船系／スパロボシリーズ
4664,ガンヘッド,0,420,50,60,80,350,10,280,280,180,180,180,50,－,Ｓ,30,18010,4,-6,-6,-5,スパロボシリーズ／車輌・戦闘機系／量産機
4665,ガンヘッド(TM) ,1,420,50,50,80,350,10,280,280,180,180,180,50,－,Ｓ,30,0,4,-6,-6,-5,スパロボシリーズ／車輌・戦闘機系／量産機
4666,ゲッターキリク ,1,700,63,105,60,950,80,300,300,270,280,260,50,－,Ｌ,70,0,4,-5,0,0,その他／スパロボシリーズ
4667,古代ゲッター2 ,1,840,61,90,60,990,50,400,400,370,380,360,60,－,Ｌ,87,0,6,-5,0,-5,その他／スパロボシリーズ
4668,ガンノウズ,0,70,11,31,40,250,10,300,300,300,300,300,100,－,ＳＳ,16,12000,4,-2,0,-2,その他
4669,サンジューロ,0,90,9,37,30,250,10,300,300,300,300,300,100,－,ＳＳ,16,12000,4,-2,0,-2,その他
4670,アリサ,0,75,16,72,65,300,10,300,300,250,250,200,200,NT3,ＳＳ,25,348500,4,-6,-6,-5,人系
4671,クリスマス仕様那珂,0,260,29,38,39,500,162,70,120,65,120,60,1,－,ＬＬ,43,40060,0,3,-9,-4,艦船系／人系／艦これ
4672,まるゆ,0,60,9,9,9,150,41,5,0,0,0,35,1,－,ＬＬ,24,7530,0,5,-9,-5,艦船系／人系／艦これ
4673,あきつ丸,0,380,33,15,13,500,152,30,0,65,0,50,1,－,ＬＬ,44,40060,0,4,-9,-5,艦船系／人系／艦これ
4674,あきつ丸改,0,400,43,17,59,500,152,160,0,75,0,85,1,－,ＬＬ,49,64060,0,4,-9,-5,艦船系／人系／艦これ
4675,伊401,0,200,24,13,45,700,122,10,195,0,0,100,200,－,ＬＬ,46,19530,0,6,-9,-5,艦船系／人系／艦これ
4676,大鳳,0,670,79,33,74,500,260,305,0,220,0,10,300,－,ＬＬ,63,168590,0,3,-9,-3,艦船系／人系／艦これ
4677,大鳳改,0,700,84,34,77,500,260,318,0,295,0,20,200,－,ＬＬ,64,222590,0,3,-9,-3,艦船系／人系／艦これ
4678,イオナ,0,700,60,25,120,1400,122,500,550,200,0,250,500,強5,ＬＬ,102,1604000,-5,4,-9,-5,艦船系／人系／艦これ／スパロボシリーズ
4679,タカオ,0,770,90,20,140,800,203,600,300,250,0,100,500,強5,ＬＬ,86,2130000,-5,3,-9,-4,艦船系／人系／艦これ／スパロボシリーズ
4680,ハルナ,0,1020,110,18,160,800,214,675,0,300,0,150,500,強5,ＬＬ,97,2190000,-5,3,-9,-3,艦船系／人系／艦これ／スパロボシリーズ
4681,静夏,0,180,20,55,50,225,8,130,140,200,250,200,1,NT8,ＳＳ,23,96500,1,-4,-5,5,人系
4682,ハイデマリー,0,180,18,73,53,225,8,140,150,300,350,300,1,NT8,ＳＳ,25,200000,1,-4,-5,5,人系
4683,ニッカ,0,210,14,62,60,225,8,140,150,300,350,300,1,NT8,ＳＳ,25,200000,1,-4,-5,5,人系
4684,パーフェクトダイテイオー,0,700,50,73,65,700,50,300,300,250,250,200,1,－,Ｌ,68,150500,2,-4,1,3,その他／勇者・エルドランシリーズ
4685,YF-29 デュランダル,0,450,46,127,115,480,22,220,250,220,220,220,150,－,Ｍ,60,76000,-2,-2,6,6,マクロスシリーズ／車輌・戦闘機系
4686,YF-29 デュランダル(G) ,1,450,42,116,115,480,22,220,250,220,220,220,150,－,Ｓ,60,0,1,-2,1,-5,その他／マクロスシリーズ
4687,YF-29 デュランダル(B) ,1,450,51,107,95,480,22,220,250,220,220,220,150,－,Ｍ,60,0,5,-5,3,-2,その他／マクロスシリーズ
4688,プロトセイバー+11,0,435,46,92,80,534,18,300,350,200,250,230,100,強5,Ｍ,50,34660,2,-4,3,2,MS系／ガンダム系／ジオン・ネオジオン軍・ザフト／ガンダムSEED ASTRAY、MSV
4689,プロトセイバー+11(MA) ,1,435,46,97,80,534,18,300,350,200,250,230,100,強5,Ｍ,50,0,-6,-5,6,5,MA系／ガンダム系／ジオン・ネオジオン軍・ザフト／ガンダムSEED ASTRAY、MSV
4690,EW仕様トールギス,0,448,40,93,75,551,17,250,240,230,240,210,50,－,Ｍ,39,14910,1,-4,1,3,MS系／新機動戦記ガンダムW
4691,ダイオン,0,345,34,68,42,380,28,180,180,180,120,100,10,NT1,Ｍ,25,8400,2,-5,0,3,その他／バンプレストオリジナル
4692,スヴェンド,0,355,34,67,70,425,28,180,180,180,180,180,70,NT2,Ｍ,32,14400,4,-2,0,0,その他／バンプレストオリジナル
4693,リュデル,0,370,34,77,62,420,28,220,220,200,180,180,80,NT3,Ｍ,34,18000,4,-2,0,2,その他／バンプレストオリジナル
4694,エスフィード,0,340,32,76,70,420,28,180,180,100,160,160,70,NT2,Ｍ,32,13500,2,-5,0,5,その他／バンプレストオリジナル
4695,アンビロウム,0,950,42,74,80,780,42,300,300,280,240,120,180,NT5,Ｌ,73,254000,3,-5,2,2,その他／バンプレストオリジナル
4696,ゲシュペンストMk-II・タイプSA改,0,372,32,90,80,300,21,300,320,310,250,250,20,－,Ｍ,55,20800,3,-1,4,2,その他／バンプレストオリジナル
4697,量産型ゲシュペンストMk-II改・タイプC,0,390,51,71,85,300,25,280,280,235,250,250,20,－,Ｍ,42,20800,3,0,2,0,その他／バンプレストオリジナル／量産機
4698,テイタニア専用エルドスピーネ,0,275,19,75,60,320,10,250,250,200,200,0,30,強5,Ｓ,36,2160,5,-5,-5,-5,その他／専用機／ボトムズシリーズ
4699,スネークソード仕様Gサイフォス,0,396,35,82,66,340,18,220,220,215,185,40,10,－,Ｍ,28,12000,2,-4,2,-4,MS系／ガンダムAGE
4700,ビルドストライク,0,480,45,62,60,450,30,200,220,100,120,80,120,－,Ｍ,42,19500,3,-4,3,1,MS系／ガンダム系／ガンダムビルドシリーズ
4701,ビルドストライクFP,0,504,45,75,60,450,30,200,220,100,120,80,30,－,Ｍ,43,31000,3,-4,3,2,MS系／ガンダム系／ガンダムビルドシリーズ
4702,ドルチェノフ専用ギルガザムネ,0,800,58,80,92,730,28,250,260,190,190,160,80,－,Ｌ,75,110000,5,0,0,1,その他／専用機／スパロボシリーズ
4703,ラビリス,0,100,12,60,40,900,20,300,300,300,200,100,100,強5,ＳＳ,40,620000,3,-5,-5,-4,人系
4704,グルンガスト弐式(2号機),0,650,52,55,60,630,80,300,300,300,300,300,20,NT5,Ｌ,55,57400,4,-3,3,-1,その他／バンプレストオリジナル
4705,Gホーク(2号機) ,1,650,46,75,60,630,80,300,300,300,300,300,20,NT5,Ｌ,55,0,-5,-5,3,5,その他／バンプレストオリジナル
4706,プファイルIII,0,404,40,87,70,345,21,300,300,120,300,300,80,－,Ｍ,39,20200,3,-3,3,2,その他／バンプレストオリジナル
4707,セレーナ仕様ゲシュテルベン改,0,345,32,92,90,400,22,400,300,300,250,235,70,－,Ｍ,51,21400,3,0,4,3,その他／専用機／バンプレストオリジナル
4708,AGE-3フォートレス,0,498,52,94,70,636,19,185,185,150,190,110,60,－,Ｍ,59,28720,4,-4,-4,-4,MS系／ガンダム系／ガンダムAGE
4709,那珂改二,0,480,68,42,54,500,162,110,140,120,325,65,200,－,ＬＬ,55,52060,0,3,-9,-4,艦船系／人系／艦これ
4710,ディーン専用陸戦高機動型ザク,0,282,21,56,45,312,18,30,50,50,30,30,5,－,Ｍ,28,6750,3,-4,-5,-4,MS系／ザク系／ジオン・ネオジオン軍・ザフト／専用機
4711,ザク・ハーフキャノン,0,220,18,32,45,235,17,0,30,0,0,30,80,－,Ｍ,21,6570,3,-5,-5,-3,MS系／ザク系／ジオン・ネオジオン軍・ザフト／MSV(モビルスーツバリエーション)／量産機
4712,ジム・ガードカスタム,0,296,30,52,60,326,18,50,50,0,0,0,90,－,Ｍ,28,7680,2,-3,2,-4,MS系／ジム系／連邦軍・ティターンズ・地球連合
4713,寒冷地仕様ジム(大型クロー装備),0,282,26,48,53,312,18,0,20,30,40,0,30,－,Ｍ,19,6930,2,-3,2,-4,MS系／ジム系／連邦軍・ティターンズ・地球連合
4714,ブロディア・ライアット,0,370,40,80,58,350,15,180,190,190,140,140,30,－,Ｍ,35,5520,3,-1,3,2,その他／スパロボシリーズ
4715,弥生,0,130,18,37,17,450,102,30,90,35,80,50,1,－,ＬＬ,34,18030,0,3,-9,-5,艦船系／人系／艦これ
4716,卯月,0,130,18,37,17,450,102,30,90,35,80,50,1,－,ＬＬ,34,18030,0,3,-9,-5,艦船系／人系／艦これ
4717,シラヌイ,0,500,5,25,150,400,80,250,250,200,200,200,1,－,ＬＬ,38,12000,-3,-4,1,-3,艦船系／スパロボシリーズ
4718,カゲロウ,0,500,5,25,150,400,80,250,250,200,200,200,1,－,ＬＬ,38,12000,-3,-4,1,-3,艦船系／スパロボシリーズ
4719,ツルギ,0,550,5,20,120,500,80,200,250,200,200,200,1,－,ＬＬ,42,13800,-3,-4,2,-3,艦船系／スパロボシリーズ
4720,ヤクモ,0,550,5,20,120,500,80,200,250,200,200,200,1,－,ＬＬ,42,13800,-3,-4,2,-3,艦船系／スパロボシリーズ
4721,コスモゼロα2,0,180,18,85,65,370,9,180,180,185,185,180,40,－,Ｍ,39,18000,-4,-5,4,4,スパロボシリーズ／車輌・戦闘機系
4722,袖付き仕様ドーベン・ウルフ,0,480,59,118,60,478,22,190,200,170,200,0,30,－,Ｍ,39,57100,2,-3,2,-4,MS系／ジオン・ネオジオン軍・ザフト／ガンダムUC
4723,デュナメスリペア,0,376,42,84,68,395,24,180,180,0,180,180,5,－,Ｍ,38,14520,2,-4,2,1,MS系／ガンダム系／ガンダム00
4724,衛人,0,405,28,65,55,500,20,300,300,200,250,250,40,強3,Ｍ,29,5700,0,-2,3,-5,その他／スパロボシリーズ
4725,ライトニングサイクス,0,410,55,100,70,580,20,280,300,230,270,240,80,－,Ｍ,61,19200,6,-3,-5,1,その他／ゾイドシリーズ／スパロボシリーズ
4726,ネロ・ブライド,0,90,10,110,70,990,10,420,235,730,530,760,154,－,ＳＳ,40,500000,5,0,-6,-4,人系
4727,デスビースト,0,313,25,60,60,393,17,30,30,35,35,0,30,－,Ｍ,34,8250,3,-3,-5,-5,MS系／機動武闘伝Gガンダム／量産機
4728,モルドレッド,0,396,56,104,70,460,12,350,350,350,350,300,150,－,Ｓ,43,44800,1,-4,-5,2,その他／コードギアス
4729,飛鷹改,0,500,59,28,79,600,219,360,0,170,0,60,50,－,ＬＬ,59,92090,0,3,-9,-3,艦船系／人系／艦これ
4730,神通改二,0,510,69,41,54,500,162,130,190,90,175,65,150,－,ＬＬ,56,52060,0,3,-9,-4,艦船系／人系／艦これ
4731,サイコ・ザク,0,333,52,78,52,544,18,60,75,65,65,90,30,強4,Ｍ,43,14340,-5,-5,3,-5,MS系／ザク系／ジオン・ネオジオン軍・ザフト
4732,ジオン残党軍仕様ディザート・ザク,0,308,28,63,45,300,18,50,50,50,55,0,10,－,Ｍ,30,7650,3,-2,-5,-4,MS系／ザク系／ジオン・ネオジオン軍・ザフト／ガンダムUC
4733,ジュリック,0,320,28,50,42,320,16,0,0,95,120,0,1,－,Ｍ,28,4020,1,3,-5,-2,MS系／ジオン・ネオジオン軍・ザフト／MSV(モビルスーツバリエーション)
4734,ザクアメイジング,0,480,33,80,95,275,14,0,160,160,160,0,100,－,Ｍ,37,14730,3,-4,4,0,MS系／ザク系／ガンダムビルドシリーズ
4735,レーベレヒト・マース,0,180,22,36,24,190,119,40,120,60,160,30,100,－,ＬＬ,28,28060,0,3,-9,-5,艦船系／人系／艦これ
4736,マックス・シュルツ,0,180,22,36,24,190,119,40,120,60,160,30,1,－,ＬＬ,28,28060,0,3,-9,-5,艦船系／人系／艦これ
4737,ビスマルク,0,900,83,33,42,920,241,365,0,165,0,50,400,－,ＬＬ,83,290090,0,3,-9,-3,艦船系／人系／艦これ
4738,ビスマルク改,0,940,93,38,52,920,241,320,0,90,0,40,150,－,ＬＬ,86,299090,0,3,-9,-3,艦船系／人系／艦これ
4739,殲撃11型,0,385,35,74,65,325,18,250,250,220,220,220,50,－,Ｍ,35,12000,3,-3,-2,2,その他／マブラヴ
4740,ヘルズゲート仕様ドム,0,300,28,56,48,326,18,0,0,85,85,0,5,－,Ｍ,30,7770,3,-2,-5,-4,MS系／ジオン・ネオジオン軍・ザフト／ドム系
4741,ドム・バラッジ,0,278,32,43,58,280,18,50,50,85,85,0,20,－,Ｍ,32,7860,4,-5,-5,-4,MS系／ジオン・ネオジオン軍・ザフト／ドム系
4742,シャドウズ仕様ジム改,0,304,29,54,58,333,18,0,50,55,58,0,1,－,Ｍ,31,7800,2,-5,2,-4,MS系／ジム系／連邦軍・ティターンズ・地球連合
4743,カイン仕様ジム・スナイパーII,0,308,28,56,70,340,18,100,0,0,0,100,30,－,Ｍ,29,8070,2,-3,2,-4,MS系／ジム系／連邦軍・ティターンズ・地球連合／専用機
4744,シルバー・ヘイズ,0,345,33,70,58,397,18,50,90,140,140,0,30,－,Ｍ,28,12720,2,-5,2,-4,MS系／ジム系／専用機
4745,ジム・スナイパーK9,0,380,30,66,110,470,18,130,190,100,100,200,140,－,Ｍ,40,14940,3,-4,3,0,MS系／ジム系／ガンダムビルドシリーズ
4746,ジェニオン,0,495,50,105,70,500,26,320,320,300,300,300,100,－,Ｍ,48,56800,2,-2,3,3,その他／バンプレストオリジナル
4747,ハルファスベーゼ,0,720,70,74,50,665,18,300,350,280,375,300,150,強5,Ｍ,62,164030,1,-3,2,2,MS系／オリジナル系
4748,ハルファスベーゼ・ハルバード,0,530,43,74,70,636,38,400,450,380,475,400,150,－,Ｍ,53,21700,-5,-5,1,1,MA系／オリジナル系
4749,バルバドロ,0,875,47,60,80,880,60,400,440,300,380,380,150,－,Ｍ,70,128000,-6,-6,3,3,MA系／オリジナル系
4750,マスターフェニックス,0,438,44,103,80,590,18,400,400,350,300,300,110,－,Ｍ,48,28360,2,-3,2,2,MS系／ガンダム系／オリジナル系／専用機
4751,ウイングガンダムフェニーチェ,0,478,48,97,71,577,16,250,330,220,220,210,150,－,Ｍ,51,17880,2,-5,2,-3,MS系／ガンダム系／ガンダムビルドシリーズ
4752,ゴラオン,0,1280,46,60,120,1530,300,400,400,400,400,400,380,NT5,ＬＬ,132,500600,-6,-6,0,1,艦船系／スパロボシリーズ
4753,フォーエバージム,0,460,46,50,80,440,22,400,400,400,400,400,30,－,Ｍ,40,40000,1,-5,1,-3,MS系／ジム系／オリジナル系
4754,試作型レールガン仕様御坂妹,0,40,4,70,60,360,10,161,45,78,56,79,50,強5,ＳＳ,40,110288,2,-3,-6,-4,人系
4755,グフ・イグナイテッドB3000,0,384,38,84,80,390,20,200,230,100,100,100,50,強6,Ｍ,51,29500,2,-4,2,3,MS系／グフ系
4756,グフ・カスタムB3000,0,430,40,23,50,500,18,0,0,125,0,0,90,－,Ｍ,35,52000,4,-5,1,-4,MS系／グフ系
4757,グフ・キャノン,0,292,22,40,60,318,12,30,30,0,50,30,30,－,Ｍ,27,4350,4,-4,-5,-2,MS系／グフ系
4758,ドロレス,0,520,55,80,90,500,20,230,230,240,240,240,20,－,Ｍ,56,40000,0,-2,3,4,その他／スパロボシリーズ
4759,ビスマルク・ツヴァイ,0,960,94,38,54,920,241,308,0,68,0,80,50,－,ＬＬ,87,362090,0,3,-9,-3,艦船系／人系／艦これ
4760,浜風,0,160,19,44,19,500,118,50,120,45,120,120,1,－,ＬＬ,39,22060,0,3,-9,-3,艦船系／人系／艦これ
4761,谷風,0,160,19,44,19,500,118,50,120,50,120,50,1,－,ＬＬ,39,22060,0,3,-9,-3,艦船系／人系／艦これ
4762,天津風,0,180,25,48,19,500,118,50,140,110,130,90,1,－,ＬＬ,39,28060,0,3,-9,-3,艦船系／人系／艦これ
4763,天津風改,0,340,61,50,39,500,118,75,185,150,170,75,50,－,ＬＬ,49,28060,0,3,-9,-3,艦船系／人系／艦これ
4764,明石,0,390,19,8,5,800,154,10,10,5,5,5,100,－,ＬＬ,53,52060,0,2,-9,-6,艦船系／人系／艦これ
4765,明石改,0,450,27,10,6,800,154,45,0,95,0,60,100,－,ＬＬ,56,64060,0,2,-9,-6,艦船系／人系／艦これ
4766,利根改二,0,590,79,42,90,920,201,320,305,235,0,75,150,－,ＬＬ,76,132590,0,3,-9,-4,艦船系／人系／艦これ
4767,筑摩改二,0,580,79,42,90,920,201,230,165,165,0,70,150,－,ＬＬ,76,132590,0,3,-9,-4,艦船系／人系／艦これ
4768,龍驤改,0,450,59,27,79,500,180,0,0,110,0,60,50,－,ＬＬ,54,76060,0,3,-9,-3,艦船系／人系／艦これ
4769,酒匂,0,310,32,36,45,600,174,95,115,85,135,100,1,－,ＬＬ,59,55060,0,3,-9,-5,艦船系／人系／艦これ
4770,ベアッガイIII,0,375,26,21,42,170,13,10,30,30,15,0,180,－,Ｍ,23,20980,4,3,3,-3,MS系／ガンダムビルドシリーズ
4771,アゲイド,0,260,26,58,50,320,28,140,140,120,50,0,5,NT1,Ｍ,27,6900,2,-4,0,3,その他／バンプレストオリジナル／量産機
4772,ゴリアテ,0,300,45,42,50,360,22,120,120,100,80,0,5,NT1,Ｍ,25,7200,5,-2,-5,-4,その他／バンプレストオリジナル／量産機
4773,ローゼルライ,0,355,29,76,42,380,28,180,180,180,120,100,40,NT2,Ｍ,30,12300,2,-5,2,4,その他／バンプレストオリジナル／量産機
4774,ギオリアス・ロイ,0,380,32,84,80,550,25,400,400,350,250,150,1,NT3,Ｍ,50,20800,4,-4,2,3,その他／バンプレストオリジナル
4775,ガッツォー,0,695,60,58,70,550,30,180,180,180,0,0,150,NT4,Ｍ,60,128000,5,-2,0,-4,その他／バンプレストオリジナル
4776,ガッツォー＋,0,495,60,53,55,450,30,280,280,280,180,180,20,NT3,Ｍ,52,43000,5,-2,0,-4,その他／バンプレストオリジナル
4777,ガッツォーΣ,0,1050,70,33,72,700,40,300,300,280,300,320,200,NT6,Ｌ,72,182000,4,-3,-5,-5,その他／バンプレストオリジナル
4778,ガンダムレギルスR,0,500,52,105,75,440,19,255,255,200,240,160,50,NT7,Ｍ,52,20680,0,-4,5,0,MS系／ガンダム系
4779,バイアラン・カスタム2号機,0,448,52,129,68,496,20,220,240,260,260,120,40,－,Ｍ,49,53980,-1,-6,3,3,MS系／連邦軍・ティターンズ・地球連合／ガンダムUC
4780,LB仕様バイアラン・カスタム2号機,0,448,52,130,68,496,20,220,240,260,260,120,40,－,Ｍ,49,53980,-1,-6,3,3,MS系／連邦軍・ティターンズ・地球連合／ガンダムUC
4781,ドッグ・ザ・ダーク,0,250,14,65,60,300,10,100,100,170,150,0,30,－,Ｓ,32,1560,5,-5,-5,-5,その他／専用機／ボトムズシリーズ
4782,ガンダムX魔王,0,392,41,76,60,470,40,350,340,330,340,310,150,－,Ｍ,50,17400,0,-3,2,2,MS系／ガンダム系／ガンダムビルドシリーズ
4783,AGE-2アルティメス,0,435,48,85,120,363,19,160,160,165,130,100,50,－,Ｍ,35,7950,-2,-4,2,-4,MS系／ガンダム系／ガンダムAGE
4784,AGE-2アルティメス(MA) ,1,435,43,68,120,363,19,160,160,165,130,100,50,－,Ｍ,35,0,-5,-5,3,2,MA系／ガンダム系／ガンダムAGE
4785,AGE-2ダブルブレイド,0,435,48,92,70,363,19,160,160,465,130,100,50,－,Ｍ,40,13200,2,-4,2,-4,MS系／ガンダム系／ガンダムAGE
4786,AGE-2ダブルブレイド(MA) ,1,435,43,70,70,363,19,160,160,465,130,100,50,－,Ｍ,40,0,-5,-5,3,2,MA系／ガンダム系／ガンダムAGE
4787,AGE-3ラグナ,0,498,52,94,70,636,19,185,185,150,190,110,60,－,Ｍ,59,28720,-5,-4,4,-5,MS系／ガンダム系／ガンダムAGE
4788,羽黒改二,0,570,77,45,58,700,203,260,170,120,0,95,150,－,ＬＬ,66,146090,0,3,-9,-4,艦船系／人系／艦これ
4789,龍驤改二,0,500,62,36,79,500,180,340,0,120,0,75,150,－,ＬＬ,56,79060,0,3,-9,-3,艦船系／人系／艦これ
4790,浦風,0,160,19,44,19,500,118,50,120,65,130,65,1,－,ＬＬ,39,19530,0,3,-9,-3,艦船系／人系／艦これ
4791,飛龍改二,0,670,76,40,89,760,227,495,0,165,0,250,150,－,ＬＬ,73,186590,0,3,-9,-3,艦船系／人系／艦これ
4792,大鯨,0,390,37,24,48,500,215,495,65,0,80,100,50,－,ＬＬ,48,31060,0,3,-9,-3,艦船系／人系／艦これ
4793,龍鳳,0,390,38,27,64,500,215,155,0,120,0,100,50,－,ＬＬ,49,64060,0,3,-9,-3,艦船系／人系／艦これ
4794,龍鳳改,0,480,57,30,74,500,215,155,0,120,0,100,50,－,ＬＬ,54,67060,0,3,-9,-3,艦船系／人系／艦これ
4795,綾波改二,0,320,54,50,49,500,118,85,150,80,255,200,100,－,ＬＬ,48,19530,0,3,-9,-5,艦船系／人系／艦これ
4796,川内改二,0,480,69,43,55,500,162,135,130,100,295,70,150,－,ＬＬ,55,52060,0,3,-9,-4,艦船系／人系／艦これ
4797,アンゲロイGEM,0,520,48,84,72,500,42,200,200,180,180,120,5,－,Ｌ,44,18000,3,-4,2,2,その他／バンプレストオリジナル／量産機
4798,アンゲロイ,0,520,48,84,72,500,42,200,200,180,180,120,30,－,Ｌ,44,18000,2,-4,2,2,その他／バンプレストオリジナル
4799,ディオスク,0,630,64,87,74,670,64,300,300,280,180,180,70,NT2,Ｌ,62,92000,0,-4,2,2,その他／バンプレストオリジナル／量産機
4800,ザ・ガンダム,0,398,44,77,58,330,18,150,150,130,130,0,10,－,Ｍ,35,9240,2,-2,2,-4,MS系／ガンダム系／ガンダムAGE
4801,ディオスクA,0,700,70,92,74,670,64,400,400,360,360,240,150,NT5,Ｌ,70,200000,0,-4,2,2,その他／バンプレストオリジナル
4802,ジェミニア,0,900,90,95,76,800,76,500,500,400,360,360,300,NT7,Ｌ,90,500000,0,-4,2,2,その他／バンプレストオリジナル
4803,ジェニオン・ガイ,0,750,72,110,72,800,45,500,500,400,360,360,200,－,Ｌ,82,362000,2,-2,3,3,その他／バンプレストオリジナル
4804,アスクレプス,0,545,71,115,74,700,28,500,500,360,360,400,130,－,Ｍ,76,146000,0,-4,3,3,その他／バンプレストオリジナル
4805,チェインバー,0,374,60,72,90,600,9,300,300,280,280,280,120,－,Ｓ,52,64000,0,0,3,3,その他／スパロボシリーズ
4806,コアファイター仕様ジンクスIV,0,448,44,88,68,636,19,300,300,300,300,300,30,－,Ｍ,51,20080,1,-3,1,1,MS系／ガンダム00
4807,局地制圧型ガンタンク,0,272,27,42,84,350,18,0,30,0,0,90,1,－,Ｍ,28,4590,4,-4,-5,-5,その他／連邦軍・ティターンズ・地球連合／MSV(モビルスーツバリエーション)
4808,キララ専用ガーベラ・テトラ,0,414,41,96,58,425,18,175,190,150,190,0,50,－,Ｍ,40,19500,2,-4,2,-4,MS系／ジオン・ネオジオン軍・ザフト／ガンダムビルドシリーズ／専用機
4809,妙高改二,0,560,78,47,61,700,203,248,180,140,0,160,150,－,ＬＬ,66,146090,0,3,-9,-4,艦船系／人系／艦これ
4810,蒼龍改二,0,670,75,36,90,760,227,438,0,170,0,75,150,－,ＬＬ,73,150590,0,3,-9,-3,艦船系／人系／艦これ
4811,ドメラーズIII世,0,1700,100,20,160,1170,100,270,270,200,200,200,200,－,ＬＬ,118,980000,-5,-5,1,-5,艦船系／スパロボシリーズ
4812,ケンプファーアメイジング,0,398,33,82,58,400,18,0,400,165,165,0,140,－,Ｍ,42,28000,3,-1,1,0,MS系／ガンダムビルドシリーズ
4813,榛名改二,0,810,93,39,49,800,214,515,0,536,0,177,200,－,ＬＬ,78,330590,0,3,-9,-3,艦船系／人系／艦これ
4814,ガイバーI,0,90,32,50,50,300,15,300,300,300,300,300,300,－,ＳＳ,26,740000,3,3,-5,-1,人系
4815,ヴァルヴレイヴIV,0,380,38,120,78,420,27,270,250,230,230,150,1,強3,Ｍ,50,41800,1,-3,3,3,その他／スパロボシリーズ
4816,ライオットA,0,400,35,74,80,500,40,300,300,250,280,300,80,－,Ｍ,42,40000,2,-3,2,2,その他／バンプレストオリジナル
4817,ライオットB,0,400,35,74,80,500,40,300,300,300,280,250,1,－,Ｍ,42,40000,2,-3,2,2,その他／バンプレストオリジナル
4818,オルフェス,0,530,40,78,84,570,50,350,350,350,330,300,100,－,Ｌ,50,92000,4,-2,3,-1,その他／バンプレストオリジナル
4819,ライラス,0,370,30,80,90,500,28,350,350,280,280,280,50,－,Ｍ,40,31000,-2,-3,3,4,その他／バンプレストオリジナル
4820,オデュッセア,0,580,43,82,95,642,60,500,500,500,450,400,150,－,Ｌ,58,200000,3,-2,3,3,その他／バンプレストオリジナル
4821,ブロックヘッドB型,0,375,56,54,60,220,30,180,180,170,170,90,10,－,Ｓ,30,7140,3,-5,-5,-4,その他／スパロボシリーズ／量産機
4822,スヴェンド・ゲハード,0,375,32,65,80,425,28,240,240,0,240,240,30,NT3,Ｍ,35,20800,4,-2,0,0,その他／バンプレストオリジナル
4823,スヴェンド・オラン,0,385,38,68,70,425,28,240,240,240,0,0,30,NT3,Ｍ,35,20800,4,-2,0,0,その他／バンプレストオリジナル
4824,スヴェンド・ニーダム,0,395,36,77,70,425,28,240,240,240,240,0,50,NT3,Ｍ,37,21400,4,-2,0,0,その他／バンプレストオリジナル
4825,スヴェンド・デルツ,0,365,26,82,70,445,28,240,240,240,240,240,40,NT3,Ｍ,37,28000,4,-2,0,0,その他／バンプレストオリジナル
4826,ジンオウ,0,410,38,95,80,450,28,270,270,250,250,250,100,NT3,Ｍ,41,31000,2,-4,1,4,その他／バンプレストオリジナル
4827,バイラヴァ,0,1200,60,42,80,700,33,320,320,270,270,270,210,NT4,Ｌ,82,452000,4,-2,0,0,その他／バンプレストオリジナル
4828,青子,0,90,12,100,90,600,16,500,500,600,500,500,850,NT5,ＳＳ,50,980000,4,-4,-6,1,人系／スパロボシリーズ
4829,ヌービアム,0,800,65,65,85,550,42,350,350,250,350,350,72,－,Ｌ,60,110000,2,-5,1,2,その他／スパロボシリーズ
4830,アビゴルバイン,0,404,52,90,85,550,30,220,250,230,220,220,150,－,Ｍ,50,13500,1,-4,3,0,MS系／ガンダムビルドシリーズ
4831,アビゴルバイン(MA) ,1,404,57,82,85,550,30,220,250,230,220,220,150,－,Ｍ,50,0,-5,-5,4,3,MA系／ガンダムビルドシリーズ
4832,クロスボーン・ガンダム魔王,0,424,48,90,110,500,30,280,260,260,260,270,100,－,Ｍ,56,18000,0,-4,4,0,MS系／ガンダム系／ガンダムビルドシリーズ
4833,武装追加仕様シナンジュ,0,560,67,135,88,567,22,350,350,380,380,380,170,NT7,Ｍ,58,151220,2,-3,2,-4,MS系／ジオン・ネオジオン軍・ザフト／ガンダムUC
4834,クシャトリヤ・ベッセルング,0,568,48,82,96,638,23,290,250,180,180,210,30,強5,Ｍ,57,67240,2,-4,2,-5,MS系／ジオン・ネオジオン軍・ザフト／ガンダムUC
4835,クシャトリヤ・リペアード,0,688,62,109,96,638,23,290,250,180,180,210,120,強5,Ｍ,64,117380,2,-4,2,-5,MS系／ジオン・ネオジオン軍・ザフト／ガンダムUC
4836,デザート仕様ケンプファーアメイジング,0,398,33,87,58,300,18,0,400,165,165,0,30,－,Ｍ,30,28600,3,-1,1,0,MS系／ガンダムビルドシリーズ
4837,アストレイレッドドラゴン,0,324,32,82,80,342,30,210,220,220,220,220,80,－,Ｍ,51,13560,-1,-3,3,4,MS系／ガンダム系／ガンダムSEED ASTRAY、MSV
4838,Zガンダム炎,0,410,42,85,82,520,25,250,270,200,230,250,120,－,Ｍ,45,6990,3,-5,5,-1,MS系／ガンダム系／ガンダムビルドシリーズ
4839,ウェイブライダー炎 ,1,410,40,80,72,520,25,250,270,200,230,250,120,－,Ｍ,45,0,-5,-5,4,4,MA系／ガンダム系／ガンダムビルドシリーズ
4840,バイオレンスガイスト,0,410,42,68,80,390,20,240,170,220,220,220,100,－,Ｍ,47,14850,2,-2,4,-2,MS系／ガンダム系／ガンダムSEED ASTRAY、MSV
4841,バイオレンスガイスト(DM) ,1,410,52,58,80,390,20,240,170,220,220,220,100,－,Ｍ,47,0,4,-4,0,-4,MS系／ガンダム系／ガンダムSEED ASTRAY、MSV
4842,ビルドガンダムMk-II,0,460,43,64,65,450,15,220,200,135,135,0,140,－,Ｍ,43,21220,2,-5,3,1,MS系／ガンダム系／ガンダムビルドシリーズ
4843,グフギャラクティカ,0,414,48,77,80,390,20,200,230,240,0,0,70,－,Ｍ,43,19200,3,-4,0,3,MS系／グフ系／ガンダムSEED ASTRAY、MSV
4844,ガブスレイ・フギン,0,407,35,83,72,375,14,180,205,205,205,205,50,－,Ｍ,41,39580,2,-5,2,-3,MS系／連邦軍・ティターンズ・地球連合／アドバンス・オブ・ゼータ
4845,ガブスレイ・フギン(MA) ,1,407,35,70,82,375,14,180,205,205,205,205,50,－,Ｍ,41,0,-5,-5,3,0,MA系／連邦軍・ティターンズ・地球連合／アドバンス・オブ・ゼータ
4846,ガブスレイ・ムニン,0,407,35,93,62,375,14,200,225,205,205,205,80,強3,Ｍ,43,34780,2,-5,2,-3,MS系／連邦軍・ティターンズ・地球連合／アドバンス・オブ・ゼータ
4847,ガブスレイ・ムニン(MA) ,1,407,35,80,62,375,14,200,225,205,205,205,80,強3,Ｍ,43,0,-5,-5,3,0,MA系／連邦軍・ティターンズ・地球連合／アドバンス・オブ・ゼータ
4848,コマンドガンダム,0,395,49,51,70,450,18,300,300,275,285,255,120,－,Ｍ,40,18000,4,-2,1,-4,MS系／ガンダム系
4849,SD仕様コマンドガンダム,0,395,49,51,70,450,10,300,300,275,285,255,80,－,ＳＳ,40,18000,4,-2,1,-4,MS系／ガンダム系／SDガンダム
4850,フェネクス,0,576,70,144,82,567,21,290,260,230,240,230,100,NT5,Ｍ,64,133220,2,-2,3,-4,MS系／ガンダム系／連邦軍・ティターンズ・地球連合／ガンダムUC
4851,フェネクス(DM) ,1,576,70,144,82,340,21,290,260,230,240,230,100,NT5,Ｍ,64,0,3,-2,4,-4,MS系／ガンダム系／連邦軍・ティターンズ・地球連合／ガンダムUC
4852,バンシィ・ノルン,0,590,72,148,82,638,19,290,260,250,260,240,100,NT7,Ｍ,68,146540,3,-2,2,-4,MS系／ガンダム系／連邦軍・ティターンズ・地球連合／ガンダムUC
4853,バンシィ・ノルン(DM) ,1,590,72,148,82,383,21,290,260,250,260,240,100,NT7,Ｍ,68,0,4,-2,3,-4,MS系／ガンダム系／連邦軍・ティターンズ・地球連合／ガンダムUC
4854,フルバースト・サイコ・ガンダム,0,650,42,62,80,650,30,220,200,200,200,230,80,NT4,Ｌ,57,7200,2,-5,2,-2,MS系／ガンダム系／エウーゴ・カラバ／オリジナル系
4855,デスティニーインパルスR,0,491,48,101,80,615,20,330,330,220,240,240,80,強5,Ｍ,50,67540,2,-4,2,2,MS系／ガンダム系／ジオン・ネオジオン軍・ザフト／ガンダムSEED ASTRAY、MSV
4856,戦国アストレイ頑駄無,0,435,50,81,80,480,18,240,240,280,140,70,160,－,Ｍ,45,19260,4,-4,2,0,MS系／ガンダム系／ガンダムビルドシリーズ
4857,キュベレイパピヨン,0,458,42,95,90,570,20,250,200,205,210,215,110,NT5,Ｍ,54,29380,0,-1,3,3,MS系／ガンダムビルドシリーズ
4858,ギャンギャギャン,0,384,34,63,54,310,14,180,160,160,120,0,50,－,Ｍ,31,10800,3,-5,2,-2,MS系／ギャン系／ガンダムビルドシリーズ
4859,スタービルドストライク,0,524,45,92,60,500,30,250,270,150,170,130,150,－,Ｍ,55,42700,3,-4,3,1,MS系／ガンダム系／ガンダムビルドシリーズ
4860,ビギニングエクスセイバー,0,400,35,96,53,370,24,230,230,230,130,0,50,－,Ｍ,41,28600,1,-5,3,3,MS系／ガンダム系
4861,ビギニングJDファントム,0,420,38,103,53,370,24,230,230,250,250,0,90,－,Ｍ,40,19500,1,-5,3,3,MS系／ガンダム系
4862,アヴァランチガンダム,0,378,40,82,58,375,18,230,230,180,180,0,100,－,Ｍ,36,14250,1,-3,3,0,MS系／ガンダム系
4863,ショーン仕様グフ,0,290,30,52,42,312,18,10,30,30,0,0,15,－,Ｍ,29,7350,4,-3,-5,-5,MS系／グフ系
4864,ダイケンゴー,0,725,75,63,70,750,74,250,250,200,120,0,200,－,ＬＬ,72,128000,2,-2,3,1,その他／スパロボシリーズ
4865,ダイケンベース ,1,725,68,43,70,750,74,250,250,200,120,0,200,－,Ｌ,72,0,-4,-2,3,2,その他／スパロボシリーズ
4866,ロジコマ,0,90,16,54,68,200,12,10,30,30,0,0,20,強2,ＳＳ,21,5850,4,0,-2,-1,スパロボシリーズ／車輌・戦闘機系／量産機
4867,SF装備仕様ユニコーンガンダム,0,592,70,144,82,383,21,290,260,240,250,240,300,NT9,Ｍ,67,182000,3,-2,3,-5,MS系／ガンダム系／連邦軍・ティターンズ・地球連合／ガンダムUC
4868,高機動仕様ガンダムジェミナス02,0,426,49,85,75,534,22,250,240,230,240,210,40,－,Ｍ,45,14670,1,-4,0,3,MS系／ガンダム系／G-UNIT
4869,GバウンサーMカスタム,0,416,38,90,66,360,18,260,260,235,225,80,30,－,Ｍ,30,12750,2,-4,3,-4,MS系／ガンダムAGE
4870,クランシェカスタム,0,390,44,81,70,326,18,170,170,140,130,100,20,－,Ｍ,36,6750,2,-4,2,-4,MS系／ガンダムAGE
4871,クランシェカスタム(MA) ,1,390,39,66,70,326,18,170,170,140,130,100,20,－,Ｍ,36,0,-5,-5,3,2,MA系／ガンダムAGE
4872,ファルゲンカスタム,0,480,70,85,90,700,30,270,330,250,250,250,90,－,Ｍ,65,64000,1,-4,3,2,その他／スパロボシリーズ
4873,ゲシュテルベン改1号機,0,345,34,90,94,400,22,400,300,235,250,300,80,－,Ｍ,51,21700,3,0,4,3,その他／専用機／バンプレストオリジナル
4874,エカテリーナ2世号・改,0,315,31,60,54,200,20,100,80,90,0,0,50,－,Ｍ,27,18900,3,-5,-5,-5,その他／スパロボシリーズ
4875,エカテリーナ2世号・改(トレーラー形態) ,1,315,31,48,54,200,20,100,80,90,0,0,50,－,Ｍ,27,0,4,-5,-5,-5,スパロボシリーズ／車輌・戦闘機系
4876,猛鷲,0,292,25,64,60,320,10,180,180,120,140,100,10,－,Ｓ,31,5400,0,-3,-5,4,その他／スパロボシリーズ
4877,地摺朱雀,0,394,34,72,70,500,10,280,260,240,240,240,120,－,Ｓ,42,18000,3,-2,-5,-5,その他／スパロボシリーズ
4878,道征き白虎,0,418,37,68,70,500,10,280,260,300,0,0,20,－,Ｓ,43,18300,4,0,-3,1,その他／スパロボシリーズ
4879,ヘルジオング マリーン,0,517,37,42,70,454,25,220,180,0,185,185,70,－,Ｌ,45,18750,-6,4,-6,-6,MS系／ガンダムビルドシリーズ
4880,ヘルジオング ギャラクシー,0,517,45,42,70,454,25,220,180,0,185,185,10,－,Ｌ,45,18750,-6,-6,4,-6,MS系／ガンダムビルドシリーズ
4881,バクゥタンク,0,360,30,75,50,342,20,150,200,130,50,50,85,－,Ｍ,39,13740,5,-5,-6,-4,MS系／ガンダムビルドシリーズ
4882,バクゥタンク(TM) ,1,360,30,90,35,342,20,150,200,130,50,50,85,－,Ｍ,39,0,4,-5,-6,-5,MS系／ガンダムビルドシリーズ
4883,ゲルプレイダー,0,412,42,90,80,430,28,300,320,170,100,80,110,強5,Ｍ,55,18600,1,-4,4,2,MS系／ガンダム系／連邦軍・ティターンズ・地球連合／ガンダムSEED ASTRAY、MSV
4884,ゲルプレイダー(MA) ,1,412,42,85,80,430,28,300,320,170,100,80,110,強5,Ｍ,55,0,-4,-5,4,3,MA系／ガンダム系／連邦軍・ティターンズ・地球連合／ガンダムSEED ASTRAY、MSV
4885,ロートフォビドゥン,0,412,45,74,70,430,28,300,320,170,100,80,30,強5,Ｍ,55,18600,3,0,3,0,MS系／ガンダム系／連邦軍・ティターンズ・地球連合／ガンダムSEED ASTRAY、MSV
4886,ロートフォビドゥン(強襲形態) ,1,412,49,70,70,430,28,300,320,170,100,80,30,強5,Ｍ,55,0,2,0,2,2,MS系／ガンダム系／連邦軍・ティターンズ・地球連合／ガンダムSEED ASTRAY、MSV
4887,ブラウカラミティ,0,412,50,69,98,430,34,300,320,80,120,160,80,強5,Ｍ,63,18600,2,-2,3,0,MS系／ガンダム系／連邦軍・ティターンズ・地球連合／ガンダムSEED ASTRAY、MSV
4888,プロトゼロ,0,504,51,101,84,721,16,250,230,220,220,210,100,強1,Ｍ,58,57760,2,1,2,2,MS系／ガンダム系／新機動戦記ガンダムW
4889,プロトゼロ・ネオ・バードモード ,1,504,51,106,80,721,16,250,230,220,220,220,100,強1,Ｍ,58,0,-5,-5,3,3,MA系／ガンダム系／新機動戦記ガンダムW
4890,龍神丸,0,360,32,76,63,450,19,250,250,170,170,170,50,－,ＳＳ,45,18000,4,-2,-4,-4,その他／スパロボシリーズ
4891,龍王丸,0,480,47,87,70,500,19,280,280,220,200,200,150,－,ＳＳ,52,43000,4,-3,0,1,その他／スパロボシリーズ
4892,鳳凰丸 ,1,480,42,97,60,500,19,280,280,220,200,200,150,－,ＳＳ,52,0,-4,-5,2,4,その他／スパロボシリーズ
4893,邪虎丸,0,460,45,107,44,500,19,300,260,240,180,0,140,－,ＳＳ,51,42400,3,-5,0,2,その他／スパロボシリーズ
4894,邪虎丸(猛虎形態) ,1,460,47,112,39,500,19,300,260,240,180,0,140,－,ＳＳ,51,0,2,-5,0,3,その他／スパロボシリーズ
4895,ヴァルヴレイヴV,0,450,62,75,82,400,27,270,250,150,180,150,1,強3,Ｍ,50,41800,1,-3,3,3,その他／スパロボシリーズ
4896,ヴァルヴレイヴVI,0,370,40,87,94,380,27,270,250,200,180,180,1,強3,Ｍ,50,41800,1,-3,3,3,その他／スパロボシリーズ
4897,ヴァルヴレイヴIフルインパクト,0,490,44,105,82,480,19,270,250,200,230,180,200,強4,Ｍ,54,71800,1,-3,3,3,その他／スパロボシリーズ
4898,レッドファイブ,0,425,44,108,74,450,14,300,280,250,250,250,140,強4,Ｍ,52,20200,0,-4,4,2,その他／スパロボシリーズ
4899,ミスサザビー,0,418,45,84,70,470,40,250,200,205,210,215,150,NT5,Ｍ,45,32800,2,-4,2,0,MS系／ガンダムビルドシリーズ
4900,にせガンダム,0,285,20,40,64,222,22,0,50,50,0,50,1,－,Ｍ,24,9900,2,0,3,0,MS系／ザク系／ジオン・ネオジオン軍・ザフト／機動戦士ガンダム
4901,アメイジングエクシア,0,526,40,92,71,395,22,280,280,280,240,180,170,－,Ｍ,58,45340,2,-5,3,2,MS系／ガンダム系／ガンダムビルドシリーズ
4902,エクシアダークマター,0,526,40,94,69,395,22,300,260,280,240,180,350,強5,Ｍ,72,45940,2,-5,3,2,MS系／ガンダム系／ガンダムビルドシリーズ
4903,ネオビルドストライク,0,494,46,66,60,450,30,200,230,100,120,80,220,－,Ｍ,45,29200,2,-5,3,1,MS系／ガンダム系／ガンダムビルドシリーズ
4904,ヘビーガンダム2号機,0,412,44,55,62,375,25,160,165,155,155,170,50,－,Ｍ,34,6150,3,-5,2,-2,MS系／ガンダム系／連邦軍・ティターンズ・地球連合／M-MSV(大河原邦夫コレクション)
4905,ギラ・ドーガ ジャグラス,0,332,39,61,80,380,18,180,175,120,170,170,50,－,Ｍ,39,6180,1,-5,3,-2,MS系／ザク系／ジオン・ネオジオン軍・ザフト／オリジナル系
4906,磯風,0,160,19,44,19,500,118,50,120,90,120,80,1,－,ＬＬ,39,19530,0,3,-9,-3,艦船系／人系／艦これ
4907,大淀,0,340,34,35,80,870,192,120,0,90,0,120,50,－,ＬＬ,62,55060,0,3,-9,-4,艦船系／人系／艦これ
4908,大淀改,0,470,68,40,84,870,192,185,70,185,65,150,150,－,ＬＬ,69,64060,0,3,-9,-4,艦船系／人系／艦これ
4909,時津風,0,160,19,44,19,500,118,50,120,50,120,65,1,－,ＬＬ,39,25060,0,3,-9,-3,艦船系／人系／艦これ
4910,雲龍,0,480,52,32,72,800,227,255,0,140,0,50,50,－,ＬＬ,64,96590,0,3,-9,-3,艦船系／人系／艦これ
4911,雲龍改,0,600,77,35,82,800,227,395,0,160,0,60,150,－,ＬＬ,71,114590,0,3,-9,-3,艦船系／人系／艦これ
4912,春雨,0,160,19,43,19,400,118,50,120,45,105,50,1,－,ＬＬ,39,19530,0,3,-9,-5,艦船系／人系／艦これ
4913,春雨改,0,300,49,45,39,400,118,85,175,100,170,60,1,－,ＬＬ,43,19530,0,3,-9,-5,艦船系／人系／艦これ
4914,エミヤ,0,110,10,115,70,940,10,400,300,400,300,200,187,－,ＳＳ,58,524000,5,0,-6,-4,人系
4915,パワードジムカーディガン,0,385,47,58,68,365,18,180,190,160,180,180,70,－,Ｍ,34,14130,2,-4,3,1,MS系／ジム系／ガンダムビルドシリーズ
4916,グフR35,0,492,52,72,64,400,20,160,240,240,190,120,135,－,Ｍ,38,19605,4,-3,2,1,MS系／グフ系／ガンダムビルドシリーズ
4917,フェニーチェリナーシタ,0,597,60,122,76,721,16,250,330,250,250,260,150,－,Ｍ,63,19380,2,-5,2,-4,MS系／ガンダム系／ガンダムビルドシリーズ
4918,フェニーチェリナーシタ(MA) ,1,597,60,127,71,721,16,250,330,250,250,260,150,－,Ｍ,63,0,-5,-5,3,3,MA系／ガンダム系／ガンダムビルドシリーズ
4919,ギャンバルカン,0,384,35,68,54,360,18,200,180,140,180,80,70,－,Ｍ,33,16800,3,-5,2,-2,MS系／ギャン系／ガンダムビルドシリーズ
4920,クリスマス仕様那珂改二,0,480,68,42,54,500,162,110,140,120,325,65,25,－,ＬＬ,55,52060,0,3,-9,-4,艦船系／人系／艦これ
4921,クリスマス仕様龍驤,0,310,39,27,69,500,180,0,0,80,0,50,25,－,ＬＬ,47,64060,0,3,-9,-3,艦船系／人系／艦これ
4922,クリスマス仕様龍驤改二,0,500,62,36,79,500,180,340,0,120,0,75,25,－,ＬＬ,56,79060,0,3,-9,-3,艦船系／人系／艦これ
4923,クリスマス仕様時雨改二,0,310,52,62,43,400,118,175,280,180,265,250,25,－,ＬＬ,45,19530,0,3,-9,-5,艦船系／人系／艦これ
4924,クリスマス仕様漣,0,150,19,41,19,500,118,50,135,60,100,50,25,－,ＬＬ,37,19530,0,3,-9,-5,艦船系／人系／艦これ
4925,モック,0,198,18,30,38,210,15,80,80,50,50,50,1,－,Ｍ,25,4500,1,-3,1,0,MS系／ガンダムビルドシリーズ／量産機
4926,トールギスワルキューレ,0,448,40,91,68,551,17,250,240,230,240,210,40,－,Ｍ,48,14820,1,-4,1,3,MS系／ガンダムビルドシリーズ
4927,アメイジングエクシアリペア,0,473,33,87,66,390,22,280,280,280,240,180,10,－,Ｍ,55,42940,2,-5,3,2,MS系／ガンダム系／ガンダムビルドシリーズ
4928,早霜,0,160,19,47,19,500,119,60,120,75,135,55,1,－,ＬＬ,38,19530,0,3,-9,-5,艦船系／人系／艦これ
4929,清霜,0,160,19,47,19,500,119,50,120,45,135,60,1,－,ＬＬ,38,19530,0,3,-9,-5,艦船系／人系／艦これ
4930,初春改二,0,310,51,48,45,400,118,65,160,115,275,80,50,－,ＬＬ,44,19530,0,3,-9,-5,艦船系／人系／艦これ
4931,扶桑改二,0,770,90,34,59,800,205,400,0,220,0,65,150,－,ＬＬ,76,366590,0,3,-9,-3,艦船系／人系／艦これ
4932,山城改二,0,770,91,35,59,800,205,400,0,215,0,65,150,－,ＬＬ,76,366590,0,3,-9,-3,艦船系／人系／艦これ
4933,潮改二,0,330,58,65,48,500,118,50,175,120,280,160,100,－,ＬＬ,50,19530,0,3,-9,-5,艦船系／人系／艦これ
4934,朝雲,0,160,19,43,19,519,118,50,120,45,105,40,1,－,ＬＬ,39,19530,0,3,-9,-5,艦船系／人系／艦これ
4935,朝雲改,0,310,49,46,39,519,118,90,180,130,180,60,1,－,ＬＬ,47,19530,0,3,-9,-5,艦船系／人系／艦これ
4936,山雲,0,160,19,43,19,519,118,50,120,45,115,35,1,－,ＬＬ,39,19530,0,3,-9,-5,艦船系／人系／艦これ
4937,山雲改,0,310,48,46,39,519,118,60,140,80,180,55,1,－,ＬＬ,47,19530,0,3,-9,-5,艦船系／人系／艦これ
4938,野分,0,160,19,44,19,500,118,50,120,60,120,70,1,－,ＬＬ,39,19530,0,3,-9,-5,艦船系／人系／艦これ
4939,秋月,0,200,27,47,29,800,134,80,80,350,135,50,150,－,ＬＬ,51,31060,0,3,-9,-1,艦船系／人系／艦これ
4940,プリンツ・オイゲン,0,500,64,34,40,720,212,190,160,80,0,150,220,－,ＬＬ,61,146090,0,3,-9,-4,艦船系／人系／艦これ
4941,プリンツ・オイゲン改,0,630,82,40,50,720,212,240,200,90,0,200,100,－,ＬＬ,68,164090,0,3,-9,-4,艦船系／人系／艦これ
4942,古鷹改二,0,530,72,39,54,700,185,195,120,110,0,70,50,－,ＬＬ,63,110090,0,3,-9,-4,艦船系／人系／艦これ
4943,足柄改二,0,560,79,44,57,700,203,265,170,130,0,100,50,－,ＬＬ,65,146090,0,3,-9,-4,艦船系／人系／艦これ
4944,ビスマルク・ドライ,0,960,95,40,59,920,241,308,0,68,0,80,50,－,ＬＬ,88,410120,0,3,-9,-3,艦船系／人系／艦これ
4945,隼鷹改二,0,550,62,41,79,500,219,330,0,180,0,205,50,－,ＬＬ,58,96590,0,3,-9,-3,艦船系／人系／艦これ
4946,袖付き仕様アイザック,0,367,25,72,125,247,18,40,60,20,0,10,1,－,Ｍ,26,9480,2,-5,2,-3,MS系／ザク系／ジオン・ネオジオン軍・ザフト／ガンダムUC
4947,ガンダムDX(GBF),0,450,48,85,60,500,40,280,270,230,270,210,10,NT2,Ｍ,49,18000,1,-3,4,2,MS系／ガンダム系／連邦軍・ティターンズ・地球連合／機動新世紀ガンダムX
4948,ジェスタ・キャノン,0,451,57,100,70,461,18,150,175,160,160,190,25,－,Ｍ,37,54160,2,-4,2,-4,MS系／ジム系／連邦軍・ティターンズ・地球連合／ガンダムUC
4949,ミュージィ専用ズワァース,0,384,35,120,65,460,15,190,180,160,160,140,5,NT6,Ｓ,61,40300,3,-2,0,5,その他／スパロボシリーズ／専用機
4950,袖付き仕様ザクIII,0,448,56,113,65,460,21,180,170,160,170,0,20,－,Ｍ,37,52420,2,-3,2,-4,MS系／ザク系／ジオン・ネオジオン軍・ザフト／ガンダムUC
4951,リジェリオールAR,0,325,26,68,70,410,28,180,180,90,120,120,20,NT1,Ｍ,26,8100,2,-5,2,3,その他／バンプレストオリジナル
4952,リジェリオールCL,0,374,27,78,70,420,28,280,280,180,240,240,80,NT3,Ｍ,36,14100,2,-5,3,4,その他／バンプレストオリジナル
4953,ディーグリッド,0,378,30,46,80,460,30,180,180,80,180,180,10,NT1,Ｍ,36,7800,4,-2,0,-3,その他／バンプレストオリジナル
4954,レイブレード,0,478,35,72,70,500,28,280,280,220,180,180,100,NT3,Ｍ,38,28000,4,-3,2,1,その他／バンプレストオリジナル
4955,ヴァルシオーガ,0,624,68,57,70,600,40,280,280,280,140,140,20,NT3,Ｌ,67,200000,3,-4,0,1,その他／バンプレストオリジナル
4956,ネーゼリア,0,640,59,60,90,500,22,240,240,160,130,130,40,NT3,Ｌ,68,92000,4,-3,0,-2,その他／バンプレストオリジナル
4957,ガエル仕様シルヴァ・バレト,0,496,61,122,65,478,22,210,250,170,250,250,100,NT3,Ｍ,45,57040,2,-3,2,-4,MS系／連邦軍・ティターンズ・地球連合／ガンダムUC
4958,袖付き仕様ドラッツェ,0,288,21,61,55,312,29,0,0,90,90,0,1,－,Ｍ,25,7260,-5,-5,3,-5,MS系／ジオン・ネオジオン軍・ザフト／スターダストメモリー
4959,キンバライト仕様ザクII,0,300,27,53,50,312,18,0,90,80,50,0,1,－,Ｍ,20,6960,3,-3,-5,-3,MS系／ザク系／連邦軍・ティターンズ・地球連合
4960,キマイラ隊仕様ゲルググキャノン,0,320,30,54,60,415,19,0,90,0,0,130,1,－,Ｍ,34,8550,2,-2,2,-4,MS系／ジオン・ネオジオン軍・ザフト／MSV(モビルスーツバリエーション)／ゲルググ系
4961,フェンリル仕様陸戦型ザクII,0,210,18,35,42,215,11,0,30,30,0,0,1,－,Ｍ,17,3570,3,-5,-5,-4,MS系／ザク系／ジオン・ネオジオン軍・ザフト／MSV(モビルスーツバリエーション)
4962,ゲルググ先行試作型,0,280,21,74,42,290,13,0,65,65,65,0,1,－,Ｍ,27,5100,-2,-5,3,-4,MS系／ザク系／ジオン・ネオジオン軍・ザフト／MSV(モビルスーツバリエーション)／量産機
4963,ボチューン,0,320,23,85,60,255,15,170,180,160,160,100,30,NT5,Ｓ,48,13350,3,-2,0,5,その他／スパロボシリーズ／量産機
4964,フォイゾン専用ボチューン,0,320,23,90,60,255,15,170,180,160,160,100,1,NT5,Ｓ,48,14550,3,-2,0,5,その他／スパロボシリーズ／専用機
4965,ザク・トレーナータイプ,0,210,18,38,42,215,11,0,30,0,30,0,1,－,Ｍ,17,3675,2,-5,2,-3,MS系／ザク系／ジオン・ネオジオン軍・ザフト／MSV(モビルスーツバリエーション)／量産機
4966,シュナイド専用イフリート,0,345,30,70,56,337,18,0,0,60,60,0,1,－,Ｍ,34,8070,2,-5,-5,-1,MS系／ジオン・ネオジオン軍・ザフト／専用機
4967,まどか,0,55,11,35,80,176,12,300,300,300,300,300,200,強5,ＳＳ,23,330500,3,-5,-5,-1,人系
4968,デモンベイン・クロックワーク・ブラッド,0,740,55,48,70,600,30,290,280,300,250,250,50,NT4,Ｌ,63,110000,3,0,0,2,その他／スパロボシリーズ
4969,レイヴン仕様ジェノブレイカー,0,516,54,115,70,500,20,300,300,300,300,300,1,強3,Ｍ,51,56820,6,-4,-5,-2,その他／ゾイドシリーズ／スパロボシリーズ／専用機
4970,ビルドバーニングガンダム,0,482,54,91,50,550,18,220,240,250,50,0,80,－,Ｍ,40,32500,4,-2,3,1,MS系／ガンダム系／ガンダムビルドシリーズ
4971,キリコ専用スコープドッグ雪上仕様,0,250,16,61,60,300,10,0,0,150,150,0,10,－,ＳＳ,31,1620,5,-5,-5,-5,その他／専用機／ボトムズシリーズ
4972,ファッティー湿地戦用,0,270,18,63,60,300,12,0,0,200,200,0,5,－,ＳＳ,33,2160,5,-5,-5,-5,その他／ボトムズシリーズ／量産機
4973,ヴィンセント仕様高機動型ゲルググ,0,355,30,74,54,397,19,0,145,125,125,0,1,－,Ｍ,36,8640,1,-3,3,-4,MS系／ジオン・ネオジオン軍・ザフト／MSV(モビルスーツバリエーション)／ゲルググ系
4974,フレッド専用ピクシー,0,384,35,74,50,408,18,0,140,140,0,0,1,－,Ｍ,38,12060,3,-3,-5,-4,MS系／ガンダム系／連邦軍・ティターンズ・地球連合／専用機
4975,スレイヴ・レイス,0,352,32,70,68,354,18,75,75,75,75,0,5,－,Ｍ,36,8670,3,-3,-5,-4,MS系／ガンダム系／連邦軍・ティターンズ・地球連合
4976,ペイルライダー,0,400,37,87,60,425,18,120,0,0,0,150,50,強4,Ｍ,38,19110,3,-3,3,-4,MS系／ジム系／連邦軍・ティターンズ・地球連合
4977,トーリスリッター,0,448,59,122,80,478,18,100,275,260,220,170,130,強4,Ｍ,49,54520,3,-4,3,-4,MS系／ジム系／ジオン・ネオジオン軍・ザフト
4978,ユーマ専用高機動型ザク,0,300,21,56,42,312,18,0,40,40,40,0,40,－,Ｍ,19,6750,-3,-3,4,-5,MS系／ザク系／ジオン・ネオジオン軍・ザフト／MSV(モビルスーツバリエーション)／専用機
4979,G-セルフ,0,448,47,91,61,600,18,280,280,180,180,120,70,－,Ｍ,46,18900,1,-3,-4,3,MS系／ガンダム系／Gのレコンギスタ
4980,グリモア,0,346,37,61,57,380,16,175,175,110,120,70,30,－,Ｍ,26,6300,1,-4,2,-1,MS系／Gのレコンギスタ／量産機
4981,ザ・フール,0,572,48,54,37,500,20,300,240,280,140,0,150,－,Ｍ,51,52000,5,-2,-5,-5,その他／スパロボシリーズ
4982,ザ・フール(MA) ,1,572,25,44,37,500,20,300,240,280,140,0,150,－,Ｍ,51,0,5,-4,-5,-5,その他／スパロボシリーズ
4983,エヴァンゲリオン8+2号機,0,700,50,64,81,400,35,250,400,270,270,250,110,－,Ｌ,117,788000,3,-1,2,0,その他／新世紀エヴァンゲリオン
4984,アーマードスーツ,0,224,22,36,58,200,10,10,40,50,50,40,50,－,Ｓ,22,6420,4,-5,-5,-3,スパロボシリーズ／車輌・戦闘機系
4985,アーマードスーツ(TM) ,1,224,26,31,58,200,10,10,40,50,50,40,50,－,Ｓ,22,0,4,-5,-5,-5,スパロボシリーズ／車輌・戦闘機系
4986,流子,0,130,8,120,10,670,10,500,500,600,30,0,300,－,ＳＳ,50,500000,4,0,-6,-4,人系
4987,皐月(KK),0,162,9,125,10,750,10,500,500,600,30,0,50,－,ＳＳ,50,500000,4,0,-6,-4,人系
4988,スターク・ダイン,0,445,60,100,60,580,30,250,260,220,220,160,50,－,Ｍ,40,13950,2,-3,2,2,その他／スパロボシリーズ
4989,トリスタン,0,380,40,110,50,580,10,330,360,360,360,300,20,－,Ｓ,45,55600,3,-4,-4,-5,その他／コードギアス
4990,トリスタン(FM) ,1,380,40,110,50,580,10,330,360,360,360,300,20,－,Ｓ,45,0,-5,-4,-4,5,その他／コードギアス
4991,F91イマジン,0,436,46,97,100,500,30,280,260,260,270,230,50,NT3,Ｍ,39,12000,-2,-5,5,0,MS系／ガンダム系／連邦軍・ティターンズ・地球連合／ガンダムビルドシリーズ
4992,マツナガ専用ゲルググJ,0,336,30,78,72,397,19,0,155,100,155,0,1,－,Ｍ,27,11040,2,-3,2,-4,MS系／ジオン・ネオジオン軍・ザフト／ゲルググ系／専用機
4993,初期型ジム,0,180,24,43,42,300,18,0,10,30,30,0,5,－,Ｍ,24,6450,2,-3,2,-4,MS系／ジム系／連邦軍・ティターンズ・地球連合／第08MS小隊／量産機
4994,プロトタイプ・ジム・キャノン,0,240,20,30,28,260,15,0,0,0,0,50,1,－,Ｍ,12,6180,2,-5,2,-2,MS系／ジム系／連邦軍・ティターンズ・地球連合／MSV(モビルスーツバリエーション)
4995,エピデンドルム,0,296,29,60,75,325,15,0,0,0,100,0,1,－,Ｍ,32,4770,2,-5,2,-3,MS系／ザク系／連邦軍・ティターンズ・地球連合
4996,袖付き仕様ヤクト・ドーガ,0,458,44,94,70,505,21,190,150,160,180,0,1,NT2,Ｍ,47,18570,1,-5,3,-4,MS系／ジオン・ネオジオン軍・ザフト／ガンダムUC
4997,袖付き仕様ズサ,0,400,39,74,48,425,15,100,130,90,40,135,5,－,Ｍ,39,14100,2,-4,2,-4,MS系／ジオン・ネオジオン軍・ザフト／ガンダムUC
4998,袖付き仕様ズサB型,0,400,39,74,48,425,15,100,130,90,40,135,5,－,Ｍ,39,14100,2,-4,2,-4,MS系／ジオン・ネオジオン軍・ザフト／ガンダムUC
4999,ヴィンセント専用陸戦高機動型ザク,0,282,21,56,45,312,18,30,50,50,30,30,5,－,Ｍ,28,6750,3,-4,-5,-5,MS系／ザク系／ジオン・ネオジオン軍・ザフト／専用機
5000,ガンダムF91RR,0,470,46,97,100,500,30,280,260,260,270,230,80,NT3,Ｍ,50,40000,-2,-5,5,0,MS系／ガンダム系／連邦軍・ティターンズ・地球連合
5001,鬼ゾゴック,0,300,31,55,42,270,15,0,50,95,0,0,50,－,Ｍ,32,7200,1,3,-4,-2,MS系／ジオン・ネオジオン軍・ザフト／ガンダムビルドシリーズ
5002,袖付き仕様バウ,0,428,50,105,60,447,18,160,160,150,140,0,5,－,Ｍ,35,30100,2,-3,2,-4,MS系／ジオン・ネオジオン軍・ザフト／ガンダムUC
5003,袖付き仕様バウ(MA) ,1,428,50,111,60,447,18,160,160,150,140,0,5,－,Ｍ,35,0,-5,-5,3,3,その他／ジオン・ネオジオン軍・ザフト／ガンダムUC
5004,リバウ,0,480,60,129,70,496,19,180,190,160,150,0,100,－,Ｍ,41,57100,2,-3,2,-4,MS系／ジオン・ネオジオン軍・ザフト／ガンダムUC
5005,リバウ(MA) ,1,480,60,135,70,496,19,180,190,160,150,0,100,－,Ｍ,41,0,-5,-5,4,3,その他／ジオン・ネオジオン軍・ザフト／ガンダムUC
5006,ギルボア仕様ギラ・ズール,0,400,48,96,80,425,20,0,175,120,170,170,30,－,Ｍ,33,19110,2,-3,2,-5,MS系／ザク系／ジオン・ネオジオン軍・ザフト／ガンダムUC
5007,鬼牙装仕様関羽ガンダム,0,473,48,82,60,674,15,295,375,305,185,355,359,－,Ｍ,50,19782,2,-5,2,-2,MS系／ガンダム系／SDガンダム
5008,孫尚香ガーベラ,0,407,41,89,60,585,15,295,375,305,185,355,359,－,Ｍ,49,19782,2,-5,2,-2,MS系／ガンダム系／SDガンダム
5009,イライジャ専用ザクファントム,0,368,37,71,90,378,20,200,200,100,100,100,5,強6,Ｍ,37,10800,3,-3,3,0,MS系／ザク系／ジオン・ネオジオン軍・ザフト／ガンダムSEED DESTINY／専用機
5010,アーマー仕様美琴,0,40,4,70,60,360,10,161,45,78,56,79,1,強5,ＳＳ,40,572000,2,-3,-6,-4,人系
5011,ジェガンB型,0,384,43,87,58,425,19,140,165,150,150,150,1,－,Ｍ,31,14670,1,-4,2,-4,MS系／ジム系／連邦軍・ティターンズ・地球連合／機動戦士ガンダムF91／量産機
5012,ガーベラ・テトラ・フォルテ,0,410,41,96,58,425,18,175,190,150,190,0,10,－,Ｍ,32,19410,2,-4,2,-5,MS系／ジオン・ネオジオン軍・ザフト
5013,ゴンタ仕様ターンX,0,580,54,103,63,500,20,200,200,150,160,150,1,NT3,Ｍ,49,79000,0,0,1,0,MS系／ガンダム系／ガンダムビルドシリーズ
5014,ピンクアッグ,0,256,21,60,42,283,15,0,20,30,0,0,1,－,Ｍ,22,6330,2,0,-5,-4,MS系／ジオン・ネオジオン軍・ザフト／ガンダムビルドシリーズ
5015,ワークスジン,0,260,20,35,50,260,18,70,90,70,50,20,1,強1,Ｍ,15,5550,2,-2,2,-3,MS系／ジオン・ネオジオン軍・ザフト／ガンダムSEED ASTRAY、MSV／量産機
5016,Hi-デルタプラス,0,454,56,141,33,478,19,270,290,320,320,320,50,－,Ｍ,37,57700,2,-3,2,-5,MS系／連邦軍・ティターンズ・地球連合／オリジナル系
5017,Hi-デルタプラス(MA) ,1,454,56,137,33,478,19,270,290,320,320,320,50,－,Ｍ,37,0,-5,-5,4,4,MA系／連邦軍・ティターンズ・地球連合／オリジナル系
5018,ハイブースト・ジム,0,280,21,48,45,250,11,0,0,40,40,0,1,－,Ｍ,25,4314,0,-5,3,-4,MS系／ジム系／連邦軍・ティターンズ・地球連合
5019,ジム・ナイトシーカーII,0,240,20,44,42,220,11,0,10,30,30,0,1,－,Ｍ,22,3630,1,-5,1,0,MS系／ジム系／連邦軍・ティターンズ・地球連合／MSV(モビルスーツバリエーション)／量産機
5020,ギャン・エーオース,0,336,30,74,54,372,18,0,160,160,0,0,1,－,Ｍ,35,8640,2,-3,3,-5,MS系／ジオン・ネオジオン軍・ザフト／ギャン系
5021,V2ガンダム(GBF),0,438,47,118,75,800,40,250,260,210,230,230,10,－,Ｍ,58,64000,0,-2,1,1,MS系／ガンダム系／ガンダムビルドシリーズ
5022,ラベンダーズサ,0,322,36,72,46,400,20,100,130,90,40,135,5,－,Ｍ,33,6600,2,-5,1,-2,MS系／ジオン・ネオジオン軍・ザフト／ガンダムビルドシリーズ
5023,ラベンダーズサ(MA) ,1,322,36,72,46,400,20,100,130,90,40,135,5,－,Ｍ,33,0,-5,-5,1,-2,MA系／ジオン・ネオジオン軍・ザフト／ガンダムビルドシリーズ
5024,ウルフガンダム,0,496,61,127,60,478,22,210,250,170,250,250,60,NT3,Ｍ,40,57040,2,-3,2,-4,MS系／連邦軍・ティターンズ・地球連合／オリジナル系
5025,シュツルム・ガルス,0,400,30,122,64,425,19,90,125,110,40,0,20,－,Ｍ,33,14760,2,-4,3,-4,MS系／ジオン・ネオジオン軍・ザフト／ガンダムUC
5026,ダブルエックスストリーム,0,450,48,60,60,500,40,280,270,230,270,210,100,NT2,Ｍ,49,28000,1,-3,4,2,MS系／ガンダム系／連邦軍・ティターンズ・地球連合／ガンダムビルドシリーズ
5027,サンダーボルト仕様ボール,0,135,15,25,45,175,9,0,0,0,10,0,1,－,Ｓ,15,3390,-4,-4,2,-3,その他／連邦軍・ティターンズ・地球連合／量産機
5028,サンダーボルト仕様旧ザク,0,155,15,28,40,175,10,0,0,10,0,0,1,－,Ｍ,16,3450,1,-4,1,-3,MS系／ザク系／ジオン・ネオジオン軍・ザフト／量産機
5029,サンダーボルト仕様ガンタンク,0,268,28,38,80,300,18,0,0,0,0,80,10,－,Ｍ,27,4560,3,-5,-5,-2,MS系／連邦軍・ティターンズ・地球連合
5030,メッサーラSSカスタム,0,422,40,82,55,470,20,190,180,170,180,0,30,NT2,Ｍ,48,11220,2,-5,3,-2,MS系／連邦軍・ティターンズ・地球連合
5031,メッサーラSSカスタム(DM) ,1,422,40,80,35,470,20,190,180,170,180,0,30,－,Ｍ,48,0,-5,-5,3,0,MA系／連邦軍・ティターンズ・地球連合
5032,メッサーラSSカスタム(MA) ,1,422,40,80,35,470,20,190,180,170,180,0,30,強2,Ｍ,48,0,-5,-5,3,0,MA系／連邦軍・ティターンズ・地球連合
5033,ジュピタリアンβ,0,480,52,96,92,600,35,340,300,300,300,300,50,－,Ｍ,57,19800,1,-5,4,-2,MS系／連邦軍・ティターンズ・地球連合
5034,ローゼン・ズールリペア,0,505,63,131,82,496,22,150,260,230,250,250,50,－,Ｍ,53,67540,0,-3,3,-4,MS系／ザク系／ジオン・ネオジオン軍・ザフト／専用機／ガンダムUC
5035,グルード,0,492,50,56,60,355,19,240,220,135,140,90,30,－,Ｍ,38,14700,2,-5,-2,1,MS系／ガンダムAGE
5036,バッフェ,0,372,24,70,54,300,15,100,100,70,70,0,20,－,Ｍ,31,5700,-5,-5,3,-5,その他／スパロボシリーズ／量産機
5037,バッフェ(防御形態) ,1,372,96,40,54,300,15,100,100,70,70,0,20,－,Ｍ,31,0,-5,-5,3,-5,その他／スパロボシリーズ／量産機
5038,強行補給装備仕様陸戦型ガンダム,0,255,32,50,48,350,15,75,75,75,75,0,1,－,Ｍ,28,8010,4,-5,-5,-1,MS系／ガンダム系／連邦軍・ティターンズ・地球連合／オリジナル系
5039,先行配備仕様ジェガン,0,390,45,92,58,425,19,140,165,150,150,150,1,－,Ｍ,31,18240,1,-4,2,-4,MS系／ジム系／連邦軍・ティターンズ・地球連合／量産機
5040,迷彩仕様ジェガンD型,0,390,45,92,58,425,19,140,165,150,150,150,1,－,Ｍ,31,18240,1,-4,2,-4,MS系／ジム系／連邦軍・ティターンズ・地球連合／ガンダムUC
5041,シャルドールスカウト,0,318,38,68,50,320,18,170,170,95,95,40,5,－,Ｍ,31,4950,1,-4,-5,-4,MS系／ガンダムAGE
5042,宇宙仕様アデルマークII,0,378,42,78,66,315,18,160,160,140,140,140,1,－,Ｍ,34,5910,1,-2,3,-4,MS系／ガンダムAGE
5043,プロトタイプクランシェ,0,390,43,72,70,326,18,150,150,140,130,100,10,－,Ｍ,34,6300,2,-4,2,-4,MS系／ガンダムAGE
5044,プロトタイプクランシェ(MA) ,1,390,38,57,70,326,18,150,150,140,130,100,10,－,Ｍ,34,0,-5,-5,3,2,MA系／ガンダムAGE
5045,ジュアッグ・ズール ,1,344,34,50,110,350,18,0,165,120,160,160,5,－,Ｍ,33,0,0,4,-4,-4,MS系／ザク系／ジオン・ネオジオン軍・ザフト／ガンダムUC
5046,グラントリードッグ,0,250,15,72,60,300,10,250,250,200,200,0,1,－,ＳＳ,32,2100,5,-5,-5,-5,その他／ボトムズシリーズ／量産機
5047,チョマー専用ゲルググ,0,320,30,61,54,354,19,0,90,115,135,0,1,－,Ｍ,33,8340,2,-3,2,-4,MS系／ジオン・ネオジオン軍・ザフト／ガンダムビルドシリーズ／専用機
5048,FAユニコーン・プランB,0,592,70,144,82,383,21,290,260,240,250,240,10,NT7,Ｍ,67,182000,3,-2,3,-5,MS系／ガンダム系／連邦軍・ティターンズ・地球連合／ガンダムUC／オリジナル系
5049,ユニオンブラスト,0,250,30,60,50,250,20,50,50,80,80,0,5,－,Ｍ,24,7560,1,-5,-1,2,MS系／ガンダム00／量産機
5050,ユニオンブラスト(MA) ,1,250,30,40,50,250,20,50,50,80,80,0,5,－,Ｍ,24,0,-3,-5,-1,3,MA系／ガンダム00／量産機
5051,YF-30 クロノス,0,450,44,129,115,480,22,220,280,220,220,220,150,－,Ｍ,60,79000,-2,-2,6,6,マクロスシリーズ／車輌・戦闘機系
5052,YF-30 クロノス(G) ,1,450,40,118,115,480,22,220,280,220,220,220,150,－,Ｓ,60,0,1,-2,1,-5,その他／マクロスシリーズ
5053,YF-30 クロノス(B) ,1,450,49,109,95,480,22,220,280,220,220,220,150,－,Ｍ,60,0,5,-5,3,-2,その他／マクロスシリーズ
5054,アルカディア号二番艦,0,1700,25,15,190,700,100,380,370,350,350,350,10,－,ＬＬ,101,290000,-5,0,1,1,艦船系／スパロボシリーズ
5055,Aファンネル装備仕様AGE-FX,0,558,56,125,74,720,19,235,235,250,290,290,100,NT8,Ｍ,66,172910,2,1,3,2,MS系／ガンダム系／ガンダムAGE
5056,ゴッドガンダム極,0,568,60,120,62,720,16,240,250,260,230,240,150,強5,Ｍ,71,77800,4,-2,1,-4,MS系／ガンダム系／ガンダムビルドシリーズ
5057,デスティニーガンダム炎,0,548,57,117,95,700,20,310,380,240,250,200,100,強5,Ｍ,71,148700,2,-4,3,3,MS系／ガンダム系／ジオン・ネオジオン軍・ザフト／ガンダムビルドシリーズ
5058,フリーダムガンダムフェーダ,0,438,46,89,110,472,18,260,280,220,240,220,130,強4,Ｍ,58,29800,2,-4,3,4,MS系／ガンダム系／ガンダムビルドシリーズ
5059,サイコ・ガンダム・インフェルノ,0,650,42,62,80,650,30,220,200,200,200,230,50,強4,Ｌ,55,46000,2,-5,2,-2,MS系／ガンダム系／ガンダムビルドシリーズ
5060,サイコ・ガンダム・インフェルノ(MA) ,1,650,42,60,70,650,30,220,200,200,200,230,50,強4,Ｌ,55,0,-5,-5,3,0,MA系／ガンダム系／ガンダムビルドシリーズ
5061,エヴァンゲリオン零号機・改,0,530,55,70,80,700,80,300,300,300,300,300,50,－,Ｌ,110,740000,3,-1,2,0,その他／新世紀エヴァンゲリオン
5062,マックス専用VF-1J バルキリー(SP)(G) ,1,370,34,70,55,490,20,170,170,170,170,150,50,－,Ｍ,40,0,1,1,1,1,その他／マクロスシリーズ／専用機
5063,零式(ZD),0,440,38,73,90,405,20,180,200,150,150,150,5,－,Ｍ,41,7800,3,-5,3,-2,MS系／ガンダム系／エウーゴ・カラバ
5064,アームドGエグゼス,0,362,40,58,50,310,18,180,180,95,125,40,40,－,Ｍ,32,5490,2,-4,2,-4,MS系／ガンダムAGE
5065,ハティ,0,495,29,59,85,400,30,195,0,0,0,210,50,強3,Ｌ,45,12720,-5,-5,3,-5,MA系／連邦軍・ティターンズ・地球連合／アドバンス・オブ・ゼータ
5066,ガイキング・ザ・ナイト,0,620,66,50,55,550,80,200,200,195,195,195,100,NT4,Ｌ,61,64000,2,-2,0,3,その他／スパロボシリーズ
5067,ガイキング・ザ・ナイト(FO),0,640,65,85,55,400,70,210,170,195,195,195,40,－,Ｌ,64,76000,2,-2,0,3,その他／スパロボシリーズ
5068,グフSSカスタム,0,300,30,60,50,300,12,0,0,125,0,0,35,－,Ｍ,28,6690,5,-5,2,-4,MS系／ジオン・ネオジオン軍・ザフト／グフ系／ガンダムビルドシリーズ
5069,フルアーマー・ユニコーン,0,592,70,144,82,638,19,290,260,240,250,240,100,NT7,Ｍ,67,182000,2,-2,2,-5,MS系／ガンダム系／連邦軍・ティターンズ・地球連合／ガンダムUC
5070,ニャイアガンダム,0,414,40,91,90,430,20,280,300,150,80,60,10,－,Ｍ,45,13140,2,-5,3,-1,MS系／ガンダム系／連邦軍・ティターンズ・地球連合／ガンダムビルドシリーズ
5071,ニャイアガンダム(猫形態) ,1,414,40,86,90,430,20,280,300,150,80,60,10,－,Ｍ,45,0,5,-6,-2,-2,MA系／ガンダム系／連邦軍・ティターンズ・地球連合／ガンダムビルドシリーズ
5072,ファンネル試験仕様シルヴァ・バレト,0,496,61,122,65,478,22,210,250,170,250,250,100,NT3,Ｍ,40,57040,2,-3,2,-4,MS系／連邦軍・ティターンズ・地球連合／ガンダムUC
5073,ウイングガンダムゼロ炎,0,517,51,111,84,678,16,250,230,220,220,210,50,強5,Ｍ,58,66520,3,-5,2,1,MS系／ガンダム系／ガンダムビルドシリーズ
5074,ネオバード炎 ,1,517,51,116,80,678,16,155,155,155,155,0,50,強5,Ｍ,58,0,-5,-5,3,3,MA系／ガンダム系／ガンダムビルドシリーズ
5075,リゼルC型(Db),0,435,54,118,75,460,20,270,290,320,320,320,30,－,Ｍ,48,43660,2,-3,2,-4,MS系／連邦軍・ティターンズ・地球連合／ガンダムUC
5076,リゼルC型(Db)(WR) ,1,435,54,124,75,460,20,270,290,320,320,320,30,－,Ｍ,48,0,-5,-5,4,3,MA系／連邦軍・ティターンズ・地球連合／ガンダムUC
5077,ゴドス,0,372,42,60,55,245,16,100,100,120,120,0,10,－,Ｓ,32,6930,5,-4,-6,-1,その他／ゾイドシリーズ／スパロボシリーズ／量産機
5078,ハイパーZガンダム炎,0,410,42,93,86,468,25,250,270,200,230,250,70,－,Ｍ,46,6990,3,-5,5,-1,MS系／ガンダム系／ガンダムビルドシリーズ
5079,ハイパーウェイブライダー炎 ,1,410,40,88,75,468,25,250,270,200,230,250,70,－,Ｍ,46,0,-5,-5,4,4,MA系／ガンダム系／ガンダムビルドシリーズ
5080,G-アルケイン,0,453,47,82,61,600,18,280,280,180,180,120,70,－,Ｍ,39,32080,1,-3,1,-4,MS系／ガンダム系／Gのレコンギスタ
5081,G-アルケイン(MA) ,1,453,47,76,61,600,18,280,280,180,180,120,70,－,Ｍ,39,0,-5,-3,1,4,MA系／ガンダム系／Gのレコンギスタ
5082,オオトリ仕様ストライクルージュ,0,442,40,88,60,530,20,180,240,100,120,80,30,－,Ｍ,36,19860,2,-4,3,4,MS系／ガンダム系／ガンダムSEED
5083,E.S.ディナ,0,540,52,52,60,400,16,400,400,400,400,0,90,－,Ｍ,61,151400,4,-3,0,2,その他／スパロボシリーズ
5084,ウイニングガンダム,0,268,54,110,50,450,18,200,200,230,230,237,50,－,Ｍ,45,13110,4,-2,3,0,MS系／ガンダム系／ガンダムビルドシリーズ
5085,ウイニングガンダム(MA) ,1,268,54,100,50,450,18,200,200,230,230,237,50,－,Ｍ,45,0,-5,-5,3,4,MA系／ガンダム系／ガンダムビルドシリーズ
5086,ベアッガイF,0,375,26,21,42,170,13,10,30,30,15,0,5,－,Ｍ,23,20980,4,3,3,-3,MS系／ガンダムビルドシリーズ
5087,ラクシャサ,0,556,40,80,75,460,30,175,175,70,170,100,100,－,Ｍ,45,20800,-5,-5,2,-4,MA系／連邦軍・ティターンズ・地球連合／アドバンス・オブ・ゼータ
5088,ラクシャサ(格闘形態) ,1,556,40,70,75,460,30,175,175,70,170,100,100,－,Ｍ,45,0,-5,-5,2,-5,MA系／連邦軍・ティターンズ・地球連合／アドバンス・オブ・ゼータ
5089,モンテーロ,0,484,47,56,61,500,18,280,280,180,180,120,10,－,Ｍ,35,12000,2,-5,1,3,MS系／Gのレコンギスタ／専用機
5090,最終決戦仕様ガンダムサバーニャ,0,498,49,96,96,784,18,450,500,300,400,500,200,－,Ｍ,66,41740,2,-4,3,2,MS系／ガンダム系／ガンダム00
5091,最終決戦仕様ガンダムハルート,0,498,48,101,80,806,18,450,500,300,500,450,200,強5,Ｍ,65,77320,2,-4,3,3,MS系／ガンダム系／ガンダム00
5092,最終決戦仕様ガンダムハルート(MA) ,1,498,48,106,60,806,18,450,500,300,500,450,200,強5,Ｍ,65,0,-5,-4,4,3,MA系／ガンダム系／ガンダム00
5093,カットシー,0,350,40,50,50,400,18,80,80,80,80,20,10,－,Ｍ,33,4500,1,-5,0,3,MS系／ガンダム系／Gのレコンギスタ／量産機
5094,ライトニングガンダム,0,413,50,103,50,500,18,230,200,70,250,250,50,－,Ｍ,43,31300,4,-4,3,1,MS系／ガンダム系／ガンダムビルドシリーズ
5095,ライトニングBWS,0,450,50,110,70,500,18,230,200,70,250,250,50,－,Ｍ,45,40300,4,-4,3,1,MS系／ガンダム系／ガンダムビルドシリーズ
5096,ライトニングBWS(MA) ,1,450,50,88,50,500,18,230,200,50,250,250,50,－,Ｍ,45,0,-5,-5,3,4,MA系／ガンダム系／ガンダムビルドシリーズ
5097,ライトニングフルバーニアン,0,450,50,120,90,500,18,230,200,70,250,300,50,－,Ｍ,48,42700,4,-5,3,1,MS系／ガンダム系／ガンダムビルドシリーズ
5098,ライトニングフルバーニアン(MA) ,1,450,50,96,50,500,18,230,200,50,250,300,50,－,Ｍ,48,0,-5,-5,3,4,MA系／ガンダム系／ガンダムビルドシリーズ
5099,レクテン,0,240,28,44,30,300,18,80,80,80,80,0,20,－,Ｍ,19,4800,1,-5,1,-5,MS系／ガンダム系／Gのレコンギスタ／量産機
5100,R・ギャギャ,0,460,45,80,50,370,20,120,130,150,150,0,30,－,Ｍ,39,13500,2,-5,3,-2,MS系／ジオン・ネオジオン軍・ザフト／ガンダムビルドシリーズ
5101,マヒル仕様ノーベルガンダム,0,364,35,86,75,480,20,240,100,200,150,200,50,強5,Ｍ,50,17400,5,-1,0,-2,MS系／ガンダム系／ガンダムビルドシリーズ
5102,ケイコ仕様ライジングガンダム,0,336,38,76,72,530,20,240,100,180,150,240,50,－,Ｍ,49,17400,3,-2,0,-2,MS系／ガンダム系／ガンダムビルドシリーズ
5103,グルジン,0,432,48,59,60,355,19,230,220,135,140,90,10,－,Ｍ,37,13500,2,-4,2,-4,MS系／ガンダムAGE
5104,スペリオルドラゴン,0,620,66,74,65,780,20,260,260,260,150,130,330,－,Ｍ,60,980000,4,-4,0,0,MS系／ガンダム系
5105,スペリオルドラゴン(ドラゴン形態) ,1,620,85,60,65,780,20,260,260,260,150,130,330,－,Ｍ,60,0,4,-4,0,0,MS系／ガンダム系
5106,さくら,0,60,6,103,50,800,10,110,142,155,152,140,500,NT7,ＳＳ,30,128000,2,-2,-6,0,人系
5107,軽対地攻撃試験仕様コア・ファイター,0,215,12,55,30,150,5,0,50,0,55,0,1,－,Ｓ,16,1230,-2,-6,2,5,連邦軍・ティターンズ・地球連合／車輌・戦闘機系
5108,レッドフレームMJ(GM),0,430,44,74,70,430,32,210,210,200,230,230,50,－,Ｍ,49,19500,2,-4,3,-1,MS系／ガンダム系／ガンダムSEED ASTRAY、MSV
5109,ケストレル,0,340,32,88,66,460,15,165,135,135,135,0,10,強5,Ｍ,38,8610,2,-5,2,-2,MS系／ガンダム系／エウーゴ・カラバ
5110,武御雷Type-00C,0,409,42,88,50,400,20,280,280,250,250,250,50,－,Ｍ,39,12000,3,-3,-2,2,その他／マブラヴ
5111,百万式,0,445,38,73,90,405,20,180,200,150,150,150,120,－,Ｍ,40,13500,3,-5,3,-2,MS系／ガンダム系／ガンダムビルドシリーズ
5112,百万式改,0,455,38,73,90,405,20,180,200,150,150,150,30,－,Ｍ,41,19500,3,-5,3,-2,MS系／ガンダム系／ガンダムビルドシリーズ
5113,百万式改(MA) ,1,455,38,63,80,405,20,180,200,150,150,150,30,－,Ｍ,41,0,-3,-5,4,2,MA系／ガンダム系／ガンダムビルドシリーズ
5114,アンゲロイANT,0,520,48,84,72,500,42,200,200,180,180,120,5,－,Ｌ,44,18000,2,-4,2,2,その他／バンプレストオリジナル／量産機
5115,シャウラス,0,600,75,50,63,500,30,250,250,230,200,180,50,－,Ｍ,60,92000,3,1,1,-3,その他／バンプレストオリジナル／量産機
5116,シャウラス・リーダー,0,650,84,68,74,550,30,300,300,280,250,250,50,－,Ｍ,65,200000,3,1,1,-3,その他／バンプレストオリジナル
5117,アン・アーレス,0,750,60,125,90,700,30,500,500,500,450,400,300,NT9,Ｍ,85,380000,2,1,3,0,その他／バンプレストオリジナル
5118,アドヴァンスドストライク,0,410,38,78,70,425,30,190,220,100,120,80,30,強5,Ｍ,44,12930,3,-2,3,0,MS系／ガンダム系
5119,トライゼータ,0,510,48,106,92,646,20,220,220,500,200,220,90,NT4,Ｍ,47,54580,2,-4,3,-2,MS系／ガンダム系／ガンダムビルドシリーズ
5120,ガンダムトライオン3,0,520,48,108,92,660,20,320,320,600,300,300,80,NT4,Ｍ,48,64420,2,-4,3,-2,MS系／ガンダム系／ガンダムビルドシリーズ
5121,ネオ・ジオング,0,896,80,113,90,780,116,680,670,530,570,510,555,NT9,ＬＬ,87,243650,-6,-6,5,-6,MA系／ガンダムUC
5122,PF発動仕様νガンダム,0,432,45,115,92,610,40,360,330,310,320,310,250,NT6,Ｍ,59,32200,2,-5,4,-2,MS系／ガンダム系／連邦軍・ティターンズ・地球連合／逆襲のシャア
5123,スローネトリニティSSカスタム,0,432,40,72,71,418,20,280,280,280,300,300,150,－,Ｍ,32,18990,0,-4,1,1,MS系／ガンダム系／ガンダムビルドシリーズ
5124,ゴールデングルドリンパーフェクト,0,598,80,92,88,460,30,250,350,230,230,200,200,－,Ｍ,51,128000,-5,-5,4,-5,MS系／ガンダムAGE
5125,シュバルツ仕様セイバータイガー,0,430,48,77,60,480,20,190,220,230,195,130,5,－,Ｍ,52,28000,5,-3,-5,0,その他／ゾイドシリーズ／専用機
5126,宇宙用ジャハナム,0,377,40,60,60,400,18,250,220,150,150,120,40,－,Ｍ,30,7200,0,-5,3,-4,MS系／ガンダム系／Gのレコンギスタ／量産機
5127,ヘカテー,0,385,44,62,65,430,18,280,270,160,160,130,30,－,Ｍ,32,7200,0,-5,3,-4,MS系／ガンダム系／Gのレコンギスタ
5128,ブラックウイング,0,275,48,110,70,415,20,350,280,200,200,200,10,－,Ｍ,37,19110,2,-4,2,0,その他／スパロボシリーズ
5129,ブラックウイング(F) ,1,275,52,98,70,415,20,350,280,200,200,200,10,－,Ｍ,37,0,-5,-4,2,5,その他／スパロボシリーズ
5130,シャル,0,82,43,86,70,500,15,300,300,200,200,250,30,NT6,ＳＳ,31,70000,2,-5,-6,-4,人系／専用機
5131,菊乃仕様セプター,0,320,47,55,45,350,15,200,200,100,100,100,40,－,Ｓ,28,13800,4,1,-5,-4,その他／スパロボシリーズ
5132,旭仕様セプター,0,320,47,55,45,350,15,200,200,100,100,100,1,－,Ｓ,28,13800,4,1,-5,-4,その他／スパロボシリーズ
5133,ヴィルキス,0,355,34,82,65,500,8,280,390,260,260,150,110,NT5,Ｓ,40,8400,1,-5,-5,3,その他／スパロボシリーズ／専用機
5134,ヴィルキス(飛翔形態) ,1,355,24,82,65,500,8,280,390,260,260,150,110,NT5,Ｓ,40,0,-1,-5,-5,5,その他／スパロボシリーズ／車輌・戦闘機系／専用機
5135,エルガイム(SB),0,410,42,83,64,470,19,260,230,210,220,210,15,－,Ｍ,51,13500,3,-4,5,0,その他／エルガイムシリーズ
5136,シャドウファントム,0,275,32,62,70,340,18,90,90,90,90,0,5,－,Ｍ,30,7200,4,-5,-5,-2,MS系／ガンダム系／ガンダムビルドシリーズ
5137,エリミネーター,0,275,32,62,70,340,18,90,90,90,90,0,5,－,Ｍ,30,7200,4,-5,-5,-2,MS系／ガンダム系／ガンダムビルドシリーズ
5138,イントルーダー,0,275,32,62,70,340,18,90,90,90,90,0,5,－,Ｍ,30,7200,4,-5,-5,-2,MS系／ガンダム系／ガンダムビルドシリーズ
5139,メガファウナ,0,1600,28,40,180,1000,130,370,300,230,265,400,150,－,ＬＬ,105,254000,-4,-5,4,2,艦船系／エウーゴ・カラバ／Gのレコンギスタ
5140,巨山の斎胡,0,650,42,62,80,650,30,320,300,300,300,330,100,－,Ｌ,55,52600,2,-5,2,-2,MS系／ガンダム系／ガンダムビルドシリーズ
5141,巨山の斎胡(バイソン形態) ,1,650,62,50,70,650,30,320,300,300,300,330,100,－,Ｌ,55,0,3,-5,-5,-5,MA系／ガンダム系／ガンダムビルドシリーズ
5142,エルフ・ブルック,0,495,53,74,74,820,19,380,380,280,280,220,90,NT3,Ｍ,57,14700,0,-3,3,0,MS系／ガンダム系／Gのレコンギスタ／量産機
5143,エルフ・ブルック(MA) ,1,495,53,74,74,820,19,380,380,280,280,220,90,NT3,Ｍ,57,0,-5,-4,3,3,MA系／ガンダム系／Gのレコンギスタ／量産機
5144,武御雷Type-00M,0,409,42,80,55,440,20,280,280,250,250,250,50,－,Ｍ,39,12000,3,-3,-2,3,その他／マブラヴ
5145,ミサイルポッド装備仕様Ξガンダム,0,510,53,114,70,570,28,260,250,260,250,230,80,NT3,Ｍ,54,54400,-1,-5,3,3,MS系／ガンダム系／閃光のハサウェイ
5146,宇宙用パック装備仕様G-セルフ,0,448,47,91,61,600,18,280,280,180,180,120,50,－,Ｍ,49,18900,0,-4,4,-5,MS系／ガンダム系／Gのレコンギスタ
5147,トリッキーパック装備仕様G-セルフ,0,448,47,91,61,600,18,280,280,180,180,120,50,－,Ｍ,49,18900,0,-4,4,-5,MS系／ガンダム系／Gのレコンギスタ
5148,アメイジングレッドウォーリア,0,580,53,110,60,450,20,330,350,305,310,310,120,－,Ｍ,50,52000,3,-3,3,0,MS系／ガンダム系／ガンダムビルドシリーズ
5149,ハイモック,0,217,18,33,38,290,15,180,180,150,150,150,1,－,Ｍ,26,5100,1,-3,1,0,MS系／ガンダムビルドシリーズ／量産機
5150,ZZ仕様ハイモック,0,217,18,33,38,290,15,180,180,150,150,150,10,－,Ｍ,26,5100,1,-3,1,0,MS系／ガンダムビルドシリーズ／量産機
5151,Gボンバー,0,650,40,50,52,550,20,365,365,350,150,150,110,－,Ｍ,52,12900,-2,-5,4,4,MA系／ガンダムビルドシリーズ／車輌・戦闘機系
5152,アメジストVガンダム,0,378,41,85,72,520,40,280,280,300,310,320,50,－,Ｍ,46,28000,1,-2,1,1,MS系／ガンダム系／ガンダムビルドシリーズ
5153,ガンレッグ,0,385,47,58,88,365,18,180,190,160,180,180,10,－,Ｍ,29,14130,2,-4,3,-5,MS系／ジム系／ガンダムビルドシリーズ
5154,ヒステリカ,0,340,27,92,97,500,8,280,390,260,260,150,10,NT5,Ｓ,40,8400,1,-5,-5,3,その他／スパロボシリーズ／専用機
5155,ヒステリカ(飛翔形態) ,1,340,20,92,97,500,8,280,390,260,260,150,10,NT5,Ｓ,40,0,-1,-5,-5,5,その他／スパロボシリーズ／車輌・戦闘機系／専用機
5156,ツインムーバー装備仕様バイファム,0,450,40,80,58,540,20,150,150,150,150,150,20,－,Ｍ,42,12900,-2,-5,5,0,その他／スパロボシリーズ／量産機
5157,カイエン,0,90,10,141,65,990,10,320,320,780,500,100,500,NT9,ＳＳ,43,740000,5,0,-6,-4,人系／ファイブスター物語
5158,土方十四郎,0,90,10,90,30,900,10,300,300,300,300,300,400,－,ＳＳ,27,242300,3,-3,-6,-5,人系
5159,坂田銀時,0,90,10,90,30,900,10,300,300,300,300,300,100,－,ＳＳ,27,242300,3,-3,-6,-5,人系
5160,Ez-SARAM,0,275,32,62,70,340,18,90,90,90,90,0,5,－,Ｍ,30,7200,4,-5,-5,-2,MS系／ガンダム系／ガンダムビルドシリーズ
5161,荒鬼頑駄無,0,313,56,90,64,420,18,290,290,380,240,170,60,－,Ｍ,38,19560,4,-4,-3,0,MS系／ガンダム系／SDガンダム／ガンダムビルドシリーズ
5162,荒鬼頑駄無(飛勇鶴形態) ,1,357,59,90,64,420,18,290,290,380,240,170,60,－,Ｍ,38,0,-4,-4,0,4,MA系／ガンダム系／SDガンダム／ガンダムビルドシリーズ
5163,アストレイターンレッド,0,324,32,73,79,342,22,310,310,320,320,320,80,－,Ｍ,43,13500,2,-5,3,0,MS系／ガンダム系／ガンダムSEED ASTRAY、MSV
5164,ケラウノス仕様ジム改,0,304,29,54,58,333,18,0,50,55,58,0,1,－,Ｍ,31,7800,2,-5,2,-4,MS系／ジム系／連邦軍・ティターンズ・地球連合
5165,ZII炎,0,448,57,124,88,480,18,210,190,180,200,150,100,NT1,Ｍ,56,53140,2,-5,2,-5,MS系／ガンダム系／ガンダムビルドシリーズ
5166,ZII炎(MA) ,1,448,57,124,88,480,18,210,190,180,200,150,100,NT1,Ｍ,56,0,-5,-5,4,3,MA系／ガンダム系／ガンダムビルドシリーズ
5167,ジャスティスガンダムダッシュ,0,438,46,87,110,472,30,250,280,250,240,220,70,強4,Ｍ,48,40000,3,-3,3,2,MS系／ガンダム系／SDガンダム／ガンダムビルドシリーズ
5168,ジャスティスガンダムダッシュ(FF) ,1,438,46,90,110,472,30,250,280,150,140,120,70,強4,Ｍ,48,0,-4,-4,4,4,MS系／ガンダム系／SDガンダム／ガンダムビルドシリーズ
5169,ドルシーラ,0,200,15,35,50,300,9,180,180,185,185,180,1,－,Ｍ,29,12300,-4,-5,2,-4,スパロボシリーズ／車輌・戦闘機系／量産機
5170,隊長仕様ドルシーラ,0,200,15,35,50,300,9,180,180,185,185,180,1,－,Ｍ,29,12300,-4,-5,2,-4,スパロボシリーズ／車輌・戦闘機系／量産機
5171,デバッケ,0,150,16,65,50,300,9,180,180,185,185,180,1,－,Ｍ,29,12000,-4,-5,3,0,スパロボシリーズ／車輌・戦闘機系／量産機
5172,隊長仕様デバッケ,0,150,16,67,50,300,9,180,180,185,185,180,1,－,Ｍ,29,12000,-4,-5,3,0,スパロボシリーズ／車輌・戦闘機系／量産機
5173,ツヴァルケ,0,180,20,75,65,370,9,180,180,185,185,180,1,－,Ｍ,39,18000,-4,-5,5,5,スパロボシリーズ／車輌・戦闘機系／量産機
5174,メルダ専用ツヴァルケ,0,180,20,78,65,370,9,180,180,185,185,180,1,－,Ｍ,39,18000,-4,-5,5,5,スパロボシリーズ／車輌・戦闘機系
5175,スヌーカ,0,190,20,75,35,370,9,180,180,185,185,180,1,－,Ｍ,39,14400,-4,-5,5,5,スパロボシリーズ／車輌・戦闘機系／量産機
5176,隊長仕様スヌーカ,0,190,20,75,35,370,9,180,180,185,185,180,1,－,Ｍ,39,14400,-4,-5,5,5,スパロボシリーズ／車輌・戦闘機系／量産機
5177,本土防衛仕様スヌーカ,0,190,20,75,35,370,9,180,180,185,185,180,1,－,Ｍ,39,14400,-4,-5,5,5,スパロボシリーズ／車輌・戦闘機系／量産機
5178,CGSモビルワーカー,0,85,12,23,40,160,8,0,60,10,0,0,1,強4,ＳＳ,11,2670,4,-6,-6,-6,その他／車輌・戦闘機系／鉄血のオルフェンズ／量産機
5179,宇宙仕様CGSモビルワーカー,0,85,12,23,40,160,8,0,60,10,0,0,1,強4,ＳＳ,11,2670,4,-6,-6,-6,その他／車輌・戦闘機系／鉄血のオルフェンズ／量産機
5180,ガンダム・バルバトス,0,332,30,61,65,297,18,160,160,160,160,160,150,強7,Ｍ,37,7320,3,-4,2,0,MS系／ガンダム系／鉄血のオルフェンズ
5181,クリム専用宇宙用ジャハナム,0,377,40,60,65,400,18,250,220,150,150,120,10,－,Ｍ,35,7200,0,-5,3,-3,MS系／ガンダム系／Gのレコンギスタ／専用機
5182,ウーシァ,0,440,47,76,74,400,20,380,380,280,280,220,20,－,Ｍ,35,13200,3,-3,3,-5,MS系／ガンダム系／Gのレコンギスタ／量産機
5183,紅椿,0,175,58,122,60,560,15,300,300,200,200,300,120,NT6,ＳＳ,42,164000,1,-4,0,4,人系／専用機
5184,アーマーザガン,0,555,32,70,60,470,28,270,285,0,290,0,100,－,Ｌ,43,14100,0,-5,2,-5,MS系／Gのレコンギスタ
5185,アーマーザガン(MA) ,1,555,32,70,60,470,28,270,285,0,290,0,100,－,Ｌ,43,0,-5,-5,2,2,MA系／Gのレコンギスタ
5186,ナの国仕様ボチューン,0,300,48,71,60,325,20,170,180,160,160,100,1,NT5,Ｓ,48,13200,3,-2,0,6,その他／スパロボシリーズ
5187,マレット専用アクト・ザク,0,384,32,78,53,397,18,0,100,110,0,0,40,－,Ｍ,38,8550,2,-5,3,-2,MS系／ザク系／ジオン・ネオジオン軍・ザフト／MSV(モビルスーツバリエーション)／専用機
5188,グフクラッシャー改,0,510,52,80,80,396,20,200,230,200,100,100,10,強6,Ｍ,46,20800,3,-3,0,3,MS系／ジオン・ネオジオン軍・ザフト／グフ系／ガンダムSEED ASTRAY、MSV
5189,ジェガン・マーセナリー,0,390,45,93,58,425,19,140,165,150,150,150,30,－,Ｍ,36,18330,1,-4,2,-4,MS系／ジム系／ガンダムビルドシリーズ
5190,ランベア,0,942,54,41,110,570,70,260,260,200,200,200,1,－,ＬＬ,66,30580,-4,-5,3,2,艦船系／スパロボシリーズ
5191,シュデルグ,0,942,54,41,110,570,70,260,260,200,200,200,1,－,ＬＬ,66,30580,-4,-5,3,2,艦船系／スパロボシリーズ
5192,ダロルド,0,1285,54,41,120,570,80,270,270,200,200,200,130,－,ＬＬ,78,52240,-4,-5,3,2,艦船系／スパロボシリーズ
5193,三段空母,0,800,5,10,110,700,70,260,260,200,200,200,30,－,ＬＬ,66,18000,-2,-2,1,-1,艦船系／スパロボシリーズ
5194,スターウイニングガンダム,0,278,54,110,50,450,10,200,200,230,230,237,30,－,Ｍ,45,13110,4,-2,3,0,MS系／ガンダム系／ガンダムビルドシリーズ
5195,スターウイニングガンダム(MA) ,1,278,54,100,50,450,10,200,200,230,230,237,30,－,Ｍ,45,0,-5,-5,3,4,MA系／ガンダム系／ガンダムビルドシリーズ
5196,スターウイニングガンダム(RM) ,1,278,54,110,50,450,18,200,200,230,230,237,30,－,Ｍ,45,0,4,-2,3,0,MS系／ガンダム系／ガンダムビルドシリーズ
5197,ガー専用ゲルググ,0,320,36,51,54,354,19,0,135,115,90,0,50,－,Ｍ,33,8640,1,-5,3,-4,MS系／ゲルググ系／ガンダムビルドシリーズ
5198,マツオー専用ゲルググ,0,320,25,74,54,354,19,0,90,135,115,0,30,－,Ｍ,33,8640,1,-5,3,-4,MS系／ゲルググ系／ガンダムビルドシリーズ
5199,サラーム専用ゲルググ,0,320,30,62,54,354,19,0,115,115,115,0,30,－,Ｍ,33,8640,1,-5,3,-4,MS系／ゲルググ系／ガンダムビルドシリーズ
5200,トライバーニングガンダム,0,498,60,91,50,550,18,270,290,290,50,0,70,－,Ｍ,49,41500,4,-2,3,1,MS系／ガンダム系／ガンダムビルドシリーズ
5201,Hi-νガンダムヴレイブ,0,533,50,117,105,572,20,400,355,350,330,340,260,NT5,Ｍ,86,67180,1,-5,3,2,MS系／ガンダム系／ガンダムビルドシリーズ
5202,ズゴッギー,0,316,30,58,45,330,18,100,100,175,175,0,30,－,Ｍ,30,7740,1,3,0,-4,MS系／Gのレコンギスタ
5203,ズゴッギー(MA) ,1,316,30,58,45,330,18,100,100,175,175,0,30,－,Ｍ,30,0,-5,4,0,-5,MS系／Gのレコンギスタ
5204,ギガント,0,950,52,25,180,1000,85,170,270,130,150,230,200,－,ＬＬ,88,169400,-6,-6,2,0,艦船系／スパロボシリーズ
5205,後期仕様ゴーショーグン,0,730,63,60,75,700,53,300,300,250,250,250,100,－,Ｌ,60,113600,2,0,3,2,その他／スパロボシリーズ
5206,蛍専用スペースウルフ,0,180,5,68,72,200,10,55,60,90,50,50,1,－,Ｍ,20,2400,-4,-5,4,4,スパロボシリーズ／車輌・戦闘機系
5207,トランクス,0,564,38,75,70,560,10,500,500,700,500,500,2700,NT6,ＳＳ,71,1460040,5,0,-6,3,人系
5208,キュベレイ(MA) ,1,480,54,126,90,496,18,250,200,205,210,215,140,NT5,Ｍ,42,0,-5,-5,5,0,MA系／ジオン・ネオジオン軍・ザフト／機動戦士Zガンダム
5209,焔龍號,0,362,34,77,68,510,8,280,390,260,260,150,110,NT5,Ｓ,40,8400,1,-5,-5,3,その他／スパロボシリーズ／専用機
5210,焔龍號(飛翔形態) ,1,362,24,77,68,510,8,280,390,260,260,150,110,NT5,Ｓ,40,0,-1,-5,-5,5,その他／スパロボシリーズ／車輌・戦闘機系／専用機
5211,最終決戦仕様ヴィルキス,0,375,34,90,65,500,10,280,390,260,260,150,120,NT5,Ｓ,42,8400,1,-5,-5,3,その他／スパロボシリーズ／専用機
5212,最終決戦仕様ヴィルキス(飛翔形態) ,1,375,24,90,65,500,10,280,390,260,260,150,120,NT5,Ｓ,42,0,-1,-5,-5,5,その他／スパロボシリーズ／車輌・戦闘機系／専用機
5213,ロックパイ専用モラン,0,397,47,72,65,500,18,280,280,180,180,120,50,－,Ｍ,37,14700,0,-5,4,-2,MS系／ガンダム系／Gのレコンギスタ／専用機
5214,量産仕様エルフ・ブルック,0,485,53,72,74,820,19,380,380,280,280,220,100,NT3,Ｍ,56,14400,0,-3,3,0,MS系／ガンダム系／Gのレコンギスタ／量産機
5215,量産仕様エルフ・ブルック(MA) ,1,485,53,72,74,820,19,380,380,280,280,220,100,NT3,Ｍ,56,0,-5,-4,3,3,MA系／ガンダム系／Gのレコンギスタ／量産機
5216,ガンタンク初期型,0,256,15,30,66,266,14,0,0,0,0,80,1,－,Ｍ,15,5940,2,-4,-5,-5,MS系／連邦軍・ティターンズ・地球連合／THE ORIGIN
5217,マッシュ専用モビルワーカー後期型,0,124,15,26,40,130,10,10,10,10,0,0,1,－,Ｍ,13,930,1,-5,0,-5,MS系／ザク系／ジオン・ネオジオン軍・ザフト／THE ORIGIN／専用機
5218,ラル専用モビルワーカー後期型,0,124,15,26,40,130,10,10,10,10,0,0,1,－,Ｍ,13,930,1,-5,0,-5,MS系／ザク系／ジオン・ネオジオン軍・ザフト／THE ORIGIN／専用機
5219,デニム仕様ザクI,0,262,19,39,40,280,18,0,0,10,0,0,1,－,Ｍ,15,6300,2,-3,2,-4,MS系／ザク系／ジオン・ネオジオン軍・ザフト／THE ORIGIN
5220,スレンダー仕様ザクI,0,262,19,39,40,280,18,0,0,10,0,0,10,－,Ｍ,15,6300,2,-3,2,-4,MS系／ザク系／ジオン・ネオジオン軍・ザフト／THE ORIGIN
5221,シャア専用ザクII(TO),0,320,26,61,48,300,18,0,0,0,30,0,80,－,Ｍ,20,6450,2,-3,2,-5,MS系／ザク系／ジオン・ネオジオン軍・ザフト／THE ORIGIN／専用機
5222,FAG轟雷,0,100,15,70,70,350,12,300,300,300,300,300,150,－,ＳＳ,33,380000,3,-5,-5,-5,人系
5223,FAGスティレット,0,100,15,70,70,350,12,300,300,300,300,300,5,－,ＳＳ,33,380000,0,-5,-5,3,人系
5224,FAG迅雷,0,100,15,70,70,350,12,300,300,300,300,300,5,－,ＳＳ,33,380000,3,-5,-5,-5,人系
5225,ジャイオーン,0,476,47,65,85,690,18,330,330,230,230,170,1,－,Ｍ,50,19080,0,-4,4,3,MS系／ガンダム系／Gのレコンギスタ
5226,アサルトパック装備仕様G-セルフ,0,470,53,52,73,700,18,340,340,220,220,260,50,－,Ｍ,49,19200,-5,-4,3,-5,MS系／ガンダム系／Gのレコンギスタ
5227,キュアハッピー,0,95,10,70,100,400,10,400,400,300,300,300,200,NT3,ＳＳ,31,64000,4,-4,-6,-3,人系
5228,キュアサニー,0,95,10,70,100,400,10,400,400,300,300,300,1,NT3,ＳＳ,31,64000,4,-4,-6,-3,人系
5229,キュアピース,0,95,10,70,100,400,10,400,400,300,300,300,1,NT3,ＳＳ,31,64000,4,-4,-6,-3,人系
5230,キュアマーチ,0,95,10,70,100,400,10,400,400,300,300,300,1,NT3,ＳＳ,31,64000,4,-4,-6,-3,人系
5231,キュアビューティ,0,95,10,70,100,400,10,400,400,300,300,300,1,NT3,ＳＳ,31,64000,4,-4,-6,-3,人系
5232,ベアッガイII,0,312,24,34,42,170,13,10,30,30,15,0,30,－,Ｍ,25,12975,1,3,-5,-3,MS系
5233,ガンダムポータント,0,540,47,110,65,600,18,350,340,350,350,300,140,－,Ｍ,52,41620,4,-2,3,1,MS系／ガンダム系／ガンダムビルドシリーズ
5234,グレイズ,0,318,28,61,65,297,18,150,150,150,150,150,50,－,Ｍ,32,6810,2,-4,1,0,MS系／ガンダム系／鉄血のオルフェンズ／量産機
5235,指揮官専用グレイズ,0,338,28,61,85,339,18,160,160,160,160,160,5,－,Ｍ,35,6810,2,-4,1,0,MS系／ガンダム系／鉄血のオルフェンズ／量産機
5236,ジロッド,0,725,65,50,90,840,40,480,480,380,380,320,100,－,Ｌ,66,93800,-6,-4,4,-5,MA系／ガンダム系／Gのレコンギスタ
5237,マスク専用マックナイフ,0,485,47,96,58,720,16,310,310,240,240,180,150,－,Ｍ,53,20200,0,-5,4,0,MS系／ガンダム系／Gのレコンギスタ／専用機
5238,マスク専用マックナイフ(MA) ,1,485,47,96,58,720,16,310,310,240,240,180,150,－,Ｍ,53,0,-5,-5,4,1,MA系／ガンダム系／Gのレコンギスタ／専用機
5239,バララ専用マックナイフ,0,485,47,96,58,720,16,310,310,240,240,180,150,－,Ｍ,53,20200,0,-5,4,1,MS系／ガンダム系／Gのレコンギスタ／専用機
5240,バララ専用マックナイフ(MA) ,1,485,47,96,58,720,16,310,310,240,240,180,150,－,Ｍ,53,0,0,-5,4,1,MA系／ガンダム系／Gのレコンギスタ／専用機
5241,ブラックマック,0,485,47,58,58,720,16,310,310,240,240,180,1,－,Ｍ,50,20200,0,-5,4,1,MS系／ガンダム系／Gのレコンギスタ
5242,Zちゃん,0,480,68,30,55,550,16,400,400,400,400,400,150,－,ＳＳ,49,40000,2,-2,-5,-5,その他／スパロボシリーズ／人系
5243,Dスクランダー仕様Zちゃん,0,532,82,25,55,550,16,400,400,400,400,400,1,－,ＳＳ,51,64000,2,-3,-5,3,その他／スパロボシリーズ／人系
5244,強化型RP仕様Zちゃん,0,532,82,25,55,550,16,400,400,400,400,400,1,－,ＳＳ,51,64000,2,-3,-5,-5,その他／スパロボシリーズ／人系
5245,ジェットP仕様Zちゃん,0,532,82,25,55,550,16,400,400,400,400,400,1,－,ＳＳ,51,64000,2,-3,-5,3,その他／スパロボシリーズ／人系
5246,ガンダムゴッドマスター,0,630,47,57,72,590,20,300,280,560,230,240,80,強5,Ｍ,60,29200,5,-2,1,-4,MS系／ガンダム系／機動武闘伝Gガンダム
5247,クラーケ・ズール,0,448,50,113,78,455,20,200,375,150,200,200,20,－,Ｍ,47,20140,-5,-5,3,-4,MS系／ザク系／ジオン・ネオジオン軍・ザフト／ガンダムUC
5248,カテドラルガンダム,0,514,60,100,50,559,18,330,350,350,350,350,70,－,Ｍ,50,55000,4,-2,3,1,MS系／ガンダム系／ガンダムビルドシリーズ
5249,ディナイアルガンダム,0,490,55,110,50,559,18,330,350,350,350,350,40,－,Ｍ,50,64000,4,-2,3,1,MS系／ガンダム系／ガンダムビルドシリーズ
5250,G-ルシファー,0,557,56,108,61,720,18,330,330,210,210,150,110,－,Ｍ,59,32500,2,-3,3,2,MS系／ガンダム系／Gのレコンギスタ
5251,RB装備仕様エヴァンゲリオン4号機,0,600,55,80,80,700,80,300,300,300,300,300,1,－,Ｌ,120,740000,3,-1,2,0,その他／新世紀エヴァンゲリオン
5252,ウイングガンダムゼロFF,0,522,52,112,88,684,16,350,330,320,320,310,30,強5,Ｍ,59,66940,3,-5,2,1,MS系／ガンダム系／ガンダムビルドシリーズ
5253,ガンダムジエンド,0,522,76,91,73,550,20,450,430,320,320,310,190,－,Ｍ,51,41800,3,-5,0,-4,MS系／ガンダム系／ガンダムビルドシリーズ
5254,ガンダムジエンド(AM) ,1,522,76,91,73,550,20,450,430,320,320,310,190,－,Ｍ,51,0,3,-5,0,-4,MS系／ガンダム系／ガンダムビルドシリーズ
5255,ライトニングフルブラスト,0,462,57,113,58,620,18,330,300,270,350,350,150,－,Ｍ,51,31300,4,-4,3,1,MS系／ガンダム系／ガンダムビルドシリーズ
5256,ライトニングフルブラスト(MA) ,1,462,57,90,58,620,18,330,300,270,350,350,150,－,Ｍ,51,0,4,-4,3,1,MA系／ガンダム系／ガンダムビルドシリーズ
5257,両儀式,0,87,7,115,70,890,10,420,600,800,600,600,100,NT1,ＳＳ,47,428000,5,0,-6,-4,人系
5258,アインストレジセイア,0,1060,100,106,65,730,111,600,600,600,600,600,900,強5,Ｌ,190,1830000,3,0,2,2,その他／バンプレストオリジナル
5259,ノイ・レジセイア,0,1500,123,130,70,2000,100,700,700,700,700,700,800,強5,Ｌ,200,3097500,3,0,2,2,その他／バンプレストオリジナル
5260,グレちゃん,0,463,65,30,55,550,16,400,400,400,400,400,150,－,ＳＳ,49,40000,2,-2,-5,-5,その他／スパロボシリーズ／人系
5261,Gブースター仕様グレちゃん,0,471,79,30,55,550,16,400,400,400,400,400,1,－,ＳＳ,49,64000,2,-2,-5,-5,その他／スパロボシリーズ／人系
5262,DMB仕様グレちゃん,0,463,81,29,55,550,16,400,400,400,400,400,1,－,ＳＳ,49,64000,2,-2,-5,-5,その他／スパロボシリーズ／人系
5263,陸戦仕様カットシー,0,350,40,50,50,400,18,80,80,80,80,20,10,－,Ｍ,33,7500,1,-5,0,3,MS系／ガンダム系／Gのレコンギスタ
5264,グレンダさん,0,450,58,29,75,550,16,400,400,400,400,400,150,－,ＳＳ,49,40000,2,-2,0,0,その他／スパロボシリーズ／人系
5265,スペイザーグレンダさん,0,450,72,30,75,550,16,400,400,400,400,400,1,－,ＳＳ,50,64000,2,-2,0,0,その他／スパロボシリーズ／人系
5266,ロボイザさん,0,454,91,30,65,550,16,400,400,400,400,400,1,－,ＳＳ,51,64000,2,-2,0,0,その他／スパロボシリーズ／人系
5267,G-アルケイン・フルドレス,0,504,52,91,75,678,18,280,280,180,180,120,20,－,Ｍ,55,41200,2,-3,3,2,MS系／ガンダム系／Gのレコンギスタ
5268,上杉謙信,0,100,12,80,40,500,10,500,500,500,500,500,300,－,ＳＳ,40,290000,5,-3,-6,-4,人系
5269,SML仕様ガンキャノン,0,305,39,63,68,354,18,0,0,0,95,95,1,－,Ｍ,31,7770,2,-1,2,-1,MS系／連邦軍・ティターンズ・地球連合／機動戦士ガンダム
5270,ガンキャノン203号機,0,305,39,63,68,354,18,0,0,0,95,95,1,－,Ｍ,31,7770,2,-1,2,-1,MS系／連邦軍・ティターンズ・地球連合／機動戦士ガンダム
5271,ファンタズムーン,0,100,10,110,100,400,10,400,400,500,500,0,10,－,ＳＳ,56,500000,5,0,4,-4,人系
5272,ユグドラシル,0,860,62,71,81,830,180,480,480,480,480,420,250,－,Ｌ,75,92000,-5,-5,3,-5,MA系／Gのレコンギスタ
5273,四条桃花,0,85,15,75,70,500,10,300,300,300,300,300,200,－,ＳＳ,36,110000,2,-5,-5,0,人系
5274,ヴァッフ,0,210,15,30,40,224,18,0,50,10,0,0,1,－,Ｍ,10,5640,1,-5,1,-5,MS系／ジオン・ネオジオン軍・ザフト／THE ORIGIN／量産機
5275,ガイちゃん,0,437,66,29,60,550,16,400,400,400,400,400,100,－,ＳＳ,49,40000,2,-2,-5,-5,その他／スパロボシリーズ／人系
5276,トリプルガイちゃん,0,460,69,30,55,550,16,400,400,400,400,400,1,－,ＳＳ,50,64000,2,-2,-5,-5,その他／スパロボシリーズ／人系
5277,ガイちゃん・ザ・グレート,0,468,76,31,55,550,16,400,400,400,400,400,1,－,ＳＳ,51,64000,2,-2,-5,-5,その他／スパロボシリーズ／人系
5278,ジーラッハ,0,730,63,77,69,678,38,350,350,400,400,400,60,－,Ｌ,62,68800,0,-4,2,2,MA系／Gのレコンギスタ
5279,ライダー,0,100,6,110,70,990,10,172,57,88,56,84,172,－,ＳＳ,30,290000,5,0,-6,-4,人系
5280,カバカーリー,0,564,60,118,61,806,18,480,480,300,300,300,230,－,Ｍ,53,64360,2,-3,3,3,MS系／ガンダム系／Gのレコンギスタ
5281,アルトリア・ペンドラゴン,0,90,10,110,70,990,10,420,235,730,530,760,154,－,ＳＳ,40,500000,5,0,-6,-4,人系
5282,メタル・スパイダー,0,338,28,59,65,330,18,90,90,90,90,10,50,－,Ｍ,33,10080,3,-4,2,-1,MS系／ジム系／連邦軍・ティターンズ・地球連合
5283,ターンエーガンダムシン,0,580,56,103,48,500,20,200,200,150,160,150,120,－,Ｍ,52,79000,0,0,1,0,MS系／ガンダム系／ターンAガンダム
5284,アイオワ,0,840,95,34,64,530,270,900,0,212,0,60,1000,－,ＬＬ,70,860120,0,3,-9,-3,艦船系／人系／艦これ
5285,シオン,0,100,10,115,100,400,10,400,400,500,500,0,200,－,ＳＳ,55,290000,5,-3,-5,-4,人系
5286,吸血鬼シオン,0,100,9,115,100,400,10,400,400,500,500,0,50,－,ＳＳ,55,290000,5,-4,-5,-4,人系
5287,トランジェントガンダム,0,540,47,110,65,600,18,350,340,350,350,300,140,－,Ｍ,52,41620,3,-2,3,2,MS系／ガンダム系／ガンダムビルドシリーズ
5288,トミタ専用ギラ・ドーガ[C],0,384,43,87,80,425,20,0,175,120,170,170,20,－,Ｍ,39,14670,2,-3,2,-3,MS系／ザク系／ガンダムビルドシリーズ／専用機
5289,アイバ専用ギラ・ドーガ[C],0,384,43,87,80,425,20,0,175,120,170,170,1,－,Ｍ,39,14670,2,-3,2,-3,MS系／ザク系／ガンダムビルドシリーズ／専用機
5290,ギラ・ドーガ・ナースホルン,0,384,43,77,80,425,20,0,175,120,170,170,20,－,Ｍ,39,14670,2,-3,2,-3,MS系／ザク系／ガンダムビルドシリーズ
5291,グフ・ルフトヴァッフェ,0,460,40,78,70,424,18,200,230,100,100,100,20,強6,Ｍ,41,11970,2,-3,2,2,MS系／グフ系／ガンダムビルドシリーズ
5292,ガッキー,0,382,63,30,28,550,16,400,400,400,400,400,150,－,ＳＳ,49,40000,2,-2,-5,1,その他／スパロボシリーズ／人系
5293,アースガッキー,0,425,79,30,55,550,16,400,400,400,400,400,1,－,ＳＳ,50,64000,3,-2,-5,-2,その他／スパロボシリーズ／人系
5294,マリンガッキー,0,480,78,32,55,550,16,400,400,400,400,400,1,－,ＳＳ,51,64000,0,3,-5,-4,その他／スパロボシリーズ／人系
5295,スカイガッキー,0,528,74,32,55,550,16,400,400,400,400,400,1,－,ＳＳ,52,64000,2,-2,-5,2,その他／スパロボシリーズ／人系
5296,ガイトラッシュ,0,371,53,74,57,545,18,260,260,180,180,180,30,－,Ｍ,42,13500,0,-5,3,0,MS系／ガンダム系／Gのレコンギスタ
5297,プロトゲッター,0,410,50,46,60,450,80,170,170,170,170,170,100,－,Ｌ,47,40000,0,-5,2,4,その他／スパロボシリーズ
5298,ギラ・ドーガ・ノイジ,0,384,43,84,80,425,20,0,175,120,170,170,20,－,Ｍ,39,14670,2,-3,2,-3,MS系／ザク系／ガンダムビルドシリーズ
5299,完全武装仕様シエル,0,94,9,90,100,440,10,400,400,500,500,0,10,－,ＳＳ,40,380000,5,0,-6,-4,人系
5300,真祖アルクェイド,0,400,10,110,100,400,10,400,400,500,500,0,850,－,ＳＳ,56,980000,5,-3,-5,-4,人系
5301,ファイナルバトル仕様トライバーニング,0,498,60,91,50,550,18,270,290,290,50,0,1,－,Ｍ,49,41500,4,-2,3,1,MS系／ガンダム系／ガンダムビルドシリーズ
5302,遠野秋葉,0,87,18,70,70,1100,10,450,235,730,570,790,180,－,ＳＳ,39,500000,5,0,-6,-4,人系
5303,赤主秋葉,0,87,27,60,70,1100,10,450,235,730,570,790,10,－,ＳＳ,40,500000,5,0,-6,-4,人系
5304,零式艦戦21型,0,72,8,82,15,140,10,95,90,115,60,25,20,－,Ｍ,14,1800,-2,-5,-5,5,車輌・戦闘機系／量産機／艦これ
5305,ドム試作実験機,0,287,24,54,51,310,18,0,0,75,82,0,15,－,Ｍ,19,7020,0,-3,0,-4,MS系／ジオン・ネオジオン軍・ザフト／THE ORIGIN／ドム系
5306,弓塚さつき,0,90,10,90,40,440,10,400,500,400,400,0,150,－,ＳＳ,38,380000,5,-3,-6,-5,人系
5307,フラッグフレア,0,313,30,80,60,360,17,90,90,120,120,0,20,－,Ｍ,32,8400,1,-4,-2,3,MS系／ガンダムビルドシリーズ
5308,フラッグフレア(MA) ,1,313,30,57,60,360,17,90,90,120,120,0,20,－,Ｍ,32,0,-2,-4,-2,4,MA系／ガンダムビルドシリーズ
5309,スペースバラタック,0,700,80,50,65,700,80,280,280,220,210,210,20,NT5,Ｌ,70,67000,2,-4,1,3,その他／スパロボシリーズ
5310,琥珀,0,95,12,98,90,600,16,500,500,600,500,500,180,－,ＳＳ,40,980000,4,-4,-6,0,人系／スパロボシリーズ
5311,翡翠,0,95,12,100,90,600,16,500,500,600,500,500,10,－,ＳＳ,40,980000,4,-4,-6,1,人系／スパロボシリーズ
5312,メカ翡翠,0,100,15,100,90,600,16,500,500,600,500,500,50,強6,ＳＳ,40,1580000,4,-5,-6,1,人系／スパロボシリーズ
5313,ジャスティマ,0,484,53,74,61,625,18,280,280,180,180,120,30,－,Ｍ,39,14400,0,-4,4,-5,MS系／ガンダム系／Gのレコンギスタ
5314,バラたん,0,471,55,28,55,550,16,400,400,400,400,400,100,－,ＳＳ,48,40000,2,-2,-5,-5,その他／スパロボシリーズ／人系
5315,ブルーバラたん,0,397,68,31,55,550,16,400,400,400,400,400,1,－,ＳＳ,48,40000,2,-2,-5,1,その他／スパロボシリーズ／人系
5316,グリーンバラたん,0,461,71,28,55,550,16,400,400,400,400,400,1,－,ＳＳ,48,40000,2,1,-5,-5,その他／スパロボシリーズ／人系
5317,ブラックバラたん,0,480,78,31,55,550,16,400,400,400,400,400,50,－,ＳＳ,49,40000,2,-2,-5,-5,その他／スパロボシリーズ／人系
5318,スペースバラたん,0,470,80,30,55,550,16,400,400,400,400,400,1,－,ＳＳ,49,40000,2,-2,-5,-5,その他／スパロボシリーズ／人系
5319,マズラスター,0,485,53,98,52,708,19,300,300,280,280,220,40,－,Ｍ,43,21400,0,-4,4,-5,MS系／ガンダム系／Gのレコンギスタ
5320,白レン,0,90,10,90,100,440,10,400,400,500,500,0,10,－,ＳＳ,39,380000,5,0,-6,-4,人系
5321,レン,0,90,12,100,90,600,16,500,500,600,500,500,150,NT5,ＳＳ,38,500000,4,-4,-6,1,人系／スパロボシリーズ
5322,レイノス,0,260,26,58,50,300,8,100,150,150,50,50,30,－,Ｓ,25,8400,2,-3,2,0,その他／スパロボシリーズ
5323,セイラ専用ガンダム,0,384,35,70,58,408,18,150,150,150,150,150,1,NT2,Ｍ,30,8790,2,-1,2,-1,MS系／ガンダム系／連邦軍・ティターンズ・地球連合／オリジナル系／専用機
5324,ドムR35,0,535,66,95,73,530,24,290,290,285,285,150,35,－,Ｍ,39,19605,4,-5,3,-4,MS系／ドム系／ガンダムビルドシリーズ／専用機
5325,有間都古,0,90,10,90,100,440,10,400,400,500,500,0,150,－,ＳＳ,39,380000,5,0,-6,-4,人系
5326,プロトガーランド,0,300,28,78,60,390,20,250,250,200,200,0,50,－,ＳＳ,34,6300,5,-5,0,3,その他／スパロボシリーズ
5327,プロトガーランド(MC) ,1,300,25,88,60,390,20,300,250,250,200,200,50,－,ＳＳ,34,0,6,-5,-5,-5,その他／スパロボシリーズ
5328,オリジナルガーランド,0,250,24,74,60,300,20,250,250,200,200,0,1,－,ＳＳ,27,5700,5,-5,-5,3,その他／スパロボシリーズ
5329,レオパルド・ダ・ヴィンチ,0,423,41,76,69,534,17,230,210,220,220,260,35,NT3,Ｍ,35,14400,3,-2,2,-4,MS系／ガンダム系／ガンダムビルドシリーズ
5330,フル装備仕様レオパルド・ダ・ヴィンチ,0,423,41,76,69,534,17,230,210,220,220,260,1,NT3,Ｍ,35,14400,3,-2,2,-4,MS系／ガンダム系／ガンダムビルドシリーズ
5331,魔法少女チノ,0,80,13,50,80,500,10,600,600,600,600,600,144,－,ＳＳ,17,290000,2,-5,-6,-3,人系
5332,海魔,0,500,62,58,70,580,20,400,400,300,300,0,100,－,Ｍ,55,92000,5,4,-2,-6,その他／スパロボシリーズ
5333,リーズバイフェ,0,87,18,70,70,440,10,450,235,730,570,790,80,－,ＳＳ,39,500000,5,0,-6,-4,人系
5334,ライトニングZガンダム,0,480,62,115,82,530,25,350,370,300,330,350,50,－,Ｍ,50,43600,3,-5,5,0,MS系／ガンダム系／ガンダムビルドシリーズ
5335,魔女っ娘ミラクるん,0,96,13,60,80,300,10,700,700,700,700,700,200,－,ＳＳ,19,380000,2,-5,0,-3,人系
5336,フェニーチェリナーシタアルバ,0,597,60,122,76,721,16,250,330,250,250,260,150,－,Ｍ,63,24760,2,-5,2,-5,MS系／ガンダム系／ガンダムビルドシリーズ
5337,フェニーチェリナーシタアルバ(MA) ,1,597,60,127,71,721,16,250,330,250,250,260,150,－,Ｍ,63,0,-5,-5,3,3,MA系／ガンダム系／ガンダムビルドシリーズ
5338,フリーダムガンダムFF,0,441,46,93,115,472,18,360,380,320,340,320,50,強4,Ｍ,59,30400,2,-4,3,4,MS系／ガンダム系／ガンダムビルドシリーズ
5339,ダンダン,0,449,65,30,55,550,16,400,400,400,400,400,150,－,ＳＳ,49,40000,2,-2,-5,-5,その他／スパロボシリーズ／人系
5340,ダンダンα,0,461,78,31,55,550,16,400,400,400,400,400,150,－,ＳＳ,50,52000,2,-2,-5,-5,その他／スパロボシリーズ／人系
5341,テスター1号機,0,290,15,98,30,300,10,140,180,50,50,0,5,－,Ｍ,29,5850,1,-4,3,4,車輌・戦闘機系／スパロボシリーズ
5342,アイアンマン,0,125,11,85,70,660,10,300,300,200,200,200,200,－,ＳＳ,35,3180000,3,-4,-6,-5,人系
5343,アイアンマン(飛行形態) ,1,125,11,85,70,100,10,300,300,200,200,200,200,－,ＳＳ,35,0,2,-4,-6,4,人系
5344,デルタガンダム弐号機,0,432,52,123,71,460,19,200,210,160,160,160,150,－,Ｍ,43,43540,2,-4,2,-5,MS系／連邦軍・ティターンズ・地球連合／ガンダムUC
5345,デルタガンダム弐号機(WR) ,1,432,52,130,71,460,19,200,210,160,160,160,150,－,Ｍ,43,0,-6,-6,4,4,MA系／連邦軍・ティターンズ・地球連合／ガンダムUC
5346,イサリビ,0,900,32,37,120,340,100,80,180,190,150,200,250,強4,ＬＬ,55,254000,-5,-4,2,-6,艦船系／鉄血のオルフェンズ
5347,バルちゃん,0,520,63,29,55,550,16,400,400,400,400,400,150,－,ＳＳ,49,40000,2,-2,-5,-5,その他／スパロボシリーズ／人系
5348,ライっち,0,425,70,29,55,550,16,400,400,400,400,400,150,－,ＳＳ,49,40000,2,-2,-5,-5,その他／スパロボシリーズ／人系
5349,ハイネ専用デスティニーガンダム,0,548,57,117,95,700,20,310,380,240,250,200,30,強5,Ｍ,71,148700,2,-4,3,3,MS系／ガンダム系／ジオン・ネオジオン軍・ザフト／ガンダムSEED DESTINY／専用機
5350,ザンスガット,0,397,40,67,58,560,18,280,280,180,180,120,20,－,Ｍ,39,12900,0,-4,4,-5,MS系／ガンダム系／Gのレコンギスタ／量産機
5351,坂本美緒,0,204,16,66,35,175,8,150,150,300,350,300,50,NT8,ＳＳ,24,290000,1,-4,-5,5,人系
5352,袖付き仕様ギラ・ドーガ,0,390,44,89,80,425,20,0,175,120,170,170,50,－,Ｍ,37,14910,2,-3,2,-5,MS系／ザク系／ジオン・ネオジオン軍・ザフト／ガンダムUC
5353,フォックスハウンド,0,280,32,62,70,350,18,110,110,90,90,120,5,－,Ｍ,32,11700,4,-5,-5,-2,MS系／ガンダム系／ガンダムビルドシリーズ
5354,ブッシュマン,0,237,40,63,60,218,20,100,100,100,100,100,1,－,Ｓ,15,9360,4,-5,-5,-5,その他／スパロボシリーズ／量産機
5355,FAGバーゼラルド,0,100,15,70,70,350,12,300,300,300,300,300,5,－,ＳＳ,33,380000,1,-3,-3,2,人系
5356,シャイアン基地仕様Zプラス,0,444,53,116,88,510,21,210,180,150,175,180,100,NT2,Ｍ,51,45520,2,-3,-5,1,MS系／ガンダム系／エウーゴ・カラバ／ガンダムUC
5357,シャイアン基地仕様ウェイブライダー ,1,444,53,123,88,510,21,210,180,150,175,180,100,NT2,Ｍ,51,0,-5,-5,-5,4,MA系／ガンダム系／エウーゴ・カラバ／ガンダムUC
5358,Zeroセイバー,0,90,10,110,70,990,10,420,235,730,530,760,154,－,ＳＳ,40,500000,5,0,-6,-4,人系
5359,重装仕様グフ・ルフトヴァッフェ,0,470,43,80,80,424,18,200,230,100,100,100,20,強6,Ｍ,41,12930,2,-3,2,2,MS系／グフ系／ガンダムビルドシリーズ
5360,ゲッちゃん,0,452,64,29,55,550,16,400,400,400,400,400,150,－,ＳＳ,49,40000,2,-2,-5,-5,その他／スパロボシリーズ／人系
5361,ゲッちゃん3,0,516,69,27,55,550,16,400,400,400,400,400,1,－,ＳＳ,50,64000,1,3,-5,-5,その他／スパロボシリーズ／人系
5362,ゲッちゃんドラゴン,0,464,64,29,55,550,16,400,400,400,400,400,1,－,ＳＳ,50,64000,2,-3,-5,0,その他／スパロボシリーズ／人系
5363,紅武者アメイジング,0,495,53,76,95,352,14,400,400,360,360,300,1,－,Ｍ,41,20200,2,-4,4,0,MS系／ザク系／ガンダムビルドシリーズ
5364,アーチャーコスチューム仕様凛,0,82,8,80,70,900,10,159,47,77,57,80,1,－,ＳＳ,50,740000,5,0,-6,-4,人系
5365,ネイティブダンサー,0,80,1,35,35,170,8,0,10,0,0,0,1,－,Ｓ,8,240,1,-5,-6,-4,スパロボシリーズ／車輌・戦闘機系／量産機
5366,ブラック★ロックシューター,0,110,11,115,65,500,10,400,400,500,500,500,300,－,ＳＳ,46,572000,3,-4,0,-3,人系
5367,BRS2035,0,110,11,115,65,500,10,400,400,500,500,500,1,－,ＳＳ,46,572000,3,-4,0,-3,人系
5368,高トルクパック装備仕様G-セルフ,0,448,47,91,61,600,18,280,280,180,180,120,50,－,Ｍ,49,18900,2,-4,4,-5,MS系／ガンダム系／Gのレコンギスタ
5369,リフレクターパック装備仕様G-セルフ,0,448,47,91,61,600,18,280,280,180,180,120,50,－,Ｍ,49,18900,0,-4,4,-5,MS系／ガンダム系／Gのレコンギスタ
5370,ストレングス,0,127,12,76,59,438,10,400,400,500,500,500,1,－,ＳＳ,46,572000,3,-4,0,-3,人系
5371,戦艦ワルキューレ,0,1100,33,36,160,550,40,0,220,100,120,180,100,－,ＬＬ,67,206300,-5,-5,5,-5,艦船系／ジオン・ネオジオン軍・ザフト／THE ORIGIN
5372,プロトジャイオーン,0,476,46,65,85,600,18,330,330,230,230,170,90,－,Ｍ,50,21760,0,-4,4,3,MS系／ガンダム系／Gのレコンギスタ
5373,翔鶴改二,0,770,77,39,93,970,257,600,0,240,0,100,100,－,ＬＬ,84,240590,0,3,-9,-3,艦船系／人系／艦これ
5374,水着仕様Zちゃん,0,480,68,30,55,550,16,400,400,400,400,400,1,－,ＳＳ,49,40000,2,2,-5,-5,その他／スパロボシリーズ／人系
5375,水着仕様グレちゃん,0,463,65,30,55,550,16,400,400,400,400,400,1,－,ＳＳ,49,40000,2,2,-5,-5,その他／スパロボシリーズ／人系
5376,水着仕様グレンダさん,0,450,58,29,75,550,16,400,400,400,400,400,1,－,ＳＳ,49,40000,2,2,0,0,その他／スパロボシリーズ／人系
5377,水着仕様ガイちゃん,0,437,66,29,60,550,16,400,400,400,400,400,1,－,ＳＳ,49,40000,2,2,-5,-5,その他／スパロボシリーズ／人系
5378,水着仕様ダンダン,0,449,65,30,55,550,16,400,400,400,400,400,1,－,ＳＳ,49,40000,2,2,-5,-5,その他／スパロボシリーズ／人系
5379,水着仕様ゲッちゃん,0,452,64,29,55,550,16,400,400,400,400,400,1,－,ＳＳ,49,40000,2,2,-5,-5,その他／スパロボシリーズ／人系
5380,ミネルバX(RGZ),0,467,68,29,55,550,16,400,400,400,400,400,150,－,ＳＳ,49,40000,2,-2,-5,-5,その他／スパロボシリーズ／人系
5381,水着仕様ミネルバX,0,467,68,29,55,550,16,400,400,400,400,400,1,－,ＳＳ,49,40000,2,2,-5,-5,その他／スパロボシリーズ／人系
5382,プロトゲッター(RGZ),0,448,80,30,55,550,16,400,400,400,400,400,150,－,ＳＳ,49,40000,2,-2,-5,-5,その他／スパロボシリーズ／人系
5383,水着仕様プロトゲッター,0,448,80,30,55,550,16,400,400,400,400,400,1,－,ＳＳ,49,40000,2,2,-5,-5,その他／スパロボシリーズ／人系
5384,ヘイスティ,0,362,56,63,70,250,16,110,110,100,100,100,5,－,Ｓ,21,7500,4,-5,-5,-5,その他／スパロボシリーズ／量産機
5385,PP装備仕様G-セルフ,0,598,60,128,73,848,18,1340,1340,1220,1220,1260,350,－,Ｍ,67,147170,0,-4,3,3,MS系／ガンダム系／Gのレコンギスタ
5386,PP装備仕様G-セルフ(RM) ,1,598,60,128,73,848,18,1340,1340,1220,1220,1260,350,－,Ｍ,67,0,0,-4,3,3,MS系／ガンダム系／Gのレコンギスタ
5387,エルフ・ブル,0,495,53,76,44,820,19,380,380,280,280,220,20,NT3,Ｍ,57,18000,0,-3,3,0,MS系／ガンダム系／Gのレコンギスタ
5388,エルフ・ブル(MA) ,1,495,53,76,44,820,19,380,380,280,280,220,20,NT3,Ｍ,57,0,-5,-4,3,3,MA系／ガンダム系／Gのレコンギスタ
5389,ライガ様,0,422,70,31,55,550,16,400,400,400,400,400,150,－,ＳＳ,49,40000,2,-2,-5,-5,その他／スパロボシリーズ／人系
5390,水着仕様ライガ様,0,480,65,31,55,550,16,400,400,400,400,400,1,－,ＳＳ,49,40000,2,2,-5,-5,その他／スパロボシリーズ／人系
5391,翔ちゃん,0,464,80,30,55,550,16,400,400,400,400,400,150,－,ＳＳ,49,40000,2,-2,-5,0,その他／スパロボシリーズ／人系
5392,スーパー翔ちゃん,0,464,74,28,55,550,16,400,400,400,400,400,1,－,ＳＳ,49,40000,2,-2,-5,0,その他／スパロボシリーズ／人系
5393,水着仕様翔ちゃん,0,500,79,33,55,550,16,400,400,400,400,400,1,－,ＳＳ,49,40000,2,2,-5,0,その他／スパロボシリーズ／人系
5394,リンゴ専用モラン,0,397,47,72,65,500,18,280,280,180,180,120,1,－,Ｍ,37,11700,0,-5,4,-2,MS系／ガンダム系／Gのレコンギスタ／専用機
5395,量産仕様マックナイフ,0,485,47,93,62,720,16,310,310,240,240,180,150,－,Ｍ,48,20200,0,-5,4,0,MS系／ガンダム系／Gのレコンギスタ／量産機
5396,量産仕様マックナイフ(MA) ,1,485,47,93,62,720,16,310,310,240,240,180,150,－,Ｍ,48,0,-5,-5,4,1,MA系／ガンダム系／Gのレコンギスタ／量産機
5397,ジーグさん,0,463,67,29,55,550,16,400,400,400,400,400,150,－,ＳＳ,49,40000,2,-3,-5,-5,その他／スパロボシリーズ／人系
5398,マリンジーグさん,0,419,81,32,55,550,16,400,400,400,400,400,1,－,ＳＳ,49,40000,2,2,-5,-5,その他／スパロボシリーズ／人系
5399,アースジーグさん,0,581,71,31,55,550,16,400,400,400,400,400,1,－,ＳＳ,49,40000,4,-4,-5,-5,その他／スパロボシリーズ／人系
5400,スカイジーグさん,0,493,72,31,55,550,16,400,400,400,400,400,1,－,ＳＳ,49,40000,2,-4,-5,2,その他／スパロボシリーズ／人系
5401,エアマスターブラスト,0,400,34,108,75,390,18,240,220,180,160,140,35,NT3,Ｍ,44,14700,1,-4,1,1,MS系／ガンダム系／連邦軍・ティターンズ・地球連合／オリジナル系
5402,エアマスターブラスト(FM) ,1,400,34,108,75,390,18,240,220,180,160,140,35,NT3,Ｍ,44,0,-1,-4,3,4,MA系／ガンダム系／連邦軍・ティターンズ・地球連合／オリジナル系
5403,クララクラン,0,85,15,50,80,500,10,600,600,600,600,600,10,－,ＳＳ,27,290000,2,-5,-6,-3,人系
5404,カミキバーニングガンダム,0,500,54,95,50,500,18,280,330,290,50,0,30,－,Ｍ,50,41500,4,-2,3,1,MS系／ガンダム系／ガンダムビルドシリーズ
5405,レオパルド・ダ・ヴィンチD,0,395,42,70,69,440,24,230,210,220,220,260,125,NT3,Ｍ,41,9300,3,-2,1,0,MS系／ガンダム系／ガンダムビルドシリーズ
5406,レオパルド・ダ・ヴィンチボンバー ,1,435,42,50,69,480,24,230,210,220,220,260,100,NT3,Ｍ,41,0,0,-4,1,0,MS系／ガンダム系／ガンダムビルドシリーズ
5407,アドヴァンスドディナイアル,0,490,55,110,50,559,18,330,350,350,350,350,20,－,Ｍ,45,64000,4,-2,3,1,MS系／ガンダム系／ガンダムビルドシリーズ
5408,メカブトン(FM) ,1,300,22,30,40,290,16,0,20,0,0,0,10,－,Ｍ,25,0,-3,-3,0,3,その他／スパロボシリーズ
5409,クロスボーン・ガンダム大魔王,0,450,53,76,110,500,30,280,260,260,260,270,100,－,Ｍ,57,28000,0,-4,4,0,MS系／ガンダム系／ガンダムビルドシリーズ
5410,戦国アストレイ頑駄無・アスラ,0,470,50,81,80,480,18,240,240,280,140,70,50,－,Ｍ,45,19260,4,-4,2,0,MS系／ガンダム系／ガンダムビルドシリーズ
5411,戦国アストレイ頑駄無・アスラ風雲再起,0,560,50,67,80,480,18,240,240,280,140,70,120,－,Ｍ,45,19260,4,-4,2,0,MS系／ガンダム系／ガンダムビルドシリーズ
5412,トランジェント・アヴァターラ,0,568,47,112,65,660,18,450,440,350,350,300,30,－,Ｍ,55,53800,3,-2,3,2,MS系／ガンダム系／ガンダムビルドシリーズ
5413,ザク・ルフトヴァッフェ,0,406,37,78,75,390,20,200,230,100,100,100,10,強6,Ｍ,32,14100,3,-3,0,3,MS系／グフ系／ガンダムビルドシリーズ
5414,戦術実証機仕様プロトタイプグフ,0,282,30,52,42,312,18,10,30,30,0,0,10,－,Ｍ,19,6840,3,-3,-5,-4,MS系／ジオン・ネオジオン軍・ザフト／MSV(モビルスーツバリエーション)／グフ系／THE ORIGIN
5415,機動実証機仕様プロトタイプグフ(SC),0,282,30,52,42,312,18,10,30,30,0,0,10,－,Ｍ,19,6840,3,-3,-5,-4,MS系／ジオン・ネオジオン軍・ザフト／MSV(モビルスーツバリエーション)／グフ系／THE ORIGIN
5416,マーベル仕様ボゾン,0,307,19,70,60,204,15,70,70,60,60,0,5,NT3,Ｓ,44,6750,3,-2,0,5,その他／スパロボシリーズ
5417,コンキュデベヌス,0,686,80,74,72,950,100,400,400,270,270,270,30,－,ＬＬ,69,68800,-5,-4,3,-5,MA系／Gのレコンギスタ
5418,量産仕様モンテーロ,0,484,47,54,61,500,18,280,280,180,180,120,30,－,Ｍ,35,8700,2,-5,0,3,MS系／Gのレコンギスタ／専用機
5419,機動実証機仕様プロトタイプグフ,0,282,30,52,42,312,18,10,30,30,0,0,1,－,Ｍ,19,6840,3,-3,-5,-4,MS系／ジオン・ネオジオン軍・ザフト／MSV(モビルスーツバリエーション)／グフ系／THE ORIGIN
5420,アサルトギア装備仕様ジャハナム,0,415,40,55,70,400,18,250,220,150,150,190,50,－,Ｍ,37,13200,1,-5,-3,-5,MS系／ガンダム系／Gのレコンギスタ
5421,ガエリオ専用シュヴァルベ・グレイズ,0,398,34,77,80,424,18,290,290,290,290,290,50,－,Ｍ,41,8430,2,-5,3,0,MS系／ガンダム系／鉄血のオルフェンズ
5422,マクギリス専用シュヴァルベ・グレイズ,0,398,34,77,80,424,18,290,290,290,290,290,1,－,Ｍ,41,8430,2,-5,3,0,MS系／ガンダム系／鉄血のオルフェンズ
5423,キリト,0,86,8,88,70,400,10,500,500,500,500,500,300,－,ＳＳ,39,500000,5,0,-6,-4,人系
5424,ALO仕様キリト,0,86,8,88,70,400,10,500,500,500,500,500,1,－,ＳＳ,39,500000,5,0,-6,2,人系
5425,GGO仕様キリト,0,86,8,88,70,400,10,500,500,500,500,500,1,－,ＳＳ,39,500000,5,0,-6,-4,人系
5426,アスナ,0,83,6,90,60,300,10,500,500,500,500,500,1,－,ＳＳ,38,500000,5,0,-6,-4,人系
5427,ALO仕様アスナ,0,83,6,90,60,300,10,500,500,500,500,500,1,－,ＳＳ,38,500000,5,0,-6,2,人系
5428,リーファ,0,85,7,85,60,300,10,500,500,500,500,500,1,－,ＳＳ,37,500000,4,0,-6,3,人系
5429,シノン,0,83,6,84,95,300,10,500,500,500,500,500,300,－,ＳＳ,37,500000,4,0,-6,-4,人系
5430,ユウキ,0,85,8,90,70,400,10,500,500,500,500,500,1,－,ＳＳ,39,500000,4,0,-6,3,人系
5431,ゴーストジェガンF,0,344,34,67,80,370,18,140,165,150,150,150,10,－,Ｍ,35,8400,1,-5,2,0,MS系／ジム系／連邦軍・ティターンズ・地球連合／ガンダムビルドシリーズ
5432,ゴーストジェガンM,0,344,34,67,80,370,18,140,165,150,150,150,10,－,Ｍ,35,8400,1,-5,2,0,MS系／ジム系／連邦軍・ティターンズ・地球連合／ガンダムビルドシリーズ
5433,ネオドゥ,0,397,45,58,68,540,18,280,280,180,180,120,20,－,Ｍ,32,12000,0,-4,4,-5,MS系／ガンダム系／Gのレコンギスタ／量産機
5434,ダハック,0,397,47,72,66,500,18,280,280,180,180,120,30,－,Ｍ,41,14100,0,-4,4,-5,MS系／ガンダム系／Gのレコンギスタ
5435,ダーマ,0,670,65,72,66,500,18,280,280,180,180,120,100,－,Ｍ,52,20200,-5,-5,3,0,MA系／ガンダム系／Gのレコンギスタ
5436,ダーマ(展開形態) ,1,670,65,72,66,600,18,280,280,180,180,120,100,－,Ｍ,52,0,-5,-5,3,0,MA系／ガンダム系／Gのレコンギスタ
5437,トリニティ,0,397,47,74,61,600,18,280,280,180,180,120,30,－,Ｍ,45,14400,0,-4,4,3,MS系／ガンダム系／Gのレコンギスタ
5438,モーゼルKar98K,0,85,7,80,75,300,10,500,500,500,500,500,300,強6,ＳＳ,36,500000,5,0,-6,2,人系
5439,イーグルファイター,0,242,43,78,50,370,13,230,210,200,200,200,30,－,Ｓ,31,12000,-5,-3,3,4,その他／スパロボシリーズ
5440,イーグルファイター(HM) ,1,242,43,78,50,370,13,230,210,200,200,200,30,－,Ｓ,31,0,2,-3,2,2,その他／車輌・戦闘機系／スパロボシリーズ
5441,ジャンヌ・ダルク,0,90,10,110,70,990,10,420,235,730,530,760,100,－,ＳＳ,40,500000,5,0,-6,-4,人系
5442,ガンダムエピオンノヴァ,0,640,53,70,80,620,40,350,340,330,340,310,200,強5,Ｍ,54,110000,0,-2,3,1,MS系／ガンダム系／ガンダムビルドシリーズ
5443,エピオンドラゴラムノヴァ(第三形態) ,1,640,58,50,72,620,40,350,340,330,340,310,200,強5,Ｍ,54,0,0,-2,3,0,MS系／ガンダム系／ガンダムビルドシリーズ
5444,キャシャーン,0,105,20,78,70,300,10,500,500,500,500,500,300,強5,ＳＳ,38,500000,5,0,-6,2,人系
5445,ザックス,0,397,47,76,61,600,18,280,280,180,180,120,10,－,Ｍ,38,14400,0,-4,4,0,MS系／ガンダム系／Gのレコンギスタ
5446,リジット,0,405,48,74,61,610,18,320,320,180,180,120,20,－,Ｍ,40,43000,0,-4,4,-5,MS系／ガンダム系／Gのレコンギスタ
5447,クリム専用グリモア,0,346,37,61,57,380,16,175,175,110,120,70,5,－,Ｍ,27,6300,1,-4,2,-1,MS系／Gのレコンギスタ／専用機
5448,局地型ガンダム,0,320,30,65,48,354,18,75,75,75,75,0,5,－,Ｍ,30,8370,3,-2,-5,-4,MS系／ガンダム系／連邦軍・ティターンズ・地球連合／THE ORIGIN
5449,インセイン・ブラック★ロックシューター,0,110,11,115,65,500,10,400,400,500,500,500,1,－,ＳＳ,46,572000,3,-4,0,-3,人系
5450,インパルスガンダム・ブランシュ,0,442,42,89,80,500,20,330,350,220,240,240,80,強5,Ｍ,51,33400,3,-4,2,2,MS系／ガンダム系／ジオン・ネオジオン軍・ザフト／ガンダムSEED ASTRAY、MSV
5451,ガンダムアストレイ・ノワール,0,400,42,91,60,437,20,220,240,220,220,220,90,－,Ｍ,52,13350,1,-4,5,4,MS系／ガンダム系／連邦軍・ティターンズ・地球連合／ガンダムSEED ASTRAY、MSV
5452,すーぱーふみな,0,237,50,100,50,550,18,237,237,237,237,237,30,－,Ｍ,39,13110,3,-4,3,1,MS系／ガンダム系／ガンダムビルドシリーズ
5453,トランジェントライザー,0,540,49,112,65,550,18,350,340,350,350,300,30,－,Ｍ,52,41620,3,-2,3,2,MS系／ガンダム系／ガンダムビルドシリーズ
5454,ドラグナージークガンダム,0,520,60,62,65,480,25,250,250,250,150,130,60,－,Ｍ,45,40000,4,-4,0,0,MS系／ガンダム系／オリジナル系
5455,サイタマ,0,2000,200,150,40,300,10,5050,5050,5050,5050,5050,15000,－,ＳＳ,200,249280000,5,-3,-3,-3,人系
5456,百里,0,415,32,72,85,254,18,200,200,200,200,200,40,－,Ｍ,26,7560,-4,-5,3,1,MS系／ガンダム系／鉄血のオルフェンズ
5457,百錬,0,392,33,55,80,254,18,200,200,200,200,200,40,－,Ｍ,23,7080,2,-4,2,-2,MS系／ガンダム系／鉄血のオルフェンズ／量産機
5458,アミダ専用百錬,0,424,35,59,80,254,18,300,300,300,300,300,10,－,Ｍ,25,7080,2,-4,2,-2,MS系／ガンダム系／鉄血のオルフェンズ／専用機
5459,グレイズ改,0,315,27,57,60,297,18,260,260,260,260,260,10,－,Ｍ,36,6900,2,-5,2,0,MS系／ガンダム系／鉄血のオルフェンズ
5460,ティターンズ仕様ビルドガンダムMk-II,0,460,43,64,65,450,15,220,200,135,135,0,50,－,Ｍ,43,21220,2,-5,3,1,MS系／ガンダム系／ガンダムビルドシリーズ
5461,ZプラスC1,0,400,42,85,82,500,20,230,220,200,230,200,130,NT2,Ｍ,42,6600,3,-5,3,-3,MS系／ガンダム系／エウーゴ・カラバ／ガンダムセンチネル
5462,ウェイブライダーC1 ,1,400,40,80,72,500,20,230,220,200,230,200,130,NT2,Ｍ,42,0,-5,-5,5,0,MA系／ガンダム系／エウーゴ・カラバ／ガンダムセンチネル
5463,マン・ロディ,0,312,27,47,70,233,17,110,110,110,110,110,50,強4,Ｍ,18,6750,-1,-5,2,-4,MS系／ガンダム系／鉄血のオルフェンズ／量産機
5464,ガンダム・グシオン,0,431,45,67,75,340,18,230,230,230,230,230,50,－,Ｍ,29,8580,-1,-5,2,-4,MS系／ガンダム系／鉄血のオルフェンズ
5465,高雄改,0,570,75,40,49,800,203,240,120,100,0,50,50,－,ＬＬ,68,128090,0,3,-9,-4,艦船系／人系／艦これ
5466,鹿島,0,360,27,25,36,700,133,65,55,75,65,100,1,－,ＬＬ,52,31060,0,3,-9,-4,艦船系／人系／艦これ
5467,アトラスガンダム,0,350,36,63,60,390,18,180,180,180,180,0,100,－,Ｍ,35,5700,2,-1,2,-1,MS系／ガンダム系／連邦軍・ティターンズ・地球連合
5468,ライトニングZスタンダード,0,480,62,115,82,530,25,350,370,300,330,350,5,－,Ｍ,50,43600,3,-5,5,0,MS系／ガンダム系／ガンダムビルドシリーズ
5469,バーニングドレッドガンダム,0,482,54,91,50,550,18,220,240,250,50,0,10,－,Ｍ,45,32500,4,-2,3,1,MS系／ガンダム系／ガンダムビルドシリーズ
5470,瑞鶴改二,0,780,78,48,92,970,257,460,0,240,0,210,50,－,ＬＬ,85,240590,0,3,-9,-3,艦船系／人系／艦これ
5471,モビルワーカー01式初期型,0,124,5,26,40,130,10,10,10,10,0,0,1,－,Ｍ,12,900,1,-5,0,-5,MS系／ザク系／ジオン・ネオジオン軍・ザフト／THE ORIGIN
5472,デザート仕様ジムII,0,312,30,59,59,340,18,0,0,75,75,0,1,－,Ｍ,22,8250,3,-3,1,-5,MS系／ジム系／連邦軍・ティターンズ・地球連合／ガンダムUC／量産機
5473,ジムII・ミドルストライカー,0,347,35,64,60,340,18,0,0,75,75,0,20,－,Ｍ,25,8940,2,-3,2,-5,MS系／ジム系／連邦軍・ティターンズ・地球連合／オリジナル系
5474,高機動仕様ジャハナム,0,377,40,60,60,400,18,250,220,150,150,120,40,－,Ｍ,26,7800,1,-5,3,-3,MS系／ガンダム系／Gのレコンギスタ
5475,ガンキャノン最初期型,0,272,30,45,64,290,18,0,0,0,80,80,20,－,Ｍ,18,6840,1,-3,1,-4,その他／連邦軍・ティターンズ・地球連合／THE ORIGIN
5476,鉄騎兵中隊仕様ガンキャノン最初期型,0,272,30,45,64,290,18,0,0,0,80,80,1,－,Ｍ,18,6840,1,-3,1,-4,その他／連邦軍・ティターンズ・地球連合／THE ORIGIN
5477,ガンダム・キマリス,0,448,39,84,90,466,18,360,360,360,360,360,60,－,Ｍ,51,12090,1,-4,3,-1,MS系／ガンダム系／鉄血のオルフェンズ
5478,キマリストルーパー,0,454,44,94,90,487,18,360,360,360,360,360,50,－,Ｍ,53,19920,4,-5,4,-1,MS系／ガンダム系／鉄血のオルフェンズ
5479,キマリストルーパー(MA) ,1,454,44,90,90,487,18,360,360,360,360,360,50,－,Ｍ,53,0,3,-5,4,-3,MS系／ガンダム系／鉄血のオルフェンズ
5480,流星号,0,318,28,62,80,338,18,260,260,260,260,260,30,強4,Ｍ,39,7320,2,-5,2,0,MS系／ガンダム系／鉄血のオルフェンズ
5481,ガンダム・グシオンリベイク,0,458,44,79,100,424,18,330,330,330,330,330,50,強4,Ｍ,50,13380,1,-4,2,-4,MS系／ガンダム系／鉄血のオルフェンズ
5482,グリムゲルデ,0,452,42,95,80,594,18,340,340,340,340,340,150,－,Ｍ,51,19920,3,-4,2,0,MS系／ガンダム系／鉄血のオルフェンズ
5483,秋津洲,0,320,25,32,42,800,114,30,0,60,0,60,200,－,ＬＬ,55,52060,0,3,-9,-3,艦船系／人系／艦これ
5484,祥鳳改,0,450,59,28,79,780,205,0,0,90,0,60,50,－,ＬＬ,63,76060,0,3,-9,-3,艦船系／人系／艦これ
5485,アイアンマン1,0,285,19,65,63,330,10,0,220,200,150,150,10,－,ＳＳ,36,6300,6,-5,-5,-5,その他／ボトムズシリーズ
5486,シーマ専用ゲルググM(DC),0,352,34,65,58,372,19,0,165,165,165,0,30,－,Ｍ,29,8760,2,-4,2,-5,MS系／ジオン・ネオジオン軍・ザフト／スターダストメモリー／ゲルググ系／専用機
5487,プロトタイプ・リック・ドムII,0,310,28,58,50,335,18,0,0,200,200,0,5,－,Ｍ,21,7860,0,-4,3,-5,MS系／ジオン・ネオジオン軍・ザフト／スターダストメモリー／ドム系
5488,アムロ専用ディジェ,0,400,48,98,60,447,18,160,180,0,0,0,10,－,Ｍ,43,21820,2,-5,-5,0,MS系／エウーゴ・カラバ／機動戦士Zガンダム／専用機
5489,雷虎改,0,504,61,85,65,690,31,300,300,250,250,250,10,NT5,Ｌ,53,29200,3,-4,2,0,その他／バンプレストオリジナル
5490,轟龍改,0,504,57,81,65,690,29,300,300,250,250,250,10,NT5,Ｌ,53,29200,2,-1,2,0,その他／バンプレストオリジナル
5491,翔鶴改二甲,0,780,83,36,90,970,257,600,0,240,0,100,50,－,ＬＬ,84,258590,0,3,-9,-3,艦船系／人系／艦これ
5492,瑞鶴改二甲,0,790,84,44,90,970,257,460,0,240,0,210,50,－,ＬＬ,85,258590,0,3,-9,-3,艦船系／人系／艦これ
5493,煌式,0,445,41,73,90,405,20,180,200,150,150,150,20,－,Ｍ,45,14100,3,-5,3,-2,MS系／ガンダム系／ガンダムビルドシリーズ
5494,ライトニング・ヘヴィウェポン,0,480,62,103,82,530,25,350,370,300,330,350,80,－,Ｍ,51,45400,2,-5,4,0,MS系／ガンダム系／ガンダムビルドシリーズ
5495,ライトニング・ヘヴィウェポン(MA) ,1,480,62,82,82,530,25,350,370,300,330,350,80,－,Ｍ,51,0,-5,-5,4,2,MA系／ガンダム系／ガンダムビルドシリーズ
5496,密林の大翼風影日衛,0,450,43,84,71,417,30,250,330,220,220,210,100,－,Ｍ,42,30700,2,-3,3,0,MS系／ガンダム系／ガンダムビルドシリーズ
5497,密林の大翼風影日衛(MA) ,1,450,43,84,71,417,30,250,330,220,220,210,100,－,Ｍ,42,0,0,-3,3,2,MA系／ガンダム系／ガンダムビルドシリーズ
5498,グレイズリッター,0,365,29,64,80,382,18,260,260,260,260,260,30,－,Ｍ,37,7140,-1,-4,3,0,MS系／ガンダム系／鉄血のオルフェンズ／量産機
5499,カルタ専用グレイズリッター,0,385,29,64,80,424,18,260,260,260,260,260,10,－,Ｍ,40,7140,-1,-4,3,0,MS系／ガンダム系／鉄血のオルフェンズ／専用機
5500,カルタ専用グレイズリッター(地上用),0,385,29,64,80,424,18,260,260,260,260,260,10,－,Ｍ,40,7215,4,-4,-2,0,MS系／ガンダム系／鉄血のオルフェンズ／専用機
5501,エクストリームガンダム・エクセリア,0,512,48,112,80,600,20,500,500,400,400,400,250,強7,Ｍ,85,164000,5,-2,1,-5,MS系／ガンダム系／オリジナル系／専用機
5502,地上戦仕様グレイズ,0,318,28,61,65,297,18,260,260,260,260,260,10,－,Ｍ,32,12930,3,-4,0,-5,MS系／ガンダム系／鉄血のオルフェンズ／量産機
5503,地上戦仕様グレイズB,0,318,28,61,65,297,18,260,260,260,260,260,10,－,Ｍ,32,12930,3,-4,0,-5,MS系／ガンダム系／鉄血のオルフェンズ／量産機
5504,漏影,0,415,38,64,80,254,18,300,300,300,300,300,10,－,Ｍ,26,13440,3,-4,2,0,MS系／ガンダム系／鉄血のオルフェンズ
5505,グシオンリベイクプランB,0,458,45,76,100,424,18,330,330,330,330,330,50,－,Ｍ,40,30760,-1,-4,3,-4,MS系／ガンダム系／鉄血のオルフェンズ
5506,余接,0,90,10,90,60,200,10,500,500,500,500,500,300,強7,ＳＳ,37,1220000,5,0,-6,-4,人系
5507,グレイズ・セントール,0,320,28,60,85,297,18,260,260,260,260,260,10,－,Ｍ,33,13200,3,-4,0,0,MS系／ガンダム系／鉄血のオルフェンズ
5508,ミリア専用VF-1J バルキリー(G) ,1,325,26,71,80,450,20,170,170,170,170,150,50,－,Ｍ,36,0,1,1,1,1,マクロスシリーズ／車輌・戦闘機系／専用機
5509,ミリア専用VF-1J バルキリー(SP)(G) ,1,370,34,75,80,490,20,170,170,170,170,150,50,－,Ｍ,40,0,1,1,1,-2,マクロスシリーズ／車輌・戦闘機系／専用機
5510,カッリスト,0,395,35,74,75,254,18,200,200,200,200,200,10,－,Ｍ,25,14415,-5,-4,3,0,MS系／ガンダム系／鉄血のオルフェンズ
5511,ラブルス,0,312,27,44,75,233,17,310,210,210,210,210,10,強4,Ｍ,28,12150,1,-4,2,-4,MS系／ガンダム系／鉄血のオルフェンズ
5512,聖夜仕様ガラダK7,0,589,93,31,55,550,16,400,400,400,400,400,150,－,ＳＳ,50,110000,2,-2,-5,-5,その他／スパロボシリーズ／人系
5513,クリスマス仕様ゲッちゃん,0,455,85,31,55,550,16,400,400,400,400,400,1,－,ＳＳ,50,110000,2,-2,-5,-5,その他／スパロボシリーズ／人系
5514,ガイちゃんトナカイ,0,472,81,31,55,550,16,400,400,400,400,400,50,－,ＳＳ,50,110000,2,-2,-5,-5,その他／スパロボシリーズ／人系
5515,ことり,0,50,8,60,70,300,10,2500,2500,2500,2500,2500,300,－,ＳＳ,11,524000,2,-5,-6,1,人系
5516,一○四式リガード,0,300,30,79,70,250,15,170,170,170,170,170,10,強1,Ｍ,30,55600,2,-3,3,0,その他／マクロスシリーズ
5517,クタン参型,0,402,30,58,62,530,33,300,300,360,360,300,30,－,Ｍ,42,52000,-5,-4,2,0,MA系／その他／鉄血のオルフェンズ
5518,クタン参型(展開形態) ,1,402,30,58,62,530,33,300,300,360,360,300,100,－,Ｍ,42,0,-5,-4,2,0,MA系／その他／鉄血のオルフェンズ
5519,フルアーマーフリーダムガンダム,0,500,50,86,90,594,18,260,280,220,240,220,150,強4,Ｍ,58,81200,0,-4,3,4,MS系／ガンダム系／ガンダムSEED ASTRAY、MSV／オリジナル系
5520,第4形態仕様ガンダム・バルバトス,0,408,36,77,90,424,18,360,360,360,360,360,120,強7,Ｍ,47,14790,3,-4,2,0,MS系／ガンダム系／鉄血のオルフェンズ
5521,グレイズアイン,0,525,48,88,60,594,18,360,360,360,360,360,80,強7,Ｍ,56,53740,4,-5,1,0,MS系／ガンダム系／鉄血のオルフェンズ
5522,スピナ・ロディ,0,268,21,38,60,254,17,110,110,110,90,0,10,－,Ｍ,16,8970,1,-5,2,-4,MS系／ガンダム系／鉄血のオルフェンズ
5523,量産仕様ズワァース,0,384,35,115,65,408,15,190,180,160,160,140,5,NT4,Ｓ,59,79900,3,-2,0,5,その他／スパロボシリーズ
5524,シュロウガ・シン,0,578,67,116,82,738,30,390,390,370,370,270,250,NT5,Ｌ,70,344000,2,-2,2,5,その他／バンプレストオリジナル
5525,シュロウガ・シン(MA) ,1,578,67,95,82,738,30,390,390,370,370,270,250,NT5,Ｌ,70,0,-2,-2,2,5,その他／バンプレストオリジナル
5526,ガンダム・アスタロト,0,415,36,74,100,424,18,360,360,360,360,360,150,－,Ｍ,38,14760,3,-3,2,0,MS系／ガンダム系／鉄血のオルフェンズ
5527,マツナガ専用高機動型ザクII改,0,327,27,82,54,280,15,80,60,60,60,0,10,－,Ｍ,25,14250,-4,-5,4,-4,MS系／ザク系／ジオン・ネオジオン軍・ザフト／MSV(モビルスーツバリエーション)／専用機
5528,トリアイナ,0,388,32,57,60,254,18,100,100,100,0,0,20,－,Ｍ,22,13110,3,-4,2,0,MS系／ガンダム系／鉄血のオルフェンズ
5529,Hi-νガンダムインフラックス,0,533,50,117,105,572,20,400,355,350,330,340,90,NT5,Ｍ,61,186770,1,-5,4,-5,MS系／ガンダム系／ガンダムビルドシリーズ
5530,ヴィクステアガンダム,0,472,60,78,100,454,30,300,255,250,230,240,100,NT5,Ｍ,64,110000,1,-5,4,-5,MS系／ガンダム系／連邦軍・ティターンズ・地球連合
5531,マジンエンペラーG,0,718,103,72,60,714,30,300,320,395,395,395,300,－,Ｍ,75,190190,2,-2,-2,4,その他／スパロボシリーズ
5532,マジンガーZERO,0,670,106,67,70,800,30,390,390,395,395,395,450,－,Ｍ,72,308000,2,2,2,2,その他／スパロボシリーズ
5533,火炎の駄舞瑠衛駆須魔王,0,495,57,75,60,500,40,380,370,230,270,210,200,－,Ｍ,55,110000,1,-4,3,0,MS系／ガンダム系
5534,マクギリス専用グレイズリッター(地上用),0,398,30,68,80,424,18,260,260,260,260,260,20,－,Ｍ,40,13200,4,-4,-2,0,MS系／ガンダム系／鉄血のオルフェンズ／専用機
5535,パワードウェポン仕様ガンダムF91,0,478,46,110,90,534,20,280,260,260,270,230,50,NT3,Ｍ,56,80840,2,-3,2,0,MS系／ガンダム系／連邦軍・ティターンズ・地球連合／機動戦士ガンダムF91
5536,ツインヴェスバー仕様ガンダムF91,0,478,46,110,90,534,20,280,260,260,270,230,50,NT3,Ｍ,56,80840,2,-3,2,0,MS系／ガンダム系／連邦軍・ティターンズ・地球連合／機動戦士ガンダムF91
5537,ランバ・ラル専用ブグ,0,235,15,35,40,252,18,0,50,0,30,0,10,－,Ｍ,13,8850,1,-3,2,-3,MS系／ジオン・ネオジオン軍・ザフト／THE ORIGIN／専用機
5538,フル装備仕様ガンダム・アスタロト,0,415,36,74,100,424,18,360,360,360,360,360,50,－,Ｍ,43,21520,3,-3,2,0,MS系／ガンダム系／鉄血のオルフェンズ
5539,VF-31J ジークフリード,0,450,44,120,115,480,19,220,280,220,220,220,50,－,Ｍ,58,186500,-2,-2,6,6,マクロスシリーズ／車輌・戦闘機系
5540,VF-31J ジークフリード(G) ,1,450,40,109,115,480,19,220,280,220,220,220,50,－,Ｓ,58,0,1,-2,1,-5,その他／マクロスシリーズ
5541,VF-31J ジークフリード(B) ,1,450,49,100,95,480,19,220,280,220,220,220,50,－,Ｍ,58,0,5,-5,3,-2,その他／マクロスシリーズ
5542,RO仕様ガーベラ・テトラ,0,410,41,96,58,425,18,175,190,150,190,0,50,－,Ｍ,37,54820,2,-4,2,-5,MS系／ジオン・ネオジオン軍・ザフト／スターダストメモリー
5543,アナザー仕様ペイルライダー,0,400,37,91,60,415,18,120,0,0,0,150,50,－,Ｍ,36,54220,3,-3,3,-4,MS系／ジム系／連邦軍・ティターンズ・地球連合
5544,ランサーII,0,190,24,55,60,450,20,70,70,70,70,0,1,－,Ｍ,29,31000,-5,-5,3,-5,マクロスシリーズ／車輌・戦闘機系／専用機／量産機
5545,ガンダム・ヴィダール,0,504,50,105,70,636,18,390,390,390,390,390,100,強2,Ｍ,53,79480,2,-5,3,0,MS系／ガンダム系／鉄血のオルフェンズ
5546,ザラ,0,420,54,33,36,830,182,180,0,90,0,50,200,－,ＬＬ,61,294590,0,3,-9,-3,艦船系／人系／艦これ
5547,ザラ・ドゥーエ,0,620,88,38,64,830,182,180,0,90,0,50,150,－,ＬＬ,73,344090,0,3,-9,-3,艦船系／人系／艦これ
5548,ポーラ,0,420,53,32,35,830,182,175,0,80,0,45,1,－,ＬＬ,61,294590,0,3,-9,-3,艦船系／人系／艦これ
5549,ユハナ専用ハクリ・ロディ,0,318,28,50,60,254,17,210,210,210,210,110,30,強4,Ｍ,19,12720,1,-4,2,-4,MS系／ガンダム系／鉄血のオルフェンズ／専用機
5550,サンポ専用ハクリ・ロディ,0,318,28,50,60,254,17,210,210,210,210,110,30,強4,Ｍ,19,12720,1,-4,2,-4,MS系／ガンダム系／鉄血のオルフェンズ／専用機
5551,エクサランス・ガンストライカー,0,528,62,100,80,770,21,300,300,280,280,280,100,－,Ｍ,61,155030,2,-2,2,1,その他／バンプレストオリジナル
5552,ガンキャノン最初期型ロールアウト1号機,0,272,30,45,64,290,18,0,0,0,80,80,20,－,Ｍ,18,12840,1,-3,1,-4,その他／連邦軍・ティターンズ・地球連合／THE ORIGIN
5553,ガンキャノン機動試験型,0,272,30,45,64,290,18,0,0,0,80,80,1,－,Ｍ,18,12840,1,-3,1,-4,その他／連邦軍・ティターンズ・地球連合／THE ORIGIN
5554,ガンキャノン火力試験型,0,272,30,45,64,290,18,0,0,0,80,80,1,－,Ｍ,18,12840,1,-3,1,-4,その他／連邦軍・ティターンズ・地球連合／THE ORIGIN
5555,めぐみん,0,50,5,30,90,90,6,500,5,0,600,600,800,NT7,ＳＳ,50,1220000,1,-6,-6,-6,人系
5556,ルナゲイザーガンダム,0,435,40,80,80,425,20,200,250,200,200,0,90,－,Ｍ,41,30880,0,-5,4,-3,MS系／ガンダム系／連邦軍・ティターンズ・地球連合／ガンダムビルドシリーズ
5557,量産型サイコ・ガンダム,0,576,56,78,80,567,27,200,180,180,180,210,20,－,Ｍ,54,218000,2,-4,2,-5,MS系／ガンダム系／連邦軍・ティターンズ・地球連合／M-MSV(大河原邦夫コレクション)／量産機
5558,ルナタンク,0,390,32,48,64,460,25,150,150,150,150,0,1,－,Ｍ,39,28840,0,-5,2,0,MA系／ジオン・ネオジオン軍・ザフト／MSV(モビルスーツバリエーション)
5559,ジオン残党軍仕様ドム・トローペン,0,345,30,65,50,347,18,0,0,135,135,0,10,－,Ｍ,23,14790,3,-2,-5,-5,MS系／ジオン・ネオジオン軍・ザフト／ガンダムUC
5560,コンロイ専用ジェガン,0,403,50,96,68,425,19,140,165,150,150,150,20,－,Ｍ,33,54580,1,-4,2,-5,MS系／ジム系／連邦軍・ティターンズ・地球連合／ガンダムUC／専用機
5561,北米戦線仕様ジム・キャノン,0,276,24,37,58,300,18,0,0,0,0,60,20,－,Ｍ,18,12690,2,-3,2,-5,MS系／ジム系／連邦軍・ティターンズ・地球連合／MSV(モビルスーツバリエーション)／量産機
5562,ギルドーラ,0,513,38,105,86,684,24,260,260,260,260,260,180,NT5,Ｍ,53,788000,2,1,1,-6,その他／バンプレストオリジナル／量産機
5563,梶間組仕様タイラント2000,0,350,8,30,32,200,10,10,50,50,50,0,10,－,Ｓ,15,4800,1,-6,-6,-6,その他／スパロボシリーズ
5564,第5形態仕様ガンダム・バルバトス,0,448,44,83,90,424,18,360,360,360,360,360,120,強7,Ｍ,50,33400,2,-4,2,0,MS系／ガンダム系／鉄血のオルフェンズ
5565,第5形態地上戦仕様ガンダム・バルバトス,0,448,44,83,90,424,18,360,360,360,360,360,120,強7,Ｍ,50,33400,4,-4,-5,0,MS系／ガンダム系／鉄血のオルフェンズ
5566,第6形態仕様ガンダム・バルバトス,0,458,45,88,90,466,18,360,360,360,360,360,120,強7,Ｍ,52,33580,4,-4,-5,0,MS系／ガンダム系／鉄血のオルフェンズ
5567,吹雪改二,0,310,50,49,54,500,118,75,150,175,130,85,100,－,ＬＬ,48,55060,0,3,-9,-5,艦船系／人系／艦これ
5568,初霜改二,0,320,55,64,48,400,118,60,140,175,140,265,100,－,ＬＬ,46,55060,0,3,-9,-5,艦船系／人系／艦これ
5569,那智改二,0,560,78,44,63,700,192,250,170,165,0,90,100,－,ＬＬ,66,362090,0,3,-9,-4,艦船系／人系／艦これ
5570,無名,0,50,8,80,60,100,10,2000,3000,2000,3000,300,600,強6,ＳＳ,23,1220000,2,-5,-6,-5,人系
5571,摩耶改二,0,570,78,42,55,800,203,210,170,360,0,70,100,－,ＬＬ,69,366590,0,3,-9,-4,艦船系／人系／艦これ
5572,鳥海改二,0,570,78,41,62,800,203,275,175,120,0,95,100,－,ＬＬ,69,366590,0,3,-9,-4,艦船系／人系／艦これ
5573,LEVファントマ,0,400,60,50,50,400,25,100,100,100,100,100,10,－,Ｍ,38,52000,3,-2,0,2,スパロボシリーズ／量産機
5574,ビックバイパー零,0,550,55,117,80,550,25,500,500,400,400,400,200,－,Ｍ,72,146000,3,-2,2,2,スパロボシリーズ
5575,ビックバイパー零(飛行形態) ,1,550,35,140,80,550,25,500,500,400,400,400,200,－,Ｍ,72,0,0,-2,4,4,スパロボシリーズ
5576,袖付き仕様ゲルググ,0,352,32,65,54,355,19,135,135,135,0,0,10,－,Ｍ,24,28420,2,-3,2,-5,MS系／ジオン・ネオジオン軍・ザフト／ガンダムUC
5577,ヴァングレイ,0,472,62,112,60,490,25,400,400,450,450,450,300,－,Ｍ,52,151400,2,0,0,1,その他／バンプレストオリジナル
5578,デウスーラII世・コアシップ,0,1100,5,5,160,600,100,270,270,200,200,200,100,－,ＬＬ,74,290000,-6,0,1,1,艦船系／スパロボシリーズ
5579,デウスーラII世,0,1900,110,30,190,1800,100,500,270,280,500,600,500,－,ＬＬ,153,2700000,-6,-5,1,1,艦船系／スパロボシリーズ
5580,水着仕様アルトリア,0,88,9,110,70,900,10,420,235,730,530,760,500,－,ＳＳ,50,740000,5,0,-6,-4,人系
5581,天城,0,480,51,33,74,800,227,0,0,140,0,50,200,－,ＬＬ,65,258590,0,3,-9,-3,艦船系／人系／艦これ
5582,天城改,0,600,76,36,80,800,227,0,0,165,0,85,100,－,ＬＬ,71,294590,0,3,-9,-3,艦船系／人系／艦これ
5583,香取,0,360,27,24,38,700,133,70,60,70,60,50,150,－,ＬＬ,52,79060,0,3,-9,-4,艦船系／人系／艦これ
5584,朝霜,0,160,19,47,19,500,119,50,120,45,175,80,1,－,ＬＬ,38,55060,0,3,-9,-5,艦船系／人系／艦これ
5585,朝霜改,0,330,51,49,43,500,119,60,140,110,175,90,1,－,ＬＬ,48,55060,0,3,-9,-5,艦船系／人系／艦これ
5586,U-511,0,80,16,18,28,672,51,10,110,0,0,150,200,－,ＬＬ,42,52060,0,6,-9,-5,艦船系／人系／艦これ
5587,呂500,0,130,21,24,34,672,54,20,120,0,0,176,50,－,ＬＬ,53,52060,0,6,-9,-5,艦船系／人系／艦これ
5588,叢雲改二,0,310,50,50,42,500,118,70,160,135,140,75,100,－,ＬＬ,47,55060,0,3,-9,-5,艦船系／人系／艦これ
5589,暁改二,0,310,50,46,60,500,118,70,160,95,140,75,100,－,ＬＬ,48,55060,0,3,-9,-5,艦船系／人系／艦これ
5590,加古改二,0,520,72,38,55,700,185,200,125,120,0,60,100,－,ＬＬ,63,290090,0,3,-9,-4,艦船系／人系／艦これ
5591,阿武隈改二,0,450,68,45,60,500,162,80,170,175,240,100,100,－,ＬＬ,54,146090,0,3,-9,-4,艦船系／人系／艦これ
5592,速吸,0,430,15,9,40,900,161,20,0,50,25,35,150,－,ＬＬ,60,330590,0,3,-9,-3,艦船系／人系／艦これ
5593,瑞穂,0,410,42,19,74,800,192,60,0,80,0,40,50,－,ＬＬ,61,182090,0,3,-9,-3,艦船系／人系／艦これ
5594,海風,0,160,19,44,19,400,118,50,120,60,115,50,1,－,ＬＬ,34,55060,0,3,-9,-5,艦船系／人系／艦これ
5595,江風,0,160,19,44,19,400,118,50,125,45,105,50,1,－,ＬＬ,34,55060,0,3,-9,-5,艦船系／人系／艦これ
5596,江風改二,0,310,51,51,53,400,118,80,190,90,125,95,100,－,ＬＬ,45,55060,0,3,-9,-5,艦船系／人系／艦これ
5597,リベッチオ,0,150,18,48,20,400,106,45,110,55,150,70,100,－,ＬＬ,34,55060,0,3,-9,-5,艦船系／人系／艦これ
5598,風雲,0,160,19,47,19,500,119,50,125,50,135,65,1,－,ＬＬ,38,55060,0,3,-9,-5,艦船系／人系／艦これ
5599,照月,0,200,26,47,29,800,134,80,80,350,135,50,1,－,ＬＬ,51,79060,0,3,-9,-1,艦船系／人系／艦これ
5600,嵐,0,160,19,44,19,500,118,50,120,45,140,55,1,－,ＬＬ,34,55060,0,3,-9,-5,艦船系／人系／艦これ
5601,萩風,0,160,19,44,19,500,118,55,120,45,130,55,1,－,ＬＬ,34,55060,0,3,-9,-5,艦船系／人系／艦これ
5602,グラーフ・ツェッペリン,0,700,57,29,69,800,262,50,0,200,0,35,100,－,ＬＬ,72,362090,0,3,-9,-3,艦船系／人系／艦これ
5603,グラーフ・ツェッペリン改,0,780,80,29,74,800,262,75,0,220,0,20,100,－,ＬＬ,77,500120,0,3,-9,-3,艦船系／人系／艦これ
5604,Ez-SR-MAXIMA,0,275,32,62,70,340,18,90,90,90,90,0,5,－,Ｍ,30,13200,4,-5,-5,-2,MS系／ガンダム系／ガンダムビルドシリーズ
5605,ソーラリアン,0,1260,48,59,162,1470,100,600,600,600,600,600,500,－,ＬＬ,117,1220000,-5,-5,3,3,艦船系／バンプレストオリジナル
5606,超銀河ダイグレン,0,2090,96,96,175,1180,100,800,800,900,800,800,600,－,ＸＬ,142,740000,-5,-5,2,2,艦船系／スパロボシリーズ
5607,紅武者アメイジングR,0,495,53,76,95,352,14,400,400,360,360,300,1,－,Ｍ,41,56200,2,-4,4,0,MS系／ザク系／ガンダムビルドシリーズ
5608,泊地棲鬼,0,540,40,10,70,300,250,90,60,70,0,30,180,－,ＬＬ,54,644000,-5,3,-9,-4,艦船系／人系／艦これ
5609,南方棲鬼,0,540,45,20,70,300,250,90,80,70,0,30,180,－,ＬＬ,55,644000,-5,3,-9,-4,艦船系／人系／艦これ
5610,南方棲戦鬼,0,720,5,25,80,300,250,120,90,80,0,40,240,－,ＬＬ,60,932000,-5,3,-9,-4,艦船系／人系／艦これ
5611,アドヴァンスドディナイアルGN,0,500,53,112,50,559,18,330,350,350,350,350,40,－,Ｍ,50,182000,4,-2,3,1,MS系／ガンダム系／ガンダムビルドシリーズ
5612,ザクII改Bタイプ,0,313,27,54,52,320,18,0,60,60,60,0,1,－,Ｍ,21,13230,2,-3,2,-4,MS系／ザク系／ジオン・ネオジオン軍・ザフト／ガンダムUC／量産機
5613,ホワイトオナー,0,280,17,68,70,300,10,250,250,200,200,0,10,－,ＳＳ,33,2100,4,2,-5,-5,その他／ボトムズシリーズ
5614,陸戦型ガンダムS型,0,320,30,65,48,354,18,75,75,75,75,0,5,－,Ｍ,23,14640,4,-3,-5,-4,MS系／ガンダム系／連邦軍・ティターンズ・地球連合
5615,黒い三連星仕様ザクI,0,262,19,41,40,280,18,0,0,10,0,0,10,－,Ｍ,15,12300,2,-3,2,-4,MS系／ザク系／ジオン・ネオジオン軍・ザフト／THE ORIGIN
5616,離島棲鬼,0,1350,75,10,90,300,200,150,22,117,16,50,450,－,ＬＬ,85,1980000,0,-3,-9,-3,艦船系／人系／艦これ
5617,空母棲鬼,0,750,69,48,120,300,200,120,13,132,14,50,250,－,ＬＬ,68,980000,-5,3,-9,-2,艦船系／人系／艦これ
5618,軽巡棲鬼,0,630,67,52,85,300,160,65,88,67,99,70,210,－,ＬＬ,63,788000,-5,3,-9,-3,艦船系／人系／艦これ
5619,駆逐古鬼,0,510,74,10,50,300,120,80,100,58,50,0,170,－,ＬＬ,56,596000,-5,3,-9,-3,艦船系／人系／艦これ
5620,第一再臨仕様ニトクリス,0,73,10,90,70,750,10,400,400,400,400,400,162,－,ＳＳ,45,740000,3,0,-6,-4,人系
5621,第二再臨仕様ニトクリス,0,75,10,90,70,750,10,400,400,400,400,400,162,－,ＳＳ,46,836000,3,0,-6,-4,人系
5622,第三再臨仕様ニトクリス,0,77,10,90,70,750,10,400,400,400,400,400,162,－,ＳＳ,47,932000,3,0,-6,-4,人系
5623,第一再臨水着仕様ニトクリス,0,74,18,95,70,750,10,400,400,400,400,400,162,－,ＳＳ,46,740000,3,0,-6,-4,人系
5624,第二再臨水着仕様ニトクリス,0,76,18,95,70,750,10,400,400,400,400,400,162,－,ＳＳ,47,836000,3,0,-6,-4,人系
5625,第三再臨水着仕様ニトクリス,0,78,18,95,70,750,10,400,400,400,400,400,162,－,ＳＳ,48,932000,3,0,-6,-4,人系
5626,ゴッグ(MA) ,1,296,35,44,50,333,18,0,0,35,35,0,5,－,Ｍ,22,0,-5,4,-5,-5,MS系／ジオン・ネオジオン軍・ザフト／機動戦士ガンダム／量産機
5627,トリスタン(TA),0,400,37,88,64,390,17,240,100,220,255,100,50,強3,Ｍ,38,29200,1,-5,3,0,MS系／ガンダム系／連邦軍・ティターンズ・地球連合
5628,AMガンナー,0,485,30,97,60,518,42,280,280,150,150,150,30,－,Ｌ,45,77200,-5,-5,2,2,その他／バンプレストオリジナル
5629,泊地棲姫,0,900,45,20,80,300,250,96,90,80,0,40,300,－,ＬＬ,68,1220000,-5,3,-9,-3,艦船系／人系／艦これ
5630,南方棲戦姫,0,1050,60,30,90,300,250,240,100,100,0,50,350,－,ＬＬ,78,1460000,-5,3,-9,-3,艦船系／人系／艦これ
5631,飛行場姫,0,1500,80,12,104,300,200,85,29,141,18,40,500,－,ＬＬ,95,2280000,0,-3,-9,-2,艦船系／人系／艦これ
5632,ビッグフット,0,295,54,64,40,175,10,120,120,100,100,100,5,－,Ｓ,20,7800,2,-5,-5,-5,その他／スパロボシリーズ／量産機
5633,サターン(L),0,346,24,48,50,200,12,10,50,50,50,0,20,－,Ｓ,25,14700,5,-3,-5,-5,その他／スパロボシリーズ／量産機
5634,プロマキス・ジー,0,408,45,70,44,360,20,190,190,190,190,0,30,－,Ｍ,35,31600,5,-2,-2,-2,その他／スパロボシリーズ
5635,シャイアン基地仕様ジェガンD型,0,390,45,92,58,425,19,140,165,150,150,150,5,－,Ｍ,31,52480,1,-4,2,-4,MS系／ジム系／連邦軍・ティターンズ・地球連合／ガンダムUC
5636,ベアトリクス専用チボラシュカ,0,398,59,44,60,250,20,190,190,200,200,200,70,－,Ｍ,31,14400,3,-3,-2,2,その他／専用機／マブラヴ
5637,DF仕様ガンダムGP02,0,365,36,62,60,400,22,180,180,180,0,180,5,－,Ｍ,40,12150,3,-5,2,-2,MS系／ガンダム系／ジオン・ネオジオン軍・ザフト
5638,ティターンズ仕様ガンダムGP01Fb,0,360,35,74,60,380,18,180,180,180,180,0,5,－,Ｍ,37,53020,-4,-5,4,-2,MS系／ガンダム系／連邦軍・ティターンズ・地球連合
5639,フライルーII,0,490,33,95,60,390,14,150,285,285,285,0,10,－,Ｍ,41,14100,0,-2,1,0,MS系／連邦軍・ティターンズ・地球連合／アドバンス・オブ・ゼータ
5640,フライルーII(SM) ,1,490,25,115,40,390,14,150,285,285,285,0,10,－,Ｍ,41,0,-5,-4,3,4,MA系／連邦軍・ティターンズ・地球連合／アドバンス・オブ・ゼータ
5641,サーバル,0,70,20,60,50,200,10,500,500,500,500,500,386,強1,ＳＳ,18,290000,5,0,-5,-4,人系
5642,戦艦棲姫,0,1200,80,30,80,300,250,227,0,93,0,40,400,－,ＬＬ,84,1700000,-5,3,-9,-3,艦船系／人系／艦これ
5643,戦艦夏姫,0,1590,84,30,80,300,250,180,0,80,0,0,530,－,ＬＬ,98,1700000,-5,3,-9,-3,艦船系／人系／艦これ
5644,港湾棲姫,0,1140,67,1,100,300,200,100,0,150,0,20,380,－,ＬＬ,81,1604000,0,-3,-9,-3,艦船系／人系／艦これ
5645,港湾棲姫II,0,1470,88,1,100,300,200,180,0,170,0,65,380,－,ＬＬ,94,2220000,0,-3,-9,-3,艦船系／人系／艦これ
5646,港湾夏姫,0,1500,73,1,100,300,200,170,0,170,0,65,500,－,ＬＬ,94,2280000,0,-3,-9,-3,艦船系／人系／艦これ
5647,ベアッガイP,0,375,26,25,42,170,13,10,30,30,15,0,5,－,Ｍ,24,56980,4,3,3,-3,MS系／ガンダムビルドシリーズ
5648,パンダッガイ,0,188,26,28,42,170,13,10,30,30,15,0,5,－,Ｍ,17,56980,4,3,3,-3,MS系／ガンダムビルドシリーズ
5649,パパッガイ,0,410,26,25,42,170,13,10,30,30,15,0,5,－,Ｍ,24,56980,4,3,3,-3,MS系／ガンダムビルドシリーズ
5650,AA仕様すーぱーふみな,0,237,50,100,50,550,18,237,237,237,237,237,1,－,Ｍ,39,30220,3,-4,3,1,MS系／ガンダム系／ガンダムビルドシリーズ
5651,マベリック,0,75,12,36,40,200,14,40,40,0,0,0,1,－,Ｍ,15,6900,-5,-5,-5,2,その他／スパロボシリーズ／量産機
5652,ブロックヘッドC型,0,375,56,59,60,242,11,180,180,170,170,90,10,－,Ｓ,23,13140,3,-5,-5,-4,その他／スパロボシリーズ／量産機
5653,ガンダム・バエル,0,564,59,123,85,720,18,500,500,500,500,500,250,強7,Ｍ,67,221240,3,-4,2,2,MS系／ガンダム系／鉄血のオルフェンズ
5654,アスタロトオリジン,0,547,54,115,62,720,18,460,460,460,460,460,150,－,Ｍ,60,118820,3,-4,2,0,MS系／ガンダム系／鉄血のオルフェンズ
5655,ウルヴァリン,0,300,95,60,50,300,10,700,700,700,500,500,2000,強5,ＳＳ,44,1700000,3,-3,-5,-3,人系
5656,ZZII,0,495,50,115,88,480,19,210,190,180,200,150,100,NT1,Ｍ,51,115400,1,-5,4,0,MS系／ガンダム系／エウーゴ・カラバ／ガンダムビルドシリーズ
5657,ZZII(MA) ,1,495,45,105,88,480,19,210,190,180,200,150,100,NT2,Ｍ,51,0,-5,-5,5,2,MA系／ガンダム系／エウーゴ・カラバ／ガンダムビルドシリーズ
5658,ギャンスロット,0,334,80,68,54,310,15,200,200,130,0,0,40,－,Ｍ,36,57400,3,-5,2,-2,MS系／ジオン・ネオジオン軍・ザフト／ギャン系／ガンダムビルドシリーズ
5659,巨山の堂鞭亜須屠嶺,0,650,42,62,80,650,30,320,300,300,300,330,50,－,Ｍ,55,146900,2,-5,2,-2,MS系／ガンダム系／ガンダムビルドシリーズ
5660,北方棲姫,0,1080,67,10,80,300,240,90,0,130,0,40,360,－,ＬＬ,78,1508000,0,-3,-9,-3,艦船系／人系／艦これ
5661,北方棲姫II,0,1500,72,20,100,300,240,170,0,160,0,50,500,－,ＬＬ,95,2280000,0,-3,-9,-3,艦船系／人系／艦これ
5662,北方棲姫III,0,900,62,15,80,300,240,80,0,120,0,40,300,－,ＬＬ,72,1220000,0,-3,-9,-3,艦船系／人系／艦これ
5663,クリスマス仕様北方棲姫,0,900,62,15,80,300,240,80,0,120,0,40,1,－,ＬＬ,72,1220000,0,-3,-9,-3,艦船系／人系／艦これ
5664,梅雨仕様北方棲姫,0,900,62,15,80,300,240,80,0,120,0,40,1,－,ＬＬ,72,1220000,0,-3,-9,-3,艦船系／人系／艦これ
5665,秋仕様北方棲姫,0,900,62,15,80,300,240,80,0,120,0,40,1,－,ＬＬ,72,1220000,0,-3,-9,-3,艦船系／人系／艦これ
5666,正月仕様北方棲姫,0,900,62,15,80,300,240,80,0,120,0,40,1,－,ＬＬ,72,1220000,0,-3,-9,-3,艦船系／人系／艦これ
5667,バレンタイン仕様北方棲姫,0,900,62,15,80,300,240,80,0,120,0,40,1,－,ＬＬ,72,1220000,0,-3,-9,-3,艦船系／人系／艦これ
5668,ホワイトデー仕様北方棲姫,0,900,62,15,80,300,240,80,0,120,0,40,1,－,ＬＬ,72,1220000,0,-3,-9,-3,艦船系／人系／艦これ
5669,晴れ着仕様北方棲姫,0,900,62,15,80,300,240,80,0,120,0,40,1,－,ＬＬ,72,1220000,0,-3,-9,-3,艦船系／人系／艦これ
5670,ダブルスケールクラス,0,836,50,54,170,800,30,170,270,130,150,230,180,－,ＬＬ,75,76600,2,-5,-4,0,艦船系／スパロボシリーズ
5671,リーガルリリー,0,398,38,71,65,424,19,260,260,260,260,260,10,－,Ｍ,35,14460,3,-4,2,0,MS系／ガンダム系／鉄血のオルフェンズ
5672,ゴーストジェガンL,0,344,34,67,80,370,18,140,165,150,150,150,10,－,Ｍ,35,14400,1,-5,2,0,MS系／ジム系／連邦軍・ティターンズ・地球連合／ガンダムUC
5673,レオパルド・ダ・ヴィンチ・F,0,385,41,67,69,440,24,230,210,220,220,260,40,NT3,Ｍ,40,20800,3,-2,1,0,MS系／ガンダム系／ガンダムビルドシリーズ
5674,陸戦仕様ガンダムウォーリア,0,580,53,110,60,450,20,330,350,305,310,310,30,－,Ｍ,50,146000,4,-3,2,0,MS系／ガンダム系／ガンダムビルドシリーズ
5675,ギャンキャノンR,0,334,30,68,54,310,15,200,200,130,0,0,40,－,Ｍ,33,21400,3,-5,2,-2,MS系／ジオン・ネオジオン軍・ザフト／ギャン系／ガンダムビルドシリーズ
5676,騎士ガンダムR,0,520,60,62,65,480,25,250,250,250,150,130,40,－,Ｍ,45,110000,4,-4,0,0,MS系／ガンダム系
5677,曙改,0,300,49,45,39,500,118,60,140,75,120,60,50,－,ＬＬ,46,55060,0,3,-9,-5,艦船系／人系／艦これ
5678,サラトガ,0,830,63,21,68,500,270,150,0,180,0,125,10,－,ＬＬ,66,410120,0,3,-9,-3,艦船系／人系／艦これ
5679,サラトガ改,0,880,83,23,80,500,270,0,0,260,0,175,100,－,ＬＬ,70,602120,0,3,-9,-3,艦船系／人系／艦これ
5680,サラトガMk.II,0,890,85,27,93,500,270,0,0,300,0,200,100,－,ＬＬ,72,650120,0,3,-9,-3,艦船系／人系／艦これ
5681,サラトガMk.II Mod.2,0,890,88,26,95,500,270,0,0,300,0,200,100,－,ＬＬ,72,740120,0,3,-9,-3,艦船系／人系／艦これ
5682,山風,0,160,19,42,18,400,118,55,120,40,95,30,1,－,ＬＬ,34,55060,0,3,-9,-5,艦船系／人系／艦これ
5683,コマンダン・テスト,0,420,50,20,70,600,167,140,0,90,0,85,300,－,ＬＬ,54,186590,0,3,-9,-3,艦船系／人系／艦これ
5684,鬼怒改二,0,450,68,44,60,500,162,100,120,75,240,60,100,－,ＬＬ,54,114590,0,3,-9,-4,艦船系／人系／艦これ
5685,浦波,0,150,19,42,19,500,118,50,135,50,100,85,1,－,ＬＬ,37,55060,0,3,-9,-5,艦船系／人系／艦これ
5686,ウォースパイト,0,720,91,26,48,450,196,360,0,190,0,275,1000,－,ＬＬ,61,740120,0,3,-9,-3,艦船系／人系／艦これ
5687,アクィラ,0,380,38,34,52,550,236,255,0,90,0,25,300,－,ＬＬ,50,222590,0,3,-9,-3,艦船系／人系／艦これ
5688,伊26,0,140,18,13,39,700,109,10,160,0,0,70,1,－,ＬＬ,43,52060,0,6,-9,-5,艦船系／人系／艦これ
5689,一般兵士仕様オーガスII,0,410,44,95,70,510,20,180,180,180,180,180,10,－,Ｓ,43,55600,2,-3,0,2,その他／スパロボシリーズ
5690,一般兵士仕様オーガスII(F) ,1,410,38,85,70,510,20,180,180,180,180,180,10,－,Ｓ,43,0,-5,-5,0,3,スパロボシリーズ／車輌・戦闘機系
5691,一般兵士仕様オーガスII(G) ,1,410,40,105,70,510,20,180,180,180,180,180,10,－,Ｓ,43,0,1,1,0,1,その他／スパロボシリーズ
5692,一般兵士仕様オーガスII(T) ,1,410,50,75,70,510,20,180,180,180,180,180,10,－,Ｓ,43,0,3,0,0,-5,その他／スパロボシリーズ
5693,アルデバラン,0,1760,60,36,170,1700,110,270,270,200,200,200,10,－,ＬＬ,148,1460000,-5,-5,1,1,艦船系／スパロボシリーズ
5694,アポロノーム,0,1800,60,33,170,1700,110,270,270,200,200,200,30,－,ＬＬ,152,1460000,-5,-5,1,1,艦船系／スパロボシリーズ
5695,アキレス,0,1760,60,36,170,1700,110,270,270,200,200,200,10,－,ＬＬ,148,1460000,-5,-5,1,1,艦船系／スパロボシリーズ
5696,アンタレス,0,1800,60,33,170,1700,110,270,270,200,200,200,30,－,ＬＬ,152,1460000,-5,-5,1,1,艦船系／スパロボシリーズ
5697,中間棲姫,0,1650,67,15,100,300,200,100,0,140,0,50,550,－,ＬＬ,99,2580000,0,-3,-9,-3,艦船系／人系／艦これ
5698,中間棲姫II,0,1800,90,30,130,300,200,180,0,180,0,60,600,－,ＬＬ,109,2880000,0,-3,-9,-3,艦船系／人系／艦これ
5699,空母棲姫,0,1050,75,53,130,300,261,180,0,130,0,70,350,－,ＬＬ,84,1460000,-5,3,-9,-3,艦船系／人系／艦これ
5700,空母夏姫,0,1320,74,53,130,300,261,190,0,140,0,70,440,－,ＬＬ,93,1920000,-5,3,-9,-3,艦船系／人系／艦これ
5701,駆逐棲姫,0,450,50,20,30,300,118,59,90,60,0,70,150,－,ＬＬ,52,200000,-5,3,-9,-3,艦船系／人系／艦これ
5702,水母棲姫,0,1050,75,10,130,300,192,75,88,70,0,0,350,－,ＬＬ,81,620000,-5,3,-9,-3,艦船系／人系／艦これ
5703,防空棲姫,0,765,136,10,30,300,134,130,85,300,0,0,255,－,ＬＬ,68,386000,-5,3,-9,-1,艦船系／人系／艦これ
5704,インパルスガンダム・リヴェルタ,0,412,41,86,70,430,20,210,230,140,150,80,50,強5,Ｍ,38,18000,2,-4,5,4,MS系／ガンダム系／ガンダムビルドシリーズ
5705,フォーミュラ,0,450,50,62,50,600,16,260,260,260,260,260,200,－,Ｍ,47,164000,2,-3,0,1,その他／スパロボシリーズ／量産機
5706,フォーミュラ(ビークル形態) ,1,450,50,62,50,600,16,260,260,260,260,260,200,－,Ｍ,47,0,5,-5,-5,-5,その他／スパロボシリーズ／量産機
5707,バルバトスルプス,0,521,52,100,90,594,18,390,390,390,390,390,120,強7,Ｍ,60,31480,3,-4,2,0,MS系／ガンダム系／鉄血のオルフェンズ
5708,空間戦仕様ペイルライダー,0,400,37,87,60,425,18,120,0,0,0,150,30,強4,Ｍ,36,19110,0,-4,4,-5,MS系／ジム系／連邦軍・ティターンズ・地球連合
5709,水無月,0,130,18,37,17,450,102,30,90,35,85,65,1,－,ＬＬ,34,18030,0,3,-9,-5,艦船系／人系／艦これ
5710,朝潮改二,0,310,52,49,57,519,118,90,180,110,130,85,100,－,ＬＬ,49,19530,0,3,-9,-5,艦船系／人系／艦これ
5711,朝潮改二丁,0,340,55,47,55,519,118,60,180,150,225,85,1,－,ＬＬ,50,19530,0,3,-9,-5,艦船系／人系／艦これ
5712,大潮改二,0,310,51,47,54,519,118,85,165,100,130,85,100,－,ＬＬ,49,19530,0,3,-9,-5,艦船系／人系／艦これ
5713,皐月改二,0,280,45,60,45,450,102,40,135,200,150,100,100,－,ＬＬ,45,18030,0,3,-9,-5,艦船系／人系／艦これ
5714,バイアラン・イゾルデ,0,427,38,85,68,490,25,220,240,260,260,120,40,－,Ｍ,42,14400,2,-6,3,4,MS系／連邦軍・ティターンズ・地球連合／ガンダムUC
5715,Sv-262 ドラケンIII,0,480,32,115,80,300,20,160,180,170,170,150,170,－,Ｓ,47,76000,-5,-5,6,6,マクロスシリーズ／車輌・戦闘機系／専用機／量産機
5716,Sv-262 ドラケンIII(G) ,1,480,32,105,70,300,20,160,180,170,170,150,170,－,Ｓ,47,0,1,-2,1,-5,その他／マクロスシリーズ／専用機／量産機
5717,Sv-262 ドラケンIII(B) ,1,480,32,95,60,300,20,160,180,170,170,150,170,－,Ｓ,47,0,5,-5,3,-2,その他／マクロスシリーズ／専用機／量産機
5718,オグス専用高機動型ザク,0,300,21,56,42,312,18,0,40,40,40,0,40,－,Ｍ,19,9750,-3,-3,4,-5,MS系／ザク系／ジオン・ネオジオン軍・ザフト／MSV(モビルスーツバリエーション)／専用機
5719,ジャンヌ・オルタ・サンタ・リリィ,0,78,10,110,70,990,10,420,235,730,530,760,200,－,ＳＳ,40,500000,5,0,-6,-4,人系
5720,初月,0,200,28,48,28,800,134,90,75,350,130,35,1,－,ＬＬ,51,31060,0,3,-9,-1,艦船系／人系／艦これ
5721,霞改二,0,310,52,52,54,519,118,80,165,120,140,185,100,－,ＬＬ,49,19530,0,3,-9,-5,艦船系／人系／艦これ
5722,霞改二乙,0,310,52,56,56,519,118,60,150,160,140,185,1,－,ＬＬ,49,19530,0,3,-9,-5,艦船系／人系／艦これ
5723,藤波,0,160,19,46,24,500,119,50,120,60,130,45,1,－,ＬＬ,38,19530,0,3,-9,-5,艦船系／人系／艦これ
5724,VF-2SS バルキリーII,0,365,39,87,80,450,17,190,190,190,190,150,50,－,Ｍ,42,18600,-2,-2,5,5,マクロスシリーズ／車輌・戦闘機系
5725,VF-2SS バルキリーII(G) ,1,365,36,81,70,450,17,190,190,190,190,150,170,－,Ｓ,42,0,1,1,1,1,その他／マクロスシリーズ
5726,VF-2SS バルキリーII(B) ,1,365,42,76,60,450,17,190,190,190,190,150,170,－,Ｍ,42,0,5,-2,3,-2,その他／マクロスシリーズ
5727,VF-2SS バルキリーII+SAP,0,422,43,95,80,450,14,200,200,200,200,150,50,－,Ｍ,45,20800,-2,-2,5,5,マクロスシリーズ／車輌・戦闘機系
5728,VF-2SS バルキリーII+SAP(G) ,1,422,40,88,70,450,14,170,170,170,170,150,50,－,Ｓ,45,0,1,1,1,1,その他／マクロスシリーズ
5729,VF-2SS バルキリーII+SAP(B) ,1,422,47,83,60,450,14,170,170,170,170,150,50,－,Ｍ,45,0,5,-2,3,-2,その他／マクロスシリーズ
5730,トリントン仕様ジムII,0,344,32,63,59,340,18,0,0,75,75,0,20,－,Ｍ,24,11550,2,-3,2,-4,MS系／ジム系／連邦軍・ティターンズ・地球連合／機動戦士Zガンダム
5731,WS仕様Zガンダム,0,448,58,122,82,478,19,250,270,200,230,250,160,NT5,Ｍ,46,53620,2,-3,2,-5,MS系／ガンダム系／エウーゴ・カラバ／機動戦士Zガンダム
5732,ウェイブシューター ,1,448,58,129,82,478,24,250,270,200,230,250,160,NT5,Ｍ,46,0,-6,-6,4,4,MA系／ガンダム系／エウーゴ・カラバ／機動戦士Zガンダム
5733,神風,0,120,17,39,18,640,102,25,60,25,100,150,100,－,ＬＬ,31,18030,0,3,-9,-3,艦船系／人系／艦これ
5734,朝風,0,120,17,37,19,640,102,25,60,30,100,65,1,－,ＬＬ,31,18030,0,3,-9,-3,艦船系／人系／艦これ
5735,春風,0,120,17,38,17,640,102,25,60,30,90,125,1,－,ＬＬ,31,18030,0,3,-9,-3,艦船系／人系／艦これ
5736,松風,0,120,17,36,18,640,102,25,60,25,105,60,1,－,ＬＬ,31,18030,0,3,-9,-3,艦船系／人系／艦これ
5737,旗風,0,120,17,37,17,640,102,25,60,25,105,90,1,－,ＬＬ,31,18030,0,3,-9,-3,艦船系／人系／艦これ
5738,キスショット 17歳ver.,0,300,10,105,100,400,10,400,400,500,500,0,900,－,ＳＳ,42,500000,5,-3,-5,-4,人系
5739,チナッガイ,0,375,26,21,42,170,13,10,30,30,15,0,80,－,Ｍ,23,20980,4,3,3,-3,MS系／ガンダムビルドシリーズ
5740,スクランブルガンダム,0,490,50,97,90,550,25,650,670,600,630,650,100,－,Ｍ,62,80840,2,-5,3,3,MS系／ガンダム系／ガンダムビルドシリーズ
5741,スクランブルガンダム(MA) ,1,490,50,97,90,550,25,650,670,600,630,650,100,－,Ｍ,62,0,-5,-5,5,5,MA系／ガンダム系／ガンダムビルドシリーズ
5742,ホットスクランブルガンダム,0,920,109,110,75,886,20,1350,1350,1350,1350,1350,1876,－,Ｍ,105,1807950,2,0,2,0,MS系／ガンダム系／ガンダムビルドシリーズ
5743,ホットスクランブルガンダム(MA) ,1,920,109,118,75,886,20,1350,1350,1350,1350,1350,1876,－,Ｍ,105,0,-5,-5,5,5,MA系／ガンダム系／ガンダムビルドシリーズ
5744,ダブルオーシアクアンタ,0,510,52,112,87,520,25,450,500,550,550,450,100,NT7,Ｍ,52,55600,2,-4,4,2,MS系／ガンダム系／ガンダムビルドシリーズ
5745,軽巡棲姫,0,690,72,52,85,300,160,64,93,50,99,70,230,－,ＬＬ,68,344000,-5,3,-9,-3,艦船系／人系／艦これ
5746,潜水棲姫,0,330,26,10,60,300,108,50,140,0,0,10,110,－,ＬＬ,47,128000,-5,6,-9,-5,艦船系／人系／艦これ
5747,潜水夏姫,0,330,19,10,60,300,108,50,140,0,0,10,110,－,ＬＬ,47,128000,-5,6,-9,-5,艦船系／人系／艦これ
5748,集積地棲姫,0,1800,50,48,80,300,200,70,88,60,0,10,600,－,ＬＬ,103,1220000,0,-3,-9,-3,艦船系／人系／艦これ
5749,集積地夏姫,0,2070,64,48,80,300,200,115,108,74,0,10,690,－,ＬＬ,115,1436000,0,-3,-9,-3,艦船系／人系／艦これ
5750,重巡棲姫,0,1050,72,17,72,300,200,100,66,72,0,50,350,－,ＬＬ,77,620000,-5,3,-9,-4,艦船系／人系／艦これ
5751,重巡夏姫,0,1110,69,17,72,300,200,110,74,72,0,50,370,－,ＬＬ,79,668000,-5,3,-9,-4,艦船系／人系／艦これ
5752,ザンブル,0,323,79,35,65,450,20,200,200,120,150,160,20,強2,Ｌ,39,12600,3,0,1,-2,その他／スパロボシリーズ
5753,ザンベース,0,376,54,40,65,410,35,200,200,120,150,160,30,強2,Ｌ,38,12870,-5,2,1,1,その他／スパロボシリーズ
5754,ガンダムデュランタ,0,255,32,50,48,350,15,75,75,75,75,0,5,－,Ｍ,28,8010,4,-5,-5,-1,MS系／ガンダム系／連邦軍・ティターンズ・地球連合／オリジナル系
5755,ジム・レイド,0,480,37,58,58,363,18,0,50,55,58,0,1,－,Ｍ,39,16850,1,-5,2,-2,MS系／ジム系／連邦軍・ティターンズ・地球連合／スターダストメモリー
5756,アメイジングズゴック,0,288,28,53,42,278,18,0,0,115,115,0,200,－,Ｍ,49,18240,2,3,-5,-2,MS系／ジオン・ネオジオン軍・ザフト／ガンダムビルドシリーズ
5757,鈴谷改二,0,610,74,41,83,800,200,310,285,235,0,70,100,－,ＬＬ,72,132590,0,3,-9,-4,艦船系／人系／艦これ
5758,鈴谷航改二,0,610,74,42,85,800,200,0,0,165,0,65,1,－,ＬＬ,72,132590,0,3,-9,-4,艦船系／人系／艦これ
5759,ガンダム・ウヴァル,0,441,41,77,92,509,18,360,360,360,360,360,150,－,Ｍ,47,12180,2,-4,2,0,MS系／ガンダム系／鉄血のオルフェンズ
5760,一般兵仕様陸戦高機動型ザク,0,282,21,56,45,312,18,30,50,50,30,30,5,－,Ｍ,18,6750,3,-4,-5,-4,MS系／ザク系／ジオン・ネオジオン軍・ザフト／MSV(モビルスーツバリエーション)／量産機
5761,ウォーカータンカー,0,616,42,45,30,920,20,120,220,80,50,0,90,－,Ｌ,61,18300,1,-5,-5,-4,その他／スパロボシリーズ
5762,グシオンリベイクフルシティ,0,504,48,93,100,636,18,340,330,330,330,330,50,強4,Ｍ,60,31600,1,-4,2,-4,MS系／ガンダム系／鉄血のオルフェンズ
5763,レギンレイズ,0,438,42,88,80,636,18,380,380,280,280,280,20,－,Ｍ,51,13170,4,-4,-5,0,MS系／ガンダム系／鉄血のオルフェンズ
5764,ギルギルガン,0,800,56,59,60,600,28,400,400,400,400,400,300,強5,Ｌ,71,146000,2,-4,2,2,その他／スパロボシリーズ
5765,メカギルギルガン,0,960,64,69,60,600,28,500,500,500,500,500,300,強5,Ｌ,87,200000,2,-4,2,2,その他／スパロボシリーズ
5766,占守,0,90,16,42,13,800,77,20,0,35,160,200,50,－,ＬＬ,45,12030,0,3,-9,-3,艦船系／人系／艦これ
5767,国後,0,90,16,41,14,800,77,20,0,30,155,175,1,－,ＬＬ,45,12030,0,3,-9,-3,艦船系／人系／艦これ
5768,択捉,0,90,16,40,14,800,77,20,0,35,175,185,1,－,ＬＬ,45,12030,0,3,-9,-3,艦船系／人系／艦これ
5769,松輪,0,90,16,39,15,800,77,20,0,35,175,35,1,－,ＬＬ,45,12030,0,3,-9,-3,艦船系／人系／艦これ
5770,第一再臨セイバー仕様両儀式,0,112,7,115,70,890,10,420,600,800,600,600,100,NT1,ＳＳ,58,476000,5,0,-6,-4,人系
5771,第二再臨セイバー仕様両儀式,0,122,9,115,70,890,10,420,600,800,600,600,100,NT1,ＳＳ,59,548000,5,0,-6,-4,人系
5772,第三再臨セイバー仕様両儀式,0,132,11,115,70,890,10,420,600,800,600,600,100,NT1,ＳＳ,60,644000,5,0,-6,-4,人系
5773,LD装備仕様Sv-262 ドラケンIII,0,480,22,115,80,300,20,160,180,170,170,150,10,－,Ｓ,46,76000,-2,-2,6,6,マクロスシリーズ／車輌・戦闘機系／専用機
5774,LD装備仕様Sv-262 ドラケンIII(G) ,1,480,22,105,70,300,20,160,180,170,170,150,10,－,Ｓ,46,0,1,-2,1,-5,その他／マクロスシリーズ／専用機
5775,LD装備仕様Sv-262 ドラケンIII(B) ,1,480,22,95,60,300,20,160,180,170,170,150,10,－,Ｓ,46,0,5,-5,3,-2,その他／マクロスシリーズ／専用機
5776,ユーゴー,0,421,38,79,70,551,18,250,250,200,200,200,50,－,Ｍ,46,8940,2,-4,2,0,MS系／鉄血のオルフェンズ／量産機
5777,フェニーチェアスール,0,478,48,97,71,577,16,250,330,220,220,210,150,－,Ｍ,51,69760,2,-5,2,-3,MS系／ガンダム系／ガンダムビルドシリーズ
5778,神威,0,360,18,13,15,800,151,15,0,40,0,85,100,－,ＬＬ,53,28060,0,3,-9,-3,艦船系／人系／艦これ
5779,神威改,0,370,29,13,48,800,151,30,0,60,0,95,50,－,ＬＬ,56,31060,0,3,-9,-3,艦船系／人系／艦これ
5780,神威改母,0,390,33,16,54,800,151,35,0,70,50,10,50,－,ＬＬ,58,40060,0,3,-9,-3,艦船系／人系／艦これ
5781,ギャプランツヴァイ,0,403,40,80,60,425,14,160,165,195,195,0,100,－,Ｍ,40,8100,2,-5,2,-3,MS系／連邦軍・ティターンズ・地球連合／オリジナル系
5782,ギャプランツヴァイ(MA) ,1,403,40,80,60,425,14,160,165,195,195,0,100,－,Ｍ,40,0,-5,-5,3,0,MA系／連邦軍・ティターンズ・地球連合／オリジナル系
5783,ガバリエ,0,825,46,54,90,880,50,170,270,100,120,200,180,－,ＬＬ,71,31000,2,-5,-4,0,艦船系／スパロボシリーズ
5784,ザクIIC型,0,275,22,40,42,300,18,0,30,0,30,0,10,－,Ｍ,17,6450,2,-3,2,-4,MS系／ザク系／ジオン・ネオジオン軍・ザフト／THE ORIGIN／量産機
5785,ザクIIC-5型,0,275,22,40,42,300,18,0,30,0,30,0,10,－,Ｍ,17,6450,2,-3,2,-4,MS系／ザク系／ジオン・ネオジオン軍・ザフト／THE ORIGIN／量産機
5786,はいぱーギャン子,0,237,55,90,50,550,18,237,237,237,237,237,10,－,Ｍ,39,13110,3,-4,3,1,MS系／ガンダム系／ギャン系／ガンダムビルドシリーズ
5787,トランジェントグレイシャー,0,540,47,110,65,600,18,350,340,350,350,300,30,－,Ｍ,52,41620,3,-2,3,2,MS系／ガンダム系／ガンダムビルドシリーズ
5788,ウイングガンダムゼロ炎弐,0,517,51,111,84,678,16,250,230,220,220,210,150,強5,Ｍ,58,66520,3,-5,2,1,MS系／ガンダム系／ガンダムビルドシリーズ
5789,ネオバード炎弐 ,1,517,51,116,80,678,16,155,155,155,155,0,150,強5,Ｍ,58,0,-5,-5,3,3,MA系／ガンダム系／ガンダムビルドシリーズ
5790,ケイコ仕様インパルスジム,0,430,42,70,50,460,20,200,230,140,150,0,10,強5,Ｍ,40,18000,3,-3,3,2,MS系／ガンダム系／ガンダムビルドシリーズ
5791,マヒル仕様インパルスジム,0,430,42,70,50,460,20,200,230,140,150,0,10,強5,Ｍ,40,18000,3,-3,3,2,MS系／ガンダム系／ガンダムビルドシリーズ
5792,2B,0,250,10,130,95,800,10,800,800,800,800,800,600,強5,ＳＳ,98,290000,5,0,-4,-4,人系
5793,EW仕様ネオ・バードモード ,1,547,59,123,80,763,16,250,230,220,220,210,50,強5,Ｍ,60,0,-5,-5,3,3,MS系／ガンダム系／新機動戦記ガンダムW
5794,EWMZ仕様ウイングガンダムゼロ,0,547,59,118,84,763,16,250,230,220,220,210,150,強5,Ｍ,63,110090,3,-5,2,3,MS系／ガンダム系／新機動戦記ガンダムW
5795,EWMZ仕様ネオ・バードモード ,1,547,59,123,80,763,16,250,230,220,220,210,150,強5,Ｍ,63,0,-5,-5,3,3,MA系／ガンダム系／新機動戦記ガンダムW
5796,獅電,0,415,37,71,74,275,18,230,230,230,230,230,30,－,Ｍ,36,8490,2,-4,2,0,MS系／鉄血のオルフェンズ／量産機
5797,ゲイレール,0,282,16,44,50,275,18,100,100,70,70,70,10,－,Ｍ,26,6180,2,-4,-4,-3,MS系／ガンダム系／鉄血のオルフェンズ／量産機
5798,第一再臨仕様マシュ,0,98,90,80,70,790,10,400,400,500,500,0,158,強5,ＳＳ,22,500000,3,0,-6,-4,人系
5799,第二再臨仕様マシュ,0,98,100,80,70,890,10,400,400,500,500,0,158,強5,ＳＳ,26,500000,3,0,-6,-4,人系
5800,第三再臨仕様マシュ,0,98,110,80,70,990,10,400,400,500,500,0,158,強5,ＳＳ,30,500000,3,0,-6,-4,人系
5801,ガンダムGP01J,0,360,35,74,60,380,18,180,180,180,180,0,40,－,Ｍ,39,14970,0,-5,4,0,MS系／ガンダム系／連邦軍・ティターンズ・地球連合／スターダストメモリー
5802,空母水鬼,0,1110,85,14,100,300,260,140,0,110,0,70,370,－,ＬＬ,82,668000,-5,3,-9,-3,艦船系／人系／艦これ
5803,戦艦水鬼,0,1245,84,15,80,300,210,188,0,88,0,60,415,－,ＬＬ,85,770000,-5,3,-9,-3,艦船系／人系／艦これ
5804,戦艦水鬼II,0,1500,100,15,80,300,210,198,0,96,0,90,500,－,ＬＬ,95,980000,-5,3,-9,-3,艦船系／人系／艦これ
5805,港湾水鬼,0,1350,60,10,100,300,200,120,0,100,0,60,450,－,ＬＬ,88,860000,0,-3,-9,-3,艦船系／人系／艦これ
5806,泊地水鬼,0,990,100,15,80,300,250,120,0,80,0,70,330,－,ＬＬ,77,572000,0,-3,-9,-3,艦船系／人系／艦これ
5807,泊地水鬼III,0,1290,110,20,90,300,250,140,0,100,0,90,430,－,ＬＬ,90,812000,0,-3,-9,-3,艦船系／人系／艦これ
5808,駆逐水鬼,0,765,75,10,50,300,118,100,110,70,10,10,255,－,ＬＬ,66,386000,-5,3,-9,-3,艦船系／人系／艦これ
5809,水母水姫,0,1110,87,10,50,300,167,95,90,100,0,10,370,－,ＬＬ,78,668000,-5,3,-9,-3,艦船系／人系／艦これ
5810,北方水姫,0,2310,78,10,50,300,200,168,75,88,0,50,770,－,ＬＬ,119,1628000,-5,3,-9,-3,艦船系／人系／艦これ
5811,サイコジム,0,650,42,62,80,650,30,220,200,200,200,230,120,強4,Ｌ,55,40600,2,-5,2,-2,MS系／ガンダム系／ガンダムビルドシリーズ
5812,サイコジム(MA) ,1,650,42,60,70,650,30,220,200,200,200,230,120,強4,Ｌ,55,0,-5,-5,3,0,MA系／ガンダム系／ガンダムビルドシリーズ
5813,バーナム仕様ジェガン,0,390,45,92,58,425,19,140,165,150,150,150,5,－,Ｍ,36,18240,1,-4,2,-4,MS系／ジム系
5814,ピコ仕様ジェガンD型,0,390,45,92,58,425,19,140,165,150,150,150,30,－,Ｍ,36,18240,1,-4,2,-4,MS系／ジム系／連邦軍・ティターンズ・地球連合
5815,パープル・キャット,0,836,50,49,170,800,30,170,270,130,150,230,180,－,ＬＬ,74,28000,2,-5,-4,0,艦船系／スパロボシリーズ
5816,深海海月姫,0,1800,70,15,250,300,260,180,0,120,0,10,600,－,ＬＬ,115,1220000,-5,3,-9,-3,艦船系／人系／艦これ
5817,深海双子棲姫,0,2400,84,10,100,300,200,200,130,120,0,10,800,－,ＬＬ,126,1700000,-5,3,-9,-3,艦船系／人系／艦これ
5818,リコリス棲姫,0,1800,50,15,200,300,260,150,0,120,0,10,600,－,ＬＬ,110,1220000,-5,3,-9,-3,艦船系／人系／艦これ
5819,中枢棲姫,0,1800,90,50,80,300,200,110,80,100,0,10,600,－,ＬＬ,107,1220000,0,-3,-9,-3,艦船系／人系／艦これ
5820,護衛棲姫,0,1200,81,18,180,300,200,90,0,70,0,10,400,－,ＬＬ,90,740000,-5,3,-9,-3,艦船系／人系／艦これ
5821,潜水新棲姫,0,531,18,10,90,300,200,27,117,0,0,10,177,－,ＬＬ,56,242300,-5,3,-9,-3,艦船系／人系／艦これ
5822,戦艦仏棲姫,0,2190,98,15,75,300,225,202,0,80,0,10,730,－,ＬＬ,118,1532000,-5,3,-9,-3,艦船系／人系／艦これ
5823,欧州棲姫,0,2640,144,30,84,300,260,300,0,130,0,10,880,－,ＬＬ,140,1920000,-5,3,-9,-3,艦船系／人系／艦これ
5824,鉄騎兵中隊隊長仕様ガンキャノン最初期型,0,272,30,45,64,290,18,0,0,0,80,80,10,－,Ｍ,18,6840,1,-3,1,-4,その他／連邦軍・ティターンズ・地球連合／THE ORIGIN
5825,ハシュマル,0,830,60,88,150,848,35,460,460,460,460,460,200,強7,Ｍ,75,64480,3,-2,1,-5,MA系／ガンダム系／鉄血のオルフェンズ
5826,ランドマン・ロディ,0,313,27,49,70,254,17,110,110,110,110,0,50,強4,Ｍ,19,6870,2,-4,0,-4,MS系／ガンダム系／鉄血のオルフェンズ／量産機
5827,リットリオ,0,880,86,28,44,705,224,390,0,200,0,100,200,－,ＬＬ,75,452120,0,3,-9,-3,艦船系／人系／艦これ
5828,イタリア,0,920,92,35,52,705,224,405,0,220,0,150,100,－,ＬＬ,78,524120,0,3,-9,-3,艦船系／人系／艦これ
5829,ローマ,0,880,85,27,46,705,224,395,0,220,0,30,1,－,ＬＬ,75,452120,0,3,-9,-3,艦船系／人系／艦これ
5830,ローマ改,0,920,90,32,52,705,224,410,0,230,0,40,100,－,ＬＬ,78,524120,0,3,-9,-3,艦船系／人系／艦これ
5831,沖波,0,160,19,47,21,500,119,50,120,45,140,50,1,－,ＬＬ,38,19530,0,3,-9,-5,艦船系／人系／艦これ
5832,親潮,0,160,19,44,19,500,118,50,120,45,115,65,1,－,ＬＬ,38,19530,0,3,-9,-5,艦船系／人系／艦これ
5833,クリスマス仕様鹿島,0,360,27,25,36,700,133,65,55,75,65,100,25,－,ＬＬ,52,31060,0,3,-9,-4,艦船系／人系／艦これ
5834,クリスマス仕様イタリア,0,920,92,35,52,705,224,405,0,220,0,150,25,－,ＬＬ,78,524120,0,3,-9,-3,艦船系／人系／艦これ
5835,クリスマス仕様大淀,0,340,34,35,80,870,192,120,0,90,0,120,25,－,ＬＬ,62,55060,0,3,-9,-4,艦船系／人系／艦これ
5836,クリスマス仕様大淀改,0,470,68,40,84,870,192,185,70,185,65,150,25,－,ＬＬ,69,64060,0,3,-9,-4,艦船系／人系／艦これ
5837,クリスマス仕様江風,0,160,19,44,19,400,118,50,125,45,105,50,25,－,ＬＬ,34,19530,0,3,-9,-5,艦船系／人系／艦これ
5838,クリスマス仕様谷風,0,160,19,44,19,500,118,50,120,50,120,50,25,－,ＬＬ,39,19530,0,3,-9,-3,艦船系／人系／艦これ
5839,クリスマス仕様初風,0,160,19,45,19,500,118,50,120,45,120,50,25,－,ＬＬ,39,19530,0,3,-9,-3,艦船系／人系／艦これ
5840,クリスマス仕様球磨,0,250,29,36,39,500,162,70,120,65,45,50,25,－,ＬＬ,43,40060,0,3,-9,-4,艦船系／人系／艦これ
5841,クリスマス仕様まるゆ,0,60,9,9,9,150,41,5,0,0,0,35,25,－,ＬＬ,24,7530,0,5,-9,-5,艦船系／人系／艦これ
5842,クリスマス仕様明石,0,390,19,8,5,800,154,10,10,5,5,5,25,－,ＬＬ,53,52060,0,2,-9,-6,艦船系／人系／艦これ
5843,クリスマス仕様明石改,0,450,27,10,6,800,154,45,0,95,0,60,25,－,ＬＬ,56,64060,0,2,-9,-6,艦船系／人系／艦これ
5844,クリスマス仕様利根改二,0,590,79,42,90,920,201,320,305,235,0,75,25,－,ＬＬ,76,132590,0,3,-9,-4,艦船系／人系／艦これ
5845,クリスマス仕様筑摩改二,0,580,79,42,90,920,201,230,165,165,0,70,25,－,ＬＬ,76,132590,0,3,-9,-4,艦船系／人系／艦これ
5846,クリスマス仕様鈴谷,0,400,59,31,39,800,200,200,90,90,0,25,25,－,ＬＬ,60,114590,0,3,-9,-4,艦船系／人系／艦これ
5847,クリスマス仕様熊野,0,400,59,31,39,800,200,200,90,90,0,25,25,－,ＬＬ,60,114590,0,3,-9,-4,艦船系／人系／艦これ
5848,クリスマス仕様朝雲,0,160,19,43,19,519,118,50,120,45,105,40,25,－,ＬＬ,39,19530,0,3,-9,-5,艦船系／人系／艦これ
5849,クリスマス仕様山雲,0,160,19,43,19,519,118,50,120,45,115,35,25,－,ＬＬ,39,19530,0,3,-9,-5,艦船系／人系／艦これ
5850,クリスマス仕様瑞穂,0,410,42,19,74,800,192,60,0,80,0,40,25,－,ＬＬ,61,64060,0,3,-9,-3,艦船系／人系／艦これ
5851,クリスマス仕様長月,0,130,18,37,17,450,102,30,90,35,80,75,25,－,ＬＬ,34,18030,0,3,-9,-5,艦船系／人系／艦これ
5852,クリスマス仕様リベッチオ,0,150,18,48,20,400,106,45,110,55,150,70,25,－,ＬＬ,34,19530,0,3,-9,-5,艦船系／人系／艦これ
5853,クリスマス仕様衣笠,0,370,37,33,39,700,185,150,60,80,0,100,25,－,ＬＬ,54,79060,0,3,-9,-4,艦船系／人系／艦これ
5854,クリスマス仕様衣笠改二,0,530,73,38,54,700,185,270,235,210,0,65,25,－,ＬＬ,63,110090,0,3,-9,-4,艦船系／人系／艦これ
5855,クリスマス仕様秋雲,0,160,19,45,19,500,119,50,120,45,120,70,25,－,ＬＬ,39,19530,0,3,-9,-5,艦船系／人系／艦これ
5856,クリスマス仕様神威,0,360,18,13,15,800,151,15,0,40,0,85,25,－,ＬＬ,53,28060,0,3,-9,-3,艦船系／人系／艦これ
5857,クリスマス仕様翔鶴,0,620,49,36,69,970,257,375,0,145,0,50,25,－,ＬＬ,75,128090,0,3,-9,-3,艦船系／人系／艦これ
5858,クリスマス仕様コマンダン・テスト,0,420,50,20,70,600,167,140,0,90,0,85,25,－,ＬＬ,54,67060,0,3,-9,-3,艦船系／人系／艦これ
5859,文月改二,0,270,46,56,47,450,102,35,135,185,150,85,100,－,ＬＬ,45,18030,0,3,-9,-5,艦船系／人系／艦これ
5860,熊野改二,0,620,75,40,81,800,200,150,200,150,0,80,100,－,ＬＬ,72,132590,0,3,-9,-3,艦船系／人系／艦これ
5861,熊野航改二,0,620,75,41,83,800,200,150,200,150,0,80,1,－,ＬＬ,72,132590,0,3,-9,-3,艦船系／人系／艦これ
5862,ガンダム・フラウロス,0,498,47,96,100,636,18,360,360,360,360,360,150,強7,Ｍ,60,20200,3,-4,2,0,MS系／ガンダム系／鉄血のオルフェンズ
5863,ガンダム・フラウロス(MA) ,1,498,47,96,100,636,18,360,360,360,360,360,150,強7,Ｍ,60,0,0,-4,-2,-4,MA系／ガンダム系／鉄血のオルフェンズ
5864,グレイズ・フォーン,0,421,38,74,62,445,18,360,360,360,360,360,80,強7,Ｍ,41,12840,4,-4,0,0,MS系／ガンダム系／鉄血のオルフェンズ
5865,ケラウノス,0,1000,38,35,110,850,60,0,250,120,150,190,90,－,ＬＬ,72,64000,-2,-5,2,0,艦船系／ジオン・ネオジオン軍・ザフト／アドバンス・オブ・ゼータ
5866,クリスマス仕様霰,0,160,19,43,19,519,118,50,120,45,105,50,25,－,ＬＬ,39,19530,0,3,-9,-5,艦船系／人系／艦これ
5867,クリスマス仕様伊8,0,150,19,14,39,700,109,10,165,0,0,100,25,－,ＬＬ,44,18030,0,6,-9,-5,艦船系／人系／艦これ
5868,ジンハイマニューバレイズ,0,282,20,55,50,340,18,80,90,70,50,20,20,強1,Ｍ,20,6570,2,-3,3,-4,MS系／ジオン・ネオジオン軍・ザフト／ガンダムビルドシリーズ
5869,テストカラー仕様ひかり,0,410,16,48,35,160,8,50,50,200,250,200,1,NT5,ＳＳ,23,110000,1,-4,-5,5,人系
5870,ひかり,0,410,16,54,45,160,8,50,50,200,250,200,100,NT5,ＳＳ,24,110000,1,-4,-5,5,人系
5871,シグー・ソードアームズ,0,335,29,66,62,262,28,200,90,70,100,20,40,強2,Ｍ,21,11070,2,-2,3,2,MS系／ジオン・ネオジオン軍・ザフト／ガンダムSEED ASTRAY、MSV
5872,シグー・バスターアームズ,0,335,29,62,62,272,28,200,90,70,100,20,20,強2,Ｍ,21,11070,-2,-2,4,2,MS系／ジオン・ネオジオン軍・ザフト／ガンダムSEED ASTRAY、MSV
5873,ヴァイスバーザム,0,377,41,83,65,425,19,150,175,175,180,0,1,強6,Ｍ,30,13830,0,2,-3,-5,MS系／連邦軍・ティターンズ・地球連合／ガンダムビルドシリーズ／量産機
5874,ヴァイスシナンジュ,0,560,67,135,88,567,22,350,350,380,380,380,170,強6,Ｍ,61,133220,2,-3,2,-5,MS系／ジオン・ネオジオン軍・ザフト／ガンダムビルドシリーズ／量産機
5875,シャア仕様ザクI,0,275,19,41,50,280,18,0,0,10,0,0,1,－,Ｍ,16,6300,2,-3,2,-4,MS系／ザク系／ジオン・ネオジオン軍・ザフト／THE ORIGIN
5876,辟邪,0,415,35,83,70,382,18,250,250,250,250,150,50,－,Ｍ,30,8520,2,-4,1,0,MS系／ガンダム系／鉄血のオルフェンズ
5877,辟邪(突撃形態) ,1,415,35,74,70,382,18,250,250,250,250,150,50,－,Ｍ,30,0,2,-4,1,0,MS系／ガンダム系／鉄血のオルフェンズ
5878,獅電改,0,415,37,72,70,275,18,230,230,230,200,0,60,強7,Ｍ,26,8790,2,-4,2,0,MS系／鉄血のオルフェンズ
5879,未完成仕様ゴールドフレーム天,0,392,35,74,70,510,18,210,210,220,220,220,30,強4,Ｍ,38,8790,3,-3,3,0,MS系／ガンダム系／ガンダムSEED ASTRAY、MSV
5880,パジャマラウンドフェイサー,0,262,1,79,60,225,15,100,100,100,100,100,1,－,Ｍ,26,2070,4,0,-5,-3,その他／スパロボシリーズ
5881,北米戦仕様局地型ガンダム,0,320,30,65,48,354,18,75,75,75,75,0,5,－,Ｍ,23,8370,3,-2,-5,-4,MS系／ガンダム系／連邦軍・ティターンズ・地球連合／THE ORIGIN／量産機
5882,晴れ着仕様潮,0,150,19,41,19,500,118,50,135,60,100,50,1,－,ＬＬ,37,19530,0,3,-9,-5,艦船系／人系／艦これ
5883,晴れ着仕様潮改二,0,330,58,65,48,500,118,50,175,120,280,160,1,－,ＬＬ,50,19530,0,3,-9,-5,艦船系／人系／艦これ
5884,晴れ着仕様子日,0,160,19,43,19,400,118,50,120,45,105,40,1,－,ＬＬ,34,19530,0,3,-9,-5,艦船系／人系／艦これ
5885,晴れ着仕様扶桑,0,670,79,19,33,800,205,370,0,115,0,25,1,－,ＬＬ,69,294590,0,3,-9,-3,艦船系／人系／艦これ
5886,晴れ着仕様山城,0,670,79,19,33,800,205,370,0,115,0,25,1,－,ＬＬ,69,294590,0,3,-9,-3,艦船系／人系／艦これ
5887,晴れ着仕様瑞鳳,0,320,39,29,69,780,205,0,0,70,0,150,1,－,ＬＬ,57,64060,0,3,-9,-3,艦船系／人系／艦これ
5888,晴れ着仕様瑞鳳改,0,450,59,29,79,780,205,30,0,105,0,200,1,－,ＬＬ,63,76060,0,3,-9,-3,艦船系／人系／艦これ
5889,晴れ着仕様大鯨,0,390,37,24,48,500,215,495,65,0,80,100,1,－,ＬＬ,48,31060,0,3,-9,-3,艦船系／人系／艦これ
5890,晴れ着仕様天城,0,480,51,33,74,800,227,0,0,140,0,50,1,－,ＬＬ,65,96590,0,3,-9,-3,艦船系／人系／艦これ
5891,晴れ着仕様伊401,0,200,24,13,45,700,122,10,195,0,0,100,1,－,ＬＬ,46,19530,0,6,-9,-5,艦船系／人系／艦これ
5892,晴れ着仕様香取,0,360,27,24,38,700,133,70,60,70,60,50,1,－,ＬＬ,52,31060,0,3,-9,-4,艦船系／人系／艦これ
5893,晴れ着仕様秋津洲,0,320,25,32,42,800,114,30,0,60,0,60,1,－,ＬＬ,55,52060,0,3,-9,-3,艦船系／人系／艦これ
5894,晴れ着仕様山風,0,160,19,42,18,400,118,55,120,40,95,30,1,－,ＬＬ,34,19530,0,3,-9,-5,艦船系／人系／艦これ
5895,晴れ着仕様アイオワ,0,840,95,34,64,530,270,900,0,212,0,60,1,－,ＬＬ,70,860120,0,3,-9,-3,艦船系／人系／艦これ
5896,晴れ着仕様大和,0,930,108,27,39,720,263,620,0,250,0,60,1,－,ＬＬ,78,1100120,0,3,-9,-3,艦船系／人系／艦これ
5897,晴れ着仕様ウォースパイト,0,720,91,26,48,450,196,360,0,190,0,275,1,－,ＬＬ,61,290090,0,3,-9,-3,艦船系／人系／艦これ
5898,ダクネス,0,690,190,40,1,160,10,100,100,10,0,0,800,NT3,ＳＳ,50,500000,2,-5,-6,-5,人系
5899,リックドギャン子,0,237,55,90,50,550,18,237,237,237,237,237,10,－,Ｍ,39,13110,3,-4,3,1,MS系／ガンダム系／ギャン系／ガンダムビルドシリーズ
5900,セブンソード/GI,0,480,46,98,79,610,18,300,300,300,300,0,50,－,Ｍ,63,32980,2,-4,3,2,MS系／ガンダム系／ガンダム00
5901,VF-31A カイロス,0,450,44,120,115,480,19,220,280,220,220,220,50,－,Ｍ,58,67000,-2,-2,6,6,マクロスシリーズ／車輌・戦闘機系／量産機
5902,VF-31A カイロス(G) ,1,450,40,109,115,480,19,220,280,220,220,220,50,－,Ｓ,58,0,1,-2,1,-5,その他／マクロスシリーズ／量産機
5903,VF-31A カイロス(B) ,1,450,49,100,95,480,19,220,280,220,220,220,50,－,Ｍ,58,0,5,-5,3,-2,その他／マクロスシリーズ／量産機
5904,ゲイレール・シャルフリフター,0,325,26,50,50,254,20,200,200,200,200,200,10,－,Ｍ,28,6840,3,-4,-3,-2,MS系／ガンダム系／鉄血のオルフェンズ
5905,グレイズ・タウロス,0,396,30,60,65,286,18,160,160,160,160,160,10,－,Ｍ,34,7950,3,-4,1,0,MS系／ガンダム系／鉄血のオルフェンズ
5906,グレーベルゼルガ,0,280,17,68,70,300,10,250,250,200,200,0,20,－,ＳＳ,33,2100,4,2,-5,-5,その他／ボトムズシリーズ
5907,グレタ・ガリー,0,1100,55,50,190,800,20,170,270,130,150,230,180,－,ＬＬ,82,67000,2,-5,-4,0,艦船系／スパロボシリーズ
5908,デラバス・ギャラン,0,880,55,50,190,1040,20,170,270,150,170,250,180,－,ＬＬ,86,40000,2,-5,-4,0,艦船系／スパロボシリーズ
5909,スターバーニングガンダム,0,478,52,90,60,500,18,220,240,250,50,0,80,－,Ｍ,47,31600,4,-2,3,1,MS系／ガンダム系／ガンダムビルドシリーズ
5910,ユーマ専用高機動型ゲルググ,0,355,30,74,54,397,19,0,145,125,125,0,40,－,Ｍ,26,8640,1,-3,3,-4,MS系／ジオン・ネオジオン軍・ザフト／MSV(モビルスーツバリエーション)／ゲルググ系／専用機
5911,ザクIICK型,0,275,22,40,52,300,18,0,30,0,30,0,10,－,Ｍ,17,6450,3,-3,-5,-4,MS系／ザク系／ジオン・ネオジオン軍・ザフト／THE ORIGIN／量産機
5912,テスト仕様ザクキャノン,0,276,30,40,58,300,18,0,0,0,30,30,1,－,Ｍ,18,6540,2,-3,-5,-4,MS系／ザク系／ジオン・ネオジオン軍・ザフト／THE ORIGIN
5913,キシリア部隊仕様ザクI,0,262,19,39,40,280,18,0,0,10,0,0,1,－,Ｍ,15,6300,2,-3,2,-4,MS系／ザク系／ジオン・ネオジオン軍・ザフト／THE ORIGIN／量産機
5914,李小狼,0,77,7,109,50,900,10,110,142,155,152,140,1,NT7,ＳＳ,45,146000,2,-2,-6,0,人系
5915,RO仕様局地型ガンダム,0,320,30,65,48,354,18,75,75,75,75,0,5,－,Ｍ,30,8370,3,-2,-5,-4,MS系／ガンダム系／連邦軍・ティターンズ・地球連合／THE ORIGIN／量産機
5916,ドライオンIII,0,410,60,80,92,650,20,320,320,400,300,300,30,NT4,Ｍ,61,28000,2,-4,3,-2,MS系／ガンダム系／ガンダムビルドシリーズ
5917,ライトニングブラックウォーリア,0,550,51,105,60,450,20,330,350,305,310,310,10,－,Ｍ,47,52000,3,-3,3,0,MS系／ガンダム系／ガンダムビルドシリーズ
5918,キシリア部隊仕様アクト・ザク,0,352,30,70,53,397,18,0,100,110,0,0,10,－,Ｍ,26,8550,2,-3,2,-4,MS系／ザク系／ジオン・ネオジオン軍・ザフト／THE ORIGIN／量産機
5919,TB仕様ガンキャノン・ディテクター,0,422,41,100,68,447,18,130,130,100,150,0,15,－,Ｍ,44,21880,2,-3,2,-4,MS系／エウーゴ・カラバ／ガンダムUC
5920,忍パルスガンダム,0,430,42,70,50,460,20,200,230,140,150,0,50,強5,Ｍ,40,18000,3,-3,3,2,MS系／ガンダム系／ガンダムビルドシリーズ
5921,GM/GM,0,450,46,55,80,440,22,400,400,400,400,400,60,－,Ｍ,40,52000,1,-5,1,-3,MS系／ジム系／オリジナル系
5922,ハンブラビスバン,0,412,38,91,55,370,20,150,150,150,140,0,30,－,Ｍ,41,28900,-3,-5,3,-3,MS系／連邦軍・ティターンズ・地球連合／ガンダムビルドシリーズ
5923,ハンブラビスバン(MA) ,1,412,38,84,35,370,20,150,150,150,140,0,30,－,Ｍ,41,0,-5,-5,3,-4,MA系／連邦軍・ティターンズ・地球連合／ガンダムビルドシリーズ
5924,クロスボーン・ガンダムリヴェルタ,0,424,52,100,110,450,30,280,260,260,270,230,80,NT2,Ｍ,52,12000,0,-4,4,0,MS系／ガンダム系／機動戦士クロスボーンガンダム
5925,JS仕様バルクホルン,0,250,37,54,60,175,12,140,150,300,350,300,50,NT8,ＳＳ,31,404000,0,-4,-5,5,人系
5926,ディアブロ・オブ・マンデイ,0,716,72,58,48,600,30,400,400,400,0,0,50,強5,Ｍ,58,164000,4,-4,-5,0,その他／スパロボシリーズ
5927,ユング専用ジム・スナイパーカスタム,0,296,26,52,65,326,18,50,0,0,0,50,20,－,Ｍ,25,7680,2,-3,2,-5,MS系／ジム系／連邦軍・ティターンズ・地球連合／MSV(モビルスーツバリエーション)／専用機
5928,ビルドストライクGC,0,524,54,101,70,500,30,350,370,250,270,230,100,－,Ｍ,60,204050,3,-4,3,1,MS系／ガンダム系／ガンダムビルドシリーズ
5929,防空埋護姫,0,1965,95,10,30,300,134,140,120,200,0,0,655,－,ＬＬ,108,1346000,-5,3,-9,-1,艦船系／人系／艦これ
5930,海峡夜棲姫,0,2400,91,10,30,300,200,102,70,69,0,10,800,－,ＬＬ,122,1700000,-5,3,-9,-3,艦船系／人系／艦これ
5931,ルイージ・トレッリ,0,110,17,17,24,500,77,10,90,0,0,125,100,－,ＬＬ,35,18030,0,6,-9,-5,艦船系／人系／艦これ
5932,UIT-25,0,130,19,20,30,500,77,10,0,0,0,135,50,－,ＬＬ,36,18030,0,6,-9,-5,艦船系／人系／艦これ
5933,伊504,0,140,21,22,32,500,77,15,150,0,0,200,50,－,ＬＬ,37,18030,0,6,-9,-5,艦船系／人系／艦これ
5934,天霧,0,150,20,41,20,500,118,50,135,60,100,55,1,－,ＬＬ,38,19530,0,3,-9,-5,艦船系／人系／艦これ
5935,天霧改,0,300,49,45,39,500,118,60,140,75,120,85,50,－,ＬＬ,46,19530,0,3,-9,-5,艦船系／人系／艦これ
5936,狭霧,0,150,19,40,19,500,118,50,135,60,100,30,1,－,ＬＬ,37,19530,0,3,-9,-5,艦船系／人系／艦これ
5937,ドルマン,0,880,56,52,70,360,30,350,350,400,200,200,100,強4,Ｌ,55,168500,2,-4,0,3,その他／スパロボシリーズ
5938,バレオン,0,1200,60,59,75,500,60,400,400,400,400,400,400,強5,Ｌ,72,254000,2,-2,2,4,その他／スパロボシリーズ
5939,こまんどふみな,0,237,50,100,50,550,18,237,237,237,237,237,10,－,Ｍ,39,13110,3,-4,3,1,MS系／ガンダム系／ガンダムビルドシリーズ
5940,ミセス.ローエングリン子,0,480,60,80,50,400,12,330,330,330,330,330,60,－,Ｍ,45,18900,3,-4,3,1,MS系／ガンダムビルドシリーズ
5941,ミセス.ローエングリン子(AA) ,1,480,60,50,90,500,22,330,330,330,330,330,60,－,Ｍ,45,0,3,-4,3,1,艦船系／ガンダムビルドシリーズ
5942,由良改二,0,450,67,43,63,500,162,70,125,180,245,80,100,－,ＬＬ,54,43060,0,3,-9,-4,艦船系／人系／艦これ
5943,多摩改二,0,460,69,43,61,500,162,80,125,165,215,65,100,－,ＬＬ,55,43060,0,3,-9,-4,艦船系／人系／艦これ
5944,涼月,0,210,29,45,27,800,134,80,80,350,125,135,1,－,ＬＬ,51,31060,0,3,-9,-1,艦船系／人系／艦これ
5945,涼月改,0,380,55,51,48,800,134,110,110,410,140,185,50,－,ＬＬ,61,31060,0,3,-9,-1,艦船系／人系／艦これ
5946,伊400,0,200,24,13,46,700,122,10,195,0,0,95,1,－,ＬＬ,46,19530,0,6,-9,-5,艦船系／人系／艦これ
5947,佐渡,0,90,16,39,15,800,77,20,0,35,175,35,1,－,ＬＬ,45,12030,0,3,-9,-3,艦船系／人系／艦これ
5948,対馬,0,90,16,41,13,800,77,20,0,35,180,35,1,－,ＬＬ,45,12030,0,3,-9,-3,艦船系／人系／艦これ
5949,実戦配備仕様ヘイズル改,0,368,33,65,55,325,20,160,180,160,140,0,10,－,Ｍ,28,14190,2,-5,1,0,MS系／ガンダム系／連邦軍・ティターンズ・地球連合／アドバンス・オブ・ゼータ
5950,ティターンズ仕様ガンダムMk-II,0,384,41,94,65,425,18,135,135,135,135,0,50,－,Ｍ,41,19560,2,-3,2,-5,MS系／連邦軍・ティターンズ・地球連合／ガンダム系／機動戦士Zガンダム
5951,アスタロトリナシメント,0,490,46,98,72,551,18,460,460,360,360,360,150,－,Ｍ,50,19860,2,-4,2,0,MS系／ガンダム系／鉄血のオルフェンズ
5952,ガンダムシュバルツリッター,0,500,58,102,50,559,19,350,350,350,350,350,70,－,Ｍ,50,57400,4,-2,3,1,MS系／ガンダム系／ガンダムビルドシリーズ
5953,司令官仕様カラクルム級戦闘艦,0,2000,108,30,160,600,100,270,270,200,200,200,50,－,ＬＬ,82,548000,-6,-5,1,0,艦船系／スパロボシリーズ
5954,アーク・ロイヤル,0,550,47,32,72,665,243,0,0,150,0,40,300,－,ＬＬ,62,114590,0,3,-9,-3,艦船系／人系／艦これ
5955,リシュリュー,0,850,90,36,50,850,247,320,0,110,0,110,1000,－,ＬＬ,80,312590,0,3,-9,-3,艦船系／人系／艦これ
5956,ガングート,0,590,73,23,30,400,184,275,70,110,0,100,500,－,ＬＬ,52,240590,0,3,-9,-3,艦船系／人系／艦これ
5957,オクチャブリスカヤ・レヴォリューツィヤ,0,720,90,30,36,400,184,325,0,180,0,150,100,－,ＬＬ,59,258590,0,3,-9,-3,艦船系／人系／艦これ
5958,ガングート・ドゥヴァ,0,770,95,33,38,400,184,330,80,190,0,175,100,－,ＬＬ,61,276590,0,3,-9,-3,艦船系／人系／艦これ
5959,長門改二,0,910,110,25,55,550,224,455,0,200,0,200,2150,－,ＬＬ,73,746120,0,3,-9,-3,艦船系／人系／艦これ
5960,伊13,0,180,22,11,43,525,113,10,135,0,0,30,1,－,ＬＬ,39,18030,0,6,-9,-5,艦船系／人系／艦これ
5961,伊14,0,180,22,14,44,525,113,10,135,0,0,120,1,－,ＬＬ,39,18030,0,6,-9,-5,艦船系／人系／艦これ
5962,ストライカージンクス,0,364,38,82,63,395,20,240,240,240,270,270,5,－,Ｍ,37,14400,3,-3,-1,1,MS系／ガンダムビルドシリーズ
5963,ダーレ,0,170,14,35,35,150,10,0,15,10,0,0,1,－,Ｍ,17,150,1,-2,1,-1,MS系
5964,ギル・ギア,0,1400,64,62,75,500,30,500,500,500,500,500,300,強5,Ｌ,79,218000,2,-4,2,2,その他／スパロボシリーズ
5965,春日丸,0,360,32,24,48,850,180,0,0,60,0,25,300,－,ＬＬ,58,40060,0,3,-9,-3,艦船系／人系／艦これ
5966,大鷹,0,370,34,24,52,850,180,0,0,65,0,30,50,－,ＬＬ,59,43060,0,3,-9,-3,艦船系／人系／艦これ
5967,大鷹改,0,470,52,24,64,850,180,0,0,80,325,45,50,－,ＬＬ,65,52060,0,3,-9,-3,艦船系／人系／艦これ
5968,大鷹改二,0,490,55,36,68,850,180,90,0,120,375,70,50,－,ＬＬ,67,64060,0,3,-9,-3,艦船系／人系／艦これ
5969,村雨改二,0,310,51,48,47,400,118,80,140,90,145,85,50,－,ＬＬ,44,19530,0,3,-9,-5,艦船系／人系／艦これ
5970,龍田改二,0,420,63,42,52,500,162,65,100,160,250,90,100,－,ＬＬ,52,40060,0,3,-9,-4,艦船系／人系／艦これ
5971,ガンダム・グレモリー,0,490,54,98,60,594,20,360,360,360,360,360,10,－,Ｍ,47,20080,3,-4,2,0,MS系／ガンダム系／鉄血のオルフェンズ／量産機
5972,バルバトスルプスレクス,0,574,60,118,90,721,18,400,400,400,400,400,20,強7,Ｍ,68,77680,3,-4,3,0,MS系／ガンダム系／鉄血のオルフェンズ
5973,レギンレイズ・ジュリア,0,484,44,96,84,763,18,380,380,280,280,280,40,－,Ｍ,58,18990,0,-4,4,0,MS系／ガンダム系／鉄血のオルフェンズ
5974,コスモダイバー,0,564,44,73,70,412,25,300,300,300,300,300,10,－,Ｍ,46,18600,1,4,4,-6,その他／スパロボシリーズ
5975,コスモダイバー(MA) ,1,564,40,76,70,412,25,300,300,300,300,300,10,－,Ｍ,46,0,-6,3,3,3,その他／スパロボシリーズ
5976,マクロス要塞艦,0,2100,45,25,100,800,300,400,400,400,400,400,180,－,ＸＬ,108,500000,-6,-6,0,0,艦船系／マクロスシリーズ
5977,マクロス要塞艦強攻型 ,1,2100,45,25,100,800,300,400,400,400,400,400,180,－,ＸＬ,108,0,-6,-6,0,0,艦船系／マクロスシリーズ
5978,メッツァ・オブ・チューズデイ,0,720,60,66,72,560,29,300,300,400,300,300,50,－,Ｍ,53,182000,5,0,-5,-4,その他／スパロボシリーズ
5979,シン・オブ・フライデイ,0,656,55,80,75,560,25,300,300,300,300,300,50,－,Ｍ,56,200000,5,0,-5,-4,その他／スパロボシリーズ
5980,セン・オブ・サタデイ,0,646,59,76,60,560,25,300,300,300,300,300,50,－,Ｍ,55,200000,5,0,-5,-4,その他／スパロボシリーズ
5981,ダリア・オブ・ウェンズデイ,0,1096,67,73,75,580,31,300,300,300,300,300,300,－,Ｍ,72,200000,5,0,-5,-4,その他／スパロボシリーズ
5982,サウダーデ・オブ・サンデイ,0,1076,63,76,75,580,26,300,300,300,300,300,400,－,Ｍ,71,236000,3,-2,0,3,その他／スパロボシリーズ
5983,バースデイ,0,1500,80,34,75,800,60,500,500,500,500,500,500,－,Ｌ,92,740000,5,0,-5,-5,その他／スパロボシリーズ
5984,イオク専用レギンレイズ,0,471,44,91,84,636,18,380,380,280,280,280,20,－,Ｍ,53,13170,2,-4,2,0,MS系／ガンダム系／専用機／鉄血のオルフェンズ
5985,フレック・グレイズ,0,262,18,33,50,254,18,100,100,120,60,0,5,－,Ｍ,24,5400,2,-4,1,0,MS系／ガンダム系／鉄血のオルフェンズ／量産機
5986,重装仕様ガンキャノン最初期型,0,280,32,43,64,290,18,0,0,0,95,95,10,－,Ｍ,19,7050,0,-5,0,-4,その他／連邦軍・ティターンズ・地球連合／THE ORIGIN
5987,トールストライクガンダムグリッター,0,418,40,78,62,430,20,250,250,150,150,80,20,強5,Ｍ,48,18000,2,-4,5,4,MS系／ガンダム系／ガンダムビルドシリーズ
5988,日振,0,90,17,39,15,500,78,20,0,50,200,35,50,－,ＬＬ,35,12030,0,3,-9,-3,艦船系／人系／艦これ
5989,大東,0,90,17,40,12,500,78,20,0,50,200,165,1,－,ＬＬ,35,12030,0,3,-9,-3,艦船系／人系／艦これ
5990,浜波,0,160,19,46,24,500,119,50,120,60,130,50,1,－,ＬＬ,38,19530,0,3,-9,-5,艦船系／人系／艦これ
5991,ジャーヴィス,0,150,18,46,22,550,108,60,150,110,200,250,100,－,ＬＬ,40,28060,0,3,-9,-5,艦船系／人系／艦これ
5992,ジャーヴィス改,0,310,50,49,52,550,108,60,150,110,200,275,50,－,ＬＬ,50,28060,0,3,-9,-5,艦船系／人系／艦これ
5993,リオンネッター,0,472,57,87,80,320,10,300,300,300,300,300,50,－,Ｓ,42,18900,3,0,-5,3,その他／スパロボシリーズ
5994,バイオプテラ,0,600,56,87,72,320,25,300,300,300,300,300,50,－,Ｍ,44,146000,-4,-5,0,5,その他／ゾイドシリーズ／スパロボシリーズ
5995,バイオケントロ,0,660,64,66,72,460,30,300,300,300,300,300,130,－,Ｍ,52,218000,4,-2,-5,-5,その他／ゾイドシリーズ／スパロボシリーズ
5996,バイオトリケラ,0,680,68,62,72,400,30,300,300,300,300,300,130,－,Ｍ,51,254000,4,-2,-5,-5,その他／ゾイドシリーズ／スパロボシリーズ
5997,バイオメガラプトル,0,276,55,80,75,300,20,300,300,300,300,300,130,－,Ｍ,34,76000,3,-2,0,-5,その他／ゾイドシリーズ／スパロボシリーズ
5998,キルジャガー,0,542,52,73,72,445,20,300,300,300,300,300,50,－,Ｍ,47,18000,4,-4,2,2,その他／スパロボシリーズ
5999,ガンダムM91,0,436,46,97,100,500,30,280,260,260,270,230,50,NT5,Ｍ,42,12000,-3,-5,5,0,MS系／ガンダム系／ガンダムビルドシリーズ
6000,A-Zガンダム,0,430,42,95,82,570,25,350,370,200,230,250,180,NT4,Ｍ,60,46000,3,-5,4,-1,MS系／ガンダム系／ガンダムビルドシリーズ
6001,A-Zウェイブライダー ,1,430,42,90,72,570,25,350,370,200,230,250,180,NT4,Ｍ,60,0,-5,-5,4,4,MA系／ガンダム系／ガンダムビルドシリーズ
6002,エヴァンゲリオン最終号機,0,700,65,85,85,700,30,1000,1000,1000,800,500,700,－,Ｌ,161,980000,2,-1,3,3,その他／新世紀エヴァンゲリオン
6003,ヒガント専用ガレアン,0,718,77,69,80,620,30,300,300,300,300,300,100,強4,Ｌ,61,110000,2,-3,0,2,その他／スパロボシリーズ
6004,バニシューム専用ガレアン,0,718,77,69,80,620,30,300,300,300,300,300,100,強4,Ｌ,61,110000,2,-3,0,2,その他／スパロボシリーズ
6005,テルミナ専用ガレアン,0,718,77,69,80,620,30,300,300,300,300,300,100,強4,Ｌ,61,110000,2,-3,0,2,その他／スパロボシリーズ
6006,ニキータ専用ガレアン,0,718,77,69,80,620,30,300,300,300,300,300,100,強4,Ｌ,61,110000,2,-3,0,2,その他／スパロボシリーズ
6007,ドボルザーク,0,1000,72,34,75,600,30,300,300,300,300,300,400,強4,ＬＬ,67,644000,1,1,1,4,その他／スパロボシリーズ
6008,ファイナルドボルザーク,0,1200,76,38,75,700,50,300,300,300,300,300,200,強4,ＬＬ,78,692000,1,1,1,4,その他／スパロボシリーズ
6009,キングダリウス,0,1600,80,41,75,800,50,300,300,300,300,300,200,強4,ＬＬ,96,740000,1,1,1,4,その他／スパロボシリーズ
6010,エンダーク,0,2020,70,62,77,640,40,500,500,500,500,500,900,強4,Ｌ,111,308000,3,0,2,-5,その他／スパロボシリーズ
6011,ゼナディーエ,0,2018,81,73,80,650,50,300,300,300,300,300,950,強4,Ｌ,111,884000,1,-3,1,1,その他／スパロボシリーズ
6012,ヤガランデ,0,984,80,76,85,500,30,300,300,300,300,300,500,強5,Ｌ,67,290000,2,-3,2,-5,その他／スパロボシリーズ
6013,タングラム,0,1700,80,34,75,700,35,300,300,300,300,300,400,強4,Ｌ,95,740000,2,-4,3,4,その他／スパロボシリーズ
6014,ソウタ専用ランスタッグ,0,440,47,80,48,550,25,150,100,200,100,100,5,－,Ｍ,54,12000,4,-2,-6,-2,その他／ゾイドシリーズ／スパロボシリーズ／専用機
6015,ソウルタイガー,0,564,52,83,70,445,20,300,300,300,300,300,1,－,Ｍ,48,18600,5,-2,-2,-5,その他／ゾイドシリーズ／スパロボシリーズ
6016,ソウルタイガーブースト,0,575,54,87,72,477,20,300,300,300,300,300,1,－,Ｍ,50,18810,5,-2,-2,-5,その他／ゾイドシリーズ／スパロボシリーズ
6017,ヴォルケイン改,0,760,56,66,75,572,20,300,300,300,300,300,150,強5,Ｍ,64,29800,4,-4,-4,0,その他／スパロボシリーズ
6018,レム,0,80,15,55,90,200,12,300,300,300,300,300,300,－,ＳＳ,29,290000,3,-5,-5,-2,人系
6019,チャーチルMk.VII,0,74,15,10,40,170,21,0,30,30,30,0,1,－,Ｓ,11,8829,2,-6,-6,-6,スパロボシリーズ／車輌・戦闘機系／量産機
6020,ヤマトアーマー仕様森雪,0,930,58,13,72,820,263,620,0,350,0,60,700,－,ＬＬ,80,2253000,0,3,0,-3,艦船系／人系／スパロボシリーズ
6021,ヤマトアーマー仕様森雪(潜水モード) ,1,930,58,13,72,820,263,620,0,350,0,60,700,－,ＬＬ,80,0,-5,4,0,-5,艦船系／人系／スパロボシリーズ
6022,満潮改二,0,310,30,25,60,519,118,95,160,100,130,90,100,－,ＬＬ,56,12060,0,3,-9,-5,艦船系／人系／艦これ
6023,如月改二,0,270,24,25,54,450,102,50,140,90,135,65,100,－,ＬＬ,51,12060,0,3,-9,-5,艦船系／人系／艦これ
6024,睦月改二,0,270,24,25,48,450,102,50,140,80,140,70,100,－,ＬＬ,51,12060,0,3,-9,-5,艦船系／人系／艦これ
6025,荒潮改二,0,310,28,25,55,519,118,95,165,110,130,85,100,－,ＬＬ,56,12060,0,3,-9,-5,艦船系／人系／艦これ
6026,霧島改二,0,820,92,34,49,800,222,390,0,150,0,70,200,－,ＬＬ,77,330590,0,3,-9,-3,艦船系／人系／艦これ
6027,マヤ,0,790,53,19,70,800,203,400,300,250,0,75,500,－,ＬＬ,88,218000,-5,3,-9,-4,艦船系／人系／艦これ
6028,戦艦キリシマ,0,1020,65,18,80,800,222,600,0,300,0,100,500,－,ＬＬ,99,1488800,-5,3,-9,-3,艦船系／人系／艦これ
6029,コンゴウ,0,1420,75,25,90,800,214,700,0,350,0,75,500,－,ＬＬ,114,2256000,-5,3,-9,-3,艦船系／人系／艦これ
6030,ガンビア・ベイ,0,280,19,18,60,512,156,0,0,100,100,60,300,－,ＬＬ,44,43060,0,3,-9,-3,艦船系／人系／艦これ
6031,タシュケント,0,220,31,48,36,503,139,185,235,210,305,100,100,－,ＬＬ,42,31060,0,3,-9,-5,艦船系／人系／艦これ
6032,イントレピッド,0,650,80,40,80,1000,250,0,0,250,0,225,100,－,ＬＬ,80,204590,0,3,-9,-3,艦船系／人系／艦これ
6033,イントレピッド改,0,690,90,44,90,1000,250,0,0,250,0,225,100,－,ＬＬ,83,276590,0,3,-9,-3,艦船系／人系／艦これ
6034,武蔵改二,0,990,125,28,58,720,263,620,0,390,0,50,2300,－,ＬＬ,83,1274120,0,3,-9,-3,艦船系／人系／艦これ
6035,エンガノ岬決戦仕様瑞鶴改二,0,780,83,36,90,970,257,600,0,240,0,100,10,－,ＬＬ,84,258590,0,3,-9,-3,艦船系／人系／艦これ
6036,エンガノ岬決戦仕様瑞鶴改二甲,0,790,49,25,300,970,257,460,0,240,0,210,10,－,ＬＬ,96,1580000,0,3,-9,-3,艦船系／人系／艦これ
6037,エンガノ岬決戦仕様島風,0,190,16,25,42,360,120,60,225,70,120,50,10,－,ＬＬ,43,52000,0,3,-9,-5,艦船系／人系／艦これ
6038,瑞鳳改二,0,590,42,57,160,780,205,0,0,135,0,210,50,－,ＬＬ,85,334100,0,3,-9,-3,艦船系／人系／艦これ
6039,瑞鳳改二乙,0,590,72,35,77,780,205,0,0,165,160,210,1,－,ＬＬ,69,79060,0,3,-9,-3,艦船系／人系／艦これ
6040,浜風乙改,0,330,54,50,44,500,118,50,120,160,160,100,50,－,ＬＬ,48,28060,0,3,-9,-3,艦船系／人系／艦これ
6041,磯風乙改,0,340,53,52,52,500,118,50,120,150,155,120,50,－,ＬＬ,49,28060,0,3,-9,-3,艦船系／人系／艦これ
6042,長波改二,0,330,53,48,44,500,119,90,150,100,150,150,50,－,ＬＬ,48,19530,0,3,-9,-5,艦船系／人系／艦これ
6043,朧改,0,300,49,45,39,500,118,60,140,75,120,60,50,－,ＬＬ,46,19530,0,3,-9,-5,艦船系／人系／艦これ
6044,漣改,0,300,49,45,39,500,118,60,140,75,120,60,50,－,ＬＬ,46,19530,0,3,-9,-5,艦船系／人系／艦これ
6045,霰改二,0,310,53,46,53,519,118,80,160,100,165,75,50,－,ＬＬ,49,19530,0,3,-9,-5,艦船系／人系／艦これ
6046,陽炎改二,0,330,53,49,42,500,118,90,150,100,150,100,50,－,ＬＬ,48,19530,0,3,-9,-5,艦船系／人系／艦これ
6047,浦風丁改,0,330,53,49,48,500,118,60,100,130,225,90,50,－,ＬＬ,48,28060,0,3,-9,-3,艦船系／人系／艦これ
6048,サミュエル・B・ロバーツ,0,140,17,38,20,600,93,40,60,100,240,150,50,－,ＬＬ,40,19530,0,3,-9,-3,艦船系／人系／艦これ
6049,サミュエル・B・ロバーツ改,0,270,43,48,48,600,93,50,120,140,250,200,50,－,ＬＬ,49,19530,0,3,-9,-3,艦船系／人系／艦これ
6050,ブリュンヒルデ,0,1400,60,62,70,600,20,400,400,400,400,400,250,－,Ｍ,82,218000,2,-2,-5,-5,その他／スパロボシリーズ
6051,ビクトーラ,0,1612,74,76,62,740,19,300,300,300,300,300,950,強4,Ｍ,115,836000,2,0,2,2,その他／スパロボシリーズ
6052,グスタティオ,0,2300,76,104,75,900,60,500,500,500,500,500,300,NT8,Ｌ,157,932000,2,2,2,2,その他／スパロボシリーズ
6053,アルケウス,0,2600,80,41,50,1000,60,700,700,700,700,700,300,NT8,Ｌ,177,980000,3,2,2,3,その他／スパロボシリーズ
6054,ラグナ,0,140,10,80,70,600,12,800,800,800,800,500,300,－,ＳＳ,90,290000,5,0,-5,-2,人系
6055,謎のヒロインX,0,100,15,100,70,800,10,420,235,730,530,760,500,－,ＳＳ,55,500000,5,0,-6,-4,人系
6056,ヘルムヴィーゲ・リンカー,0,498,52,81,60,700,18,340,340,340,340,340,20,－,Ｍ,54,18720,3,-4,2,0,MS系／ガンダム系／鉄血のオルフェンズ
6057,アリアンロッド艦隊仕様グレイズ,0,318,28,61,65,297,18,260,260,260,260,260,5,－,Ｍ,31,6840,3,-4,2,0,MS系／ガンダム系／鉄血のオルフェンズ
6058,グレイズシルト,0,391,34,62,65,340,18,260,260,260,260,260,5,－,Ｍ,36,7590,3,-4,2,0,MS系／ガンダム系／鉄血のオルフェンズ
6059,AGEIIマグナム,0,456,50,89,120,380,18,160,160,165,130,100,50,－,Ｍ,46,8190,-2,-4,2,-4,MS系／ガンダム系／ガンダムAGE
6060,AGEIIマグナム(FM) ,1,456,45,71,120,380,18,160,160,165,130,100,50,－,Ｍ,46,0,-5,-5,3,2,MA系／ガンダム系／ガンダムAGE
6061,ケロッガイ,0,312,24,34,42,170,13,10,30,30,15,0,30,－,Ｍ,25,12975,1,3,-5,0,MS系
6062,アクア,0,65,15,30,60,900,10,1,1,999,999,999,800,NT10,ＳＳ,40,500000,2,0,-6,-5,人系
6063,イシュタル,0,90,10,90,85,800,10,2000,2000,600,600,2600,300,－,ＳＳ,56,500000,5,-5,0,-4,人系
6064,アースサンダー,0,847,50,53,40,800,90,150,250,100,60,0,90,－,Ｌ,66,28600,1,-5,-5,-4,艦船系／スパロボシリーズ
6065,コスモタイガーI,0,140,15,74,50,300,26,180,180,185,185,180,30,－,Ｍ,29,12000,-3,-5,5,0,スパロボシリーズ／車輌・戦闘機系
6066,テイワズ仕様獅電,0,415,37,71,74,275,18,330,330,330,330,330,10,－,Ｍ,38,8490,2,-3,2,-4,MS系／鉄血のオルフェンズ
6067,セリウス,0,380,56,76,70,413,20,300,300,300,300,300,150,NT6,Ｍ,41,12480,3,-4,3,-5,その他／スパロボシリーズ／量産機
6068,レヴリアス,0,434,44,83,70,477,20,300,300,300,300,300,10,NT6,Ｍ,45,13410,1,-5,2,1,その他／スパロボシリーズ／量産機
6069,バンブリアングランド,0,553,56,80,72,508,12,160,100,250,200,200,150,－,Ｍ,55,18300,4,-3,-3,-5,その他／ゾイドシリーズ／スパロボシリーズ
6070,ラブル・ガーディアン,0,510,86,25,40,420,20,100,100,100,100,0,100,強2,Ｍ,42,55600,3,0,0,-5,その他／スパロボシリーズ／量産機
6071,ジム・ドミナンス,0,308,29,54,55,336,18,50,0,50,0,0,20,－,Ｍ,21,7830,3,-5,-5,-2,MS系／ジム系／連邦軍・ティターンズ・地球連合／戦慄のブルー
6072,シグル・バレンス,0,2800,50,25,100,800,300,400,400,400,400,400,300,－,ＸＬ,136,500000,-6,-6,0,0,艦船系／マクロスシリーズ
6073,ウーンドウォート(MA) ,1,448,56,120,70,478,18,300,300,300,300,300,10,－,Ｍ,38,0,-5,-5,3,3,MA系／ガンダム系／連邦軍・ティターンズ・地球連合／アドバンス・オブ・ゼータ
6074,ガンダムMk-III8号機,0,400,43,100,63,432,22,200,130,130,0,0,50,NT1,Ｍ,32,21160,2,-3,2,-4,MS系／ガンダム系／エウーゴ・カラバ
6075,ギャン先行量産型,0,320,30,61,59,354,18,0,90,115,135,0,20,－,Ｍ,23,8340,2,-3,2,-4,MS系／ジオン・ネオジオン軍・ザフト／MSV(モビルスーツバリエーション)／ギャン系／量産機
6076,マルチプルウェア仕様ネロ,0,90,10,88,70,990,10,420,235,730,530,760,100,－,ＳＳ,40,500000,5,0,-6,-4,人系
6077,グレンダイザー(W),0,546,100,37,70,860,30,300,300,270,270,270,50,－,Ｌ,72,200000,-4,-4,3,3,その他／スパロボシリーズ
6078,グレンダイザー(M),0,537,98,37,70,860,30,300,300,270,270,270,50,－,Ｌ,72,200000,-5,5,0,0,その他／スパロボシリーズ
6079,グレンダイザー(D),0,563,105,32,70,860,30,300,300,270,270,270,50,－,Ｌ,72,200000,5,-4,-3,0,その他／スパロボシリーズ
6080,ガンダムX3号機,0,464,47,86,70,594,17,250,240,230,240,210,10,NT5,Ｍ,40,14910,1,-2,2,0,MS系／ガンダム系／連邦軍・ティターンズ・地球連合／機動新世紀ガンダムX
6081,ガンダムFSD,0,320,30,65,50,354,18,75,75,75,75,0,5,－,Ｍ,23,8460,3,-2,-5,-4,MS系／ガンダム系／連邦軍・ティターンズ・地球連合／THE ORIGIN
6082,ダブルオーダイバー,0,450,44,98,79,600,18,290,290,290,290,0,50,－,Ｍ,51,26000,2,-3,2,3,MS系／ガンダム系／ガンダムビルドシリーズ
6083,ジムIIIビームマスター,0,311,37,63,83,372,18,140,165,150,150,150,50,－,Ｍ,38,8700,1,-5,2,-3,MS系／ジム系／ガンダムビルドシリーズ
6084,ガンダムAGE-1 2号機,0,432,45,77,58,509,18,150,150,130,130,0,5,－,Ｍ,44,13350,2,-1,2,-4,MS系／ガンダム系／ガンダムAGE
6085,V.F.G.VF-31J ジークフリード,0,450,44,120,115,480,19,220,280,220,220,220,150,－,Ｍ,58,67000,-5,-5,3,3,マクロスシリーズ／車輌・戦闘機系／人系
6086,V.F.G.VF-31J ジークフリード(G) ,1,450,40,109,115,480,19,220,280,220,220,220,150,－,Ｓ,58,0,2,2,2,2,その他／マクロスシリーズ／人系
6087,V.F.G.VF-31J ジークフリード(B) ,1,450,49,100,95,480,19,220,280,220,220,220,150,－,Ｍ,58,0,3,-5,3,-1,その他／マクロスシリーズ／人系
6088,35th仕様V.F.G.VF-31J ジークフリード,0,450,44,120,115,480,19,220,280,220,220,220,150,－,Ｍ,58,67000,-5,-5,3,3,マクロスシリーズ／車輌・戦闘機系／人系
6089,35th仕様V.F.G.VF-31J ジークフリード(G) ,1,450,40,109,115,480,19,220,280,220,220,220,150,－,Ｓ,58,0,2,2,2,2,その他／マクロスシリーズ／人系
6090,35th仕様V.F.G.VF-31J ジークフリード(B) ,1,450,49,100,95,480,19,220,280,220,220,220,150,－,Ｍ,58,0,3,-5,3,-1,その他／マクロスシリーズ／人系
6091,イアン専用ザクキャノン,0,276,30,37,68,300,18,0,0,0,30,30,1,－,Ｍ,19,6630,3,-3,-5,-4,MS系／ザク系／ジオン・ネオジオン軍・ザフト／MSV(モビルスーツバリエーション)／専用機
6092,実戦配備仕様ヘイズル・ラー第二形態,0,430,43,88,70,470,20,160,180,160,140,0,5,－,Ｍ,34,30400,0,-3,2,0,MS系／ガンダム系／連邦軍・ティターンズ・地球連合／アドバンス・オブ・ゼータ
6093,モモカプル,0,480,60,55,79,495,12,170,170,185,185,175,50,－,Ｍ,43,6600,3,2,-3,-4,MS系／ガンダムビルドシリーズ
6094,モモカプル(丸まりモード) ,1,480,70,55,79,495,12,170,170,185,185,175,50,－,Ｍ,43,0,0,4,-3,-5,MA系／ガンダムビルドシリーズ
6095,キマリスヴィダール,0,544,56,111,82,678,18,360,360,360,360,360,50,－,Ｍ,59,64840,3,-3,3,-4,MS系／ガンダム系／鉄血のオルフェンズ
6096,雷電号,0,415,44,76,65,275,18,230,230,230,130,30,10,強7,Ｍ,36,8880,2,-4,2,0,MS系／鉄血のオルフェンズ
6097,ランドボート,0,610,44,48,30,440,20,120,220,80,50,0,20,－,Ｍ,44,18300,1,-5,-5,-4,艦船系／スパロボシリーズ
6098,グフヴルッフレイザー,0,310,30,84,50,290,12,0,0,125,0,0,20,－,Ｍ,32,8190,5,0,-4,0,MS系／ジオン・ネオジオン軍・ザフト／オリジナル系
6099,ハザマ,0,170,15,70,50,600,15,800,800,800,500,500,1,－,ＳＳ,90,290000,4,0,-2,2,人系
6100,PP装備仕様陸戦型ガンダム,0,255,32,50,48,350,15,75,75,75,75,0,5,－,Ｍ,28,8010,3,-5,-5,2,MS系／ガンダム系／連邦軍・ティターンズ・地球連合／第08MS小隊
6101,高機動仕様ヘイズル改,0,368,33,71,55,325,20,160,180,160,140,0,10,－,Ｍ,29,14190,0,-5,3,0,MS系／ガンダム系／連邦軍・ティターンズ・地球連合／アドバンス・オブ・ゼータ
6102,ガルム・ロディ,0,315,26,49,60,254,17,110,110,90,90,0,30,強4,Ｍ,28,5976,3,-4,-3,-4,MS系／ガンダム系／鉄血のオルフェンズ／量産機
6103,バルキリタイプ,0,440,45,75,55,300,23,170,150,120,140,0,10,－,Ｍ,37,12600,-2,-5,-4,3,その他／スパロボシリーズ／量産機
6104,グリモアレッドベレー,0,380,40,67,62,418,16,195,195,190,130,80,60,－,Ｍ,39,6600,1,-4,2,-1,MS系／ガンダムビルドシリーズ
6105,オーガ刃-X,0,427,45,95,75,468,20,300,300,300,300,300,50,－,Ｍ,45,18600,1,-3,1,1,MS系／ガンダムビルドシリーズ
6106,セラヴィーガンダムシェヘラザード,0,457,50,90,83,470,26,280,280,0,320,320,60,－,Ｍ,47,20800,1,-4,3,1,MS系／ガンダム系／ガンダムビルドシリーズ
6107,セラヴィーガンダムシェヘラザード(EM) ,1,457,50,90,83,470,26,280,280,0,320,320,60,－,Ｍ,47,0,1,-4,3,1,MS系／ガンダム系／ガンダムビルドシリーズ
6108,ストレリチア,0,585,48,71,80,590,20,300,300,400,300,300,50,強5,Ｍ,54,200000,4,-4,0,0,その他／スパロボシリーズ
6109,オルトリンデ,0,452,43,93,70,572,18,340,340,340,340,340,10,－,Ｍ,49,13350,3,-4,2,0,MS系／ガンダム系／鉄血のオルフェンズ
6110,碇ゲンドウ,0,80,10,22,18,400,14,200,300,150,150,80,100,－,ＳＳ,52,15000,3,1,-5,-5,人系／新世紀エヴァンゲリオン
6111,紅百式,0,432,57,109,90,322,18,180,200,150,150,150,100,－,Ｍ,38,43540,2,-3,2,-3,MS系／連邦軍・ティターンズ・地球連合／専用機／オリジナル系
6112,A'仕様アストレアTYPE-F,0,388,34,84,58,551,18,230,230,0,230,230,20,－,Ｍ,44,13350,2,0,2,2,MS系／ガンダム系／ガンダム00
6113,ウィンガル(FM) ,1,330,42,70,62,400,20,200,200,180,180,0,20,－,Ｍ,35,0,0,-4,0,5,その他／スパロボシリーズ／量産機
6114,ウィンガル・ジー,0,330,42,77,62,440,20,220,220,200,200,0,20,－,Ｍ,39,18000,2,-4,0,0,その他／スパロボシリーズ／量産機
6115,ウィンガル・ジー(FM) ,1,330,42,77,62,440,20,220,220,200,200,0,20,－,Ｍ,39,0,0,-4,0,5,その他／スパロボシリーズ／量産機
6116,スペリオルカイザー,0,500,54,76,50,600,18,600,600,600,300,300,300,－,Ｍ,60,97400,3,3,3,3,MS系／ガンダム系／ガンダムビルドシリーズ
6117,重火力型仕様アッガイ,0,200,17,38,40,170,10,10,30,30,15,0,1,－,Ｓ,19,1230,1,3,-5,-3,MS系／ジオン・ネオジオン軍・ザフト
6118,火力型A仕様アッガイ,0,200,17,38,40,170,10,10,30,30,15,0,1,－,Ｓ,19,4230,1,3,-5,-3,MS系／ジオン・ネオジオン軍・ザフト
6119,機動型B仕様アッガイ,0,200,17,38,40,170,10,10,30,30,15,0,1,－,Ｓ,19,4230,1,3,-5,-3,MS系／ジオン・ネオジオン軍・ザフト
6120,機動型A仕様アッガイ,0,200,17,38,40,170,10,10,30,30,15,0,1,－,Ｓ,19,4230,1,3,-5,-3,MS系／ジオン・ネオジオン軍・ザフト
6121,索敵型仕様アッガイ,0,200,17,38,50,170,10,10,30,30,15,0,1,－,Ｓ,19,4230,1,3,-5,-3,MS系／ジオン・ネオジオン軍・ザフト
6122,TB仕様ゾック,0,435,44,50,64,336,35,0,0,0,165,0,100,－,Ｍ,37,14940,-3,3,-5,-5,MS系／ジオン・ネオジオン軍・ザフト
6123,後期仕様Zガンダム,0,448,57,122,86,478,19,250,270,200,230,250,100,NT5,Ｍ,55,53620,2,-3,2,-4,MS系／ガンダム系／エウーゴ・カラバ／機動戦士ガンダムZZ
6124,後期仕様ウェイブライダー ,1,448,57,129,86,478,24,250,270,200,230,250,100,NT5,Ｍ,55,0,-6,-6,4,4,MA系／ガンダム系／エウーゴ・カラバ／機動戦士ガンダムZZ
6125,オリジン仕様ジム・スナイパーカスタム,0,296,26,52,65,326,18,50,0,0,0,50,20,－,Ｍ,30,7680,2,-3,2,-4,MS系／ジム系／連邦軍・ティターンズ・地球連合／MSV(モビルスーツバリエーション)／量産機
6126,マジンカイザー刃皇,0,750,75,75,75,900,30,500,500,500,500,500,100,－,Ｍ,75,200000,3,-1,1,-1,その他／スパロボシリーズ
6127,アルタイル,0,1234,56,78,90,100,12,900,900,900,900,900,1693,強5,ＳＳ,118,1737920,2,-5,-6,2,人系
6128,ダインスレイヴ搭載仕様グレイズ,0,318,28,1,102,297,18,150,150,150,150,250,10,－,Ｍ,32,6810,0,-5,0,-5,MS系／ガンダム系／鉄血のオルフェンズ／量産機
6129,ガンキャノン・アクア,0,275,38,50,68,295,20,0,0,0,95,95,1,－,Ｍ,30,7800,2,3,-5,-2,MS系／連邦軍・ティターンズ・地球連合
6130,ガンダム・ダンタリオン,0,498,49,100,82,636,18,360,360,360,360,360,150,－,Ｍ,55,20020,3,-4,2,0,MS系／ガンダム系／鉄血のオルフェンズ
6131,SG攻略作戦WD隊仕様ジム・キャノン,0,290,26,41,58,300,18,0,0,0,0,60,1,－,Ｍ,19,6990,2,-3,2,-5,MS系／ジム系／連邦軍・ティターンズ・地球連合
6132,ルナシスクード,0,516,46,92,90,600,20,280,280,280,280,250,100,－,Ｍ,54,52060,0,-2,3,-2,MS系／ガンダム系／エウーゴ・カラバ／オリジナル系
6133,ポリポッドボール,0,140,14,35,44,180,8,100,0,10,0,0,10,－,Ｓ,16,1650,4,-4,0,-3,その他／ガンダムビルドシリーズ
6134,グレイズシュタッヘル,0,385,34,69,85,382,18,260,260,260,260,260,20,－,Ｍ,39,7380,1,-4,2,0,MS系／ガンダム系／鉄血のオルフェンズ
6135,ノエル,0,150,15,80,100,650,15,800,800,500,500,800,300,NT7,ＳＳ,90,290000,5,-2,-3,0,人系
6136,空母搭載仕様コスモファルコン,0,150,15,105,50,300,9,180,180,185,185,180,5,－,Ｍ,29,9000,-4,-5,5,5,スパロボシリーズ／車輌・戦闘機系／量産機
6137,アースハリケーン,0,847,50,53,50,800,40,130,230,150,150,0,10,－,Ｌ,67,28600,1,-5,-5,-4,艦船系／スパロボシリーズ
6138,ジム・コマンドスタークス,0,294,28,52,55,320,18,185,200,175,185,165,70,－,Ｍ,20,7140,1,-3,3,-4,MS系／ジム系／連邦軍・ティターンズ・地球連合／オリジナル系
6139,レギオス・イオタ,0,336,33,68,80,396,15,170,170,170,170,170,100,－,Ｓ,37,13890,-5,-5,3,3,スパロボシリーズ／車輌・戦闘機系／量産機
6140,レギオス・イオタ(D) ,1,336,35,59,80,396,15,170,170,170,170,170,100,－,Ｓ,37,0,3,0,3,2,その他／スパロボシリーズ／量産機
6141,レギオス・イオタ(S) ,1,336,37,63,80,396,15,170,170,170,170,170,100,－,Ｓ,37,0,3,-5,3,-5,その他／スパロボシリーズ／量産機
6142,ハイゴッグ(航行形態) ,1,305,26,60,55,347,15,0,0,0,90,90,10,－,Ｍ,29,0,-5,6,-5,-5,MS系／ジオン・ネオジオン軍・ザフト／ポケットの中の戦争
6143,ガンダムジーエンアルトロン,0,508,50,94,86,502,40,275,250,240,240,230,50,－,Ｍ,50,20800,1,0,3,0,MS系／ガンダム系／ガンダムビルドシリーズ
6144,ガルバルディリベイク,0,589,59,120,82,551,16,0,110,110,110,0,250,－,Ｍ,57,8370,1,-5,1,-3,MS系／ジオン・ネオジオン軍・ザフト／ガンダムビルドシリーズ
6145,夕雲改二,0,330,53,48,45,500,119,90,150,100,150,90,1100,－,ＬＬ,48,19530,0,3,-9,-5,艦船系／人系／艦これ
6146,白露改二,0,310,50,50,50,400,118,80,140,85,150,80,50,－,ＬＬ,44,19530,0,3,-9,-5,艦船系／人系／艦これ
6147,天龍改二,0,420,63,42,53,500,162,110,0,200,120,85,100,－,ＬＬ,52,40060,0,3,-9,-4,艦船系／人系／艦これ
6148,黒電号,0,428,44,77,74,275,18,330,330,330,330,330,10,強7,Ｍ,27,12060,3,-4,2,0,MS系／鉄血のオルフェンズ
6149,アストレイノーネイム,0,568,35,107,78,894,32,410,410,420,420,420,290,－,Ｍ,65,111530,3,-3,3,0,MS系／ガンダム系／ガンダムビルドシリーズ
6150,キサラギ(オーバーマスター),0,1172,72,72,72,720,72,720,720,720,720,720,720,－,Ｌ,72,1508000,1,1,1,1,その他／スパロボシリーズ
6151,ハルカイザー,0,638,47,130,100,765,20,765,765,765,765,765,765,NT7,Ｍ,87,1610000,1,1,1,1,その他／スパロボシリーズ
6152,ガンダム・ウヴァルユハナ,0,491,47,95,82,424,18,360,360,360,360,360,50,強7,Ｍ,37,18810,3,-4,2,0,MS系／ガンダム系／鉄血のオルフェンズ
6153,ガンダムストームブリンガー,0,339,31,58,60,360,18,50,0,50,0,0,20,－,Ｍ,34,12420,2,-5,3,-2,MS系／ガンダム系／連邦軍・ティターンズ・地球連合
6154,RO仕様ヘビーガンダム,0,416,39,52,62,408,18,150,165,145,145,170,50,－,Ｍ,28,12780,2,-4,2,-4,MS系／ガンダム系／連邦軍・ティターンズ・地球連合／MS-X(モビルスーツ・ペズン)
6155,私服仕様アルトリア・オルタ,0,90,30,95,70,990,10,420,235,730,530,760,154,－,ＳＳ,40,560000,5,0,-6,-4,人系
6156,ベラ・ロナ専用ビギナ・ギナ,0,519,47,109,90,534,18,220,250,270,270,270,130,－,Ｍ,53,30160,2,-3,2,0,MS系／機動戦士ガンダムF91／専用機
6157,黒潮改二,0,330,53,48,41,500,118,90,150,100,155,110,100,－,ＬＬ,48,19530,0,3,-9,-5,艦船系／人系／艦これ
6158,伊勢改二,0,780,94,50,72,950,219,300,0,240,0,200,100,－,ＬＬ,84,386120,0,3,-9,-3,艦船系／人系／艦これ
6159,ジム・インターセプトカスタム,0,296,26,52,65,326,18,50,0,0,0,50,30,－,Ｍ,21,10680,2,-3,2,-4,MS系／ジム系／連邦軍・ティターンズ・地球連合／MSV(モビルスーツバリエーション)／量産機
6160,ハイ専用ウィンガル・ジー,0,375,46,84,62,528,20,260,260,200,200,0,20,－,Ｍ,44,28000,2,-4,0,0,その他／スパロボシリーズ／専用機
6161,ハイ専用ウィンガル・ジー(FM) ,1,375,46,84,62,528,20,260,260,200,200,0,20,－,Ｍ,44,0,0,-4,0,5,その他／スパロボシリーズ／専用機
6162,銀河,0,1500,70,39,180,1800,100,270,400,230,265,400,10,－,ＬＬ,145,956000,-6,0,1,1,艦船系／スパロボシリーズ
6163,フォウ(ダーナ・オシー),0,230,32,58,60,425,20,170,170,160,160,100,30,NT5,Ｓ,60,28000,-3,-2,0,6,車輌・戦闘機系／スパロボシリーズ
6164,フォウ(ボチューン),0,230,32,58,60,425,20,170,170,160,160,100,30,NT5,Ｓ,60,28000,-3,-2,0,6,車輌・戦闘機系／スパロボシリーズ
6165,フォウ(ボゾン),0,230,32,58,60,425,20,170,170,160,160,100,30,NT5,Ｓ,60,28000,-3,-2,0,6,車輌・戦闘機系／スパロボシリーズ
6166,ダブルオーダイバーエース,0,464,50,100,83,473,22,300,300,300,300,0,100,－,Ｍ,48,32200,2,-4,3,2,MS系／ガンダム系／ガンダムビルドシリーズ
6167,ガンダムダブルオースカイ,0,605,60,123,77,763,20,300,300,300,300,300,300,－,Ｍ,70,32260,2,-4,3,3,MS系／ガンダム系／ガンダムビルドシリーズ
6168,ジン,0,165,20,70,80,550,15,800,800,500,800,800,1,－,ＳＳ,90,290000,5,0,-4,-2,人系
6169,アメイジングストライクフリーダムP,0,508,42,115,80,472,18,370,400,250,270,250,60,強5,Ｍ,60,55000,1,-4,4,3,MS系／ガンダム系／ガンダムビルドシリーズ
6170,シェザール隊A班仕様ジェスタ,0,432,54,111,63,461,18,180,205,190,190,190,50,－,Ｍ,36,44440,-5,-5,2,0,MS系／ジム系／連邦軍・ティターンズ・地球連合
6171,シェザール隊B班仕様ジェスタ,0,432,54,109,73,461,18,180,205,190,190,190,1,－,Ｍ,36,44440,-5,-5,2,0,MS系／ジム系／連邦軍・ティターンズ・地球連合
6172,シェザール隊C班仕様ジェスタ,0,432,54,109,63,461,18,180,205,190,190,190,1,－,Ｍ,36,44440,1,-5,2,0,MS系／ジム系／連邦軍・ティターンズ・地球連合
6173,V.F.G.VF-31A カイロス,0,450,44,120,115,480,19,220,280,220,220,220,150,－,Ｍ,58,67000,-5,-5,3,3,マクロスシリーズ／車輌・戦闘機系／人系
6174,V.F.G.VF-31A カイロス(G) ,1,450,40,109,115,480,19,220,280,220,220,220,150,－,Ｓ,58,0,2,2,2,2,その他／マクロスシリーズ／人系
6175,V.F.G.VF-31A カイロス(B) ,1,450,49,100,95,480,19,220,280,220,220,220,150,－,Ｍ,58,0,3,-5,3,-1,その他／マクロスシリーズ／人系
6176,ロングレンジ・ジョシコウセイ,0,90,10,40,99,350,15,60,60,60,60,500,400,－,ＳＳ,27,110000,2,-4,-5,-5,人系
6177,オルテガ専用高機動型ザク,0,316,26,61,54,326,18,0,60,60,60,0,1,－,Ｍ,21,6750,-4,-5,4,-4,MS系／ザク系／ジオン・ネオジオン軍・ザフト／MSV(モビルスーツバリエーション)／専用機
6178,マッシュ専用高機動型ザク,0,316,26,61,54,326,18,0,60,60,60,0,1,－,Ｍ,21,6750,-4,-5,4,-4,MS系／ザク系／ジオン・ネオジオン軍・ザフト／MSV(モビルスーツバリエーション)／専用機
6179,ムーンガンダム,0,430,50,82,80,470,20,210,240,200,180,0,150,NT6,Ｍ,45,13500,1,-5,3,-1,MS系／ジオン・ネオジオン軍・ザフト
6180,スミルノフ専用ジンクスIV,0,448,44,88,68,636,19,300,300,300,300,300,30,－,Ｍ,51,20080,1,-3,1,1,MS系／ガンダム00／専用機
6181,パトリック仕様ジンクスIV,0,448,44,88,68,636,19,300,300,300,300,300,30,－,Ｍ,51,20080,1,-3,1,1,MS系／ガンダム00／専用機
6182,不知火改二,0,330,54,49,43,500,118,90,150,100,150,120,1100,－,ＬＬ,48,19530,0,3,-9,-5,艦船系／人系／艦これ
6183,神鷹,0,380,35,22,48,800,198,0,0,70,180,45,300,－,ＬＬ,57,43060,0,3,-9,-3,艦船系／人系／艦これ
6184,神鷹改,0,480,53,23,60,800,198,0,0,90,180,55,50,－,ＬＬ,63,52060,0,3,-9,-3,艦船系／人系／艦これ
6185,神鷹改二,0,500,56,34,64,800,198,75,0,135,180,75,150,－,ＬＬ,65,64060,0,3,-9,-3,艦船系／人系／艦これ
6186,ネルソン,0,820,92,22,42,700,220,360,0,120,0,120,100,－,ＬＬ,73,362090,0,3,-9,-3,艦船系／人系／艦これ
6187,ネルソン改,0,930,104,23,48,700,220,405,0,150,0,140,200,－,ＬＬ,78,452120,0,3,-9,-3,艦船系／人系／艦これ
6188,ビグ・ザムール,0,660,52,48,72,514,50,230,300,100,220,305,450,NT6,Ｌ,52,19800,1,-5,2,-2,MA系／ジオン・ネオジオン軍・ザフト／アドバンス・オブ・ゼータ
6189,フェネクス(NT)(DM),0,576,70,144,82,340,21,290,260,230,240,230,10,NT5,Ｍ,79,133220,3,-2,4,-4,MS系／ガンダム系／連邦軍・ティターンズ・地球連合
6190,ゴルゴン,0,813,46,49,35,800,30,140,240,80,50,0,1,－,Ｌ,64,29200,1,-5,-5,-4,艦船系／スパロボシリーズ
6191,スパルタン,0,730,32,38,180,1000,100,170,270,130,150,230,100,－,ＬＬ,77,76000,-5,-4,3,2,艦船系／連邦軍・ティターンズ・地球連合
6192,タブリスnano,0,510,34,51,51,510,24,700,700,600,400,400,360,－,Ｌ,117,236000,3,-3,4,2,その他／新世紀エヴァンゲリオン
6193,キュベレイダムド,0,480,40,88,90,570,20,250,200,210,210,215,150,NT5,Ｍ,51,55000,3,-5,5,-1,MS系／ジオン・ネオジオン軍・ザフト／ガンダムビルドシリーズ
6194,重兵装仕様大和改,0,960,118,28,39,720,263,660,0,385,0,65,100,－,ＬＬ,80,1154120,0,3,-9,-3,艦船系／人系／艦これ
6195,GBF仕様ケルディムサーガ,0,464,45,88,64,657,18,300,300,0,300,300,50,－,Ｍ,57,28840,2,-3,2,2,MS系／ガンダム系／ガンダムビルドシリーズ
6197,ガンダムラヴファントム,0,510,42,110,80,472,30,370,400,250,270,250,60,強5,Ｍ,60,55000,1,-4,4,3,MS系／ガンダム系／ガンダムビルドシリーズ
6198,ウルフタイプ,0,540,42,60,40,560,20,150,220,90,80,0,1,－,Ｌ,47,13350,1,-5,-5,-4,艦船系／スパロボシリーズ
6199,GM/GM青龍,0,450,46,55,80,440,22,400,400,400,400,400,50,－,Ｍ,40,52000,1,-5,1,-3,MS系／ジム系／ガンダムビルドシリーズ／オリジナル系
6200,GM/GM朱雀,0,450,46,55,80,440,22,400,400,400,400,400,50,－,Ｍ,40,52000,1,-5,1,-3,MS系／ジム系／ガンダムビルドシリーズ／オリジナル系
6201,GM/GM白虎,0,450,46,55,80,440,22,400,400,400,400,400,50,－,Ｍ,40,52000,1,-5,1,-3,MS系／ジム系／ガンダムビルドシリーズ／オリジナル系
6202,GM/GM玄武,0,450,46,55,80,440,22,400,400,400,400,400,50,－,Ｍ,40,52000,1,-5,1,-3,MS系／ジム系／ガンダムビルドシリーズ／オリジナル系
6203,ビッグGM/GM,0,450,46,55,80,440,22,400,400,400,400,400,50,－,Ｍ,40,52000,1,-5,1,-3,MS系／ジム系／ガンダムビルドシリーズ／オリジナル系
6204,GM/GMグランドマスター,0,2250,46,26,80,500,22,500,500,500,500,500,250,－,Ｍ,104,500000,1,-5,1,-3,MS系／ジム系／オリジナル系
6205,袖付き仕様シナンジュ・スタイン,0,544,65,131,88,567,22,350,350,380,380,380,190,NT7,Ｍ,57,131420,2,-2,2,-5,MS系／ジオン・ネオジオン軍・ザフト
6206,HT装備仕様ガンダム・ダンタリオン,0,498,50,106,82,678,18,360,360,360,360,360,50,－,Ｍ,57,28540,3,-4,2,0,MS系／ガンダム系／鉄血のオルフェンズ
6207,HB装備仕様ガンダム・ダンタリオン,0,498,50,100,82,678,18,360,360,360,360,360,1,－,Ｍ,57,28540,0,-4,3,0,MS系／ガンダム系／鉄血のオルフェンズ
6208,P装備仕様ガンダム・ダンタリオン,0,520,50,102,82,678,18,400,400,400,400,400,100,－,Ｍ,58,28600,2,-4,3,0,MS系／ガンダム系／鉄血のオルフェンズ
6209,TB仕様グラブロ,0,450,43,52,60,400,30,100,150,90,100,0,20,－,Ｌ,45,7260,-5,5,-5,-5,MA系／ジオン・ネオジオン軍・ザフト
6210,ジェガンブラストマスター,0,344,34,67,88,400,18,140,165,150,150,150,100,－,Ｍ,48,76000,1,-5,2,0,MS系／ジム系／連邦軍・ティターンズ・地球連合／ガンダムビルドシリーズ
6211,百式壊,0,445,38,73,95,410,20,180,200,150,150,150,70,－,Ｍ,43,51400,3,-5,3,-2,MS系／ガンダム系／エウーゴ・カラバ／ガンダムビルドシリーズ
6212,リック・ディジェ,0,410,43,93,60,470,24,260,290,180,180,100,50,－,Ｍ,33,21100,1,-5,4,0,MS系／エウーゴ・カラバ／専用機
6213,護衛隊仕様ジェガンD型,0,390,47,92,58,425,19,140,165,150,150,150,5,－,Ｍ,31,18240,1,-4,2,-5,MS系／ジム系／量産機
6214,東南アジア仕様高機動型リーオー,0,272,19,38,60,297,16,250,240,230,240,210,20,－,Ｍ,17,5580,2,-2,-3,2,MS系／新機動戦記ガンダムW／量産機
6215,ヴァイスリック・ドム,0,300,28,56,48,326,18,0,0,90,90,0,10,強5,Ｍ,30,7770,-3,-4,3,-5,MS系／ジオン・ネオジオン軍・ザフト／ガンダムビルドシリーズ／量産機
6216,ヴァイスアッシマー,0,353,40,66,55,400,20,150,150,190,190,0,50,強5,Ｍ,38,11490,2,-5,2,-3,MS系／連邦軍・ティターンズ・地球連合／ガンダムビルドシリーズ／量産機
6217,ヴァイスアッシマー(MA) ,1,353,40,68,35,400,20,150,150,190,190,0,50,強5,Ｍ,38,0,-5,-5,-4,4,MA系／連邦軍・ティターンズ・地球連合／ガンダムビルドシリーズ／量産機
6218,アミダ仕様辟邪,0,482,36,88,70,382,18,350,450,350,350,350,100,－,Ｍ,33,8520,2,-4,1,0,MS系／ガンダム系／鉄血のオルフェンズ
6219,TB仕様ゴッグ,0,400,33,44,50,280,13,0,0,35,35,0,10,－,Ｍ,32,4770,0,4,-5,-3,MS系／ジオン・ネオジオン軍・ザフト
6220,TB仕様ズゴック,0,288,40,52,42,278,16,0,0,95,95,0,10,－,Ｍ,28,5910,2,3,-5,-2,MS系／ジオン・ネオジオン軍・ザフト
6221,アクシズ仕様ビグ・ザム,0,672,52,54,70,510,59,130,200,0,120,205,50,－,Ｌ,52,56080,3,-5,2,-5,MA系／ジオン・ネオジオン軍・ザフト／オリジナル系
6222,Es,0,160,15,70,99,660,15,800,800,800,800,500,1,NT8,ＳＳ,90,290000,5,0,-5,3,人系
6223,クィン・マンサ・セプテット,0,873,70,96,76,638,39,240,200,180,180,210,200,NT5,Ｌ,77,133220,2,-5,2,-5,MS系／ジオン・ネオジオン軍・ザフト／オリジナル系
6224,ディガンマ・アジール,0,790,62,80,90,500,70,500,230,230,230,240,300,NT7,ＬＬ,59,43600,2,-5,2,-4,MS系／ジオン・ネオジオン軍・ザフト／オリジナル系
6225,リバーシブルガンダム,0,480,50,103,82,472,22,380,380,380,380,380,50,強5,Ｍ,49,52000,2,-5,3,3,MS系／ガンダム系／ガンダムビルドシリーズ
6226,リバーシブルガンダム(TM) ,1,480,50,91,87,472,22,380,380,380,380,380,50,強5,Ｍ,49,0,2,-5,0,0,MS系／ガンダム系／ガンダムビルドシリーズ
6227,リバーシブルガンダム(CM) ,1,480,50,91,110,472,22,380,380,380,380,380,50,強5,Ｍ,49,0,0,-5,2,0,MS系／ガンダム系／ガンダムビルドシリーズ
6228,バリスティックザク,0,460,36,104,95,300,18,200,400,200,200,200,220,NT3,Ｍ,47,40000,2,-5,4,3,MS系／ザク系／ガンダムビルドシリーズ
6229,ガンダムX十魔王,0,392,41,76,80,470,40,350,340,330,340,310,190,－,Ｍ,55,110000,0,-3,2,2,MS系／ガンダム系／ガンダムビルドシリーズ
6230,ミサイルポッド装備仕様トラッド11,0,290,20,54,35,150,12,50,60,40,40,0,1,－,Ｓ,12,3030,2,-5,-5,-5,その他／スパロボシリーズ／量産機
6231,ミサイルポッド装備仕様ギャロップ,0,290,24,50,35,150,12,50,60,40,40,0,1,－,Ｓ,12,3030,2,-5,-5,-5,その他／スパロボシリーズ／量産機
6232,オープントップ仕様クラブ,0,290,25,45,35,95,18,50,50,40,40,0,1,－,Ｓ,9,2730,1,-5,-3,-5,その他／スパロボシリーズ／量産機
6233,バッファロータイプ,0,530,42,56,40,560,20,150,220,90,80,0,60,－,Ｌ,47,13200,1,-5,-5,-4,艦船系／スパロボシリーズ
6234,キャリング,0,1320,54,49,90,990,50,370,370,100,320,200,300,－,ＬＬ,92,55000,2,-5,-4,0,艦船系／スパロボシリーズ
6235,ジムズゴック ,1,517,48,50,80,440,22,400,400,400,400,400,60,－,Ｍ,40,0,1,3,-5,-3,MS系／ジム系／オリジナル系
6236,インパルスガンダムアルク,0,442,42,89,80,500,20,330,350,220,240,240,80,強5,Ｍ,52,33400,3,-5,2,3,MS系／ガンダム系／ガンダムビルドシリーズ
6237,インパルスガンダムランシエ,0,442,42,89,80,500,20,330,350,220,240,240,80,強5,Ｍ,52,33400,3,3,2,-4,MS系／ガンダム系／ガンダムビルドシリーズ
6238,アクセルレイトジンクス,0,427,41,86,68,425,20,300,300,300,300,300,60,－,Ｍ,42,14700,1,-3,1,2,MS系／ガンダムビルドシリーズ
6239,シャドーフォックスAC,0,380,40,95,65,400,20,160,200,140,160,180,50,－,Ｍ,48,18000,5,-3,-5,0,その他／ゾイドシリーズ／スパロボシリーズ
6240,ガンダムバウンサー,0,260,32,48,48,350,15,75,75,75,75,0,15,－,Ｍ,28,4980,4,0,-5,-2,MS系／ガンダム系／連邦軍・ティターンズ・地球連合
6241,サンダーボルト仕様陸戦型ザクII,0,210,18,38,62,280,11,0,30,0,30,0,10,－,Ｍ,26,7680,2,-5,-5,-3,MS系／ザク系／ジオン・ネオジオン軍・ザフト／量産機
6242,デルフィニウム,0,585,48,71,80,590,20,300,300,400,300,300,200,強5,Ｍ,54,200000,4,-4,0,0,その他／スパロボシリーズ
6243,タイコンデロガ,0,600,50,30,170,700,100,250,250,200,200,200,50,－,ＬＬ,62,32800,-4,-4,2,-3,艦船系／スパロボシリーズ
6244,ゆうなぎ,0,600,50,30,170,700,100,250,250,200,200,200,1,－,ＬＬ,62,32800,-4,-4,2,-3,艦船系／スパロボシリーズ
6245,巡洋艦サラトガ,0,550,50,40,120,500,80,200,250,200,200,200,50,－,ＬＬ,50,18000,-4,-4,2,-3,艦船系／スパロボシリーズ
6246,アンドロメダブラック,0,1760,60,54,170,1700,110,270,270,200,200,200,150,強5,ＬＬ,148,620000,-5,-5,2,2,艦船系／スパロボシリーズ／量産機
6247,アンドロメダ改,0,1760,60,54,170,1700,110,270,470,200,200,200,100,－,ＬＬ,148,860000,-5,-5,2,2,艦船系／スパロボシリーズ
6248,バイオニック・ジョシコウセイ,0,90,10,68,70,350,15,60,60,60,500,60,1,－,ＳＳ,27,110000,2,-4,-5,-5,人系
6249,月面降下仕様ネロ,0,377,42,87,75,425,20,0,120,100,85,60,30,－,Ｍ,31,14190,2,-3,2,-4,MS系／ジム系／連邦軍・ティターンズ・地球連合／ガンダムセンチネル／量産機
6250,RX-零丸,0,455,49,100,72,380,20,290,260,240,250,240,80,NT7,Ｍ,54,92000,1,0,4,-5,MS系／ガンダム系／ガンダムビルドシリーズ
6251,RX-零丸(カクレ形態) ,1,455,55,100,92,380,20,290,260,240,250,240,80,NT7,Ｍ,54,0,1,0,4,-5,MS系／ガンダム系／ガンダムビルドシリーズ
6252,武装装甲八鳥,0,100,49,112,82,280,10,290,260,240,250,240,1,強5,Ｍ,39,18000,-4,0,3,5,MS系／ガンダム系／ガンダムビルドシリーズ
6253,RX-零丸(RT),0,555,51,100,85,580,20,290,260,240,260,280,200,NT7,Ｍ,65,146000,1,-4,5,-4,MS系／ガンダム系／ガンダムビルドシリーズ
6254,対空武装強化仕様ダグラム,0,358,58,80,70,408,10,200,200,200,200,200,40,－,Ｓ,20,8430,4,0,-5,-3,その他／スパロボシリーズ
6255,カズマ,0,250,30,80,50,500,11,500,500,300,150,100,300,NT8,ＳＳ,56,740000,4,-1,-4,0,人系
6256,タートル号(C),0,580,32,120,130,700,94,400,450,400,400,400,1,－,ＬＬ,54,788000,-5,-5,5,5,艦船系／スパロボシリーズ
6257,キャスター仕様ネロ,0,90,10,88,70,990,10,420,235,730,530,760,100,－,ＳＳ,41,500000,5,0,-6,-4,人系
6258,祝融ガンダム,0,364,35,86,75,480,20,240,100,200,150,200,150,強5,Ｍ,50,8400,5,-1,0,-2,MS系／ガンダム系／スパロボシリーズ
6259,祝融ガンダム(毘沙門曼陀羅形態) ,1,364,25,90,75,480,20,240,100,200,150,200,150,強5,Ｍ,50,0,5,-1,0,-2,MS系／ガンダム系／スパロボシリーズ
6260,孟獲ガンダム,0,425,47,103,72,590,20,240,250,260,230,240,100,強5,Ｍ,57,12600,5,-2,1,-5,MS系／ガンダム系／スパロボシリーズ
6261,金剛阿修羅鎧,0,546,52,57,75,700,30,340,200,300,250,300,150,強5,Ｍ,60,42400,5,-1,0,-2,MS系／ガンダム系／スパロボシリーズ
6262,金剛戦車 ,1,546,57,52,75,700,30,340,200,300,250,300,150,強5,Ｍ,60,0,5,-1,0,-2,MA系／ガンダム系／スパロボシリーズ
6263,クレヴェナール,0,520,40,88,64,430,17,240,100,220,255,100,150,強3,Ｍ,46,18000,-5,-5,4,-4,MA系／ガンダム系／連邦軍・ティターンズ・地球連合
6264,トリントン基地仕様ネモ,0,384,37,74,60,397,18,120,130,0,80,0,5,－,Ｍ,28,12780,2,-3,2,-5,MS系／ジム系／エウーゴ・カラバ／ガンダムUC／量産機
6265,MS少女デンドロビウム,0,770,46,86,104,605,30,220,220,0,220,220,500,－,Ｍ,68,620000,-5,-5,2,-4,MS系／ガンダム系／連邦軍・ティターンズ・地球連合／人系
6266,MS少女バーザム,0,378,38,72,71,434,20,150,175,175,180,0,500,－,Ｍ,45,43000,1,-5,3,-4,MS系／連邦軍・ティターンズ・地球連合／人系
6267,MS少女スーパーバーザム,0,410,42,87,82,443,21,172,200,200,205,0,100,－,Ｍ,48,81200,1,-5,3,-4,MS系／連邦軍・ティターンズ・地球連合／人系
6268,MS少女ガンダムMk-II,0,517,46,71,68,429,15,159,165,148,148,0,500,－,Ｍ,50,40000,2,-5,2,-2,MS系／ガンダム系／エウーゴ・カラバ／人系
6269,ティターンズ仕様MS少女ガンダムMk-II,0,396,39,81,71,495,15,148,148,148,148,0,500,強1,Ｍ,49,30100,2,-5,2,-2,MS系／ガンダム系／連邦軍・ティターンズ・地球連合／人系
6270,ティターンズ仕様MS少女スーパーガンダム,0,429,44,100,83,506,16,170,170,170,170,0,100,強2,Ｍ,52,64000,0,-1,2,1,MS系／ガンダム系／連邦軍・ティターンズ・地球連合／人系
6271,MS少女FAZZ,0,469,52,64,66,473,20,264,264,264,264,286,500,－,Ｍ,50,150500,2,-5,3,-3,MS系／ガンダム系／エウーゴ・カラバ／人系
6272,MS少女Sガンダム,0,495,44,90,66,495,21,209,203,165,187,0,500,－,Ｍ,52,258500,1,-5,3,-1,MS系／ガンダム系／連邦軍・ティターンズ・地球連合／人系
6273,MS少女Ex-Sガンダム,0,510,48,92,85,605,21,220,231,253,275,286,500,－,Ｍ,58,276500,1,-5,3,-1,MS系／ガンダム系／連邦軍・ティターンズ・地球連合／人系
6274,Bst仕様MS少女Sガンダム,0,550,49,110,71,484,19,209,214,165,187,132,500,－,Ｍ,56,150500,-5,-5,5,-5,MS系／ガンダム系／連邦軍・ティターンズ・地球連合／人系
6275,駆逐イ級,0,60,2,14,25,300,200,25,75,30,15,5,20,－,ＬＬ,35,12000,-5,3,-9,-5,艦船系／人系／艦これ／量産機
6276,ナラティブガンダム,0,432,40,89,92,610,40,260,230,210,220,210,100,NT4,Ｍ,51,14100,2,-5,4,-2,MS系／ガンダム系／連邦軍・ティターンズ・地球連合
6277,A装備仕様ナラティブガンダム,0,570,50,89,92,610,40,260,230,210,220,210,200,NT4,Ｌ,71,19200,-5,-5,4,-5,MS系／ガンダム系／連邦軍・ティターンズ・地球連合
6278,B装備仕様ナラティブガンダム,0,454,40,89,92,610,40,260,230,210,220,210,100,NT4,Ｌ,51,14100,0,-5,3,-3,MS系／ガンダム系／連邦軍・ティターンズ・地球連合
6279,C装備仕様ナラティブガンダム,0,432,40,109,92,610,40,260,230,210,220,210,100,NT4,Ｍ,51,14100,2,-5,4,-2,MS系／ガンダム系／連邦軍・ティターンズ・地球連合
6280,シュトゥルムテュラン,0,528,60,119,70,525,22,350,300,350,350,400,50,強5,Ｍ,66,56380,4,0,-6,-6,その他／ゾイドシリーズ／スパロボシリーズ
6281,セリオ専用ジンクスIV,0,427,41,86,68,425,20,300,300,300,300,300,30,－,Ｍ,42,14700,1,-3,1,1,MS系／ガンダムビルドシリーズ／専用機
6282,フリオ専用ジンクスIV,0,427,41,86,68,425,20,300,300,300,300,300,30,－,Ｍ,42,14700,1,-3,1,1,MS系／ガンダムビルドシリーズ／専用機
6283,空母ヲ級,0,255,20,3,40,300,200,0,0,30,0,1,85,－,ＬＬ,43,79000,-5,3,-9,-3,艦船系／人系／艦これ／量産機
6284,E7かがやき,0,520,60,40,70,500,40,150,150,350,350,350,150,－,Ｌ,60,146000,4,-3,0,-4,その他／スパロボシリーズ
6285,E6こまち,0,520,50,44,80,500,40,150,150,350,350,350,5,－,Ｌ,60,146000,5,-3,0,-4,その他／スパロボシリーズ
6286,E5はやぶさ,0,520,55,44,70,500,40,150,150,350,350,350,5,－,Ｌ,60,146000,4,-3,0,2,その他／スパロボシリーズ
6287,シュネー専用サザーランド,0,260,28,62,50,210,10,230,300,300,300,250,1,－,Ｓ,24,8400,3,-4,-4,-5,その他／コードギアス／専用機
6288,フルアーマー騎士ガンダム,0,520,68,62,65,500,25,350,350,350,150,130,125,－,Ｍ,45,64000,4,-4,0,0,MS系／ガンダム系
6289,ホワイトディンゴ仕様ジム・キャノン,0,290,26,41,58,300,18,0,0,0,0,60,50,－,Ｍ,29,6990,2,-3,2,-5,MS系／ジム系／専用機
6290,ランスロット・アルビオンゼロ,0,400,40,110,60,600,10,400,470,470,470,420,50,－,Ｓ,47,110000,3,-4,-4,3,その他／コードギアス
6291,ういにんぐふみなGBC,0,237,50,100,50,550,18,237,237,237,237,237,30,－,Ｍ,39,13110,3,-4,3,1,MS系／ガンダム系／ガンダムビルドシリーズ
6292,壱,0,88,15,68,70,350,15,60,60,60,500,60,1,－,ＳＳ,27,110000,2,-4,-5,-5,人系
6293,レイチェル,0,120,10,65,99,700,15,800,800,500,500,800,1,NT7,ＳＳ,90,290000,3,-2,-4,4,人系
6294,肆,0,88,15,68,70,350,15,60,60,60,500,60,1,－,ＳＳ,27,110000,2,-4,-5,-5,人系
6295,レッド・ヘッド仕様ジム・キャノン,0,276,24,37,58,300,18,0,0,0,0,60,20,－,Ｍ,23,6690,2,-3,2,-5,MS系／ジム系／連邦軍・ティターンズ・地球連合／MSV(モビルスーツバリエーション)
6296,袖付き仕様リゲルグ,0,454,54,126,63,460,19,180,200,150,180,175,20,－,Ｍ,48,53140,2,-3,2,-5,MS系／ジオン・ネオジオン軍・ザフト／機動戦士ガンダムZZ／ゲルググ系／量産機
6297,CA仕様アレックス,0,432,48,56,58,425,18,140,0,120,155,0,30,NT2,Ｍ,35,19110,2,-4,2,-5,MS系／ガンダム系／連邦軍・ティターンズ・地球連合／ポケットの中の戦争
6298,闇遊戯,0,30,2,20,80,150,7,0,0,0,0,0,1000,－,ＳＳ,21,110000,2,-2,-6,-4,人系
6299,ヴェイガンギア,0,600,60,98,80,500,31,350,350,380,360,300,300,－,Ｌ,54,52600,-4,-5,4,-6,MS系／ガンダム系／ガンダムAGE
6300,ヴェイガンギア・シド,0,1800,60,98,80,780,31,550,550,580,560,300,400,－,Ｌ,115,146000,-4,-5,4,-6,MS系／ガンダム系／ガンダムAGE
6301,忍,0,270,10,95,100,400,10,400,400,500,500,0,100,－,ＳＳ,37,290000,5,-3,-3,-3,人系
6302,ブラック・マジシャン・ガール,0,170,60,70,80,600,15,800,500,400,400,400,573,NT8,ＳＳ,65,1151600,3,-3,3,3,人系
6303,ゴブリンスレイヤー,0,32,6,15,50,300,9,0,0,0,0,0,200,－,ＳＳ,15,12000,2,-3,-6,-5,人系
6304,飛甲兵(FM) ,1,420,42,70,62,400,20,200,200,180,180,0,10,－,Ｍ,42,0,0,-4,0,5,その他／スパロボシリーズ／量産機
6305,ゴル・ボドルザー,0,3300,73,15,150,2000,500,2000,1000,1000,1000,1000,150000,強5,ＸＬ,200,299280000,-6,-6,-3,-6,艦船系／マクロスシリーズ
6306,ペルフェクティビリティ,0,640,50,108,90,500,40,290,260,240,260,280,10,NT7,Ｍ,59,76000,1,-4,5,-5,MS系／ガンダム系／連邦軍・ティターンズ・地球連合／ガンダムUC／オリジナル系
6307,タママロボUC,0,424,41,91,50,580,13,380,390,490,470,450,100,－,Ｓ,47,8400,2,-4,0,0,その他／スパロボシリーズ
6308,タママロボUC(UM),0,424,41,91,65,580,13,380,390,490,470,450,100,－,Ｓ,48,8400,2,-4,0,0,その他／スパロボシリーズ
6309,タママロボUC(DM),0,424,41,91,65,446,13,380,390,490,470,450,100,－,Ｓ,49,8400,2,-4,0,0,その他／スパロボシリーズ
6310,ケロロロボUC,0,424,50,84,46,580,13,380,380,460,490,450,100,－,Ｓ,47,8400,2,-4,0,0,その他／スパロボシリーズ
6311,ケロロロボUC(UM),0,424,50,100,60,386,13,380,380,460,490,450,100,－,Ｓ,49,8400,2,-4,0,0,その他／スパロボシリーズ
6312,ケロロロボUC(DM),0,424,50,130,90,148,13,380,380,460,490,450,100,－,Ｓ,50,8400,2,-4,0,0,その他／スパロボシリーズ
6313,2019冬仕様ワンダちゃん,0,200,10,50,30,200,19,200,200,100,0,0,219,－,ＳＳ,20,12057,3,-5,-5,-2,人系
6314,ガール仕様CFGガオガイガー,0,455,70,50,60,600,30,280,280,250,250,250,2100,強3,Ｌ,48,92000,2,-1,0,2,その他／人系／勇者・エルドランシリーズ
6315,ガイガー仕様CFGガオガイガー,0,520,70,50,60,600,30,280,280,250,250,250,100,強3,Ｌ,51,92000,2,-1,0,2,その他／人系／勇者・エルドランシリーズ
6316,ギャレオン仕様CFGガオガイガー,0,585,70,50,60,600,30,280,280,250,250,250,100,強3,Ｌ,53,92000,2,-1,0,2,その他／人系／勇者・エルドランシリーズ
6317,CFGガオガイガー,0,650,70,50,60,600,30,280,280,250,250,250,100,強3,Ｌ,60,92000,2,-1,0,2,その他／人系／勇者・エルドランシリーズ
6318,ガードフレーム,0,360,36,70,65,450,15,135,135,135,135,0,60,強5,Ｍ,40,5640,0,0,0,0,MS系／ガンダムビルドシリーズ／量産機
6319,ベースガンダム,0,490,49,86,81,455,18,182,182,182,182,0,40,－,Ｍ,47,14940,2,-1,2,-1,MS系／ガンダム系／ガンダムビルドシリーズ
6320,エド,0,44,5,50,40,110,10,400,400,200,0,0,300,－,ＳＳ,16,182000,3,-5,-5,-2,人系
6321,セイラ専用コア・ブースター,0,283,20,67,40,284,10,20,50,20,0,0,20,－,Ｍ,18,7290,-5,-5,3,2,連邦軍・ティターンズ・地球連合／機動戦士ガンダム／車輌・戦闘機系／専用機
6322,スレッガー専用コア・ブースター,0,283,20,67,40,284,10,20,50,20,0,0,20,－,Ｍ,18,7290,-5,-5,3,2,連邦軍・ティターンズ・地球連合／機動戦士ガンダム／車輌・戦闘機系／専用機
6323,戦艦ル級,0,810,35,3,20,300,200,65,0,70,0,5,90,－,ＬＬ,62,92000,-5,3,-9,-3,艦船系／人系／艦これ／量産機
6324,ヘイズルII,0,480,45,90,70,500,24,300,300,300,300,300,30,－,Ｍ,46,31000,-5,-4,3,0,MS系／ガンダム系／連邦軍・ティターンズ・地球連合／アドバンス・オブ・ゼータ
6325,タオカカ,0,135,10,100,40,500,15,800,800,800,500,500,1,－,ＳＳ,90,290000,5,-2,-4,0,人系
6326,ナの国近衛騎士団長仕様ヴェルビン,0,400,38,137,80,612,15,290,290,290,290,290,120,NT6,Ｓ,69,133850,3,-3,0,5,その他／スパロボシリーズ
6327,TB-107,0,500,5,35,150,400,80,250,250,200,200,200,30,－,ＬＬ,38,12000,-3,-4,1,-3,艦船系／スパロボシリーズ／量産機
6328,巡洋艦イントレピッド,0,550,5,30,120,500,80,200,250,200,200,200,30,－,ＬＬ,42,13800,-3,-4,2,-3,艦船系／スパロボシリーズ／量産機
6329,地球防衛戦線仕様ドレッドノート,0,800,50,35,160,700,80,200,280,0,0,200,1,－,Ｌ,67,28000,-2,-2,1,-1,艦船系／スパロボシリーズ／量産機
6330,火星防衛戦線仕様ドレッドノート,0,800,50,35,160,700,80,200,280,0,0,200,1,－,Ｌ,67,28000,-2,-2,1,-1,艦船系／スパロボシリーズ／量産機
6331,プロトGNHML仕様ガンダムアストレア,0,365,40,83,66,395,22,230,230,0,230,230,30,－,Ｍ,37,14310,2,-3,2,1,MS系／ガンダム系／ガンダム00
6332,陸奥改二,0,910,109,24,56,550,215,455,0,190,0,80,2150,－,ＬＬ,73,746120,0,3,-9,-3,艦船系／人系／艦これ
6333,ウユダーロ級制圧砲艦,0,1950,81,50,187,1200,150,350,400,300,350,400,300,－,ＸＬ,140,980000,-5,-3,4,1,艦船系／バンプレストオリジナル
6334,深海鶴棲姫,0,2400,110,20,220,970,257,138,108,88,0,0,800,－,ＬＬ,160,1700000,-5,3,-9,-3,艦船系／人系／艦これ／量産機
6335,アナンケ,0,768,31,40,110,1070,170,180,260,120,130,220,10,－,ＬＬ,65,76000,-5,-5,3,-5,艦船系／連邦軍・ティターンズ・地球連合／MSV(モビルスーツバリエーション)
6336,VF-31E ジークフリード,0,450,44,115,120,480,19,220,280,220,220,220,50,－,Ｍ,58,67000,-2,-2,6,6,マクロスシリーズ／車輌・戦闘機系
6337,VF-31E ジークフリード(G) ,1,450,40,104,120,480,19,220,280,220,220,220,50,－,Ｓ,58,0,1,-2,1,-5,その他／マクロスシリーズ
6338,VF-31E ジークフリード(B) ,1,450,49,95,100,480,19,220,280,220,220,220,50,－,Ｍ,58,0,5,-5,3,-2,その他／マクロスシリーズ
6339,アンネローゼ専用クィン・マンサ,0,832,70,96,76,638,39,240,200,180,180,210,10,NT5,Ｌ,77,133220,2,-5,2,-5,MS系／ジオン・ネオジオン軍・ザフト／専用機
6340,アージェイト,0,480,60,68,90,560,20,240,240,200,350,200,150,－,Ｍ,58,110000,1,-5,3,5,その他／スパロボシリーズ
6341,タウヤー仕様シェンロンガンダム,0,431,39,76,67,509,16,230,220,230,210,200,50,－,Ｍ,45,12750,3,0,-4,-2,MS系／ガンダム系／新機動戦記ガンダムW
6342,エグゾアーム・ジョシコウセイ,0,90,10,54,99,350,15,60,60,60,60,500,1,－,ＳＳ,27,110000,2,-4,-5,-5,人系
6343,ジュモーラ,0,600,50,110,100,600,20,400,400,400,400,500,300,NT8,Ｌ,65,290000,3,-2,3,3,その他／バンプレストオリジナル
6344,ヨナ仕様ディジェ,0,400,48,98,60,447,18,160,180,0,0,0,10,－,Ｍ,33,21820,2,-5,-5,0,MS系／エウーゴ・カラバ
6345,ブラックバード,0,180,18,87,65,370,16,180,180,185,185,180,10,強5,Ｓ,40,19800,-4,-5,5,5,スパロボシリーズ／車輌・戦闘機系／量産機
6346,加藤専用ブラックバード,0,180,18,87,65,370,16,180,180,185,185,180,1,－,Ｓ,40,19800,-4,-5,5,5,スパロボシリーズ／車輌・戦闘機系／専用機
6347,最終決戦仕様宇宙戦艦ヤマト,0,1500,80,39,190,1800,100,270,400,230,265,400,100,－,ＬＬ,160,956000,-6,0,1,1,艦船系／スパロボシリーズ
6348,UC仕様グスタフ・カール,0,393,56,98,78,368,18,230,230,130,130,0,1,－,Ｍ,32,12630,2,-1,2,-1,MS系／連邦軍・ティターンズ・地球連合／量産機
6349,VF-31S アーマードジークフリード,0,470,44,108,115,480,19,220,280,220,220,220,10,－,Ｍ,59,69400,-2,-2,5,5,マクロスシリーズ／車輌・戦闘機系
6350,VF-31S アーマードジークフリード(G) ,1,470,40,98,115,480,19,220,280,220,220,220,10,－,Ｓ,59,0,1,-2,1,-5,その他／マクロスシリーズ
6351,VF-31S アーマードジークフリード(B) ,1,470,49,90,95,480,19,220,280,220,220,220,10,－,Ｍ,59,0,4,-5,3,-2,その他／マクロスシリーズ
6352,エスカフローネ(飛竜形態) ,1,260,22,67,45,500,17,20,80,30,0,0,10,－,ＳＳ,30,0,-4,0,-2,4,その他／スパロボシリーズ
6353,量産仕様ボチューン,0,300,48,71,60,325,20,170,180,160,160,100,1,NT5,Ｓ,48,13200,0,-2,0,3,その他／スパロボシリーズ／量産機
6354,リハイゼ,0,428,48,90,78,400,20,300,300,300,300,300,10,NT6,Ｍ,48,52000,2,-1,1,0,MS系／ガンダム系／連邦軍・ティターンズ・地球連合／アドバンス・オブ・ゼータ／専用機
6355,ダイバスター,0,1380,51,59,87,850,300,700,700,700,700,700,350,強6,ＸＬ,120,11280000,-6,0,1,1,人系／スパロボシリーズ
6356,日向改二,0,780,94,49,75,950,219,290,0,230,340,200,150,－,ＬＬ,84,386120,0,4,-9,-4,艦船系／人系／艦これ
6357,空神ウィンダム,0,486,47,82,82,620,25,250,270,250,250,250,100,NT6,Ｍ,52,12000,2,0,0,4,その他／スパロボシリーズ
6358,海神セレス,0,493,44,86,82,620,25,250,270,250,250,250,100,NT6,Ｍ,52,12000,2,4,0,2,その他／スパロボシリーズ
6359,炎神レイアース,0,500,47,82,82,620,25,250,270,200,230,250,100,NT6,Ｍ,53,12000,2,0,0,2,その他／スパロボシリーズ
6360,マクロス・エリシオン,0,1650,45,30,120,900,200,400,400,400,400,400,100,－,ＸＬ,101,380000,-6,-6,0,0,艦船系／マクロスシリーズ
6361,ハローキティ,0,400,40,40,40,400,40,400,400,400,400,400,40,－,Ｌ,40,28000,2,-5,0,-5,その他／スパロボシリーズ
6362,ハローキティ(飛行モード) ,1,400,40,40,40,400,40,400,400,400,400,400,40,－,Ｌ,40,0,-2,-5,0,2,その他／スパロボシリーズ
6363,ハローキティ(水中モード) ,1,400,40,40,40,400,40,400,400,400,400,400,40,－,Ｌ,40,0,-2,2,0,-5,その他／スパロボシリーズ
6364,ゴールドフレーム天ハナ,0,408,45,83,75,425,28,300,290,310,220,220,100,強4,Ｍ,48,20680,3,-3,5,0,MS系／ガンダム系／ガンダムSEED ASTRAY、MSV
6365,マグナザウラー,0,340,23,103,72,470,20,210,220,230,230,230,100,－,Ｌ,57,12600,3,-3,0,3,その他／スパロボシリーズ
6366,マグナティラノ ,1,340,23,103,72,470,20,210,220,230,230,230,100,－,Ｌ,57,0,4,-3,0,0,その他／スパロボシリーズ
6367,エリザベート,0,93,10,85,70,900,10,420,600,600,600,600,1154,NT1,ＳＳ,45,290000,5,0,-6,-4,人系
6368,キャスター仕様エリザベート,0,90,11,90,70,800,10,420,600,600,600,600,154,NT1,ＳＳ,45,326000,5,0,-6,-4,人系
6369,セイバー仕様エリザベート,0,89,12,95,70,800,10,420,600,600,600,600,154,NT1,ＳＳ,45,362000,5,0,-6,-4,人系
6370,イザナミ,0,150,10,95,60,800,15,800,800,800,500,500,1373,強7,ＳＳ,150,3394500,2,-4,2,5,人系
6371,アーハン,0,386,39,88,87,520,15,300,300,300,300,300,100,強5,Ｓ,44,6900,3,-5,2,3,その他／スパロボシリーズ／量産機
6372,ニューアーハン,0,425,45,98,84,570,15,400,400,400,400,400,100,強5,Ｓ,49,7500,3,-5,2,3,その他／スパロボシリーズ／量産機
6373,Eタイプ仕様ガンダムF90,0,453,50,116,70,520,15,250,260,260,240,200,120,－,Ｍ,39,18450,2,-3,2,-5,MS系／ガンダム系／連邦軍・ティターンズ・地球連合／機動戦士ガンダムF90
6374,ガルル専用スパーク・ジェガマ,0,424,50,115,80,298,13,380,380,460,490,450,300,－,Ｓ,49,8400,2,-4,0,0,その他／スパロボシリーズ／専用機
6375,ティターンズ仕様シスクード,0,480,46,90,80,560,20,250,250,250,250,220,10,－,Ｍ,50,40060,0,-2,3,-3,MS系／ガンダム系／連邦軍・ティターンズ・地球連合／オリジナル系
6376,陸,0,88,15,68,70,350,15,60,60,60,500,60,1,－,ＳＳ,27,110000,2,-4,-5,-5,人系
6377,初期仕様グスタフ・カール,0,393,56,98,78,368,18,230,230,130,130,0,90,－,Ｍ,32,12630,2,-1,2,-1,MS系／連邦軍・ティターンズ・地球連合／量産機
6378,金剛改二丙,0,860,91,40,51,800,214,380,100,160,0,90,2150,－,ＬＬ,79,404120,0,3,-9,-3,艦船系／人系／艦これ
6379,強化型ザック装着仕様ブロックヘッド,0,375,56,54,60,220,30,180,180,170,170,90,10,－,Ｓ,25,7140,3,-5,-5,-4,その他／スパロボシリーズ
6380,最終決戦仕様SV-51γ,0,280,22,108,80,400,20,160,180,170,170,150,10,－,Ｓ,34,12000,-2,-2,-5,5,マクロスシリーズ／車輌・戦闘機系／専用機
6381,最終決戦仕様SV-51γ(G) ,1,280,22,98,70,400,20,160,180,170,170,150,10,－,Ｓ,33,0,1,1,-2,1,その他／マクロスシリーズ／専用機
6382,最終決戦仕様SV-51γ(B) ,1,280,22,88,60,400,20,160,180,170,170,150,10,－,Ｓ,33,0,5,-2,-3,-2,その他／マクロスシリーズ／専用機
6383,シュバルツ仕様アイアンコング,0,480,63,63,82,560,30,350,400,400,370,300,100,強3,Ｍ,48,32260,5,-3,-5,1,その他／ゾイドシリーズ／スパロボシリーズ／専用機
6384,キズナアイ,0,154,10,18,28,450,102,60,90,35,80,60,100,強5,ＬＬ,24,12000,-5,3,-6,-5,艦船系／人系
6385,キズナアイ・スーパーゲーマー,0,733,50,10,76,550,224,450,0,155,0,100,150,－,ＬＬ,53,1582400,-5,3,-5,-3,艦船系／人系
6386,ハセヲ,0,60,5,40,40,300,10,200,200,200,100,100,300,－,ＳＳ,39,110000,4,-2,-4,-4,人系
6387,ハセヲ(2ndフォーム),0,75,10,50,50,400,15,350,350,350,200,200,300,強3,ＳＳ,45,146000,5,-2,-4,-4,人系
6388,スケィス ,1,400,40,65,55,350,20,350,350,350,200,200,300,強3,ＳＳ,45,0,0,-4,4,4,その他
6389,バン・アルデバル,0,800,80,70,70,580,100,600,600,400,400,400,100,－,Ｌ,72,76000,-3,0,3,3,艦船系／バンプレストオリジナル
6390,プレイアデス・タウラ,0,1000,90,75,100,1290,100,700,700,500,500,500,200,NT5,ＸＬ,105,290000,-3,0,3,3,艦船系／バンプレストオリジナル
6391,エア・クリスマス,0,1800,80,55,190,1000,100,420,420,370,370,370,300,－,ＬＬ,118,254000,0,1,2,2,艦船系／バンプレストオリジナル
6392,臨時戦闘仕様エヴァンゲリオン8号機β,0,700,50,63,80,368,30,370,400,250,270,250,100,－,Ｌ,116,740000,-4,-4,4,1,その他／新世紀エヴァンゲリオン
6393,ヴァナルガンド,0,298,29,78,70,325,15,90,90,0,100,200,100,強5,Ｍ,33,7620,4,-5,-5,1,MS系／ザク系／連邦軍・ティターンズ・地球連合／アドバンス・オブ・ゼータ
6394,マコト,0,170,15,95,60,500,15,800,800,800,500,500,1,－,ＳＳ,90,290000,6,-4,-4,0,人系
6395,ヘイズル・アウスラ,0,409,48,102,60,447,18,160,180,160,140,0,30,－,Ｍ,34,42880,0,-2,3,0,MS系／ガンダム系／連邦軍・ティターンズ・地球連合／アドバンス・オブ・ゼータ
6396,ターニャ,0,150,30,80,60,300,11,110,180,350,350,300,400,NT9,ＳＳ,25,290000,1,-5,-5,5,人系
6397,ハセヲ(3rdフォーム),0,80,12,55,55,420,15,400,400,400,350,350,300,強4,ＳＳ,60,182000,5,-2,-4,-4,人系
6398,スケィス2nd ,1,444,44,70,70,444,20,400,400,400,350,350,500,強4,Ｓ,60,0,0,-4,4,4,その他
6399,ハセヲ(Xthフォーム),0,140,14,65,65,500,15,600,600,600,450,450,500,強6,ＳＳ,75,254000,5,-2,-4,2,人系
6400,スケィスXth ,1,550,50,80,80,500,20,600,600,600,450,450,500,強6,Ｓ,75,0,0,-2,5,5,その他
6401,飛行ユニット装備仕様エリアル,0,680,52,75,75,700,35,300,300,300,300,300,150,－,Ｌ,50,500000,6,-3,1,4,その他／スパロボシリーズ
6402,赤城改二,0,810,81,33,91,800,261,600,0,200,0,100,300,－,ＬＬ,81,258590,0,3,-9,-3,艦船系／人系／艦これ
6403,赤城改二戊,0,810,81,33,90,800,261,670,0,200,0,100,100,－,ＬＬ,79,254090,0,3,-9,-3,艦船系／人系／艦これ
6404,ノイ・バルグレイ,0,1800,60,35,170,1700,110,270,270,200,200,200,50,－,ＬＬ,152,620000,-5,-5,1,1,艦船系／スパロボシリーズ
6405,コロラド,0,770,90,19,37,530,190,390,0,140,0,150,1000,－,ＬＬ,64,326090,0,3,-9,-3,艦船系／人系／艦これ
6406,コロラド改,0,910,99,22,52,530,190,400,0,180,0,200,200,－,ＬＬ,71,404120,0,3,-9,-3,艦船系／人系／艦これ
6407,リアルタイプ仕様劉備ガンダム,0,598,58,120,60,820,15,1650,2150,2550,825,455,3594,－,Ｍ,65,19782,2,-5,2,-2,MS系／ガンダム系／SDガンダム
6408,V.F.G.VF-31D スクルド,0,450,44,120,115,480,19,220,280,220,220,220,150,－,Ｍ,58,67000,-5,-5,3,3,マクロスシリーズ／車輌・戦闘機系／人系
6409,V.F.G.VF-31D スクルド(G) ,1,450,40,109,115,480,19,220,280,220,220,220,150,－,Ｓ,58,0,2,2,2,2,その他／マクロスシリーズ／人系
6410,V.F.G.VF-31D スクルド(B) ,1,450,49,100,95,480,19,220,280,220,220,220,150,－,Ｍ,58,0,3,-5,3,-1,その他／マクロスシリーズ／人系
6411,セイバー仕様宮本武蔵,0,116,11,114,70,800,10,420,600,2700,300,300,634,NT1,ＳＳ,57,572000,5,0,-6,-4,人系
6412,シルヴァ・バレト・サプレッサー,0,496,61,122,67,478,22,210,250,170,250,250,100,NT3,Ｍ,40,57040,2,-3,2,-5,MS系／連邦軍・ティターンズ・地球連合
6413,水着ライダー仕様アルトリア・オルタ,0,100,30,95,70,900,10,2420,2235,2730,2530,2060,154,－,ＳＳ,40,620000,5,0,-6,-4,人系
6414,第一再臨仕様玄奘三蔵,0,83,14,94,70,800,10,2600,2600,2400,2000,1200,354,NT1,ＳＳ,45,290000,3,0,-6,-4,人系
6415,第二再臨仕様玄奘三蔵,0,85,14,94,70,800,10,2700,2700,2500,2000,900,800,NT1,ＳＳ,46,326000,3,0,-6,-4,人系
6416,第三再臨仕様玄奘三蔵,0,87,14,94,70,800,10,2800,2800,2600,2000,600,590,NT1,ＳＳ,47,362000,3,0,-6,-4,人系
6417,フィリップ専用ジム・ドミナンス,0,317,29,54,56,336,18,50,0,150,0,0,50,－,Ｍ,22,7860,3,-5,-5,-2,MS系／ジム系／連邦軍・ティターンズ・地球連合／専用機
6418,マイ,0,180,15,80,70,550,15,800,800,500,800,500,1,－,ＳＳ,90,290000,5,0,-5,-2,人系
6419,サンダーボルト(HM),0,490,32,80,90,440,30,300,300,300,300,300,100,－,Ｍ,48,19500,3,-5,3,1,その他
6420,カイゼリン,0,550,55,86,85,650,26,240,240,550,250,200,250,NT3,Ｍ,57,52000,3,1,1,1,その他／ファイブスター物語
6421,ゴジュラスガナー,0,680,52,50,85,570,35,350,400,360,400,380,40,強3,Ｌ,56,96500,5,-2,-5,-4,その他／ゾイドシリーズ／スパロボシリーズ
6422,水着仕様ジャンヌオルタ,0,60,10,110,70,990,10,2100,1175,2620,2120,1520,100,－,ＳＳ,40,500000,5,1,-6,-4,人系
6423,第一再臨水着アーチャー仕様ジャンヌ,0,85,10,110,70,900,10,2100,1175,2190,1590,3040,200,－,ＳＳ,40,500000,5,0,-6,-4,人系
6424,第二再臨水着アーチャー仕様ジャンヌ,0,85,11,110,90,990,10,2100,1175,2190,1590,3420,100,－,ＳＳ,41,500000,5,2,-6,-4,人系
6425,第三再臨水着アーチャー仕様ジャンヌ,0,85,12,110,110,990,10,2100,1175,2190,1590,3800,100,－,ＳＳ,42,500000,5,2,-6,-4,人系
6426,IGEL装備仕様ガンダムヘビーアームズ,0,443,45,73,80,545,16,250,230,220,220,210,50,－,Ｍ,47,13920,3,0,-4,-4,MS系／ガンダム系／新機動戦記ガンダムW
6427,ML装備仕様ジム・スナイパーカスタム,0,296,26,52,65,326,18,50,0,0,0,50,30,－,Ｍ,25,7680,1,-3,2,-5,MS系／ジム系／連邦軍・ティターンズ・地球連合／MSV(モビルスーツバリエーション)／量産機
6428,ガルファ素体,0,260,22,40,50,250,10,150,150,150,150,150,30,強2,Ｓ,25,7500,2,0,2,1,その他／スパロボシリーズ／量産機
6429,オービトン,0,350,28,50,60,300,20,180,180,180,180,180,30,強3,Ｍ,28,12000,1,0,2,2,その他／スパロボシリーズ／量産機
6430,ファイタス,0,350,28,50,60,300,20,180,180,180,180,180,30,強3,Ｍ,28,12000,1,0,2,2,その他／スパロボシリーズ／量産機
6431,ジャム,0,450,40,55,70,400,20,230,230,230,230,230,50,強4,Ｍ,40,18000,2,0,2,2,その他／スパロボシリーズ
6432,レガシー,0,450,40,55,70,400,20,230,230,230,230,230,50,－,Ｍ,40,18000,2,0,2,2,その他／スパロボシリーズ
6433,ギガウィッター,0,500,50,55,65,500,25,280,280,280,280,280,200,強5,Ｍ,48,40000,1,0,3,2,その他／スパロボシリーズ
6434,ギガグルメイ,0,550,55,48,60,500,30,280,280,280,280,280,100,強5,Ｍ,48,40000,1,0,2,1,その他／スパロボシリーズ
6435,ギガアブゾルート,0,470,40,58,70,500,20,280,280,280,280,280,100,強5,Ｍ,48,40000,0,0,3,2,その他／スパロボシリーズ
6436,ゼロ,0,400,40,60,70,500,15,300,300,280,280,280,150,強6,Ｍ,50,40000,2,0,2,2,その他／スパロボシリーズ
6437,ベクターゼロ,0,600,64,70,75,550,25,350,350,330,300,300,300,強6,Ｍ,58,110000,2,0,3,3,その他／スパロボシリーズ
6438,ラゴウ,0,500,50,55,75,500,25,300,300,280,280,280,200,強5,Ｍ,50,110000,3,0,3,3,その他／スパロボシリーズ
6439,ヘイスティXD型,0,362,56,63,70,250,16,110,110,100,100,100,15,－,Ｓ,24,7500,4,-5,-5,-5,その他／スパロボシリーズ／量産機
6440,刀野薙仕様エヴァンゲリオン初号機,0,560,55,80,80,700,70,300,300,300,300,300,200,－,Ｌ,135,500000,3,-1,2,0,その他／新世紀エヴァンゲリオン
6441,カルバチョート仕様シタラ,0,190,28,86,85,500,15,1500,1600,1900,1000,2700,350,－,ＳＳ,37,52000,1,-4,3,3,人系
6442,実戦配備仕様ハイゼンスレイII,0,448,59,118,67,496,22,300,300,300,300,300,80,強1,Ｍ,39,66280,-3,-4,1,0,MS系／ガンダム系／連邦軍・ティターンズ・地球連合／アドバンス・オブ・ゼータ
6443,実戦配備仕様ハイゼンスレイII(MA) ,1,448,59,124,67,496,22,300,300,300,300,300,10,強1,Ｍ,39,0,-5,-4,1,4,MA系／ガンダム系／連邦軍・ティターンズ・地球連合／アドバンス・オブ・ゼータ
6444,Fタイプ仕様ガンダムF90,0,453,50,116,70,520,15,250,260,260,240,200,120,－,Ｍ,39,18450,2,-3,2,-5,MS系／ガンダム系／連邦軍・ティターンズ・地球連合／機動戦士ガンダムF90
6445,ウーンドウォート・ラー,0,480,59,118,70,514,22,300,300,300,300,300,130,－,Ｍ,41,54160,0,-4,3,0,MS系／ガンダム系／連邦軍・ティターンズ・地球連合／アドバンス・オブ・ゼータ
6446,リックラガー,0,400,40,50,60,470,20,210,210,210,220,150,50,NT7,Ｍ,40,12000,3,-4,0,-5,スパロボシリーズ／車輌・戦闘機系
6447,カイラガー,0,400,40,50,60,470,20,210,210,210,220,150,50,NT7,Ｍ,40,12000,-4,4,0,-5,スパロボシリーズ／車輌・戦闘機系
6448,クウラガー,0,400,40,50,60,470,20,210,210,210,220,150,50,NT7,Ｍ,40,12000,-4,-4,0,4,スパロボシリーズ／車輌・戦闘機系
6449,ダイラガー,0,690,52,60,72,450,60,300,350,300,300,300,100,NT7,Ｌ,52,290000,2,2,2,2,その他／スパロボシリーズ
6450,桃白白,0,200,70,110,70,450,12,2000,2000,3000,2000,2000,999,－,ＳＳ,44,740000,5,0,-6,0,人系
6451,未完成仕様ガンダム6号機,0,384,35,61,68,408,19,140,140,100,130,130,20,－,Ｍ,28,8790,3,-3,2,-5,MS系／ガンダム系／連邦軍・ティターンズ・地球連合／M-MSV(大河原邦夫コレクション)
6452,第一再臨水着仕様武蔵,0,103,10,114,70,800,10,420,600,2800,300,300,634,NT1,ＳＳ,55,572000,3,2,-6,-4,人系
6453,第二再臨水着仕様武蔵,0,103,10,116,70,820,10,420,600,2900,300,300,634,NT1,ＳＳ,56,572000,3,2,-6,-4,人系
6454,第三再臨水着仕様武蔵,0,103,10,118,70,840,10,420,600,3000,300,300,634,NT1,ＳＳ,57,572000,3,2,-6,-4,人系
6455,ガンダムGP-羅刹,0,400,39,68,66,440,22,180,180,180,0,180,80,－,Ｍ,46,9465,3,-5,2,-2,MS系／ガンダムビルドシリーズ
6456,V.F.G.VF-25S メサイア,0,435,42,118,80,470,20,200,200,200,200,200,150,－,Ｍ,47,56800,-5,-5,3,3,マクロスシリーズ／車輌・戦闘機系／人系
6457,V.F.G.VF-25S メサイア(G) ,1,435,38,108,80,470,20,180,180,170,170,170,150,－,Ｓ,47,0,2,2,2,2,その他／マクロスシリーズ／人系
6458,V.F.G.VF-25S メサイア(B) ,1,435,47,100,60,470,20,180,180,170,170,170,150,－,Ｍ,47,0,3,-5,3,-1,その他／マクロスシリーズ／人系
6459,真駆参大将軍,0,570,74,68,71,550,20,385,385,385,165,143,150,強5,Ｍ,53,76000,4,-4,0,0,MS系／ガンダム系
6460,リアルタイプ仕様曹操ガンダム,0,588,55,119,60,845,15,2490,3120,1440,3900,2460,3594,－,Ｍ,65,19782,2,-5,2,-2,MS系／ガンダム系／SDガンダム
6461,ウルトラザウルス,0,650,65,45,110,680,50,300,400,300,400,400,300,－,Ｌ,71,620000,4,3,-5,0,その他／ゾイドシリーズ／スパロボシリーズ
6462,スーパーピピ美BARIモード,0,580,98,89,100,800,25,2018,1,2304,2305,2306,999,強6,Ｍ,67,291332,1,-2,2,1,その他／スパロボシリーズ
6463,おおいなるものライディーン,0,720,70,55,75,620,70,300,300,250,250,250,150,NT3,Ｌ,65,76000,3,0,2,2,その他
6464,A.I.S,0,370,48,60,65,220,15,500,500,500,500,500,40,NT6,Ｓ,41,28000,4,-3,-2,0,その他
6465,幻創戦艦大和戦仕様改良型A.I.S,0,390,50,70,70,460,15,500,500,500,500,500,80,NT7,Ｓ,47,31600,2,-1,2,3,その他
6466,A.I.Sエクソーダ,0,440,55,70,70,490,15,500,500,500,500,500,50,強3,Ｓ,50,40000,4,-1,2,1,その他
6467,ドラウ,0,350,36,50,50,300,15,150,150,100,100,100,10,－,Ｍ,30,6600,1,-4,1,-5,その他／スパロボシリーズ
6468,黄泉,0,43,8,82,50,300,10,430,430,430,430,43,430,－,ＳＳ,26,29800,4,-5,-6,-4,人系
6469,ガンダムザラキエル,0,436,43,112,80,472,18,450,500,300,500,450,160,強5,Ｍ,46,31000,0,-4,4,2,MS系／ガンダム系／ガンダムビルドシリーズ
6470,GNスカイ ,1,436,43,112,80,472,18,450,500,300,500,450,160,強5,Ｍ,46,0,-4,-4,4,4,MA系／ガンダム系／ガンダムビルドシリーズ
6471,GNブル ,1,436,43,112,80,472,18,450,500,300,500,450,160,強5,Ｍ,46,0,4,-4,1,0,MA系／ガンダム系／ガンダムビルドシリーズ
6472,紅蓮特式,0,420,50,112,65,540,12,500,570,570,570,520,390,－,Ｓ,48,146000,3,-4,-4,3,その他／コードギアス
6473,旧共和国仕様ゴドス,0,372,42,60,55,245,16,100,100,120,120,0,10,－,Ｓ,32,6930,5,-4,-6,-1,その他／ゾイドシリーズ／スパロボシリーズ／量産機
6474,新星龍神丸,0,380,35,86,66,474,13,280,280,200,200,200,100,－,ＳＳ,42,19800,4,-2,-4,2,その他／スパロボシリーズ
6475,龍星丸,0,400,39,97,68,524,13,300,300,220,220,220,50,－,ＳＳ,45,29200,4,-2,-4,-4,その他／スパロボシリーズ
6476,飛龍(MA) ,1,400,39,97,68,524,13,300,300,220,220,220,50,－,ＳＳ,45,0,-4,-3,-4,3,その他／スパロボシリーズ
6477,UC仕様リ・ガズィ,0,416,53,107,60,460,18,175,175,0,0,0,30,－,Ｍ,35,41860,2,-3,2,-3,MS系／ガンダム系／連邦軍・ティターンズ・地球連合／ガンダムUC／量産機
6478,UC仕様リ・ガズィ(BWS),0,416,53,113,60,460,18,175,175,0,0,0,50,－,Ｍ,35,44980,-5,-5,4,3,MA系／連邦軍・ティターンズ・地球連合／ガンダムUC／量産機
6479,ガンダムG40,0,350,35,62,58,325,18,130,130,130,130,0,40,－,Ｍ,31,8100,2,-1,2,-1,MS系／ガンダム系／連邦軍・ティターンズ・地球連合／オリジナル系
6480,アフリカ戦線仕様ジム・キャノン,0,276,24,37,58,300,18,0,0,0,0,60,20,－,Ｍ,18,6690,2,-3,2,-5,MS系／ジム系／連邦軍・ティターンズ・地球連合／MSV(モビルスーツバリエーション)／量産機
6481,幻創戦艦・大和,0,1050,56,28,126,1260,70,270,400,230,265,400,400,NT7,ＬＬ,119,599600,-6,1,1,2,艦船系
6482,禍津戦仕様改良型A.I.S,0,390,50,65,70,440,15,500,500,500,500,500,70,NT7,Ｓ,45,30400,4,-3,2,1,その他
6483,グラッシーロボ,0,527,42,130,80,765,20,765,765,765,765,765,1560,NT8,Ｌ,87,1610000,1,1,1,1,その他／スパロボシリーズ
6484,うさぎロボ,0,530,39,82,60,300,20,139,30,68,51,72,1390,－,Ｌ,41,14100,2,-5,-5,-5,その他／スパロボシリーズ
6485,きらりんロボ,0,651,46,130,90,765,20,186,615,920,650,870,1860,－,Ｌ,87,1634000,1,1,1,1,その他／スパロボシリーズ
6486,メルザ・ウン・カノーネ,0,518,32,65,93,478,27,0,150,0,0,150,1,－,Ｍ,48,21340,4,-3,-5,-5,MS系／ジオン・ネオジオン軍・ザフト／スターダストメモリー
6487,参,0,88,15,68,70,350,15,60,60,60,500,60,1,－,ＳＳ,27,110000,2,-4,-5,-5,人系
6488,指揮官仕様VF-4 ライトニングIII,0,300,36,85,80,350,20,170,170,170,170,170,10,－,Ｍ,34,14400,-2,-2,5,2,マクロスシリーズ／車輌・戦闘機系
6489,指揮官仕様VF-4 ライトニングIII(G) ,1,300,34,81,80,350,20,170,170,170,170,170,10,－,Ｓ,34,0,1,-2,2,-5,その他／マクロスシリーズ
6490,指揮官仕様VF-4 ライトニングIII(B) ,1,300,38,76,80,350,20,170,170,170,170,170,10,－,Ｍ,34,0,5,-5,4,-5,その他／マクロスシリーズ
6491,ランスロットsiN,0,420,42,115,63,630,10,500,570,470,470,420,350,－,Ｓ,51,146000,3,-4,-4,3,その他／コードギアス
6492,UMP45,0,187,7,90,65,350,10,600,600,4000,600,500,200,強6,ＳＳ,29,500000,4,-4,-6,0,人系
6493,ウルトラザウルス・ザ・デストロイヤー,0,710,70,20,120,710,50,300,400,300,400,400,100,－,Ｌ,74,668000,4,3,-5,0,その他／ゾイドシリーズ
6494,ガンヴァレル,0,404,45,43,70,400,10,2000,6000,2000,2000,2000,400,－,Ｓ,48,76000,5,-4,0,3,その他／スパロボシリーズ
6495,RX-零丸(獅子吼),0,432,46,95,72,380,20,290,260,240,250,240,80,NT7,Ｍ,42,76000,1,0,4,-5,MS系／ガンダム系／ガンダムビルドシリーズ
6496,RX-零丸(獅子吼)(カクレ形態) ,1,432,52,95,92,380,20,290,260,240,250,240,80,NT7,Ｍ,42,0,1,0,4,-5,MS系／ガンダム系／ガンダムビルドシリーズ
6497,武装装甲八鳥(獅子吼),0,95,46,106,82,280,10,290,260,240,250,240,80,強5,Ｍ,32,12000,-4,0,3,5,MS系／ガンダム系／ガンダムビルドシリーズ
6498,RX-零丸(獅子吼)(RT),0,527,48,95,85,580,20,290,260,240,260,280,200,NT7,Ｍ,53,128000,1,-4,5,-4,MS系／ガンダム系／ガンダムビルドシリーズ
6499,魔神レガリア,0,540,68,92,95,624,25,250,270,200,230,250,200,NT6,Ｍ,67,254000,2,0,0,2,その他／スパロボシリーズ
6500,ビルドΓガンダム,0,513,42,88,63,598,18,650,670,500,500,500,100,－,Ｍ,51,46600,2,-5,2,-2,MS系／ガンダムビルドシリーズ
6501,ガディオン,0,700,60,75,60,620,70,300,300,250,250,250,50,NT3,Ｌ,65,68800,2,-3,2,2,その他
6502,ゴッドバード ,1,720,70,55,55,620,70,0,0,0,0,0,150,NT3,Ｌ,65,0,-5,0,3,4,その他
6503,高機動試験仕様ガンダムアストレア,0,365,40,91,66,395,22,230,230,0,230,230,30,－,Ｍ,39,14310,0,-4,3,3,MS系／ガンダム系／ガンダム00
6504,砲撃支援仕様ガンダムアストレア,0,365,40,91,66,395,22,230,230,0,230,230,30,－,Ｍ,39,14310,2,-3,2,1,MS系／ガンダム系／ガンダム00
6505,PGNS運用仕様ガンダムアストレア,0,365,45,83,66,395,22,230,230,0,230,230,30,－,Ｍ,39,14310,2,-3,2,1,MS系／ガンダム系／ガンダム00
6506,対大型強襲仕様ガンダムアストレア,0,365,40,91,66,395,22,230,230,0,230,230,30,－,Ｍ,39,14310,2,-3,2,1,MS系／ガンダム系／ガンダム00
6507,アヴァラングギア・シグナス,0,365,40,91,66,395,22,230,230,0,230,230,30,－,Ｍ,59,14310,2,-3,2,1,MS系／ガンダム系／ガンダム00
6508,リアルタイプ仕様孫権ガンダム,0,609,54,120,60,819,18,1500,2190,2760,1680,1020,3594,－,Ｍ,65,19782,2,-5,2,-2,MS系／ガンダム系／SDガンダム
6509,第一再臨水着獅子王,0,139,20,106,70,990,10,420,235,3050,530,760,821,－,ＳＳ,51,740000,5,0,-6,-4,人系
6510,第二再臨水着獅子王,0,141,20,108,70,990,10,420,235,3050,530,760,821,－,ＳＳ,51,740000,5,0,-6,-4,人系
6511,第三再臨水着獅子王,0,143,20,110,70,990,10,420,235,3050,530,760,821,－,ＳＳ,51,740000,5,0,-6,-4,人系
6512,劉 鳳,0,200,25,85,65,500,10,550,550,300,250,100,200,NT8,ＳＳ,56,740000,4,-1,-4,0,人系
6513,幻魔要塞ヤマタノオロチ,0,1840,96,80,70,900,100,500,500,500,500,500,500,強5,ＬＬ,111,92000,2,2,-5,3,艦船系／スパロボシリーズ
6514,ヘルモーズ・ハミシャー,0,2300,55,18,190,900,300,330,330,300,300,300,1,－,ＸＬ,121,740000,-6,-6,1,-5,艦船系／スパロボシリーズ／バンプレストオリジナル
6515,ヘルモーズ・シシャー,0,2300,55,18,190,900,300,330,330,300,300,300,1,－,ＸＬ,121,740000,-6,-6,1,-5,艦船系／スパロボシリーズ／バンプレストオリジナル
6516,ゲベル・ガンエデン,0,1700,86,54,80,1900,50,3000,3000,3000,3000,3000,450,NT7,ＬＬ,159,500000,2,0,2,2,その他／スパロボシリーズ／バンプレストオリジナル
6517,ケイサル・エフェス,0,3000,76,48,100,1800,300,3000,3000,3000,3000,3000,50000,－,ＬＬ,200,56780000,3,3,3,3,その他／スパロボシリーズ
6518,グランシャリオン,0,688,61,34,60,550,20,190,2000,2000,195,195,400,NT6,Ｍ,58,40000,2,-3,0,-5,その他／スパロボシリーズ
6519,強化型ザック仕様ラウンドフェイサー,0,350,52,52,60,450,15,100,100,100,100,100,20,－,Ｓ,28,6000,4,0,-5,-2,その他／スパロボシリーズ／量産機
6520,コアガンダム,0,497,34,106,80,544,14,560,530,410,420,410,50,－,Ｓ,48,12600,2,-1,2,-1,MS系／ガンダム系／ガンダムビルドシリーズ
6521,アースリィガンダム,0,572,54,106,111,744,18,560,530,410,420,410,300,－,Ｍ,60,29800,2,-1,2,-1,MS系／ガンダム系／ガンダムビルドシリーズ
6522,ジェノス,0,400,40,115,80,500,12,3000,3000,3000,3000,3000,5000,強7,ＳＳ,57,524000,5,-3,-3,1,人系
6523,ELSクアンタ,0,690,65,130,87,684,25,2000,2000,2000,2000,2000,1000,NT10,Ｍ,91,200000,2,-5,4,4,MS系／ガンダム00
6524,ハイゼンスレイII・ラー(MA) ,1,480,61,129,78,532,22,300,300,300,300,300,200,強5,Ｍ,42,0,-6,-6,5,3,MA系／ガンダム系／連邦軍・ティターンズ・地球連合／アドバンス・オブ・ゼータ
6525,A.I.Sヴェガ,0,410,54,80,75,485,15,500,500,500,500,500,100,NT7,Ｓ,51,32800,0,-1,4,3,その他
6526,レイス仕様陸戦型ジム,0,302,27,52,42,312,18,0,0,35,35,0,5,－,Ｍ,29,6750,3,-5,-5,-3,MS系／ジム系／連邦軍・ティターンズ・地球連合／量産機
6527,ゴールドフレームアマテラス,0,472,58,98,75,600,28,500,590,520,520,520,670,強4,Ｍ,72,28780,3,-3,4,1,MS系／ガンダム系／ガンダムSEED ASTRAY、MSV
6528,ヂーヱン,0,527,35,89,60,570,29,280,280,300,300,300,260,NT4,Ｍ,50,31000,3,-3,-5,4,その他／バンプレストオリジナル
6529,ストライカー,0,394,65,77,95,620,9,300,300,280,280,280,110,－,Ｓ,56,76000,0,0,3,3,その他／スパロボシリーズ
6530,スノーホワイトプレリュード,0,547,59,118,84,763,16,250,230,220,220,210,300,強5,Ｍ,70,146990,3,-5,2,3,MS系／ガンダム系／新機動戦記ガンダムW
6531,モードロンド ,1,547,89,94,84,763,16,250,230,220,220,210,300,強5,Ｍ,70,0,3,-5,2,3,MS系／ガンダム系／新機動戦記ガンダムW
6532,ネオ・バードモード(SWP) ,1,547,59,123,80,763,16,250,230,220,220,210,300,強5,Ｍ,70,0,-5,-5,3,3,MA系／ガンダム系／新機動戦記ガンダムW
6533,オオゾラッコーン,0,618,84,43,70,400,18,2000,2000,2000,2000,3600,600,－,Ｓ,58,205400,1,1,1,1,その他／スパロボシリーズ
6534,万能要塞ミケロス,0,1980,96,42,70,1000,100,500,500,500,500,500,360,強5,ＬＬ,121,146000,2,2,2,2,艦船系／スパロボシリーズ
6535,オルガ専用獅電,0,448,39,74,80,297,18,230,230,230,230,230,50,－,Ｍ,39,8730,2,-4,2,0,MS系／鉄血のオルフェンズ／専用機
6536,ガンダム・マルコシアス,0,580,62,91,82,650,18,460,460,460,460,460,300,強7,Ｍ,63,76000,3,-4,2,0,MS系／ガンダム系／鉄血のオルフェンズ
6537,ドロワ・ザン,0,2100,100,45,90,1180,100,500,750,550,550,600,400,－,ＬＬ,129,254000,-4,-5,2,1,艦船系／スパロボシリーズ
6538,アードラ,0,425,38,86,80,466,22,260,260,260,260,160,150,－,Ｍ,44,8880,2,1,2,-2,MS系／ガンダム系／鉄血のオルフェンズ
6539,ブラックアストレア,0,388,34,77,68,551,18,230,230,0,230,230,10,NT5,Ｍ,44,12150,2,-3,2,2,MS系／ガンダム系／ガンダム00
6540,Bタイプ仕様ガンダムF90,0,453,50,116,70,520,15,250,260,260,240,200,120,－,Ｍ,39,18450,2,-3,2,-5,MS系／ガンダム系／連邦軍・ティターンズ・地球連合／機動戦士ガンダムF90
6541,Kタイプ仕様ガンダムF90,0,453,50,116,70,520,15,250,260,260,240,200,120,－,Ｍ,39,18450,2,-3,2,-5,MS系／ガンダム系／連邦軍・ティターンズ・地球連合／機動戦士ガンダムF90
6542,聖龍飛翔形態 ,1,400,32,95,70,450,19,250,250,170,170,170,50,－,ＳＳ,42,0,-2,-2,-4,4,その他／スパロボシリーズ
6543,飛行戦艦ゴリアテ,0,820,15,40,100,700,100,250,250,200,200,200,320,－,Ｌ,63,92000,-5,-5,-5,3,艦船系／スパロボシリーズ
6544,コスモクラッシャー,0,376,50,88,68,278,22,180,180,180,180,0,30,－,Ｍ,36,14400,-3,-4,3,2,MS系／ガンダム系／ガンダム00
6545,ペーネロペー(FF) ,1,514,54,117,70,570,32,300,300,270,270,270,150,NT4,Ｍ,53,0,-6,-6,3,5,MS系／ガンダム系／連邦軍・ティターンズ・地球連合／閃光のハサウェイ
6546,DS仕様マジンガーZ,0,480,68,45,55,550,75,200,200,195,195,195,150,－,Ｍ,51,40000,2,-2,-3,4,その他／スパロボシリーズ
6547,ロードアストレイΩ,0,498,71,108,70,636,18,320,350,300,300,100,150,強4,Ｍ,57,41200,3,-4,2,-5,MS系／ガンダム系／ガンダムSEED ASTRAY、MSV
6548,ブラスティーG(C),0,480,55,100,70,580,30,500,500,300,400,400,100,－,Ｌ,58,52000,-5,-3,4,3,その他／スパロボシリーズ
6549,ブラスティーG ,1,480,50,110,90,580,30,500,500,300,400,400,100,－,Ｌ,58,0,-5,-4,5,3,その他／スパロボシリーズ
6550,MS少女ガンタンク,0,294,26,43,80,370,10,0,0,0,0,80,500,－,ＳＳ,33,8010,3,-5,-2,-5,MS系／連邦軍・ティターンズ・地球連合／人系
6551,装甲艦ハンマーヘッド,0,1050,32,37,120,425,100,80,180,190,150,200,150,強4,ＬＬ,63,298730,-5,-4,2,-6,艦船系／鉄血のオルフェンズ
6552,ガンダムジャスティスナイト,0,575,54,118,90,720,18,370,400,250,270,250,100,強5,Ｍ,62,64900,1,-4,3,3,MS系／ガンダム系／ガンダムビルドシリーズ
6553,MS少女ゴッグ,0,290,33,50,50,348,10,0,0,35,35,0,500,－,ＳＳ,31,7620,2,4,-5,-5,MS系／ジオン・ネオジオン軍・ザフト／人系
6554,バルギル,0,466,44,92,80,510,21,260,280,220,240,220,130,NT7,Ｍ,48,28600,2,-4,3,-4,MS系／ガンダム系／ジオン・ネオジオン軍・ザフト
6555,ルーセット仕様ガンダムデスサイズ,0,446,38,83,68,512,16,250,230,220,220,210,50,－,Ｍ,46,18300,3,0,-4,2,MS系／ガンダム系／新機動戦記ガンダムW
6556,N700Aのぞみ,0,525,60,40,70,510,26,150,150,350,350,350,50,－,Ｍ,60,150500,4,-3,0,-4,その他／スパロボシリーズ
6557,N700Aのぞみ(AM) ,1,525,60,40,70,357,27,150,150,350,350,350,50,－,Ｍ,60,0,4,-3,0,-4,その他／スパロボシリーズ
6558,MS少女ザクレロ,0,482,23,77,58,408,10,60,60,0,0,0,500,－,ＳＳ,41,8730,-6,-6,6,-6,MA系／ジオン・ネオジオン軍・ザフト／人系
6559,エックス,0,169,30,80,69,400,10,1600,1600,1600,2600,1600,690,強5,ＳＳ,52,57400,4,0,-2,-2,人系
6560,りせ,0,41,3,5,80,290,10,3000,300,300,300,300,410,－,ＳＳ,17,500000,5,-5,-5,-5,人系
6561,AF仕様ビアレス,0,345,27,110,70,408,15,280,290,260,260,200,75,NT6,Ｓ,57,30700,2,-2,0,5,その他／スパロボシリーズ／量産機
6562,トールギスF,0,448,41,98,70,572,17,365,360,350,360,330,160,－,Ｍ,49,19800,1,-2,3,2,MS系／新機動戦記ガンダムW
6563,フラッグ改,0,332,25,64,70,510,17,170,170,150,100,100,20,－,Ｍ,40,7050,0,-5,3,-5,MS系／ガンダム00
6564,フラッグ改(MA) ,1,332,25,69,70,510,17,170,170,150,100,100,20,－,Ｍ,40,0,-5,-5,3,0,MA系／ガンダム00
6565,アイアンコングイエティ,0,456,63,60,70,525,30,350,400,400,350,300,50,－,Ｍ,47,40660,5,-3,-5,1,その他／ゾイドシリーズ／スパロボシリーズ
6566,タイムドタバッタン,0,300,20,34,40,290,15,0,20,0,0,0,10,－,Ｍ,25,4650,3,-3,-3,2,その他／スパロボシリーズ
6567,タイムクワガッタン,0,300,20,30,40,290,15,0,20,0,0,0,10,－,Ｍ,25,4650,3,-3,-3,2,その他／スパロボシリーズ
6568,MS少女ビグロ,0,438,29,84,60,512,24,175,175,160,0,0,501,－,ＳＳ,44,12000,-6,-6,5,-6,MA系／ジオン・ネオジオン軍・ザフト／人系
6569,ディアッカ専用ガナーザクウォーリア,0,415,39,71,80,424,20,200,200,100,100,100,5,強6,Ｍ,42,8610,2,-3,2,-4,MS系／ザク系／ジオン・ネオジオン軍・ザフト／専用機／ガンダムSEED DESTINY
6570,第一再臨オキタ・J・ソウジ,0,92,16,108,60,990,9,3000,3000,3000,3000,3000,158,強5,ＳＳ,60,500000,5,0,-6,1,人系
6571,第二再臨オキタ・J・ソウジ,0,94,16,110,60,990,9,3000,3000,4000,3000,3000,158,強5,ＳＳ,61,500000,5,0,-6,1,人系
6572,第三再臨オキタ・J・ソウジ,0,95,16,112,60,990,9,3000,3000,3000,4000,3000,158,強5,ＳＳ,62,500000,5,0,-6,1,人系
6573,エクシアリペアIV,0,500,45,94,80,640,18,2000,2000,2000,2000,2000,130,NT10,Ｍ,54,29320,2,-3,2,2,MS系／ガンダム系／ガンダム00
6574,キハールII,0,387,39,84,58,432,20,250,250,190,190,0,100,強3,Ｍ,30,12420,1,-2,-5,-5,MS系／連邦軍・ティターンズ・地球連合／アドバンス・オブ・ゼータ
6575,キハールII(MA) ,1,387,39,92,58,432,20,250,250,190,190,0,100,強3,Ｍ,30,0,-5,-5,-5,3,MA系／連邦軍・ティターンズ・地球連合／アドバンス・オブ・ゼータ
6576,リアルタイプ仕様関羽ガンダム,0,614,62,106,60,876,15,2950,3750,3050,1850,3550,3594,－,Ｍ,67,19782,2,-5,2,-2,MS系／ガンダム系／SDガンダム
6577,ブルーノア,0,1600,70,38,160,1600,100,270,400,230,265,400,200,－,ＬＬ,128,836000,-6,3,-5,-5,艦船系／スパロボシリーズ
6578,パーフェクトガンダムII,0,457,48,57,75,507,18,310,320,285,290,290,100,－,Ｍ,45,41800,2,-4,2,-4,MS系／ガンダム系／連邦軍・ティターンズ・地球連合／MSV(モビルスーツバリエーション)
6579,TA仕様R・ジャジャ,0,410,52,105,50,447,20,120,130,150,150,0,30,－,Ｍ,33,43060,2,-5,2,-5,MS系／ジオン・ネオジオン軍・ザフト
6580,カルバチョート仕様シタラ(天機),0,200,28,86,86,500,15,1500,1600,1900,1000,2900,100,－,ＳＳ,38,64000,1,-4,3,3,人系
6581,ペイルライダー・キャバルリー,0,400,37,83,60,425,18,120,0,0,0,150,20,強4,Ｍ,38,19110,3,-3,3,-5,MS系／ジム系／連邦軍・ティターンズ・地球連合
6582,アクエリオンアルファ,0,580,76,62,90,500,50,600,400,400,400,400,130,NT7,Ｌ,64,428000,4,-2,2,2,その他／スパロボシリーズ
6583,アクエリオンデルタ ,1,580,63,71,80,500,50,600,400,400,400,400,130,NT7,Ｌ,64,0,2,-2,2,4,その他／スパロボシリーズ
6584,アクエリオンオメガ ,1,580,67,78,70,500,50,600,400,400,400,400,130,NT7,Ｌ,64,0,4,-1,2,1,その他／スパロボシリーズ
6585,BT仕様ガンイージ陸戦タイプ,0,395,39,83,75,460,18,200,230,190,195,200,50,－,Ｍ,33,14400,3,-2,-5,0,MS系／機動戦士Vガンダム／MSV(モビルスーツバリエーション)
6586,フルアーマー・クィンリィ,0,784,65,109,80,638,40,300,300,300,300,300,300,強5,Ｌ,66,135380,-6,-6,3,3,MS系／ガンダム系／連邦軍・ティターンズ・地球連合／アドバンス・オブ・ゼータ
6587,ジーライン・フルカスタム,0,339,33,67,58,397,18,130,130,130,130,0,20,－,Ｍ,36,12060,2,-3,2,-5,MS系／連邦軍・ティターンズ・地球連合／M-MSV(大河原邦夫コレクション)
6588,アドバンスド・フライルー(MA) ,1,440,45,126,60,460,24,170,305,305,285,200,35,－,Ｍ,46,0,-5,-5,5,4,MA系／連邦軍・ティターンズ・地球連合／アドバンス・オブ・ゼータ
6589,強化型ザック仕様ブッシュマン,0,237,40,63,60,218,20,100,100,100,100,100,10,－,Ｓ,17,6360,4,-5,-5,-5,その他／スパロボシリーズ／量産機
6590,エクストリームガンダム・エクリプス-F,0,580,42,110,80,600,20,500,500,400,400,400,150,強7,Ｍ,60,92000,3,-2,4,0,MS系／ガンダム系／オリジナル系
6591,フルドド,0,220,40,82,60,220,18,300,300,300,300,300,30,－,Ｍ,27,13800,-5,-5,3,-5,MA系／連邦軍・ティターンズ・地球連合／アドバンス・オブ・ゼータ
6592,フルドドII,0,230,40,84,60,230,18,300,300,300,300,300,30,－,Ｍ,29,18000,-5,-5,3,0,MA系／連邦軍・ティターンズ・地球連合／アドバンス・オブ・ゼータ
6593,EWAC仕様キハールII,0,387,39,84,88,432,20,250,250,190,190,0,20,強3,Ｍ,43,12720,1,-2,-5,-5,MS系／連邦軍・ティターンズ・地球連合／アドバンス・オブ・ゼータ
6594,ファイバーII,0,422,48,109,70,482,28,260,280,260,240,300,100,－,Ｌ,46,56500,-5,-5,4,-5,MS系／ガンダム系／連邦軍・ティターンズ・地球連合／アドバンス・オブ・ゼータ
6595,ファイバーII(MA) ,1,422,48,113,70,482,28,260,280,260,240,300,100,－,Ｌ,46,0,-6,-6,5,-6,MA系／ガンダム系／連邦軍・ティターンズ・地球連合／アドバンス・オブ・ゼータ
6596,ハイゼンスレイ・ラー,0,436,48,86,76,450,22,300,300,300,300,300,200,NT3,Ｍ,46,41800,0,-2,2,0,MS系／ガンダム系／連邦軍・ティターンズ・地球連合／アドバンス・オブ・ゼータ
6597,インレ,0,848,65,100,90,710,100,600,600,1600,2600,4600,300,－,ＬＬ,71,168590,-6,-6,5,4,MS系／ガンダム系／連邦軍・ティターンズ・地球連合／アドバンス・オブ・ゼータ
6598,インレ(MA) ,1,848,65,107,90,710,100,600,600,1600,2600,4600,300,－,ＬＬ,71,0,-6,-6,5,5,MA系／ガンダム系／連邦軍・ティターンズ・地球連合／アドバンス・オブ・ゼータ
6599,ガンダムGP-羅刹天,0,464,54,75,71,574,22,580,580,580,0,580,250,－,Ｍ,49,28960,3,-5,2,-2,MS系／ガンダムビルドシリーズ
6600,トランマイザー,0,310,40,48,50,300,14,500,500,500,400,0,50,－,ＳＳ,30,19800,3,-5,-5,-5,その他
6601,トランマイザー(戦車形態) ,1,310,40,43,65,300,14,500,500,500,400,0,50,－,ＳＳ,30,0,4,-5,-5,-5,その他／車輌・戦闘機系
6602,アクエリアス,0,1800,60,33,170,1700,110,270,270,200,200,200,30,－,ＬＬ,152,620000,-5,-5,1,1,艦船系／スパロボシリーズ
6603,山南仕様アンドロメダ改,0,1760,60,54,170,1700,110,270,470,200,300,300,100,－,ＬＬ,148,860000,-5,-5,2,2,艦船系／スパロボシリーズ
6604,アゾルバ・ジー,0,390,45,60,50,287,12,200,200,150,150,0,5,－,Ｍ,34,13800,2,3,-5,-5,その他／スパロボシリーズ
6605,神氣結晶仕様RX-零丸,0,477,49,100,72,380,20,290,260,240,250,240,80,NT8,Ｍ,55,95600,1,0,4,-5,MS系／ガンダム系／ガンダムビルドシリーズ
6606,神氣結晶仕様RX-零丸(カクレ形態) ,1,477,55,100,92,380,20,290,260,240,250,240,80,NT8,Ｍ,55,0,1,0,4,-5,MS系／ガンダム系／ガンダムビルドシリーズ
6607,武装装甲八鳥・極,0,110,49,112,82,280,10,290,260,240,250,240,80,強5,Ｍ,40,18300,-4,0,3,5,MS系／ガンダム系／ガンダムビルドシリーズ
6608,神氣結晶仕様RX-零丸(RT),0,582,51,100,85,580,20,290,260,240,260,280,100,NT8,Ｍ,66,151400,1,-4,5,-4,MS系／ガンダム系／ガンダムビルドシリーズ
6609,ネロ専用ハーピィ,0,290,29,66,70,400,20,120,120,70,70,0,1,－,Ｍ,33,6600,-5,-5,4,4,スパロボシリーズ／車輌・戦闘機系／専用機
6610,ノーマ専用ハーピィ,0,290,29,66,70,400,20,120,120,70,70,0,1,－,Ｍ,33,6600,-5,-5,4,4,スパロボシリーズ／車輌・戦闘機系／専用機
6611,アクエリオンEVOL,0,590,80,66,90,512,50,600,400,400,400,400,300,NT7,Ｌ,80,452000,4,-2,0,0,その他／スパロボシリーズ
6612,クーガー,0,160,10,140,45,500,8,600,800,300,150,100,200,NT8,ＳＳ,46,980000,5,-1,-4,0,人系
6613,オリジン仕様ガンダム1号機,0,384,35,70,58,408,18,130,130,130,130,0,10,－,Ｍ,38,8790,2,-1,2,-1,MS系／ガンダム系／連邦軍・ティターンズ・地球連合／THE ORIGIN
6614,ギー仕様リック・ドムII,0,345,30,65,50,347,18,0,0,100,100,0,30,－,Ｍ,33,7950,0,-4,3,-4,MS系／ジオン・ネオジオン軍・ザフト／ドム系
6615,ジグ・マック(MA) ,1,760,40,42,50,450,99,300,300,380,280,0,50,－,Ｌ,49,0,-5,0,3,2,その他／スパロボシリーズ
6616,ガンステイド,0,385,34,49,70,535,10,130,130,130,130,120,5,－,Ｓ,42,8940,3,-3,2,-5,その他／スパロボシリーズ／量産機
6617,ν-ジオンガンダム,0,478,48,97,93,526,22,260,230,210,220,210,100,NT5,Ｍ,50,31480,2,-5,3,-3,MS系／ガンダム系／連邦軍・ティターンズ・地球連合／ガンダムビルドシリーズ
6618,光のカリスト専用ディキトゥス,0,550,50,127,80,570,18,360,380,520,340,320,230,NT7,Ｍ,56,53980,2,-3,3,2,MS系／ジオン・ネオジオン軍・ザフト／機動戦士クロスボーンガンダム／専用機
6619,光のカリスト専用ディキトゥス(MA) ,1,550,55,114,80,570,18,360,380,520,340,320,230,NT7,Ｍ,56,0,0,-3,3,0,MS系／ジオン・ネオジオン軍・ザフト／機動戦士クロスボーンガンダム／専用機
6620,キュベレイ・アンベリール,0,480,54,126,90,496,18,250,200,205,210,215,30,NT5,Ｍ,52,65380,2,-3,3,-4,MS系／ジオン・ネオジオン軍・ザフト／ガンダムビルドシリーズ
6621,ゴールドフレーム天ハナVer.華,0,472,52,104,80,600,20,500,590,520,520,520,670,強4,Ｍ,63,45040,3,-3,4,1,MS系／ガンダム系／ガンダムSEED ASTRAY、MSV
6622,高機動仕様ガンダムジェミナス01,0,426,49,85,75,534,22,250,240,230,240,210,40,－,Ｍ,37,14670,1,-4,0,3,MS系／ガンダム系／G-UNIT
6623,ヴィートルーガンダム,0,572,57,84,116,744,19,560,530,410,420,410,300,－,Ｍ,60,29800,3,-3,1,-2,MS系／ガンダム系／ガンダムビルドシリーズ
6624,アルト専用YF-29 デュランダル,0,450,46,127,115,480,22,220,250,220,220,220,250,－,Ｍ,60,76000,-2,-2,6,6,マクロスシリーズ／車輌・戦闘機系
6625,アルト専用YF-29 デュランダル(G) ,1,450,42,116,115,480,22,220,250,220,220,220,250,－,Ｓ,60,0,1,-2,1,-5,その他／マクロスシリーズ
6626,アルト専用YF-29 デュランダル(B) ,1,450,51,107,95,480,22,220,250,220,220,220,250,－,Ｍ,60,0,5,-5,3,-2,その他／マクロスシリーズ
6627,MS少女ゾック,0,400,39,43,64,432,23,0,0,0,165,0,500,－,ＳＳ,38,13230,-5,3,-5,-5,MS系／連邦軍・ティターンズ・地球連合／人系
6628,ヴァルキランダー,0,388,34,77,58,551,18,230,230,0,230,230,30,－,Ｍ,44,12150,2,0,2,2,MS系／ガンダム系／ガンダムビルドシリーズ
6629,ヴァルキランダー(GM) ,1,388,34,77,58,551,18,230,230,0,230,230,30,－,Ｍ,44,0,2,0,2,2,MS系／ガンダム系／ガンダムビルドシリーズ
6630,ゼロ・ジ・アール,0,640,54,83,65,532,76,260,200,185,185,190,280,－,Ｌ,59,56500,-6,-6,3,-6,MA系／ジオン・ネオジオン軍・ザフト／ZZ/CCA-MSV
6631,イングリッド0専用ギャプラン,0,454,45,118,70,454,19,150,215,215,215,215,100,強5,Ｍ,46,43840,2,-3,2,-4,MS系／連邦軍・ティターンズ・地球連合／MSV(モビルスーツバリエーション)／専用機
6632,イングリッド0専用ギャプラン(MA) ,1,454,45,124,70,454,19,150,215,215,215,215,100,強5,Ｍ,46,0,-5,-5,4,3,MA系／連邦軍・ティターンズ・地球連合／MSV(モビルスーツバリエーション)／専用機
6633,Oタイプ仕様ガンダムF90,0,453,50,116,80,520,15,250,260,260,240,200,120,－,Ｍ,39,18450,2,-3,2,-4,MS系／ガンダム系／連邦軍・ティターンズ・地球連合／機動戦士ガンダムF90
6634,Uタイプ仕様ガンダムF90,0,453,50,116,70,520,15,250,260,260,240,200,120,－,Ｍ,39,18450,-5,-5,2,2,MS系／ガンダム系／連邦軍・ティターンズ・地球連合／機動戦士ガンダムF90
6635,壱[another],0,88,15,68,70,350,15,60,60,60,500,60,1,－,ＳＳ,27,110000,2,-4,-5,-5,人系
6636,エリザベス,0,36,3,40,88,600,10,2000,5000,3000,3000,3000,600,強6,ＳＳ,36,59280000,5,-3,-5,-5,人系
6637,輝星・空式,0,354,41,46,72,300,12,180,180,180,180,180,90,－,Ｓ,35,6900,3,1,0,-4,その他／スパロボシリーズ
6638,ジーライン・アサルトアーマー,0,339,36,63,58,397,18,130,130,130,130,0,10,－,Ｍ,36,12060,2,-3,2,-4,MS系／連邦軍・ティターンズ・地球連合／M-MSV(大河原邦夫コレクション)
6639,イカルガ,0,392,44,102,80,800,11,400,400,400,400,400,400,NT9,Ｓ,56,19830,3,-3,0,1,その他／スパロボシリーズ
6640,陸戦型ゲルググ,0,320,30,65,54,354,19,80,85,85,80,80,5,－,Ｍ,33,8370,3,-3,-5,-4,MS系／ジオン・ネオジオン軍・ザフト／ゲルググ系／専用機／量産機
6641,第二再臨仕様葛飾北斎,0,87,12,88,70,750,10,500,500,3000,600,900,720,－,ＳＳ,47,326000,3,0,-6,-4,人系
6642,アッザム改,0,460,40,54,66,460,22,170,170,170,170,170,80,－,Ｍ,42,18210,-5,-5,-5,3,MA系／ジオン・ネオジオン軍・ザフト
6643,アッザム・オルガ,0,467,41,59,66,460,22,200,200,200,200,200,70,－,Ｍ,43,18390,-5,-5,-5,3,MA系／ジオン・ネオジオン軍・ザフト
6644,ブルドッグ,0,367,9,32,36,200,10,10,60,50,50,0,5,－,Ｓ,15,4200,1,-6,-6,-6,その他／スパロボシリーズ／量産機
6645,ペルフェクティビリティ・ディバイン,0,640,50,108,90,535,40,390,360,340,360,380,100,NT7,Ｍ,62,76000,1,-4,5,-5,MS系／ガンダム系／連邦軍・ティターンズ・地球連合／ガンダムUC／オリジナル系
6646,ブルホーン装備仕様凰牙,0,550,64,65,50,550,20,190,220,180,150,150,1,NT5,Ｍ,58,64000,4,-2,1,1,その他／スパロボシリーズ
6647,バイパーウィップ装備仕様凰牙,0,550,64,65,50,550,20,190,220,180,150,150,1,NT5,Ｍ,58,64000,4,-2,1,1,その他／スパロボシリーズ
6648,ドアン専用ザク,0,275,24,43,42,300,18,0,30,0,30,0,10,－,Ｍ,27,6510,3,-3,-5,-4,MS系／ザク系／ジオン・ネオジオン軍・ザフト／機動戦士ガンダム／専用機
6649,アーマディロ仕様ガンダムサンドロック,0,431,47,71,76,487,16,250,230,220,220,210,50,－,Ｍ,45,12990,3,0,-4,-2,MS系／ガンダム系／新機動戦記ガンダムW
6650,海神,0,432,54,37,60,250,20,190,190,200,200,200,5,－,Ｍ,33,13320,2,3,-5,-5,その他／マブラヴ
6651,海神(MA) ,1,432,54,37,60,250,20,190,190,200,200,200,5,－,Ｍ,33,0,-5,4,-5,-5,その他／マブラヴ
6652,六花,0,60,8,68,68,680,9,600,800,6000,800,680,680,NT9,ＳＳ,68,56800,5,0,0,1,人系
6653,V.F.G.クラン・クラン,0,450,44,120,115,480,19,220,280,220,220,220,300,－,Ｍ,58,67000,-5,-5,3,3,マクロスシリーズ／車輌・戦闘機系／人系
6654,V.F.G.クラン・クラン(G) ,1,450,40,109,115,480,19,220,280,220,220,220,300,－,Ｓ,58,0,2,2,2,2,その他／マクロスシリーズ／人系
6655,V.F.G.クラン・クラン(B) ,1,450,49,100,95,480,19,220,280,220,220,220,300,－,Ｍ,58,0,3,-5,3,-1,その他／マクロスシリーズ／人系
6656,殺せんせー,0,156,56,560,560,300,10,6000,560,56,56,56,5600,強7,ＳＳ,129,1124000,5,-6,-6,5,人系
6657,ハイゼンスレイ・ラーII,0,444,48,90,96,450,22,400,400,400,400,450,100,NT3,Ｍ,36,44920,0,-2,2,0,MS系／ガンダム系／連邦軍・ティターンズ・地球連合／アドバンス・オブ・ゼータ
6658,斑鳩,0,230,30,100,100,600,15,3000,3000,500,3000,500,1000,強6,Ｓ,80,76000,-3,-6,6,6,車輌・戦闘機系
6659,斑鳩(MA) ,1,230,30,100,100,600,15,3000,3000,500,3000,500,1000,強6,Ｓ,80,0,-3,-6,6,6,車輌・戦闘機系
6660,ユニコーンドリル仕様電童,0,550,64,65,50,550,20,190,220,180,150,150,1,NT5,Ｍ,58,64000,4,-2,1,1,その他／スパロボシリーズ
6661,レオサークル仕様電童,0,550,64,65,30,550,20,190,220,180,150,150,1,NT5,Ｍ,58,64000,4,-2,1,1,その他／スパロボシリーズ
6662,MS少女グラブロ,0,492,43,60,60,504,26,100,150,90,100,0,500,－,ＳＳ,45,21580,-5,3,-5,-5,MA系／ジオン・ネオジオン軍・ザフト／人系
6663,MS少女ビグ・ザム,0,640,52,52,70,510,50,130,200,0,120,205,500,－,Ｓ,51,54220,2,-5,2,-5,MA系／ジオン・ネオジオン軍・ザフト／人系
6664,第一再臨仕様カーマ,0,82,16,94,70,800,10,2800,2800,2000,2000,3000,90,強3,ＳＳ,45,290000,3,0,-6,-4,人系
6665,第二再臨仕様カーマ,0,84,16,94,70,800,10,2800,2800,2000,2000,3500,900,強3,ＳＳ,46,326000,3,0,-6,-4,人系
6666,第三再臨仕様カーマ,0,86,16,94,70,800,10,2800,2800,2000,2000,4000,990,強3,ＳＳ,47,362000,3,0,-6,-4,人系
6667,トライエイジガンダム,0,613,57,128,76,720,19,235,235,250,290,290,350,NT8,Ｍ,70,219980,2,1,3,2,MS系／ガンダム系／ガンダムAGE
6668,ジム・タービュレンス,0,323,30,56,55,336,18,50,0,50,0,0,20,－,Ｍ,22,8550,3,-5,-5,-2,MS系／ジム系／連邦軍・ティターンズ・地球連合／戦慄のブルー
6669,ドラッツェ改,0,282,20,52,50,312,29,0,0,90,90,0,10,－,Ｍ,28,6930,-5,-5,3,-5,MS系／ジオン・ネオジオン軍・ザフト／スターダストメモリー／量産機
6670,ストームブリンガーF.A.,0,355,32,60,65,360,18,50,0,50,0,0,50,－,Ｍ,25,13440,2,-5,3,-2,MS系／ガンダム系／連邦軍・ティターンズ・地球連合
6671,マーズフォーガンダム,0,572,54,106,88,744,18,560,530,410,420,410,300,－,Ｍ,60,29800,2,-1,2,-1,MS系／ガンダム系／ガンダムビルドシリーズ
6672,ガンダムゼルトザーム,0,484,49,114,72,522,22,200,130,130,0,0,320,NT1,Ｍ,50,30820,2,-3,2,-4,MS系／ガンダム系／ガンダムビルドシリーズ
6673,エルドラブルート,0,344,26,64,60,432,17,130,130,135,135,0,50,－,Ｍ,37,12090,3,-3,-5,-5,MS系／ガンダムビルドシリーズ
6674,ブレイズザクファントム,0,444,39,79,70,424,18,200,220,100,100,100,25,強6,Ｍ,32,8430,2,-3,3,-5,MS系／ザク系／ジオン・ネオジオン軍・ザフト／ガンダムSEED DESTINY／量産機
6675,ゲー・ドライ(MA) ,1,632,64,120,90,660,27,310,380,200,0,390,240,NT7,Ｍ,53,0,-5,-5,5,-4,MA系／ジオン・ネオジオン軍・ザフト
6676,ヅダF,0,256,15,88,52,300,18,10,30,30,0,0,30,－,Ｍ,29,7500,2,-5,5,-4,MS系／ジオン・ネオジオン軍・ザフト
6677,ジュピターヴガンダム,0,572,54,106,88,744,18,560,530,410,420,410,300,－,Ｍ,60,29800,1,-2,3,-1,MS系／ガンダム系／ガンダムビルドシリーズ
6678,ペコリーヌ,0,155,36,52,50,450,12,300,300,800,800,100,8810,－,ＳＳ,40,1921500,3,-5,-5,-3,人系
6679,ガンヴォルト,0,200,30,70,110,500,10,4000,3000,3000,3000,1000,800,強7,ＳＳ,75,12000,4,-6,0,2,人系
6680,IIネオ・ジオング,0,896,80,113,90,780,116,680,670,530,570,510,50,NT9,ＬＬ,87,243650,-6,-6,5,-6,MA系／ガンダムUC
6681,クロスボーン・ガンダムX0フルクロス,0,508,55,116,90,570,20,280,260,260,270,230,100,NT2,Ｍ,60,67780,3,-3,3,0,MS系／ガンダム系／機動戦士クロスボーンガンダム
6682,eXタイプ仕様ガンダムF90,0,453,50,116,70,520,15,250,260,260,240,200,120,－,Ｍ,40,18450,2,-3,3,-4,MS系／ガンダム系／連邦軍・ティターンズ・地球連合／オリジナル系
6683,ライトニングストライカー,0,370,23,82,76,350,30,180,180,170,170,170,60,－,Ｓ,35,8400,-5,-5,3,3,MS系／ガンダム系／連邦軍・ティターンズ・地球連合／ガンダムSEED ASTRAY、MSV
6684,アハヴァ・アジール,0,770,60,101,84,640,58,300,230,230,230,240,200,NT4,Ｌ,65,113600,-5,-5,3,-5,MA系／ジオン・ネオジオン軍・ザフト
6685,Gタイプ仕様ガンダムF90,0,453,50,116,70,520,15,250,260,260,240,200,120,－,Ｍ,39,18450,2,-3,2,-4,MS系／ガンダム系／連邦軍・ティターンズ・地球連合／機動戦士ガンダムF90
6686,地球連邦軍女性兵士,0,20,2,15,40,100,20,0,0,0,0,0,1,－,ＳＳ,11,360,2,-2,-6,-4,連邦軍・ティターンズ・地球連合／機動戦士ガンダム／ポケットの中の戦争／第08MS小隊／人系
6687,ヴァースキ仕様ジム・ナイトシーカー,0,404,42,83,70,408,18,140,165,150,150,150,100,－,Ｍ,41,14550,2,-3,3,-4,MS系／ジム系／連邦軍・ティターンズ・地球連合
6688,ジム・ストライカー改,0,338,32,57,55,330,18,50,50,50,30,10,20,－,Ｍ,32,8820,2,-4,3,-4,MS系／ジム系／連邦軍・ティターンズ・地球連合
6689,ガンダムテルティウム,0,440,47,110,63,432,22,200,130,130,0,0,160,NT1,Ｍ,45,30820,2,-3,2,-3,MS系／ガンダム系／エウーゴ・カラバ／ガンダムビルドシリーズ
6690,エヴァ新2号機αJA-02機体流用ニコイチ型,0,720,60,50,80,368,30,370,400,250,270,250,100,－,Ｍ,116,740000,3,-1,2,0,その他／新世紀エヴァンゲリオン
6691,ガネーシャ仕様シタラ,0,260,36,68,85,550,15,1500,1600,3900,1000,2700,350,－,ＳＳ,39,76000,1,-4,3,3,人系
6692,ジオンマーズ仕様ガザA,0,266,22,42,40,328,14,70,70,60,65,0,1,－,Ｍ,27,6360,0,-5,3,-5,MA系／ジオン・ネオジオン軍・ザフト／量産機
6693,要人輸送用NERV司令官専用垂直離着陸機,0,200,5,45,60,220,19,15,15,50,0,0,1,－,Ｍ,22,4200,-2,-5,-5,2,スパロボシリーズ／車輌・戦闘機系
6694,大型戦闘艇,0,1300,32,46,140,800,100,50,250,120,160,290,180,－,Ｌ,87,164000,-4,-5,3,2,艦船系／スパロボシリーズ
6695,ガトリングボア仕様電童,0,550,64,65,50,550,20,190,220,180,150,150,1,NT5,Ｍ,58,64000,4,-2,1,1,その他／スパロボシリーズ
6696,ドラゴンフレア仕様電童,0,550,64,65,30,550,20,190,220,180,150,150,1,NT5,Ｍ,58,64000,4,-2,1,1,その他／スパロボシリーズ
6697,ワイルドウィーゼル仕様ガンスナイパー,0,420,36,86,100,300,20,220,250,140,160,280,10,－,Ｍ,37,12000,5,-4,-4,1,その他／ゾイドシリーズ／スパロボシリーズ
6698,サタンガンダム,0,452,60,67,85,660,25,250,250,250,150,130,40,－,Ｍ,52,40000,3,-3,0,3,MS系／ガンダム系
6699,モンスターブラックドラゴン,0,900,90,90,99,666,25,999,999,999,999,999,9999,NT9,Ｍ,99,99279500,4,-4,0,3,MS系／ガンダム系
6700,ドム高速実験型,0,348,28,63,52,326,18,0,0,85,85,0,30,－,Ｍ,32,8550,3,-2,-5,-4,MS系／ジオン・ネオジオン軍・ザフト／MSV(モビルスーツバリエーション)／ドム系
6701,ソリディア,0,732,58,80,80,700,40,320,300,450,400,450,300,－,Ｌ,64,129620,2,0,-3,2,その他／スパロボシリーズ
6702,ガンダムジェミナス02,0,422,47,84,75,509,17,250,240,230,240,210,10,－,Ｍ,36,13380,1,-2,4,0,MS系／ガンダム系／G-UNIT
6703,モビルドールメイ,0,680,49,102,50,1000,18,370,470,260,260,0,200,強5,Ｍ,71,147800,3,-1,3,0,MS系／ガンダムビルドシリーズ
6704,ユーラヴェンガンダム,0,606,44,117,122,958,19,470,500,350,370,550,300,－,Ｍ,73,117740,1,-4,2,2,MS系／ガンダム系／ガンダムビルドシリーズ
6705,ジオング3号機,0,480,43,78,74,496,20,180,0,0,185,185,30,NT3,Ｍ,37,31660,-5,-5,4,-5,MS系／ジオン・ネオジオン軍・ザフト／機動戦士ガンダム
6706,ハイゼンスレイII・ラーC,0,480,61,122,78,532,22,300,300,300,300,300,100,強5,Ｍ,42,66820,2,-4,3,2,MS系／ガンダム系／連邦軍・ティターンズ・地球連合／アドバンス・オブ・ゼータ
6707,ハイゼンスレイII・ラーC(MA) ,1,480,61,129,78,532,22,300,300,300,300,300,100,強5,Ｍ,42,0,-6,-6,5,3,MA系／ガンダム系／連邦軍・ティターンズ・地球連合／アドバンス・オブ・ゼータ
6708,ヴァングネクス,0,550,68,130,80,600,20,550,600,500,500,500,250,－,Ｍ,59,76000,3,0,3,2,その他／バンプレストオリジナル
6709,グランヴァング,0,600,75,120,70,700,31,550,600,500,500,500,300,－,Ｌ,63,110000,3,0,3,2,その他／バンプレストオリジナル
6710,ゼルガード,0,500,50,100,60,490,20,450,450,400,400,400,400,NT5,Ｍ,55,64000,2,1,2,2,その他／バンプレストオリジナル
6711,TRYAGEマグナム,0,548,56,100,120,636,19,390,490,365,430,300,250,－,Ｍ,60,32680,2,-1,2,0,MS系／ガンダム系／ガンダムAGE
6712,百式ライズカイン,0,490,40,77,95,410,20,230,260,310,310,350,10,－,Ｍ,45,23260,3,-5,3,-2,MS系／ガンダム系／エウーゴ・カラバ／ガンダムビルドシリーズ
6713,ディマーテル,0,500,51,124,92,496,18,250,200,205,210,215,10,NT5,Ｍ,42,67960,2,-3,3,-4,MS系／ジオン・ネオジオン軍・ザフト
6714,神州丸,0,370,35,13,52,700,144,30,0,65,0,50,1,－,ＬＬ,53,28060,0,4,-9,-5,艦船系／人系／艦これ
6715,神州丸改,0,390,45,14,58,700,144,30,0,65,0,50,1,－,ＬＬ,55,52060,0,4,-9,-5,艦船系／人系／艦これ
6716,アーマー仕様オーヴェロン,0,565,63,126,90,630,28,250,230,235,230,210,100,NT3,Ｍ,48,69940,2,-1,2,-4,MS系／ジオン・ネオジオン軍・ザフト
6717,オーヴェロン,0,495,58,122,90,540,20,250,230,235,230,210,10,NT3,Ｍ,47,69940,2,-1,2,-4,MS系／ジオン・ネオジオン軍・ザフト
6718,人造人間18号,0,576,41,80,70,560,10,160,450,840,580,830,8458,強6,ＳＳ,61,16916050,5,0,-6,3,人系
6719,パゾク改,0,308,27,40,50,1020,65,0,230,200,220,180,10,－,ＬＬ,43,32200,-5,-5,1,-5,艦船系／ジオン・ネオジオン軍・ザフト／ポケットの中の戦争
6720,宇宙警備艇,0,166,15,20,100,600,35,0,240,50,120,180,10,－,Ｌ,25,12030,-5,-5,1,-5,艦船系／連邦軍・ティターンズ・地球連合／ガンダムUC
6721,ダマスカス,0,896,42,65,130,1170,146,0,250,200,200,200,190,－,ＬＬ,77,110090,-5,-5,3,-5,艦船系／連邦軍・ティターンズ・地球連合／ガンダムUC
6722,ゼネラル・レビル,0,1660,50,55,185,1580,315,200,300,180,200,300,300,－,ＬＬ,121,308090,-5,-5,3,-5,艦船系／連邦軍・ティターンズ・地球連合／ガンダムUC
6723,ムサイ改,0,576,31,50,80,1170,117,0,220,100,120,190,10,－,ＬＬ,61,64060,-5,-5,3,-5,艦船系／ジオン・ネオジオン軍・ザフト／機動戦士Zガンダム／量産機
6724,ガンダム4号機[Bst],0,384,36,78,65,443,18,130,130,100,130,130,10,－,Ｍ,30,12930,-1,-3,3,-4,MS系／ガンダム系／連邦軍・ティターンズ・地球連合／M-MSV(大河原邦夫コレクション)
6725,ガンダム5号機[Bst],0,384,36,78,65,443,18,130,130,100,130,130,10,－,Ｍ,30,12930,-1,-3,3,-4,MS系／ガンダム系／連邦軍・ティターンズ・地球連合／M-MSV(大河原邦夫コレクション)
6726,加賀改二,0,840,80,28,90,800,238,297,0,222,0,270,100,－,ＬＬ,76,276590,0,3,-9,-3,艦船系／人系／艦これ
6727,加賀改二戊,0,840,80,28,89,800,238,258,0,222,0,270,100,－,ＬＬ,80,276590,0,3,-9,-3,艦船系／人系／艦これ
6728,加賀改二護,0,840,84,26,93,800,238,192,0,252,252,270,100,－,ＬＬ,80,308090,0,3,-9,-3,艦船系／人系／艦これ
6729,ファントムガンダム,0,478,45,116,100,550,20,330,310,260,270,230,200,－,Ｍ,53,42880,3,-3,3,0,MS系／ガンダム系／機動戦士クロスボーンガンダム
6730,ファントムガンダム(MA) ,1,478,45,123,100,550,20,330,310,260,270,230,200,－,Ｍ,53,0,-5,-5,4,4,MA系／ガンダム系／機動戦士クロスボーンガンダム
6731,コミュ,0,128,11,55,35,150,10,0,30,30,0,0,1,－,Ｓ,11,630,-3,-5,-5,1,ジオン・ネオジオン軍・ザフト／機動戦士ガンダム／車輌・戦闘機系／量産機
6732,オルテナウス仕様マシュ,0,98,120,80,70,990,10,400,400,500,500,0,158,強5,ＳＳ,33,500000,3,0,-6,-4,人系
6733,レパント,0,332,19,35,90,660,90,0,230,105,130,190,10,－,ＬＬ,34,13500,-5,-5,2,-5,艦船系／スパロボシリーズ
6734,輝刃仕様電童,0,550,64,65,50,550,20,190,220,180,150,150,1,NT5,Ｍ,58,64000,4,-2,1,1,その他／スパロボシリーズ
6735,輝刃仕様凰牙,0,550,64,65,50,550,20,190,220,180,150,150,1,NT5,Ｍ,58,64000,4,-2,1,1,その他／スパロボシリーズ
6736,比叡改二丙,0,860,90,39,53,800,214,315,0,120,0,65,100,－,ＬＬ,79,404120,0,3,-9,-3,艦船系／人系／艦これ
6737,サウスダコタ,0,790,93,28,48,750,207,810,0,400,0,200,400,－,ＬＬ,74,596120,0,3,-9,-3,艦船系／人系／艦これ
6738,サウスダコタ改,0,910,108,36,60,750,207,860,0,580,0,360,200,－,ＬＬ,81,644120,0,3,-9,-3,艦船系／人系／艦これ
6739,ν-13,0,145,15,85,110,660,15,800,800,500,800,800,300,強6,ＳＳ,90,290000,5,-2,-3,2,人系
6740,Iタイプ仕様ガンダムF90,0,453,50,116,70,520,15,250,260,260,240,200,120,－,Ｍ,39,18450,2,-3,2,-4,MS系／ガンダム系／連邦軍・ティターンズ・地球連合／機動戦士ガンダムF90
6741,ヒューストン,0,430,47,36,50,650,182,370,160,200,0,120,200,－,ＬＬ,56,110090,0,3,-9,-3,艦船系／人系／艦これ
6742,ヒューストン改,0,540,73,36,53,650,182,460,200,300,0,200,50,－,ＬＬ,62,114590,0,3,-9,-3,艦船系／人系／艦これ
6743,ゴールドフレーム天ミナC,0,456,45,91,75,572,18,300,290,310,220,220,80,強4,Ｍ,45,20440,3,-3,3,0,MS系／ガンダム系／ガンダムSEED ASTRAY、MSV
6744,ガンダム端白星,0,510,56,96,90,594,18,390,390,390,390,390,250,－,Ｍ,54,31480,3,-4,2,0,MS系／ガンダム系／鉄血のオルフェンズ
6745,ペイルライダー・デュラハン,0,416,38,86,60,425,18,120,0,0,0,150,120,強4,Ｍ,41,19110,3,-3,3,-5,MS系／ジム系／連邦軍・ティターンズ・地球連合
6746,クインビー,0,294,27,85,70,306,15,160,50,50,10,10,1,－,Ｍ,22,6030,-5,-5,3,3,ガンダムセンチネル／車輌・戦闘機系／量産機
6747,ダガーフィッシュ,0,294,27,85,40,306,15,160,50,50,10,10,1,－,Ｍ,21,5640,-5,-5,3,-5,ガンダムセンチネル／車輌・戦闘機系／量産機
6748,ワシントン,0,810,91,26,46,808,222,297,0,273,0,267,400,－,ＬＬ,77,572120,0,3,-9,-3,艦船系／人系／艦これ
6749,ワシントン改,0,930,104,35,62,808,222,321,0,318,0,324,200,－,ＬＬ,83,602120,0,3,-9,-3,艦船系／人系／艦これ
6750,スノーホワイト仕様ゆみ,0,182,40,86,90,500,15,1500,1600,2800,1000,2000,350,－,ＳＳ,38,52000,1,-4,3,3,人系
6751,水着仕様雪風,0,160,29,50,19,500,118,50,120,60,120,250,25,－,ＬＬ,39,19530,0,3,-9,-5,艦船系／人系／艦これ
6752,夏のお嬢さん仕様雪風改,0,320,59,67,39,500,118,590,890,590,590,990,50,－,ＬＬ,39,19530,0,3,-9,-5,艦船系／人系／艦これ
6753,丹陽,0,350,60,65,50,500,118,680,560,880,600,1000,1050,－,ＬＬ,51,19530,0,3,-9,-5,艦船系／人系／艦これ
6754,雪風改二,0,350,60,66,48,500,118,660,900,850,740,1200,1200,－,ＬＬ,51,28060,0,3,-9,-5,艦船系／人系／艦これ
6755,最終形態仕様カズマ,0,280,40,90,65,600,12,600,600,400,200,150,450,NT9,ＳＳ,65,980000,4,-1,1,1,人系
6756,ライデン専用高機動型ゲルググ改,0,448,50,122,80,460,19,330,330,390,390,0,300,－,Ｍ,42,45880,1,-3,3,-5,MS系／ジオン・ネオジオン軍・ザフト／MSV(モビルスーツバリエーション)／ゲルググ系／専用機
6757,ゲルググ・ウェルテクス・テスタロッサ,0,488,59,136,80,490,19,330,390,440,440,0,200,－,Ｍ,48,110720,0,-3,3,-5,MS系／ジオン・ネオジオン軍・ザフト／MSV(モビルスーツバリエーション)／ゲルググ系／専用機
6758,第1形態仕様Hi-νガンダムHWS,0,534,56,100,105,572,20,400,355,350,330,340,200,NT6,Ｍ,61,66940,1,-5,3,-4,MS系／ガンダム系／連邦軍・ティターンズ・地球連合／ZZ/CCA-MSV
6759,第2形態仕様Hi-νガンダムHWS,0,534,56,100,105,572,20,400,355,350,330,340,1,NT6,Ｍ,61,66940,1,-5,3,-4,MS系／ガンダム系／連邦軍・ティターンズ・地球連合／ZZ/CCA-MSV
6760,影のカリスト専用ディキトゥス,0,550,50,127,80,570,18,360,380,520,340,320,230,NT7,Ｍ,56,53980,2,-3,3,2,MS系／ジオン・ネオジオン軍・ザフト／機動戦士クロスボーンガンダム／専用機
6761,影のカリスト専用ディキトゥス(MA) ,1,550,55,114,80,570,18,360,380,520,340,320,230,NT7,Ｍ,56,0,0,-3,3,0,MS系／ジオン・ネオジオン軍・ザフト／機動戦士クロスボーンガンダム／専用機
6762,トライダー・イーグル ,1,890,66,107,60,860,57,300,300,200,200,200,50,－,Ｌ,94,0,-5,-5,3,3,その他／スパロボシリーズ
6763,トライダー・コスミック ,1,890,66,77,60,860,57,300,300,200,200,200,50,－,Ｌ,94,0,-5,-5,3,2,その他／スパロボシリーズ
6764,トライダー・ビーグル ,1,890,66,47,60,860,57,300,300,200,200,200,50,－,Ｌ,94,0,3,0,-5,-5,その他／スパロボシリーズ
6765,トライダー・ホーク,0,218,20,44,40,180,8,10,40,20,0,0,50,－,Ｍ,20,2310,-5,-5,3,3,その他／車輌・戦闘機系
6766,トライダー・マリン,0,218,20,44,40,180,8,10,40,20,0,0,50,－,Ｍ,20,2310,-5,3,-5,-5,その他／車輌・戦闘機系
6767,トライダー・モビル,0,218,20,44,40,180,8,10,40,20,0,0,50,－,Ｍ,20,2310,3,-5,-5,-5,その他／車輌・戦闘機系
6768,トライダー・シャトル,0,560,49,63,60,385,72,200,200,100,100,100,70,－,Ｌ,44,42640,-5,-5,0,3,艦船系／スパロボシリーズ
6769,トライダー・ニューシャトル,0,560,49,69,60,385,72,200,200,100,100,100,50,－,Ｌ,44,43840,-5,-5,2,3,艦船系／スパロボシリーズ
6770,トライダー・フォートレス,0,1070,66,77,60,860,57,300,300,200,200,200,70,－,Ｌ,94,713324,-5,-5,3,2,艦船系／スパロボシリーズ
6771,トライダー・ニューフォートレス,0,1177,66,77,60,860,57,300,300,200,200,200,170,－,Ｌ,94,713324,-5,-5,3,2,艦船系／スパロボシリーズ
6772,ウイング・ビーストモード ,1,432,38,83,71,507,16,250,230,220,220,210,50,－,Ｍ,45,0,0,0,2,2,MA系／ガンダム系／新機動戦記ガンダムW
6773,デュナメスリペアIII,0,456,46,86,83,583,18,180,180,0,480,480,180,－,Ｍ,50,19470,2,-3,2,2,MS系／ガンダム系／ガンダム00
6774,陸戦重装仕様ガンダムジェミナス02,0,422,54,75,75,509,17,250,240,230,240,210,80,－,Ｍ,36,14070,3,-2,0,0,MS系／ガンダム系／G-UNIT
6775,フェニックス仕様凰牙,0,550,64,65,50,550,20,190,220,180,150,150,300,NT5,Ｍ,58,64000,4,-2,1,1,その他／スパロボシリーズ
6776,フェニックス仕様電童,0,550,64,65,50,550,20,190,220,180,150,150,500,NT5,Ｍ,58,64000,4,-2,1,1,その他／スパロボシリーズ
6777,EW仕様ガンダムデスサイズヘルH,0,498,47,101,74,700,16,250,230,220,220,210,90,－,Ｍ,56,52120,2,0,4,-2,MS系／ガンダム系／新機動戦記ガンダムW
6778,EW仕様アルトロンガンダムF,0,498,48,94,69,721,16,250,230,220,220,210,90,－,Ｍ,56,31420,3,0,4,-5,MS系／ガンダム系／新機動戦記ガンダムW
6779,EW仕様トールギスIIH,0,458,44,96,75,551,17,265,260,250,260,230,90,－,Ｍ,49,18870,1,0,2,1,MS系／新機動戦記ガンダムW
6780,ゲルググ・ウェルテクス,0,488,59,130,80,490,19,330,390,440,440,0,100,－,Ｍ,47,99920,0,-3,3,-5,MS系／ジオン・ネオジオン軍・ザフト／MSV(モビルスーツバリエーション)／ゲルググ系／専用機
6781,クロスボーン・ガンダムX1パッチワーク,0,476,46,113,90,570,20,280,260,260,270,230,80,NT2,Ｍ,58,40660,3,-3,3,0,MS系／ガンダム系／機動戦士クロスボーンガンダム
6782,バーサル騎士ガンダム,0,570,68,68,65,550,18,400,400,400,250,230,200,－,Ｍ,52,76000,4,-4,0,0,MS系／ガンダム系
6783,Rタイプ仕様ガンダムF90,0,453,50,116,65,520,15,250,260,260,240,200,120,－,Ｍ,39,18450,2,-3,2,-4,MS系／ガンダム系／連邦軍・ティターンズ・地球連合／機動戦士ガンダムF90
6784,アインズ,0,570,90,44,66,900,11,3000,3000,4000,5000,4000,9500,NT10,ＳＳ,200,65280000,2,-1,-5,0,人系
6785,ブースター装備仕様エヴァ改2号機β,0,750,50,53,80,368,30,370,400,250,270,250,100,－,Ｌ,116,740000,-4,-4,4,2,その他／新世紀エヴァンゲリオン
6786,Wタイプ仕様ガンダムF90,0,453,50,116,65,520,15,250,260,260,240,200,120,－,Ｍ,39,18450,2,-3,2,-4,MS系／ガンダム系／連邦軍・ティターンズ・地球連合／機動戦士ガンダムF90
6787,Wタイプ仕様ガンダムF90(MA) ,1,453,50,116,65,520,15,250,260,260,240,200,120,－,Ｍ,39,0,0,-4,3,2,MA系／ガンダム系／連邦軍・ティターンズ・地球連合／機動戦士ガンダムF90
6788,ホーネット,0,670,65,30,70,1250,247,450,0,720,0,670,100,－,ＬＬ,87,150590,0,3,-9,-3,艦船系／人系／艦これ
6789,バーザムR,0,410,42,89,70,425,20,160,185,185,190,0,50,－,Ｍ,32,18090,2,-3,2,-4,MS系／連邦軍・ティターンズ・地球連合／アドバンス・オブ・ゼータ
6790,レジオン鹵獲仕様バーザム,0,410,42,90,70,425,20,160,185,185,190,0,60,－,Ｍ,29,18090,2,-3,2,-4,MS系／ジオン・ネオジオン軍・ザフト／アドバンス・オブ・ゼータ
6791,MFS仕様Ξガンダム,0,548,56,123,80,624,28,1260,1250,1260,1250,1230,500,NT4,Ｍ,58,186230,1,-3,4,4,MS系／ガンダム系／閃光のハサウェイ
6792,シェラザード,0,432,58,90,45,490,8,20,80,30,0,0,50,－,ＳＳ,45,19020,4,-4,-5,-5,その他／スパロボシリーズ
6793,ゼルバイン,0,345,27,110,80,408,15,290,290,290,290,150,100,NT7,Ｓ,57,32740,2,-2,0,5,その他／スパロボシリーズ／量産機
6794,ロボミ,0,97,40,58,55,300,12,300,300,5000,800,100,1730,強7,ＳＳ,24,1319600,3,-5,0,-3,人系
6795,ティターンズ仕様ペイルライダーDII,0,416,38,86,65,425,18,120,0,0,0,150,120,強4,Ｍ,32,19110,3,-3,3,-5,MS系／ジム系／連邦軍・ティターンズ・地球連合
6796,レッドライダー,0,338,28,62,70,370,18,100,0,300,100,0,100,－,Ｍ,35,11820,4,-3,-5,-5,MS系／ジム系／連邦軍・ティターンズ・地球連合
6797,ヴィンセント仕様ペイルライダー,0,400,37,87,60,425,18,120,0,0,0,150,50,強4,Ｍ,38,19110,3,-3,3,-4,MS系／ジム系／ジオン・ネオジオン軍・ザフト
6798,ダブルオースカイメビウス,0,635,62,127,77,763,20,300,300,300,300,300,250,－,Ｍ,72,42280,2,-4,3,3,MS系／ガンダム系／ガンダムビルドシリーズ
6799,ガンダムヘッド仕様バルギル,0,466,44,92,80,510,21,260,280,220,240,220,90,NT7,Ｍ,48,28600,2,-4,3,-4,MS系／ガンダム系／ジオン・ネオジオン軍・ザフト
6800,ゼロリベリオン,0,547,59,118,84,763,16,250,230,220,220,210,200,強5,Ｍ,60,110090,3,-5,2,3,MS系／ガンダム系／専用機／スパロボシリーズ
6801,前期仕様ゼロ,0,175,33,84,70,420,10,3000,3000,2000,2000,0,350,強5,ＳＳ,54,76000,4,1,-2,-2,人系
6802,後期仕様ゼロ,0,180,36,88,65,440,10,3000,3000,3000,2000,0,350,強5,ＳＳ,56,83000,3,1,0,-2,人系
6803,ガンダムイージスナイト,0,580,54,123,90,720,18,370,500,350,370,250,200,強5,Ｍ,66,77320,1,-4,3,3,MS系／ガンダム系／ガンダムビルドシリーズ
6804,ガンダムイージスナイト(MA) ,1,580,54,110,90,720,18,370,500,350,370,250,200,強5,Ｍ,66,0,-4,-4,3,3,MA系／ガンダム系／ガンダムビルドシリーズ
6805,ガンダムイージスナイト(AM) ,1,580,54,123,90,720,18,370,500,350,370,250,200,強5,Ｍ,66,0,1,-4,3,3,MA系／ガンダム系／ガンダムビルドシリーズ
6806,ガンダムイージスナイト(KM) ,1,580,54,123,90,720,18,370,500,350,370,250,200,強5,Ｍ,66,0,1,-4,3,3,MS系／ガンダム系／ガンダムビルドシリーズ
6807,外洋機動艦隊仕様バルメス,0,942,54,41,110,570,70,260,260,200,200,200,1,－,ＬＬ,66,30580,-4,-5,3,2,艦船系／スパロボシリーズ
6808,アスカ,0,850,60,35,140,700,80,200,280,0,0,200,100,－,Ｌ,67,40000,-2,-2,1,-1,艦船系／スパロボシリーズ
6809,フブキ,0,274,36,70,70,500,12,300,300,400,400,4000,2300,NT8,ＳＳ,48,4290000,2,-4,-3,-5,人系
6810,タツマキ,0,330,38,80,80,500,12,400,400,1100,1100,5000,2800,NT10,ＳＳ,52,3630000,2,-4,-5,0,人系
6811,宇宙仕様ジム・ナイトシーカーV,0,410,43,85,70,410,18,140,265,250,250,250,100,－,Ｍ,42,18060,1,-3,4,-4,MS系／ジム系／連邦軍・ティターンズ・地球連合
6812,3式機龍乙型,0,610,50,85,80,700,80,2000,3000,3000,2000,2000,300,－,Ｌ,70,740000,4,0,-4,0,その他／新世紀エヴァンゲリオン
6813,エクリプスガンダム,0,480,58,100,75,600,28,600,690,620,620,620,300,強5,Ｍ,72,118190,3,-3,4,1,MS系／ガンダム系／ガンダムSEED ASTRAY、MSV
6814,エクリプスガンダム(MA) ,1,480,58,100,75,600,28,600,690,620,620,620,300,強5,Ｍ,72,0,-3,-3,5,2,MA系／ガンダム系／ガンダムSEED ASTRAY、MSV
6815,メッサーF02型,0,432,56,113,72,460,23,150,280,240,260,260,50,－,Ｍ,37,52720,3,-3,2,-5,MS系／連邦軍・ティターンズ・地球連合／閃光のハサウェイ／量産機
6816,指揮官仕様メッサーF02型,0,475,59,118,72,460,23,150,280,240,260,260,40,－,Ｍ,40,54700,3,-3,2,-5,MS系／連邦軍・ティターンズ・地球連合／閃光のハサウェイ／専用機
6817,アメリカン仕様ガンダム,0,384,35,70,58,408,18,130,130,130,130,0,1,－,Ｍ,38,14790,2,-1,2,-1,MS系／ガンダム系／連邦軍・ティターンズ・地球連合／オリジナル系
6818,ウイングガンダムスカイゼロ,0,517,51,106,84,678,16,250,230,220,220,210,50,強1,Ｍ,57,64420,3,-5,2,1,MS系／ガンダム系／新機動戦記ガンダムW／ガンダムビルドシリーズ
6819,スカイゼロ・バードモード ,1,517,51,111,80,678,16,155,155,155,155,0,50,強1,Ｍ,57,0,-5,-5,3,3,MA系／ガンダム系／新機動戦記ガンダムW／ガンダムビルドシリーズ
6820,レッドフレームインバージョン,0,324,32,77,70,342,30,210,210,220,220,220,50,－,Ｍ,48,7560,-1,-3,-3,4,MS系／ガンダム系／ガンダムSEED ASTRAY、MSV／ガンダムビルドシリーズ
6821,グフクリムゾンカスタム,0,304,32,56,50,326,18,0,0,125,0,0,30,－,Ｍ,28,7620,4,-3,-5,-4,MS系／ジオン・ネオジオン軍・ザフト／グフ系／ガンダムビルドシリーズ
6822,市街地戦仕様陸戦型ガンダム,0,320,30,65,48,354,18,75,75,75,75,0,20,－,Ｍ,30,8370,3,-3,-5,-4,MS系／ガンダム系／連邦軍・ティターンズ・地球連合／ガンダムビルドシリーズ
6823,ダブルオーコマンドクアンタ,0,564,60,125,87,806,18,450,500,550,550,450,100,NT7,Ｍ,66,182000,3,-4,3,4,MS系／ガンダム系／ガンダムビルドシリーズ
6824,ガンダムバルバタウロス,0,1038,45,88,90,466,18,360,360,360,360,360,420,強7,Ｌ,67,107870,4,-4,-5,0,MS系／ガンダム系／ガンダムビルドシリーズ
6825,TB仕様アメイジングエクシア,0,526,40,94,69,395,22,300,260,280,240,180,50,－,Ｍ,62,45940,2,-5,3,2,MS系／ガンダム系／ガンダムビルドシリーズ
6826,ブレイジングガンダム,0,490,52,109,72,720,16,220,130,340,200,140,50,強5,Ｍ,57,67180,3,0,2,-4,MS系／ガンダム系／ガンダムビルドシリーズ
6827,パーフェクトストライクフリーダム,0,548,55,122,90,720,18,370,400,250,270,250,260,強5,Ｍ,87,117110,1,-4,4,3,MS系／ガンダム系／ガンダムビルドシリーズ
6828,リヴランスヘブン,0,498,47,101,74,700,16,250,230,220,220,210,150,－,Ｍ,56,52120,2,0,4,-2,MS系／ガンダム系／ガンダムビルドシリーズ
6829,ガンダムヘリオス,0,600,58,118,95,770,20,620,760,480,500,400,1300,強5,Ｍ,69,188840,2,-4,3,3,MS系／ガンダム系／ガンダムビルドシリーズ
6830,ディランドゥ専用アルセイデス,0,444,53,72,45,417,8,60,130,130,0,0,60,強2,Ｓ,41,18210,4,0,-2,-1,その他／スパロボシリーズ／専用機
6831,F91ヴァイタル1号機,0,456,44,106,90,534,20,280,260,260,270,230,150,NT3,Ｍ,56,32560,2,-3,2,0,MS系／ガンダム系／連邦軍・ティターンズ・地球連合／機動戦士ガンダムF91
6832,F91ヴァイタル2号機,0,456,44,106,90,534,20,280,260,260,270,230,150,NT3,Ｍ,56,32560,2,-3,2,0,MS系／ガンダム系／連邦軍・ティターンズ・地球連合／機動戦士ガンダムF91
6833,マキシマムパーフェクトストライク,0,453,45,67,70,552,30,200,220,200,200,80,50,強5,Ｍ,40,29980,3,-2,3,2,MS系／ガンダム系／連邦軍・ティターンズ・地球連合／ガンダムSEED
6834,アムルタート,0,848,15,39,90,700,50,100,160,160,160,160,50,－,ＬＬ,61,79480,-2,-3,2,2,艦船系／スパロボシリーズ
6835,ムガ,0,500,50,80,60,600,18,300,300,300,300,300,50,NT9,Ｍ,50,64000,3,-3,0,1,その他／スパロボシリーズ／専用機
6836,アメイジングストライクフリーダム,0,602,57,128,90,756,18,670,600,550,570,550,500,強5,Ｍ,80,117110,1,-4,4,3,MS系／ガンダム系／ガンダムビルドシリーズ
6837,アイリス,0,150,26,70,80,500,10,2600,1600,1600,1600,1600,1,強5,ＳＳ,52,41200,4,0,0,-2,人系
6838,アメイジングZガンダム,0,452,42,104,82,570,25,350,370,200,230,250,180,NT4,Ｍ,61,40000,3,-5,4,-1,MS系／ガンダム系／ガンダムビルドシリーズ
6839,アメイジングウェイブライダー ,1,452,42,100,72,570,25,350,370,200,230,250,180,NT4,Ｍ,61,0,-5,-5,4,4,MA系／ガンダム系／ガンダムビルドシリーズ
6840,ジャガーノート,0,256,19,62,60,400,10,100,100,120,150,0,10,－,ＳＳ,22,1830,3,-5,-5,-5,その他／スパロボシリーズ／量産機
6841,シン仕様ジャガーノート,0,256,19,62,60,400,10,100,100,120,150,0,10,－,ＳＳ,22,1830,3,-5,-5,-5,その他／スパロボシリーズ／量産機
6842,遠距離砲撃仕様ジャガーノート,0,256,19,62,90,400,10,100,100,120,150,0,10,－,ＳＳ,23,1830,3,-5,-5,-5,その他／スパロボシリーズ／量産機
6843,グルトップ,0,640,35,43,72,1020,113,0,220,100,120,180,50,－,ＬＬ,62,64060,-5,-5,3,-5,艦船系／ジオン・ネオジオン軍・ザフト／量産機
6844,ハンググライダー仕様ラウンドフェイサー,0,350,52,52,60,450,15,100,100,100,100,100,20,－,Ｍ,36,6000,2,0,-5,2,その他／スパロボシリーズ／量産機
6845,ヒュッケバイン30,0,497,54,98,80,700,18,270,270,235,275,250,300,－,Ｍ,67,171500,3,-3,3,-2,その他／バンプレストオリジナル
6846,クラップ,0,780,32,44,90,1000,100,180,280,130,150,230,100,－,ＬＬ,72,65200,-5,-4,3,2,艦船系／スパロボシリーズ
6847,ビクトリーレオ,0,504,60,57,80,530,15,4400,250,350,350,350,250,強5,Ｓ,52,99200,4,-3,-3,-5,その他／スパロボシリーズ
6848,スターセイバー,0,528,63,54,66,580,15,350,350,4400,350,250,250,強5,Ｓ,59,110000,3,-4,0,-2,その他／スパロボシリーズ
6849,ビクトリーセイバー,0,588,75,60,72,650,15,650,4400,4400,650,650,400,強5,Ｍ,60,476000,3,-4,0,0,その他／スパロボシリーズ
6850,ナナハチ,0,384,35,70,58,408,18,130,130,130,130,0,50,－,Ｍ,38,8790,2,-1,2,-1,MS系／ガンダム系／連邦軍・ティターンズ・地球連合
6851,モンストル仕様高機動型ザク,0,336,26,61,54,326,18,0,60,60,60,0,40,－,Ｍ,31,6750,-4,-5,4,-4,MS系／ザク系／ジオン・ネオジオン軍・ザフト
6852,ネメシスプライム,0,480,60,52,60,530,15,250,250,250,250,250,100,強5,Ｓ,55,92000,4,-2,-3,-5,その他／スパロボシリーズ
6853,マニューバエクリプス,0,528,58,108,75,650,28,700,790,720,720,720,200,強5,Ｍ,74,146090,3,-3,4,1,MS系／ガンダム系／ガンダムSEED ASTRAY、MSV
6854,マニューバエクリプス(MA) ,1,528,58,108,75,650,28,700,790,720,720,720,200,強5,Ｍ,74,0,-3,-3,5,2,MA系／ガンダム系／ガンダムSEED ASTRAY、MSV
6855,メイプル,0,200,256,10,60,220,30,200,200,200,200,200,2000,－,ＳＳ,39,290000,1,0,-6,-5,人系
6856,機械神仕様メイプル,0,200,15180,3,60,220,50,200,200,200,200,200,22000,－,ＳＳ,200,5880000,1,0,-6,1,人系
6857,最終形態仕様劉 鳳,0,220,30,110,70,600,11,600,600,350,350,150,400,NT9,ＳＳ,75,1380000,4,-1,1,1,人系
6858,フルアメイジング,0,666,63,140,100,830,18,800,660,660,740,710,2664,強5,Ｍ,87,3516450,1,-4,4,3,MS系／ガンダム系／ガンダムビルドシリーズ
6859,デビルマン,0,324,44,90,70,400,30,666,666,666,666,666,250,NT9,Ｌ,39,92000,2,-3,-3,2,その他／スパロボシリーズ
6860,ザクアメイジング・ラピッド,0,480,33,106,95,275,14,0,5000,160,160,0,150,－,Ｍ,38,20680,1,-4,5,0,MS系／ザク系／ガンダムビルドシリーズ
6861,Rアメイジングストライクフリーダム,0,602,57,141,90,756,18,670,600,550,570,550,200,強5,Ｍ,81,117110,1,-4,4,3,MS系／ガンダム系／ガンダムビルドシリーズ
6862,ザクアメイジング・ライトアーマー,0,480,26,88,95,275,14,0,160,160,160,0,100,－,Ｍ,34,14730,0,3,-4,-3,MS系／ザク系／ガンダムビルドシリーズ
6863,ザクアメイジング・マリンタイプ,0,480,33,80,95,275,14,0,160,160,160,0,100,－,Ｍ,37,14730,0,3,-4,-3,MS系／ザク系／ガンダムビルドシリーズ
6864,Bアメイジングストライクフリーダム,0,602,57,128,99,756,18,670,600,550,570,550,400,強5,Ｍ,81,117110,1,-4,4,3,MS系／ガンダム系／ガンダムビルドシリーズ
6865,ドライグストライク,0,408,37,68,70,425,30,200,220,100,120,200,120,強5,Ｍ,47,12030,2,-4,3,2,MS系／ガンダム系／連邦軍・ティターンズ・地球連合／ガンダムSEED
6866,フィンスターニス,0,388,34,80,78,551,18,230,230,0,230,230,80,NT6,Ｍ,45,12150,2,-3,2,2,MS系／ガンダム系／ガンダム00
6867,厄祭戦仕様ガンダム・フラウロス,0,498,47,96,100,636,18,360,360,360,360,360,10,強7,Ｍ,60,20260,3,-4,2,0,MS系／ガンダム系／鉄血のオルフェンズ
6868,ゴーストガンダム,0,487,48,116,110,550,20,330,310,260,270,230,290,－,Ｍ,54,52120,3,-3,3,0,MS系／ガンダム系／機動戦士クロスボーンガンダム
6869,ゴーストガンダム(MA) ,1,487,48,123,110,550,20,330,310,260,270,230,290,－,Ｍ,54,0,-5,-5,4,4,MA系／ガンダム系／機動戦士クロスボーンガンダム
6870,ガ・オーン,0,600,54,65,50,840,21,300,290,390,380,200,180,強5,Ｍ,61,40060,2,-3,2,-4,その他／スパロボシリーズ
6871,ガ・オーン(ライオン形態) ,1,600,54,60,50,840,21,300,290,390,380,200,180,強5,Ｍ,61,0,3,2,2,-5,その他／スパロボシリーズ
6872,フェニーチェリベルタ,0,597,60,122,76,721,16,250,330,250,250,260,150,－,Ｍ,63,78760,4,-5,2,-4,MS系／ガンダム系／ガンダムビルドシリーズ
6873,フェニーチェリベルタ(MA) ,1,597,60,127,71,721,16,250,330,250,250,260,150,－,Ｍ,63,0,5,-5,0,-3,MA系／ガンダム系／ガンダムビルドシリーズ
6874,デューク,0,320,44,62,40,330,6,150,180,119,119,0,20,強5,ＳＳ,32,12600,2,-5,-4,-4,その他／勇者・エルドランシリーズ
6875,V.F.G.ランカ・リー,0,435,42,118,80,470,20,200,200,200,200,200,300,－,Ｍ,46,56800,-5,-5,3,3,マクロスシリーズ／車輌・戦闘機系／人系
6876,V.F.G.ランカ・リー(G) ,1,435,38,108,80,470,20,180,180,170,170,170,300,－,Ｓ,46,0,2,2,2,2,その他／マクロスシリーズ／人系
6877,V.F.G.ランカ・リー(B) ,1,435,47,100,60,470,20,180,180,170,170,170,300,－,Ｍ,46,0,3,-5,3,-1,その他／マクロスシリーズ／人系
6878,スティレット,0,396,33,70,60,420,16,200,200,200,200,200,50,－,Ｍ,34,12060,2,-4,-5,1,その他／スパロボシリーズ／量産機
6879,三二式一型・轟雷,0,400,38,60,60,420,15,200,200,200,200,200,20,－,Ｍ,35,12030,3,-4,-5,0,その他／スパロボシリーズ／量産機
6880,レヴァナントアイ,0,382,29,59,80,380,21,200,200,200,200,200,20,－,Ｍ,34,12030,2,-4,-5,0,その他／スパロボシリーズ／量産機
6881,シャア専用ディジェ,0,415,48,100,60,460,18,260,280,250,250,200,100,NT3,Ｍ,44,30160,0,-5,4,0,MS系／ジオン・ネオジオン軍・ザフト／専用機
6882,デスタイガー,0,540,50,90,60,525,18,300,300,350,350,350,100,強5,Ｍ,51,110090,4,-5,-4,-4,その他／スパロボシリーズ
6883,デスドラゴン,0,540,62,70,60,525,18,300,300,350,350,350,100,強5,Ｍ,51,110090,2,2,-4,-4,その他／スパロボシリーズ
6884,デスイーグル,0,480,54,80,60,525,18,300,300,350,350,350,100,強5,Ｍ,51,110090,-5,-5,3,3,その他／スパロボシリーズ
6885,ドライアス,0,1080,71,80,60,900,33,280,280,250,250,250,500,強5,Ｌ,92,200090,3,-4,1,2,その他／勇者・エルドランシリーズ
6886,ドライアスジェット,0,1080,71,80,60,900,33,280,280,250,250,250,500,強5,Ｌ,92,200090,-4,-4,3,3,その他／勇者・エルドランシリーズ
6887,陸戦型ザクIIJC型,0,275,24,44,42,300,18,0,30,0,30,0,5,－,Ｍ,17,6540,3,-3,-5,-4,MS系／ザク系／ジオン・ネオジオン軍・ザフト／第08MS小隊／量産機
6888,零式弐型,0,470,38,70,95,435,20,220,190,150,150,150,5,－,Ｍ,41,7800,3,-5,1,1,MS系／エウーゴ・カラバ／専用機
6889,クランシェ★アスタ,0,390,43,76,70,326,18,150,150,140,130,100,50,－,Ｍ,35,6300,2,-4,2,-4,MS系／ガンダムビルドシリーズ
6890,クランシェ★アスタ(AM) ,1,390,38,61,70,326,18,150,150,140,130,100,50,－,Ｍ,35,0,-5,-5,3,2,MA系／ガンダムビルドシリーズ
6891,エヴァンゲリオン改8号機γ,0,700,50,63,80,368,30,370,400,250,270,250,300,－,Ｌ,116,740000,3,-4,2,-5,その他／新世紀エヴァンゲリオン
6892,BC仕様Hi-νガンダム,0,518,50,107,110,572,20,300,255,250,230,240,350,NT6,Ｍ,60,53680,1,-4,3,-4,MS系／ガンダム系／連邦軍・ティターンズ・地球連合／ZZ/CCA-MSV
6893,ラピエール,0,402,33,72,80,420,16,200,200,200,200,200,50,－,Ｍ,41,13260,2,-4,-5,2,その他／スパロボシリーズ／量産機
6894,ノエル(TM),0,90,10,75,60,100,15,100,45,80,50,75,160,－,ＳＳ,48,620000,5,0,-6,-4,その他／人系
6895,ヴェルトール・イド,0,600,54,100,50,595,25,900,900,900,900,900,500,－,Ｍ,75,148790,4,0,0,1,その他／スパロボシリーズ
6896,グライフェン,0,400,38,55,60,400,16,200,200,200,200,200,50,－,Ｍ,38,12330,1,3,-5,-4,その他／スパロボシリーズ／量産機
6897,ブルーフレームセカンドリバイLL,0,482,47,90,90,488,30,220,220,220,250,220,250,強4,Ｍ,59,14940,3,-4,4,2,MS系／ガンダム系／ガンダムSEED ASTRAY、MSV
6898,グソック,0,100,19,50,55,300,10,50,80,150,0,0,10,強1,Ｓ,22,1500,4,-4,-5,-4,その他／ゾイドシリーズ／スパロボシリーズ
6899,ThirdArmor仕様エックス,0,169,40,80,75,420,10,1600,1600,1600,2600,1600,690,強5,ＳＳ,60,57400,3,1,0,-2,人系
6900,ThirdArmor仕様エックス(ハイパーチップ) ,1,169,40,80,75,420,10,1600,1600,1600,2600,1600,690,強5,ＳＳ,60,0,3,1,0,-1,人系
6901,試作重攻撃レイバー,0,312,54,40,60,350,10,100,170,150,150,0,100,－,Ｓ,33,15030,5,-5,-5,-5,その他／スパロボシリーズ
6902,インステッド,0,160,3,21,55,170,10,0,10,0,0,0,5,－,Ｓ,16,1230,1,-5,-6,-4,スパロボシリーズ／車輌・戦闘機系／量産機
6903,ミサイルポッド仕様インステッド,0,160,3,21,55,170,10,0,10,0,0,0,5,－,Ｓ,16,1230,1,-5,-6,-4,スパロボシリーズ／車輌・戦闘機系／量産機
6904,2連装対空機関砲仕様インステッド,0,160,3,21,55,170,10,0,10,0,0,0,5,－,Ｓ,16,1230,1,-5,-6,-4,スパロボシリーズ／車輌・戦闘機系／量産機
6905,無反動砲仕様インステッド,0,160,3,21,55,170,10,0,10,0,0,0,5,－,Ｓ,16,1230,1,-5,-6,-4,スパロボシリーズ／車輌・戦闘機系／量産機
6906,ミサイルランチャー仕様インステッド,0,160,3,21,55,170,10,0,10,0,0,0,5,－,Ｓ,16,1230,1,-5,-6,-4,スパロボシリーズ／車輌・戦闘機系／量産機
6907,15連装ミサイルポッド仕様インステッド,0,160,3,21,55,170,10,0,10,0,0,0,5,－,Ｓ,16,1230,1,-5,-6,-4,スパロボシリーズ／車輌・戦闘機系／量産機
6908,コボルド,0,420,43,50,60,400,16,200,200,200,200,200,50,強3,Ｍ,38,12030,3,-5,3,1,その他／スパロボシリーズ／量産機
6909,シュトラウス,0,410,43,50,60,400,16,200,200,200,200,200,50,強3,Ｍ,38,12030,1,-5,3,-4,その他／スパロボシリーズ／量産機
6910,ヴァイスハイト,0,430,45,32,60,400,16,200,200,200,200,200,50,強3,Ｍ,38,12030,1,-5,3,-4,その他／スパロボシリーズ／量産機
6911,武御雷Type-00A,0,409,42,80,55,440,20,280,280,250,250,250,50,－,Ｍ,39,12000,3,-3,-2,3,その他／マブラヴ
6912,グリッドマン,0,584,45,102,60,550,50,900,900,900,900,900,400,NT9,Ｍ,53,42280,2,2,2,-1,その他／スパロボシリーズ
6913,砂漠仕様陸戦型ガンダム,0,320,30,65,48,354,18,75,75,75,75,0,20,－,Ｍ,24,8370,3,-3,-5,-4,MS系／ガンダム系／連邦軍・ティターンズ・地球連合／第08MS小隊／量産機
6914,一般仕様イチナナ式,0,526,49,86,55,475,20,170,170,165,165,165,200,－,Ｍ,47,33040,2,-3,2,2,その他／スパロボシリーズ／量産機
6915,シロー専用イチナナ式,0,526,49,86,55,475,20,170,170,165,165,165,200,－,Ｍ,47,33040,2,-3,2,2,その他／スパロボシリーズ／専用機
6916,フレズヴェルク,0,390,23,80,60,335,16,200,200,200,200,200,50,強3,Ｍ,36,12180,1,-5,3,3,その他／量産機
6917,フレズヴェルク(MA) ,1,390,23,80,60,335,16,200,200,200,200,200,50,強3,Ｍ,36,0,-1,-5,4,4,その他／スパロボシリーズ／量産機
6918,防寒シールド仕様ビッグフット,0,295,54,64,40,175,10,120,120,100,100,100,5,－,Ｓ,20,4800,2,-5,-5,-5,その他／スパロボシリーズ／量産機
6919,バートレイ,0,144,12,70,60,175,10,50,50,50,20,0,15,－,ＳＳ,10,930,5,-5,-5,-4,その他／スパロボシリーズ／専用機
6920,バートレイ(RA) ,1,144,20,80,60,175,10,50,50,250,20,0,15,－,ＳＳ,10,0,3,-5,-2,-4,その他／スパロボシリーズ／専用機
6921,輝鎚・甲,0,480,76,36,60,400,15,200,200,200,200,200,50,－,Ｍ,43,12060,3,-4,-5,0,その他／スパロボシリーズ／量産機
6922,地上仕様ザニー,0,272,21,35,35,283,18,0,15,10,0,0,5,－,Ｍ,25,6420,3,-4,0,-4,MS系／連邦軍・ティターンズ・地球連合／量産機
6923,シェフィールド,0,380,41,32,68,550,170,560,400,700,700,790,150,－,ＬＬ,51,96590,0,3,-9,-4,艦船系／人系／艦これ
6924,ファントムV2,0,478,45,87,100,550,20,330,310,260,270,230,100,－,Ｍ,51,30280,3,-3,3,0,MS系／ガンダム系／機動戦士クロスボーンガンダム
6925,蜃気楼鳥V2 ,1,478,45,92,100,550,20,330,310,260,270,230,100,－,Ｍ,51,0,-5,-5,4,4,MA系／ガンダム系／機動戦士クロスボーンガンダム
6926,アンカー,0,589,48,96,40,520,20,270,250,260,270,190,150,－,Ｍ,50,31960,2,-3,2,0,MS系／ガンダム系／機動戦士クロスボーンガンダム
6927,ザクII狙撃型,0,275,24,47,82,300,18,0,30,0,30,100,60,－,Ｍ,18,6840,3,-3,-5,-4,MS系／ザク系／ジオン・ネオジオン軍・ザフト
6928,ミア専用ザク・ハーフキャノン,0,366,20,54,72,360,18,0,30,0,190,30,60,－,Ｍ,25,7680,3,-5,-5,-3,MS系／ザク系／ジオン・ネオジオン軍・ザフト／MSV(モビルスーツバリエーション)／量産機／専用機
6929,アルマ専用陸戦高機動型ザク,0,282,21,56,45,312,18,30,50,50,30,30,50,－,Ｍ,18,6750,3,-4,-5,-4,MS系／ザク系／ジオン・ネオジオン軍・ザフト／MSV(モビルスーツバリエーション)／量産機／専用機
6930,イフリート・イェーガー,0,345,30,70,76,337,18,0,0,60,60,0,90,－,Ｍ,25,8070,2,-5,-5,-1,MS系／ジオン・ネオジオン軍・ザフト／専用機
6931,リリス専用ガンダム・ピクシー,0,388,39,74,50,408,18,0,140,140,0,0,30,－,Ｍ,35,12060,3,-3,-5,-4,MS系／ガンダム系／連邦軍・ティターンズ・地球連合／専用機
6932,ヒュッケバイン30th,0,667,55,122,95,700,18,3000,3000,3000,3000,3000,330,－,Ｍ,75,209000,3,-3,3,2,その他／バンプレストオリジナル
6933,松,0,140,22,35,25,350,100,50,160,220,300,140,100,－,ＬＬ,32,18030,0,3,-9,-5,艦船系／人系／艦これ
6934,竹,0,140,22,34,24,350,100,50,190,190,290,280,1,－,ＬＬ,32,18030,0,3,-9,-5,艦船系／人系／艦これ
6935,桃,0,140,22,31,24,350,100,50,160,180,270,480,1,－,ＬＬ,32,18030,0,3,-9,-5,艦船系／人系／艦これ
6936,ヒュッケバインMk-II3号機,0,444,46,100,80,560,20,200,200,145,200,180,200,NT3,Ｍ,50,52060,3,-2,4,-2,その他／バンプレストオリジナル
6937,エールカラミティ,0,445,42,81,88,550,18,280,300,60,100,140,260,強5,Ｍ,48,19530,1,0,1,0,MS系／ガンダム系／連邦軍・ティターンズ・地球連合
6938,ドム・ノーミーデス,0,538,49,48,98,380,30,300,300,285,285,300,90,－,Ｍ,45,14250,3,-5,-5,-4,MS系／ジオン・ネオジオン軍・ザフト／MSV(モビルスーツバリエーション)／ドム系
6939,レナート専用ジム・スパルタン,0,294,34,54,60,320,18,0,0,60,60,0,20,－,Ｍ,23,7530,1,-3,3,-4,MS系／ジム系／連邦軍・ティターンズ・地球連合／専用機
6940,ガーフィッシュ,0,336,33,39,70,420,148,200,200,140,140,140,100,－,ＬＬ,35,13530,-5,3,-5,-6,艦船系／スパロボシリーズ
6941,ガーフィッシュII,0,396,37,42,70,490,148,250,250,180,180,180,50,－,ＬＬ,40,18030,-5,3,-5,-6,艦船系／スパロボシリーズ
6942,バーゼラルド,0,400,33,76,69,420,16,200,200,200,200,200,50,－,Ｍ,40,12960,2,-4,-5,1,その他／スパロボシリーズ
6943,ジェダ,0,372,43,85,68,425,19,140,165,150,150,150,30,－,Ｍ,41,14490,1,-4,2,-4,MS系／ジム系／連邦軍・ティターンズ・地球連合
6945,ガンダムリントヴルム,0,440,55,123,76,469,18,215,230,180,190,125,70,－,Ｍ,45,52660,2,-3,2,-4,MS系／ジオン・ネオジオン軍・ザフト／ガンダムビルドシリーズ
6946,ガンダムリントヴルム(飛行形態) ,1,440,55,123,76,469,18,215,230,180,190,125,70,－,Ｍ,45,0,1,-5,2,2,MS系／ジオン・ネオジオン軍・ザフト／ガンダムビルドシリーズ
6947,ガンダムリントヴルム(MA) ,1,440,55,98,76,469,18,215,230,180,190,125,70,－,Ｍ,45,0,-5,-4,4,4,その他／ジオン・ネオジオン軍・ザフト／ガンダムビルドシリーズ
6948,アルスアースリィ,0,572,54,106,111,744,18,560,530,410,420,410,200,強5,Ｍ,60,29800,2,-1,2,-1,MS系／ガンダム系／ガンダムビルドシリーズ
6949,ウィルバーナイン,0,390,36,58,60,410,16,200,200,200,200,200,50,－,Ｍ,38,12930,3,-4,-5,-4,その他／スパロボシリーズ
6950,ウィルバーナイン(SM),0,390,36,40,60,410,16,200,200,200,200,200,50,－,Ｍ,38,12930,3,-5,-5,-4,その他／スパロボシリーズ
6951,グレートマジンカイザー,0,752,110,78,73,850,20,390,390,395,395,395,400,－,Ｍ,73,114500,3,0,1,3,その他／スパロボシリーズ
6952,ジャコビアス専用ゲルググキャノン,0,369,33,57,70,397,19,0,90,0,0,130,20,－,Ｍ,37,12450,2,-2,2,-4,MS系／ジオン・ネオジオン軍・ザフト／MSV(モビルスーツバリエーション)／ゲルググ系／専用機
6953,ゲキリュウガー,0,612,58,68,60,490,28,200,200,250,250,250,100,強5,Ｍ,51,40060,3,0,1,2,その他／勇者・エルドランシリーズ
6954,ゲキリュウガー(A) ,1,612,58,73,60,490,28,200,200,250,250,250,100,強5,Ｍ,51,0,2,0,1,3,その他／勇者・エルドランシリーズ
6955,G-エルス,0,448,47,91,61,600,18,280,280,180,180,120,50,－,Ｍ,46,18900,1,-3,-4,3,MS系／ガンダム系／ガンダムビルドシリーズ
6956,空間戦仕様ギガン,0,275,17,52,38,283,15,20,35,50,0,0,10,－,Ｍ,26,6450,1,-4,3,-5,MS系／ジオン・ネオジオン軍・ザフト／MS-X(モビルスーツ・ペズン)／量産機
6957,ガズエル・グラウ,0,437,52,105,52,447,20,290,280,190,195,0,50,－,Ｍ,45,44980,2,-3,2,-4,MS系／ジオン・ネオジオン軍・ザフト／機動戦士ガンダムZZ
6958,バリー仕様装甲強化型ジム,0,275,28,43,60,300,18,0,10,30,30,0,10,－,Ｍ,21,7110,2,-3,2,-4,MS系／ジム系／連邦軍・ティターンズ・地球連合／オリジナル系
6959,ティターニア,0,393,36,99,68,435,18,300,100,165,165,0,90,－,Ｍ,42,18390,2,-3,2,-3,MS系／ジオン・ネオジオン軍・ザフト／ポケットの中の戦争
6960,ホワイトライダー,0,400,37,87,60,425,18,120,0,0,0,150,50,強4,Ｍ,38,19110,3,-3,3,-4,MS系／ジム系／連邦軍・ティターンズ・地球連合
6961,ブラックライダー,0,400,37,87,60,425,18,120,0,0,0,150,150,強4,Ｍ,38,19110,3,-3,3,-4,MS系／ジム系／連邦軍・ティターンズ・地球連合
6962,ドワス改,0,361,32,63,60,382,18,200,200,300,300,0,50,－,Ｍ,36,8640,1,-4,3,-5,MS系／ジオン・ネオジオン軍・ザフト／ドム系／量産機
6963,MB仕様X-0フルクロス,0,508,55,116,90,570,20,280,260,260,270,230,100,NT7,Ｍ,60,67780,3,-3,3,0,MS系／ガンダム系／機動戦士クロスボーンガンダム
6964,ロードアストレイダブルリベイク,0,500,71,106,70,636,18,320,350,300,300,100,100,強4,Ｍ,57,41200,3,-4,2,-5,MS系／ガンダム系／ガンダムSEED ASTRAY、MSV
6965,ロードアストレイダブルリベイクR ,1,500,71,106,70,636,18,320,350,300,300,100,100,強4,Ｍ,57,0,3,-4,2,-5,MS系／ガンダム系／ガンダムSEED ASTRAY、MSV
6966,ジークルーネ,0,455,42,98,70,570,18,340,340,340,340,340,50,－,Ｍ,49,13350,3,-4,2,0,MS系／ガンダム系／鉄血のオルフェンズ
6967,BD隊仕様ジム・スパルタン,0,294,34,54,60,320,18,0,0,60,60,0,20,－,Ｍ,23,7530,1,-3,3,-4,MS系／ジム系／連邦軍・ティターンズ・地球連合
6968,ダグ・ドール,0,455,66,126,70,645,22,410,400,470,500,500,290,強6,Ｍ,56,93980,2,-4,2,-4,MS系／ジオン・ネオジオン軍・ザフト
6969,アスモデウス,0,540,53,98,62,520,18,430,430,410,410,410,250,－,Ｍ,51,42880,3,-4,2,0,MS系／ガンダム系／鉄血のオルフェンズ
6970,シクラーゼ専用シュヴァルベカスタム,0,410,34,83,80,445,18,330,330,300,300,290,90,－,Ｍ,43,12540,2,-5,3,0,MS系／ガンダム系／鉄血のオルフェンズ
6971,ガンダムアニマリゼ,0,588,54,107,111,744,18,560,530,410,420,410,200,－,Ｍ,65,32380,2,-1,2,-1,MS系／ガンダム系／ガンダムビルドシリーズ
6972,G-エルス(BEFORE),0,448,47,91,61,600,18,280,280,180,180,120,170,－,Ｍ,46,18900,1,-3,-4,3,MS系／ガンダム系／ガンダムビルドシリーズ
6973,シャイニングブレイク(BEFORE),0,480,51,100,72,648,20,240,200,220,180,180,150,強4,Ｍ,54,21940,3,-3,2,-3,MS系／ガンダム系／ガンダムビルドシリーズ
6974,シャイニングベルクート(BEFORE) ,1,480,51,100,72,648,20,240,200,220,180,180,150,強4,Ｍ,54,0,-4,-4,2,3,MA系／ガンダム系／ガンダムビルドシリーズ
6975,シャイニングブレイク,0,480,51,100,72,648,20,240,200,220,180,180,10,強4,Ｍ,54,21940,3,-3,2,-3,MS系／ガンダム系／ガンダムビルドシリーズ
6976,シャイニングベルクート ,1,480,51,100,72,648,20,240,200,220,180,180,10,強4,Ｍ,54,0,-4,-4,2,3,MA系／ガンダム系／ガンダムビルドシリーズ
6977,ジョーハウンド,0,288,46,68,60,360,10,200,200,200,200,0,50,－,Ｓ,24,12630,2,-3,-3,-5,その他／スパロボシリーズ
6978,ブレイディハウンド,0,300,50,70,60,390,10,200,200,200,200,0,50,－,Ｓ,26,12930,3,-3,-2,-5,その他／スパロボシリーズ
6979,ケンブ,0,336,50,100,60,336,10,200,200,200,200,0,90,－,Ｓ,27,33460,3,-3,-2,-5,その他／スパロボシリーズ
6980,ゲラート専用ザクI,0,275,20,40,40,290,18,100,100,10,0,0,10,－,Ｍ,26,6450,2,-3,2,-4,MS系／ザク系／ジオン・ネオジオン軍・ザフト／専用機
6981,ウォドムポッド,0,780,50,75,70,595,24,0,110,120,130,100,150,－,Ｍ,60,64060,2,-5,0,-5,MS系／ガンダムビルドシリーズ
6982,ウォドムポッド(MA) ,1,780,50,75,70,595,24,0,110,120,130,100,150,－,Ｍ,60,0,-2,-5,2,-5,MA系／ガンダムビルドシリーズ
6983,コアガンダムII,0,520,34,109,80,544,14,560,530,410,420,410,120,－,Ｓ,42,13260,2,-1,2,-1,MS系／ガンダム系／ガンダムビルドシリーズ
6984,コアフライヤー ,1,520,34,109,80,544,14,560,530,410,420,410,120,－,Ｓ,42,0,-4,-1,3,1,MA系／ガンダム系／ガンダムビルドシリーズ
6985,リライジングガンダム ,1,1177,44,98,85,930,19,5000,5000,3000,3000,3000,3888,－,Ｍ,144,0,1,-4,2,2,MS系／ガンダム系／ガンダムビルドシリーズ
6986,マガツキ,0,400,49,56,70,400,16,200,200,200,200,200,50,強3,Ｍ,39,12330,3,-5,3,1,その他／スパロボシリーズ
6987,アルス・ジャジャ,0,398,67,97,80,387,20,120,120,150,150,180,90,－,Ｍ,44,52960,2,-5,3,-2,MS系／ジオン・ネオジオン軍・ザフト
6988,アトム,0,270,20,100,60,900,10,500,4000,4000,500,100,3000,強7,ＳＳ,44,33030000,2,-1,4,4,人系
6989,スナイパーパック,0,270,18,55,86,275,30,180,180,170,170,170,10,強7,Ｓ,35,6330,-5,-5,3,3,連邦軍・ティターンズ・地球連合／ガンダムSEED／車輌・戦闘機系
6990,SP仕様ブルーフレームセカンドリバイ,0,482,47,90,90,488,30,220,220,220,250,220,1250,強4,Ｍ,59,14940,3,-4,4,2,MS系／ガンダム系／ガンダムSEED ASTRAY、MSV
6991,スナイパーパックLL,0,280,18,55,86,275,30,180,180,170,170,170,30,強7,Ｓ,35,6930,-5,-5,3,3,連邦軍・ティターンズ・地球連合／ガンダムSEED／車輌・戦闘機系
6992,SL仕様ブルーフレームセカンドリバイ,0,482,47,90,90,488,30,220,220,220,250,220,300,強4,Ｍ,59,14940,3,-4,4,2,MS系／ガンダム系／ガンダムSEED ASTRAY、MSV
6993,スナイパーストライク,0,408,38,77,90,425,30,200,220,100,120,80,120,強5,Ｍ,47,12030,2,-4,4,3,MS系／ガンダム系／連邦軍・ティターンズ・地球連合／ガンダムSEED
6994,シャルティア,0,120,20,110,80,500,10,350,400,450,350,400,8800,NT10,ＳＳ,66,4280000,5,-2,-5,4,人系
6995,リガズィード,0,464,58,116,76,496,18,195,195,200,200,200,180,－,Ｍ,40,55060,2,-3,2,-3,MS系／ガンダム系／連邦軍・ティターンズ・地球連合
6996,リガズィード(WS) ,1,464,58,116,76,496,18,195,195,200,200,200,180,－,Ｍ,40,0,-5,-5,4,3,MA系／ガンダム系／連邦軍・ティターンズ・地球連合
6997,ヒュウガ,0,890,60,35,140,700,80,200,280,0,0,200,150,－,Ｌ,68,43000,-2,-2,1,-1,艦船系／スパロボシリーズ／量産機
6998,ヴィクトリアス,0,590,80,31,73,1100,225,380,0,770,0,900,300,－,ＬＬ,80,146090,0,3,-9,-3,艦船系／人系／艦これ
6999,フェニックス・ゼロワン,0,365,32,57,80,424,20,380,350,370,370,350,100,NT3,Ｍ,39,7230,2,-3,2,2,MS系／ガンダム系／連邦軍・ティターンズ・地球連合／オリジナル系
7000,ファイナル・ガオガイガー,0,900,71,78,60,1150,30,1450,1450,1400,1300,1200,2000,強7,Ｌ,85,716000,2,0,3,3,その他／勇者・エルドランシリーズ
7001,ヴァリアント,0,372,37,67,52,280,12,60,70,70,70,0,50,－,Ｓ,32,18030,3,-4,-6,-4,その他／スパロボシリーズ
7002,ジムIIIパワードFA,0,473,50,69,65,476,18,170,175,150,180,160,50,－,Ｍ,45,20328,1,-3,3,-4,MS系／ジム系／連邦軍・ティターンズ・地球連合
7003,ドゥルガーI,0,400,39,61,70,400,16,200,200,200,200,200,50,強3,Ｍ,39,12330,3,-5,3,1,その他／スパロボシリーズ／量産機
7004,ブラッド専用ブレイディハウンド,0,330,54,74,60,390,10,200,200,200,200,0,50,－,Ｓ,27,13620,3,-3,-2,-5,その他／スパロボシリーズ／専用機
7005,ソボーテジアマン,0,230,46,68,60,360,10,200,200,200,200,0,20,強5,Ｓ,21,12330,2,-3,-3,-5,その他／スパロボシリーズ
7006,エンゲージゼロ,0,430,43,85,63,445,18,170,195,195,195,0,80,－,Ｍ,33,25300,2,-4,3,-2,MS系／ガンダム系／連邦軍・ティターンズ・地球連合
7007,エンゲージガンダム,0,434,38,86,64,453,18,130,165,165,165,0,40,－,Ｍ,43,29820,3,-4,3,-3,MS系／ガンダム系／連邦軍・ティターンズ・地球連合
7008,重装甲仕様エンゲージガンダム,0,490,39,62,60,420,18,130,165,165,165,0,60,－,Ｍ,42,18630,3,-4,3,-3,MS系／ガンダム系／連邦軍・ティターンズ・地球連合
7009,キャノン仕様エンゲージガンダム,0,434,38,86,64,453,18,130,165,165,165,0,60,－,Ｍ,43,29820,3,-4,3,-3,MS系／ガンダム系／連邦軍・ティターンズ・地球連合
7010,ロズウェル・ジェガン,0,450,47,98,85,443,19,185,200,175,195,195,50,NT5,Ｍ,36,20080,1,-5,2,-5,MS系／ジム系／連邦軍・ティターンズ・地球連合
7011,強襲用九十九式,0,348,40,91,80,460,18,150,170,140,140,140,50,－,Ｍ,42,31060,1,-3,3,-5,MS系／ガンダム系／エウーゴ・カラバ
7012,文,0,95,10,104,80,840,10,420,230,650,660,620,300,－,ＳＳ,42,380000,3,-4,-6,5,人系
7013,レッドドラゴニクス,0,518,46,100,70,657,18,290,290,400,250,220,300,－,Ｍ,55,21880,2,-4,3,0,MS系／ガンダム系／ガンダムSEED ASTRAY、MSV
7014,ネオドライグストライク,0,432,38,82,70,425,18,200,220,200,120,80,80,強5,Ｍ,42,12570,2,-4,4,3,MS系／ガンダム系／連邦軍・ティターンズ・地球連合／ガンダムSEED
7015,フォーンファルシア,0,502,40,116,75,465,16,330,190,125,150,120,120,NT6,Ｍ,49,19650,-5,-5,3,-5,MS系／ガンダムAGE
7016,バルチャー,0,400,43,55,60,360,16,200,200,200,200,200,50,強3,Ｍ,38,12630,1,-5,3,-4,その他／スパロボシリーズ
7017,バルチャー(MA) ,1,400,43,55,60,360,16,200,200,200,200,200,50,強3,Ｍ,38,0,0,-5,3,1,MA系／スパロボシリーズ
7018,カトラス,0,415,34,78,69,430,16,220,220,220,220,220,50,－,Ｍ,41,13650,2,-4,-5,1,その他／スパロボシリーズ／量産機
7019,ジィダオ,0,435,36,78,69,430,16,220,220,220,220,220,50,－,Ｍ,42,14250,2,-4,-5,1,その他／スパロボシリーズ／量産機
7020,レイダオ,0,435,36,78,69,430,16,220,220,220,220,220,50,－,Ｍ,42,14250,2,-4,-5,1,その他／スパロボシリーズ／量産機
7021,ザナドゥ,0,468,44,98,80,470,18,200,250,200,200,200,140,－,Ｍ,47,14010,2,-5,2,0,MS系／ガンダム系
7022,エクスプロージョン,0,470,41,100,80,470,18,200,250,300,200,0,140,－,Ｍ,47,14010,2,-5,2,0,MS系／ガンダム系
7023,マドックス(ホバー形態) ,1,120,12,45,65,150,5,300,0,40,10,40,50,－,ＳＳ,10,0,4,-4,-5,-3,人系／車輌・戦闘機系
7024,デヴァイズエクシア,0,402,37,74,71,466,18,180,180,180,180,0,120,－,Ｍ,42,18420,2,-3,2,2,MS系／ガンダム系／ガンダム00
7025,スカルマ,0,310,19,110,60,306,15,170,170,160,160,100,80,NT2,Ｓ,51,19650,3,-2,0,6,その他／スパロボシリーズ／量産機
7026,νガンダムff,0,474,47,101,92,519,22,260,230,210,220,210,200,NT4,Ｍ,40,32440,2,-5,3,-4,MS系／ガンダム系／連邦軍・ティターンズ・地球連合
7027,文嘉(天機),0,200,28,86,86,500,15,1500,1600,1900,1000,2900,450,－,ＳＳ,38,64000,1,-4,3,3,人系
7028,イリア専用ザクIV,0,562,67,120,75,558,22,380,270,260,370,390,100,NT3,Ｍ,56,66220,2,-3,2,-4,MS系／ザク系／ジオン・ネオジオン軍・ザフト／専用機
7029,ジム・コマンドLA,0,345,28,56,55,350,18,0,0,60,60,0,10,－,Ｍ,33,7950,2,-3,2,-4,MS系／ジム系／連邦軍・ティターンズ・地球連合／ポケットの中の戦争／量産機
7030,スーパーウィンザート,0,576,75,95,55,900,10,320,320,380,380,380,180,－,Ｓ,66,52060,2,-4,-3,3,その他／スパロボシリーズ
7031,スーパーアクアビート,0,516,62,85,55,1050,10,320,320,380,380,380,180,－,Ｓ,67,52060,2,2,-3,-5,その他／スパロボシリーズ
7032,ビャクチ,0,336,50,100,60,336,10,200,200,200,200,0,10,－,Ｓ,27,33460,3,-3,-2,-5,その他／スパロボシリーズ
7033,セツロ,0,290,46,70,60,360,10,200,200,200,200,0,30,－,Ｓ,24,13230,2,-3,-3,-5,その他／スパロボシリーズ
7034,改修仕様ラインバレル,0,588,32,90,99,357,21,200,200,350,300,300,200,強4,Ｍ,57,94160,3,-4,0,-2,その他／スパロボシリーズ
7035,EX-ラインバレル,0,616,41,90,99,380,21,200,200,350,300,300,400,強4,Ｍ,59,111440,3,-4,0,-5,その他／スパロボシリーズ
7036,ツインボークン,0,540,64,76,90,600,12,250,250,250,280,160,100,－,Ｓ,55,79000,3,-3,-5,-5,その他／スパロボシリーズ
7037,ソーゾーシン,0,576,54,50,50,525,12,200,200,200,200,0,100,－,Ｓ,48,40060,3,-3,-3,-4,その他／スパロボシリーズ
7038,アインザー,0,540,41,75,50,420,12,200,200,200,200,0,100,－,Ｓ,44,43060,3,-3,-3,-4,その他／スパロボシリーズ
7039,キッドナックル,0,552,37,90,50,420,12,200,200,200,200,0,100,－,Ｓ,45,43060,3,-3,-3,-4,その他／スパロボシリーズ
7040,モーショーグン,0,528,41,85,50,455,12,200,200,200,200,0,100,－,Ｓ,46,40060,3,-3,-3,-4,その他／スパロボシリーズ
7041,グレンダンラガン,0,700,55,72,60,820,30,550,550,550,500,550,300,－,Ｍ,66,96140,5,-2,2,2,その他／スパロボシリーズ
7042,ジングラディエイター,0,315,25,45,55,318,15,80,120,180,50,20,105,強3,Ｍ,30,18480,4,-3,-2,-4,MS系／ガンダムSEED ASTRAY、MSV
7043,ドラゴンジェット,0,624,50,70,60,630,27,280,280,250,250,250,230,強5,Ｍ,55,18030,-5,-5,3,3,その他／勇者・エルドランシリーズ
7044,高機動型ザク初期型,0,280,21,56,42,312,18,0,40,40,40,0,30,－,Ｍ,28,6750,-4,-4,4,-4,MS系／ザク系／ジオン・ネオジオン軍・ザフト／MSV(モビルスーツバリエーション)／量産機
7045,マックス専用YF-29 デュランダル,0,450,46,135,115,470,22,220,2500,220,220,220,300,－,Ｍ,61,92000,-2,-2,6,6,マクロスシリーズ／車輌・戦闘機系
7046,マックス専用YF-29 デュランダル(G) ,1,450,42,123,115,470,22,220,2500,220,220,220,300,－,Ｓ,61,0,1,-2,1,-5,その他／マクロスシリーズ
7047,マックス専用YF-29 デュランダル(B) ,1,450,51,114,95,470,22,220,2500,220,220,220,300,－,Ｍ,61,0,5,-5,3,-2,その他／マクロスシリーズ
7048,ガネーシャ仕様シタラ(天機),0,273,36,68,86,550,15,1500,1600,3900,1000,2900,200,－,ＳＳ,41,92000,1,-4,3,3,人系
7049,ティラントー,0,410,43,70,70,650,11,320,320,170,170,170,150,NT7,Ｓ,49,18960,3,-3,0,1,その他／スパロボシリーズ
7050,アルケローリクス,0,432,48,90,75,750,11,380,380,300,300,300,100,NT7,Ｓ,55,28900,3,-3,0,1,その他／スパロボシリーズ
7051,ヴィシャス,0,450,41,100,80,470,18,200,250,300,200,0,120,－,Ｍ,46,12660,2,-5,2,0,MS系／ガンダム系
7052,エクスインパルス,0,510,46,98,80,550,17,200,290,140,150,0,180,強5,Ｍ,52,43180,2,-3,2,2,MS系／ガンダム系／ジオン・ネオジオン軍・ザフト／ガンダムビルドシリーズ
7053,ドライストレーガー,0,1220,37,42,200,585,200,100,270,150,160,200,1650,－,ＸＬ,91,703160,3,3,3,3,艦船系／バンプレストオリジナル
7054,ディジェ・アサルトパッケージ,0,450,52,96,60,447,18,160,180,0,0,0,15,－,Ｍ,45,30160,2,-5,-5,0,MS系／エウーゴ・カラバ／量産機
7055,高機動仕様ケンプファー,0,330,26,98,58,398,18,0,0,165,165,0,30,－,Ｍ,28,18360,2,-3,2,-3,MS系／ジオン・ネオジオン軍・ザフト
7056,ボール・ボーイ,0,130,18,35,40,120,10,0,0,50,0,0,10,－,Ｓ,15,6510,-2,-5,3,-5,MS系／量産機
7057,ザック・ポッド,0,160,16,35,40,100,10,0,0,10,0,0,10,－,Ｍ,15,2580,2,-3,2,-4,MS系／ザク系／ジオン・ネオジオン軍・ザフト／量産機
7058,適者進化態仕様ゲッター1,0,550,65,85,70,680,40,1700,1700,1700,1700,1700,400,－,Ｌ,57,137810,0,-5,2,4,その他／スパロボシリーズ
7059,適者進化態仕様ゲッター2 ,1,550,58,92,70,680,40,1700,1700,1700,1700,1700,400,－,Ｌ,57,0,5,-5,-5,-5,その他／スパロボシリーズ
7060,適者進化態仕様ゲッター3 ,1,550,72,77,70,680,40,1700,1700,1700,1700,1700,400,－,Ｌ,57,0,0,5,-5,-5,その他／スパロボシリーズ
7061,高火力仕様スコープドッグ,0,356,38,90,85,356,10,1350,1350,1350,1350,300,390,－,ＳＳ,28,16560,3,-5,3,-5,その他／ボトムズシリーズ
7062,巨大サンユン,0,784,48,67,80,868,100,680,580,250,1250,1250,700,NT9,ＬＬ,70,132050,2,0,0,1,その他／スパロボシリーズ
7063,ULTRAMAN,0,350,60,130,80,378,10,450,470,330,330,250,200,NT7,ＳＳ,43,43840,2,-2,0,0,その他／スパロボシリーズ
7064,SEVEN SUIT,0,345,60,130,80,290,10,450,470,330,330,250,10,NT7,ＳＳ,40,43840,2,-2,0,-1,その他／スパロボシリーズ
7065,ACE SUIT,0,340,58,132,80,290,10,450,470,330,330,250,10,強5,ＳＳ,40,43840,2,-2,0,-1,その他／スパロボシリーズ
7066,ビッグ・マザー,0,2350,72,55,200,1150,100,2000,2000,2000,2000,2000,600,－,ＬＬ,143,5580000,-3,-3,1,3,その他／スパロボシリーズ
7067,至高神Z,0,3300,92,135,200,1680,300,3000,3000,3000,3000,3000,13000,NT9,Ｌ,200,299280000,3,3,3,3,その他／スパロボシリーズ
7068,大和改二,0,980,122,28,59,720,263,720,0,540,0,540,2300,－,ＬＬ,93,1316120,0,3,-9,-3,艦船系／人系／艦これ
7069,大和改二重,0,980,128,25,68,720,263,760,0,560,240,540,2300,－,ＬＬ,103,1460120,0,3,-9,-3,艦船系／人系／艦これ
7070,エヴァ・ユーロII,0,570,55,72,80,680,80,300,300,300,300,300,150,－,Ｌ,114,692000,3,-1,2,2,その他／新世紀エヴァンゲリオン
7071,ツェンドルグ,0,400,45,86,80,500,11,400,400,400,400,400,80,NT7,Ｓ,45,28060,3,-3,0,1,その他／スパロボシリーズ
7072,ガラダK7,0,600,25,50,50,210,18,130,130,115,80,80,80,強6,Ｍ,36,13230,2,-2,-5,-4,その他／スパロボシリーズ
7073,ダブラスM2,0,660,26,55,50,210,18,130,130,115,80,80,60,強6,Ｍ,39,13230,2,-2,-5,-4,その他／スパロボシリーズ
7074,ディーダリオン,0,520,62,125,70,562,20,260,280,220,240,200,370,NT7,Ｍ,55,65860,2,-3,2,-3,その他／スパロボシリーズ
7075,グランチャー,0,300,29,100,68,560,15,270,280,270,270,110,100,強5,Ｓ,43,18030,2,2,2,2,その他／スパロボシリーズ
7076,クインシィ・グランチャー,0,300,29,100,68,560,15,270,280,270,270,110,100,強5,Ｓ,43,18030,2,2,2,2,その他／スパロボシリーズ／専用機
7077,ジョナサン・グランチャー,0,300,29,100,68,560,15,270,280,270,270,110,100,強5,Ｓ,43,18030,2,2,2,2,その他／スパロボシリーズ／専用機
7078,サージェ・オーパス,0,900,90,35,110,620,100,400,400,250,260,280,300,－,ＬＬ,68,548120,-6,-5,2,2,艦船系／スパロボシリーズ
7079,ラマッサー,0,940,98,35,110,620,100,400,400,250,260,280,100,－,ＬＬ,70,644120,-6,-5,2,2,艦船系／スパロボシリーズ
7080,ラブリーエンゼル,0,700,32,48,160,800,32,250,0,120,150,190,80,－,Ｌ,68,110000,-5,-5,4,3,艦船系／スパロボシリーズ
7081,覚醒人1号,0,315,39,26,50,236,7,220,230,190,160,0,60,－,Ｓ,46,15030,1,2,1,0,その他／スパロボシリーズ
7082,覚醒人V2,0,450,56,37,53,338,20,390,290,190,180,120,90,－,Ｍ,54,18030,2,2,2,0,その他／スパロボシリーズ
7083,ジムRR,0,282,25,48,42,312,18,0,0,35,35,0,50,－,Ｍ,18,7350,3,-3,-5,-4,MS系／ジム系／連邦軍・ティターンズ・地球連合
7084,ガンダムRR,0,320,30,65,48,354,18,75,75,75,75,0,50,－,Ｍ,23,10470,3,-3,-5,-4,MS系／ガンダム系／連邦軍・ティターンズ・地球連合
7085,ラインバレル・アマガツ,0,580,36,94,99,310,21,200,200,350,300,300,600,強5,Ｍ,60,147710,3,-4,0,-5,その他／スパロボシリーズ
7086,ラインバレル・オーバーロード,0,560,30,99,99,510,21,200,200,350,300,300,400,強5,Ｍ,60,147710,3,-4,0,-5,その他／スパロボシリーズ
7087,ゲド・バッカ,0,325,38,88,60,425,10,135,135,110,130,0,20,－,Ｓ,31,12030,3,-3,-5,-5,その他／コードギアス
7088,シャドウ丸,0,445,34,72,59,434,10,120,140,130,130,0,100,強5,ＳＳ,41,12870,2,-1,2,-1,その他／スパロボシリーズ
7089,ブレイブポリス・カゲロウ,0,440,33,72,59,434,10,120,140,130,130,0,100,強5,ＳＳ,41,12870,2,-1,2,-1,その他／スパロボシリーズ
7090,コバルター,0,372,54,90,65,525,17,250,250,240,240,240,100,－,Ｍ,44,13230,2,2,1,1,その他／スパロボシリーズ
7091,アオイダー,0,348,50,100,65,525,17,250,250,240,240,240,100,－,Ｍ,44,13230,3,-4,2,1,その他／スパロボシリーズ
7092,エースレッダー,0,360,50,95,65,525,17,250,250,240,240,240,100,－,Ｍ,45,13230,2,-4,2,2,その他／スパロボシリーズ
7093,コメット号,0,760,37,40,130,600,50,260,280,130,150,110,50,－,ＬＬ,61,70000,-5,-5,3,0,艦船系／スパロボシリーズ
7094,ヴァリマール,0,350,26,56,52,300,12,210,250,250,220,0,70,NT3,Ｓ,31,13230,2,-3,-5,2,その他／スパロボシリーズ
7095,ガンダムNT-1プロト,0,400,37,78,58,425,18,140,0,120,155,0,100,NT2,Ｍ,30,17070,2,-3,2,-3,MS系／ガンダム系／連邦軍・ティターンズ・地球連合
7096,サイコミュ仕様ザクIII,0,464,59,118,80,478,21,230,210,200,200,200,50,NT3,Ｍ,47,64180,2,-3,2,-4,MS系／ザク系／ジオン・ネオジオン軍・ザフト
7097,ムーシカ ,1,423,48,98,65,470,19,150,185,185,185,0,100,－,Ｍ,45,0,2,-3,2,-4,MS系／連邦軍・ティターンズ・地球連合／機動戦士Zガンダム
7098,ジレ専用ベルガ・ギロス,0,465,42,93,60,512,18,170,140,140,130,0,60,－,Ｍ,38,19290,2,-3,2,0,MS系／機動戦士ガンダムF91／専用機
7099,クロスボーン・ガンダムX-11,0,490,52,118,90,570,20,350,320,290,270,230,100,NT7,Ｍ,55,76540,3,-3,3,0,MS系／ガンダム系／機動戦士クロスボーンガンダム
7100,破烈の人形,0,730,65,130,75,865,30,2220,6000,2210,2210,2200,1500,NT6,Ｍ,73,146090,3,0,1,3,その他／ファイブスター物語
7101,ツァラトラ,0,900,84,125,95,900,30,3350,3350,3110,3110,3280,5960,強5,Ｍ,120,1442120,3,-2,2,-2,その他／ファイブスター物語
7102,VF-5000G スターミラージュ,0,330,28,75,80,450,20,170,170,170,170,150,50,－,Ｍ,35,19830,-2,-2,5,5,マクロスシリーズ／車輌・戦闘機系
7103,VF-5000G スターミラージュ(G) ,1,330,26,70,70,450,20,170,170,170,170,150,50,－,Ｓ,35,0,1,1,1,1,その他／マクロスシリーズ
7104,VF-5000G スターミラージュ(B) ,1,330,30,66,60,450,20,170,170,170,170,150,50,－,Ｍ,35,0,5,-2,3,-2,その他／マクロスシリーズ
7105,ゲルググ・V・キュアノス,0,426,36,88,65,476,19,90,245,225,225,0,70,－,Ｍ,44,10350,1,-3,3,-5,MS系／ジオン・ネオジオン軍・ザフト／MSV(モビルスーツバリエーション)／ゲルググ系／専用機
7106,ゲルググ・V・クサントス,0,448,36,78,65,446,19,90,245,205,255,0,100,－,Ｍ,44,10350,1,-3,3,-5,MS系／ジオン・ネオジオン軍・ザフト／MSV(モビルスーツバリエーション)／ゲルググ系／専用機
7107,シャークマウス仕様ボール,0,120,17,38,40,117,8,0,0,10,0,0,15,－,Ｓ,15,3180,-5,-5,3,-5,その他／連邦軍・ティターンズ・地球連合／量産機
7108,デッドマスター,0,120,13,78,59,420,10,400,400,500,500,500,100,－,ＳＳ,46,572000,3,-4,0,-3,人系
7109,バンイップ・ブーメラン,0,280,44,63,60,360,10,200,200,200,200,0,10,強5,Ｓ,23,11730,2,-3,-3,-5,その他／スパロボシリーズ
7110,スレッガー仕様ジム,0,275,24,44,60,300,18,0,0,50,50,0,20,－,Ｍ,20,6870,1,0,2,0,MS系／ジム系／連邦軍・ティターンズ・地球連合／専用機
7111,メリーランド,0,770,91,19,36,530,190,390,0,140,0,150,100,－,ＬＬ,64,326090,0,3,-9,-3,艦船系／人系／艦これ
7112,メリーランド改,0,910,98,22,51,530,190,400,0,185,0,190,200,－,ＬＬ,71,404120,0,3,-9,-3,艦船系／人系／艦これ
7113,ビクティム,0,726,66,115,60,675,18,330,330,230,230,0,180,強7,Ｍ,64,59320,2,-3,2,2,その他／スパロボシリーズ
7114,ゼネバス帝国仕様レドラー,0,348,34,85,50,245,17,190,230,220,185,120,50,－,Ｍ,32,12030,-4,-5,-5,4,その他／ゾイドシリーズ／スパロボシリーズ／量産機
7115,ガイロス帝国仕様レドラー,0,348,34,85,50,245,17,190,230,220,185,120,50,－,Ｍ,32,12030,-4,-5,-5,4,その他／ゾイドシリーズ／スパロボシリーズ／量産機
7116,ブラスターテッカマンブレード,0,430,52,90,50,760,10,200,200,200,200,200,130,強5,ＳＳ,54,290000,1,-5,4,2,人系／スパロボシリーズ
7117,バレンタイン仕様鹿島,0,360,27,25,36,700,133,65,55,75,65,100,50,－,ＬＬ,52,31060,0,3,-9,-4,艦船系／人系／艦これ
7118,スライフレイル,0,320,30,65,48,354,18,75,75,75,75,0,5,－,Ｍ,23,10470,3,-3,-5,-4,MS系／ガンダム系／連邦軍・ティターンズ・地球連合
7119,高機動仕様ガルバルディα,0,440,40,73,50,455,18,0,200,200,200,0,40,－,Ｍ,42,12240,-2,-3,4,-4,MS系／ジオン・ネオジオン軍・ザフト／MS-X(モビルスーツ・ペズン)
7120,レイキ,0,340,48,104,60,336,10,200,200,200,200,0,20,－,Ｓ,27,33460,3,-3,-2,0,その他／スパロボシリーズ
7121,スターカッパー,0,210,20,56,80,300,15,200,200,200,200,300,20,強6,Ｓ,28,9000,-5,3,2,2,その他／スパロボシリーズ
7122,スターブード,0,240,24,50,60,300,15,200,200,300,200,200,20,強6,Ｓ,28,9000,3,-5,2,2,その他／スパロボシリーズ
7123,スタークロー,0,230,22,54,70,300,15,200,200,200,300,200,20,強6,Ｓ,28,9000,2,-5,2,3,その他／スパロボシリーズ
7124,ガンダム・ルブリス,0,400,30,75,80,400,18,200,200,200,200,200,100,強5,Ｍ,30,15000,2,-4,3,-5,MS系／ガンダム系／水星の魔女
7125,ライジン仕様エクリプス,0,500,58,110,75,600,28,600,690,620,620,620,200,強5,Ｍ,72,118190,3,-3,4,2,MS系／ガンダム系／ガンダムSEED ASTRAY、MSV
7126,ライジン仕様エクリプス(MA) ,1,500,58,110,75,600,28,700,790,720,720,720,200,強5,Ｍ,72,0,-3,-3,5,2,MA系／ガンダム系／ガンダムSEED ASTRAY、MSV
7127,前期仕様マジンカイザーSKL,0,750,75,75,75,900,30,500,500,500,500,500,50,－,Ｍ,73,110000,3,-1,1,-5,その他／スパロボシリーズ
7128,ナギド・シュ・メイン,0,430,50,118,68,540,12,480,590,550,550,550,500,強4,Ｓ,50,167600,3,-4,-4,3,その他／コードギアス
7129,ジョウガン,0,320,45,98,70,336,10,200,200,200,200,0,20,－,Ｓ,26,29260,3,-3,-2,-4,その他／スパロボシリーズ
7130,ベギルベウ,0,410,30,68,80,400,18,200,200,200,200,200,100,－,Ｍ,29,15000,2,-4,3,-5,MS系／水星の魔女
7131,ガドラム,0,383,38,80,60,408,15,60,50,60,60,0,210,NT3,Ｓ,36,32500,3,-2,0,5,その他／スパロボシリーズ／量産機
7132,妖夢,0,97,10,93,70,750,10,400,500,700,500,300,300,－,ＳＳ,39,380000,4,-4,-6,4,人系
7133,ザクIV,0,500,67,116,70,510,22,330,260,260,330,380,100,－,Ｍ,52,53860,2,-3,2,-4,MS系／ザク系／ジオン・ネオジオン軍・ザフト
7134,ガルド専用高機動型ゲルググ,0,355,30,74,54,397,19,0,145,125,125,0,40,－,Ｍ,26,8640,1,-3,3,-4,MS系／ジオン・ネオジオン軍・ザフト／MSV(モビルスーツバリエーション)／ゲルググ系／専用機
7135,ガンダム・エアリアル,0,440,33,77,80,400,18,300,300,300,300,300,130,NT6,Ｍ,32,18000,2,-4,3,-2,MS系／ガンダム系／水星の魔女
7136,追加ブースター仕様エンゲージゼロ,0,430,43,80,63,445,18,170,195,195,195,0,40,－,Ｍ,34,27700,2,-5,3,-5,MS系／ガンダム系／連邦軍・ティターンズ・地球連合
7137,ソードストライクルージュ,0,442,42,65,40,424,18,180,240,100,120,80,120,－,Ｍ,41,17430,2,-4,3,4,MS系／ガンダム系／ガンダムSEED
7138,ランチャーストライクルージュ,0,442,39,65,60,424,18,180,240,100,120,80,120,－,Ｍ,41,17430,2,-4,3,4,MS系／ガンダム系／ガンダムSEED
7139,GS仕様ストライクルージュ,0,442,40,88,60,530,20,180,240,100,120,80,120,－,Ｍ,36,19860,2,-4,3,4,MS系／ガンダム系／ガンダムSEED
7140,指揮官仕様ウーンドウォート,0,448,56,113,74,478,18,300,300,300,300,300,60,NT2,Ｍ,38,54820,-3,-3,2,2,MS系／ガンダム系／連邦軍・ティターンズ・地球連合／アドバンス・オブ・ゼータ
7141,指揮官仕様ウーンドウォート(MA) ,1,448,56,120,74,478,18,300,300,300,300,300,60,NT2,Ｍ,38,0,-5,-5,3,3,MA系／ガンダム系／連邦軍・ティターンズ・地球連合／アドバンス・オブ・ゼータ
7142,ディランザ,0,445,38,68,70,380,18,300,300,300,300,300,120,－,Ｍ,30,15000,2,-4,3,-2,MS系／水星の魔女
7143,最終決戦仕様ネェル・アーガマ改,0,864,28,46,90,1595,130,270,300,230,265,300,30,－,ＬＬ,96,795800,-4,-4,3,4,艦船系／連邦軍・ティターンズ・地球連合
7144,飛龍(MG),0,636,54,75,60,665,25,280,290,250,250,250,60,－,Ｍ,58,52060,2,-3,2,1,その他／勇者・エルドランシリーズ
7145,飛龍(JM) ,1,636,50,70,60,665,25,280,290,250,250,250,60,－,Ｍ,58,0,-5,-5,2,4,その他／勇者・エルドランシリーズ
7146,弁天丸,0,600,30,58,80,1100,220,0,250,100,130,190,200,－,ＬＬ,59,58060,-5,-5,3,0,艦船系／スパロボシリーズ
7147,強化仕様弁天丸,0,570,27,61,90,1200,220,0,250,100,130,190,300,－,ＬＬ,60,70060,-5,-5,3,0,艦船系／スパロボシリーズ
7148,エネルガーZ,0,500,62,35,55,550,20,190,190,195,195,195,80,－,Ｍ,46,46000,2,-5,-5,-5,その他／スパロボシリーズ
7149,グエル専用ディランザ,0,458,39,68,74,390,18,300,300,300,300,300,100,－,Ｍ,31,16500,2,-4,3,-2,MS系／専用機／水星の魔女
7150,シルバーホーク,0,340,18,72,60,500,20,100,120,190,190,190,80,－,Ｍ,39,40000,-5,2,2,4,スパロボシリーズ／車輌・戦闘機系
7151,マークアレス,0,624,58,100,70,630,35,300,200,150,300,300,350,強5,Ｌ,59,110090,3,-2,2,2,その他／スパロボシリーズ
7152,シュープリス,0,500,48,92,68,500,13,200,350,300,320,200,130,－,Ｓ,49,49000,4,-6,0,0,その他／スパロボシリーズ
7153,FA・ストライカー・カスタム,0,474,52,54,55,302,18,90,90,90,70,50,80,－,Ｍ,38,16380,3,-3,0,-4,MS系／ジム系／連邦軍・ティターンズ・地球連合
7154,デヴァイズデュナメス,0,402,40,71,78,509,18,180,180,0,180,180,120,－,Ｍ,44,18330,2,-5,2,1,MS系／ガンダム系／ガンダム00
7155,デミトレーナー,0,286,20,44,50,300,16,100,100,100,100,100,80,－,Ｍ,18,6000,2,-5,2,-3,MS系／水星の魔女
7156,後期仕様デュエルガンダム,0,410,38,68,62,425,28,200,220,110,110,110,50,強5,Ｍ,42,15030,4,0,2,1,MS系／ガンダム系／ジオン・ネオジオン軍・ザフト／ガンダムSEED
7157,ジムSPIII,0,265,26,69,90,300,15,100,0,0,0,120,20,－,Ｍ,31,11040,2,-2,2,-2,MS系／ジム系／連邦軍・ティターンズ・地球連合／アドバンス・オブ・ゼータ
7158,ジム・シューター,0,308,28,56,95,340,18,100,0,0,0,100,50,－,Ｍ,35,9870,2,-3,2,-3,MS系／ジム系／連邦軍・ティターンズ・地球連合
7159,グフ・ホバータイプ,0,304,32,56,50,326,18,0,0,125,0,0,30,－,Ｍ,28,9120,4,-3,-5,-3,MS系／ジオン・ネオジオン軍・ザフト
7160,デルタアンス,0,480,60,129,80,496,19,270,290,320,320,320,60,－,Ｍ,54,72640,2,-4,2,-4,MS系／連邦軍・ティターンズ・地球連合
7161,ギャプラン・トレーナー,0,422,43,110,70,454,19,140,165,185,185,0,20,強2,Ｍ,45,42880,2,-3,2,-4,MS系／連邦軍・ティターンズ・地球連合
7162,チュチュ専用デミトレーナー,0,286,20,44,60,300,16,100,100,100,100,100,80,－,Ｍ,18,6000,2,-5,2,-3,MS系／専用機／水星の魔女
7163,ザフト仕様ストライクフリーダム,0,548,55,122,90,720,18,370,400,250,270,250,100,強5,Ｍ,87,106490,1,-4,4,3,MS系／ガンダム系／ガンダムSEED DESTINY
7164,勇者ライディーン,0,780,90,55,75,650,52,1300,1300,1250,1250,1250,300,NT5,Ｌ,54,64120,3,0,2,2,その他／スパロボシリーズ
7165,Cタイプ仕様ガンダムF90,0,453,50,116,70,520,15,250,260,260,240,200,120,－,Ｍ,39,18450,3,-3,-5,-2,MS系／ガンダム系／連邦軍・ティターンズ・地球連合／機動戦士ガンダムF90
7166,Tタイプ仕様ガンダムF90,0,453,50,116,70,540,15,250,260,260,240,200,120,－,Ｍ,39,18450,1,-3,3,-3,MS系／ガンダム系／連邦軍・ティターンズ・地球連合／機動戦士ガンダムF90
7167,ザウォート,0,396,30,68,60,350,18,300,300,300,300,300,100,－,Ｍ,26,12000,1,-4,3,2,MS系／水星の魔女
7168,NSX,0,1440,42,40,82,770,300,250,220,250,230,250,300,NT4,ＬＬ,87,76060,-4,-4,2,2,艦船系／スパロボシリーズ
7169,ギルベイダー,0,876,75,80,105,800,16,700,800,800,800,700,500,強7,Ｌ,76,290030,3,1,1,5,その他／ゾイドシリーズ／スパロボシリーズ
7170,ガンダム・ファラクト,0,430,33,78,75,400,18,300,300,300,300,300,100,強5,Ｍ,32,18000,1,-4,3,2,MS系／ガンダム系／水星の魔女
7171,EWACリーオー,0,266,18,32,75,297,16,340,240,230,240,210,20,－,Ｍ,27,4140,-3,-3,3,-5,MS系／量産機／G-UNIT
7172,OZプライズ仕様リーオー,0,272,19,35,60,297,16,250,240,230,240,210,10,－,Ｍ,17,4350,-3,-3,2,-5,MS系／新機動戦記ガンダムW／量産機
7173,OZプライズ仕様トーラス,0,400,42,62,62,430,40,250,240,230,240,210,10,－,Ｍ,38,4830,0,-2,2,0,MS系／新機動戦記ガンダムW／量産機
7174,OZプライズ仕様トーラス(MA) ,1,400,37,78,62,430,40,250,240,230,240,210,10,－,Ｍ,38,0,0,-2,2,0,MA系／新機動戦記ガンダムW／量産機
7175,ロウ専用キメラ,0,166,9,17,40,212,9,0,10,10,0,0,1,－,Ｓ,17,5280,1,-3,1,-5,その他／ガンダムSEED ASTRAY、MSV／専用機
7176,ダリルバルデ,0,460,38,70,76,400,18,300,300,300,300,300,100,強2,Ｍ,32,17100,2,-4,3,-2,MS系／水星の魔女
7177,リーアム専用キメラ,0,166,9,17,40,212,9,0,10,10,0,0,1,－,Ｓ,17,5280,1,-3,1,-5,その他／ガンダムSEED ASTRAY、MSV／専用機
7178,樹里専用キメラ,0,166,9,17,40,212,9,0,10,10,0,0,1,－,Ｓ,17,5280,1,-3,1,-5,その他／ガンダムSEED ASTRAY、MSV／専用機
7179,ガンダムヌーヴェル,0,480,50,108,70,678,18,450,440,430,440,410,150,NT6,Ｍ,55,18930,1,-3,1,3,MS系／ガンダム系／連邦軍・ティターンズ・地球連合／機動新世紀ガンダムX
7180,インベル(飛行形態) ,1,624,46,55,60,735,38,200,200,200,200,200,250,－,Ｌ,58,0,-5,-3,2,2,その他／スパロボシリーズ
7181,最終仕様インベル,0,655,48,63,60,735,38,200,200,200,200,200,200,－,Ｌ,60,59260,2,-5,1,2,その他／スパロボシリーズ
7182,ミカエリス,0,430,32,68,80,400,18,200,200,200,200,200,100,－,Ｍ,31,15000,2,-4,3,-2,MS系／水星の魔女
7183,ロボボアーマー,0,280,38,60,40,390,10,500,500,500,500,300,400,－,ＳＳ,34,19200,3,-4,0,1,その他／専用機
7184,ガンナー仕様ガ・ゾウム,0,336,45,68,60,376,18,0,200,200,200,0,50,－,Ｍ,35,11520,2,-3,2,-5,MS系／ジオン・ネオジオン軍・ザフト／機動戦士ガンダムZZ／量産機
7185,ハイペリオンガンダム2号機,0,448,43,85,80,530,18,240,260,120,140,120,1,強4,Ｍ,48,10470,2,-3,3,0,MS系／ガンダム系／ガンダムSEED ASTRAY、MSV
7186,ゲイツヘッド仕様ドレッドノート,0,418,38,77,85,468,18,230,220,170,130,120,10,強4,Ｍ,34,9540,2,-2,3,0,MS系／ガンダム系／ガンダムSEED ASTRAY、MSV
7187,スーパーハイペリオン,0,455,46,92,80,550,18,240,260,120,140,120,140,強4,Ｍ,50,16410,2,-3,3,0,MS系／ガンダム系／ガンダムSEED ASTRAY、MSV
7188,ホーム,0,498,32,33,100,424,100,150,110,100,110,130,50,－,ＬＬ,43,195230,-5,-5,1,-5,艦船系／ガンダムSEED ASTRAY、MSV
7189,リ・ホーム,0,664,43,44,100,510,100,180,140,130,140,140,90,－,ＬＬ,53,374690,-5,-5,1,-5,艦船系／ガンダムSEED ASTRAY、MSV
7190,鉄人17号フェニックス,0,190,84,54,55,300,18,200,200,200,200,200,20,強5,Ｍ,30,12030,-4,-4,-5,3,その他／スパロボシリーズ
7191,フェニックス仕様鉄人28号FX,0,800,84,50,55,578,18,200,200,200,200,200,50,－,Ｍ,60,58060,3,-4,2,2,その他／スパロボシリーズ
7192,リガード偵察ポッド,0,264,27,65,80,250,15,170,170,170,170,170,10,強1,Ｍ,29,10830,2,-3,3,0,その他／マクロスシリーズ／量産機
7193,ユーレンベック,0,830,37,37,110,424,230,160,250,130,150,100,100,－,ＬＬ,56,371270,3,-5,-5,-5,艦船系／ジオン・ネオジオン軍・ザフト／ガンダムSEED DESTINY
7194,ケンブ斬,0,370,54,106,60,336,10,200,200,200,200,0,70,－,Ｓ,39,38860,3,-3,-2,-5,その他／スパロボシリーズ
7195,片腕仕様ゴールドフレーム,0,380,30,70,75,400,32,210,210,220,220,220,10,強4,Ｍ,42,7470,3,-3,4,0,MS系／ガンダム系／ガンダムSEED ASTRAY、MSV
7196,ジョウガン改,0,352,49,92,80,336,10,200,200,200,200,0,40,－,Ｓ,39,34180,3,-3,-2,-4,その他／スパロボシリーズ
7197,地球連合軍仕様ヘリコプター,0,200,10,24,50,254,10,90,90,40,40,40,10,－,Ｓ,21,2310,-5,-5,-5,3,車輌・戦闘機系／ガンダムSEED
7198,オーブ軍仕様ヘリコプター,0,200,10,24,50,254,10,90,90,40,40,40,10,－,Ｓ,21,2310,-5,-5,-5,3,車輌・戦闘機系／ガンダムSEED
7199,アジャイル,0,243,15,24,50,254,10,90,90,40,40,40,10,－,Ｓ,23,3090,-5,-5,-5,3,車輌・戦闘機系／ガンダムSEED
7200,三世勢州千子右衛門尉村正,0,150,30,74,50,700,30,150,150,300,150,0,100,強4,ＳＳ,63,5000,2,-2,-5,-5,人系
7201,レイキ改,0,374,52,104,60,336,10,200,200,200,200,0,40,－,Ｓ,39,38860,3,-3,-2,1,その他／スパロボシリーズ
7202,D装備仕様ジン,0,282,20,40,50,318,18,70,90,70,50,20,15,強1,Ｍ,23,5640,3,-2,2,0,MS系／ジオン・ネオジオン軍・ザフト／ガンダムSEED／量産機
7203,ベギルペンデ,0,430,30,70,80,400,18,200,200,200,200,200,100,－,Ｍ,31,16500,2,-4,3,-5,MS系／水星の魔女
7204,ロードテイラー,0,312,58,85,60,420,10,140,140,130,130,110,110,－,Ｓ,39,15030,2,-3,2,-4,その他／スパロボシリーズ／量産機
7205,ロードテイラー(高速走行形態) ,1,312,58,85,60,420,10,140,140,130,130,110,110,－,Ｓ,39,0,3,-4,1,-5,その他／スパロボシリーズ／量産機
7206,ゼリーゼジアマン,0,290,44,61,60,360,10,200,200,200,200,0,10,強5,Ｓ,23,12030,2,-3,-3,-5,その他／スパロボシリーズ
7207,アプリエル,0,318,46,65,60,360,10,200,200,200,200,0,40,強5,Ｓ,25,13530,2,-3,-3,-5,その他／スパロボシリーズ
7208,ラオホゥ,0,764,36,37,110,510,100,180,200,100,120,160,100,－,ＬＬ,56,242570,-5,-5,3,-5,艦船系／ガンダム00
7209,武装強化仕様ラオホゥ,0,797,38,37,110,510,100,180,200,100,120,160,50,－,ＬＬ,57,256160,-5,-5,3,-5,艦船系／ガンダム00
7210,武装強化仕様ヴァージニア級輸送艦,0,830,38,33,120,552,100,180,200,100,120,180,100,－,ＬＬ,60,269750,-5,-5,3,-5,艦船系／ガンダム00
7211,戦艦ボナパルト,0,797,38,40,110,424,100,310,380,240,250,200,100,－,ＬＬ,55,374690,3,-5,-5,-5,艦船系／ガンダムSEED DESTINY
7212,NYPD仕様イングラム,0,300,24,56,52,200,12,10,50,50,50,0,5,－,Ｓ,25,10230,5,-2,-5,-3,その他／スパロボシリーズ
7213,NYPD仕様零式,0,300,26,70,50,200,12,10,80,80,80,0,5,－,Ｓ,27,19230,6,-2,-5,-3,その他／スパロボシリーズ
7214,ヴィンセント専用ギラ・ドーガ,0,384,43,87,80,425,20,0,175,120,170,170,50,－,Ｍ,32,17070,2,-3,2,-3,MS系／ザク系／ジオン・ネオジオン軍・ザフト／専用機
7215,エグバ仕様高機動型ザク地上用,0,348,26,56,55,355,19,30,50,50,30,30,60,－,Ｍ,33,7660,4,-5,-5,-4,MS系／ザク系／ジオン・ネオジオン軍・ザフト／専用機
7216,ユウ専用ジェガン,0,384,43,87,58,425,19,140,165,150,150,150,5,－,Ｍ,30,14670,1,-4,2,-4,MS系／ジム系／連邦軍・ティターンズ・地球連合／逆襲のシャア／専用機
7217,ギャラルホルンモビルワーカー,0,230,14,28,40,255,8,0,60,10,0,0,1,－,ＳＳ,22,3210,4,-6,-6,-6,その他／車輌・戦闘機系／鉄血のオルフェンズ／量産機
7218,HDモビルワーカー,0,232,14,28,40,255,8,0,60,10,0,0,1,－,ＳＳ,22,2730,4,-6,-6,-6,その他／車輌・戦闘機系／鉄血のオルフェンズ／量産機
7219,シノ専用CGSモビルワーカー,0,209,12,27,40,212,8,0,60,10,0,0,1,強4,ＳＳ,20,3060,4,-6,-6,-6,その他／車輌・戦闘機系／鉄血のオルフェンズ／専用機
7220,昭弘専用CGSモビルワーカー,0,209,12,27,40,212,8,0,60,10,0,0,1,強4,ＳＳ,20,3060,4,-6,-6,-6,その他／車輌・戦闘機系／鉄血のオルフェンズ／専用機
7221,三日月専用CGSモビルワーカー,0,209,12,27,40,212,8,0,60,10,0,0,1,強4,ＳＳ,20,3060,4,-6,-6,-6,その他／車輌・戦闘機系／鉄血のオルフェンズ／専用機
7222,ジルダ,0,432,39,73,67,510,18,170,170,190,190,150,40,－,Ｍ,44,9360,2,-4,1,0,MS系／鉄血のオルフェンズ／量産機
7223,ホタルビ,0,697,32,34,120,424,100,80,180,190,150,200,150,強4,ＬＬ,51,234650,-5,-5,2,-6,艦船系／鉄血のオルフェンズ
7224,ライトニングストライクノワール,0,458,45,92,60,629,17,220,240,220,220,220,160,－,Ｍ,52,31720,2,-4,2,2,MS系／ガンダム系／連邦軍・ティターンズ・地球連合／ガンダムSEED ASTRAY、MSV
7225,キリー専用ザクIIS型,0,294,21,43,56,300,18,0,30,0,30,0,10,－,Ｍ,20,6750,2,-3,2,-4,MS系／ザク系／ジオン・ネオジオン軍・ザフト／機動戦士ガンダム／専用機
7226,シルバー・ヘイズ改,0,345,33,70,58,397,18,50,90,140,140,0,50,－,Ｍ,28,12720,2,-5,2,-4,MS系／ジム系／連邦軍・ティターンズ・地球連合
7227,聯武国軍治安部隊仕様スコープドッグ,0,250,14,65,60,300,10,0,0,150,150,0,10,－,ＳＳ,31,3030,5,-5,-5,-5,その他／ボトムズシリーズ／量産機
7228,ユニオンリアルド,0,288,25,60,50,280,17,50,50,70,70,0,30,－,Ｍ,28,6030,0,-4,-3,2,MS系／ガンダム00／量産機
7229,ケーニッヒウルフ,0,420,33,100,75,420,15,170,200,150,170,170,80,－,Ｍ,43,15030,5,-4,-6,-4,その他／ゾイドシリーズ／スパロボシリーズ
7230,HA仕様ケーニッヒウルフ,0,430,35,94,95,420,15,170,200,150,170,170,70,－,Ｍ,44,16530,4,-4,-6,-4,その他／ゾイドシリーズ／スパロボシリーズ
7231,ハルファスガンダム,0,648,66,70,60,650,18,300,350,380,375,300,150,強5,Ｍ,58,110030,1,-3,1,1,MS系／ガンダム系／連邦軍・ティターンズ・地球連合／オリジナル系
7232,ハルファスベーゼ・ハルバード(MA) ,1,530,43,79,70,636,38,400,450,380,475,400,150,－,Ｍ,53,0,-5,-5,1,1,MA系／オリジナル系
7233,ハーフビーク級戦艦,0,730,32,34,120,424,100,80,180,190,150,220,150,－,ＬＬ,48,353720,-5,-5,2,-6,艦船系／鉄血のオルフェンズ
7234,スレイプニル,0,730,32,34,120,424,100,80,180,190,150,220,10,－,ＬＬ,48,353720,-5,-5,2,-6,艦船系／鉄血のオルフェンズ
7235,ヴァナディース,0,730,32,34,120,424,100,80,180,190,150,220,10,－,ＬＬ,48,353720,-5,-5,2,-6,艦船系／鉄血のオルフェンズ
7236,スキップジャック級戦艦,0,1160,38,33,120,636,100,80,180,190,160,240,10,－,ＬＬ,75,816680,-5,-5,2,-6,艦船系／鉄血のオルフェンズ
7237,ブルワーズ旗艦,0,664,34,33,125,424,100,80,180,190,160,240,10,－,ＬＬ,50,221510,-5,-5,2,-6,艦船系／鉄血のオルフェンズ
7238,黄金のジャスレイ号,0,863,33,37,120,424,100,80,180,190,160,240,10,－,ＬＬ,57,364250,-5,-5,2,-6,艦船系／鉄血のオルフェンズ
7239,夜明けの地平線団旗艦,0,763,32,33,120,466,100,80,180,190,160,240,10,－,ＬＬ,55,245180,-5,-5,2,-6,艦船系／鉄血のオルフェンズ
7240,レブラプター,0,360,37,90,60,280,9,220,250,250,60,80,60,－,Ｓ,35,10230,5,-4,-4,-5,その他／ゾイドシリーズ／スパロボシリーズ
7241,夜警仕様レブラプター,0,360,37,90,60,280,9,220,250,250,60,80,20,－,Ｓ,35,10230,5,-4,-4,-5,その他／ゾイドシリーズ／スパロボシリーズ
7242,カイザー5,0,150,58,35,50,300,10,270,290,250,250,250,10,－,Ｌ,25,12030,3,-3,0,-5,その他／勇者・エルドランシリーズ
7243,カイザー4,0,120,58,35,50,300,10,270,290,250,250,250,10,－,Ｌ,25,12030,0,2,0,-5,その他／勇者・エルドランシリーズ
7244,カイザー3,0,135,58,35,50,300,10,270,290,250,250,250,10,－,Ｌ,25,12030,1,0,0,-5,その他／勇者・エルドランシリーズ
7245,カイザー2,0,140,58,35,50,300,10,270,290,250,250,250,10,－,Ｌ,25,12030,2,0,0,-5,その他／勇者・エルドランシリーズ
7246,カイザー1,0,130,58,45,50,300,10,270,290,250,250,250,10,－,Ｌ,25,12030,-5,-5,1,3,その他／勇者・エルドランシリーズ
7247,カイザードリル,0,130,58,45,60,300,10,270,290,250,250,250,10,－,Ｌ,25,40060,3,0,0,-5,その他／勇者・エルドランシリーズ
7248,マイトカイザー,0,660,58,75,60,665,23,270,290,250,250,250,170,－,Ｌ,59,40060,2,-1,2,2,その他／勇者・エルドランシリーズ
7249,カイザージェット ,1,660,50,75,60,665,23,270,290,250,250,250,170,－,Ｌ,59,0,-5,-5,2,3,その他／勇者・エルドランシリーズ
7250,G.F.F.M.C.仕様ガンダムデスサイズヘル,0,498,47,101,74,700,16,250,230,220,220,210,100,－,Ｍ,56,52120,2,0,4,-2,MS系／ガンダム系／新機動戦記ガンダムW
7251,G.F.F.M.C.仕様ガンダムデスサイズヘル(MA) ,1,498,47,108,74,700,16,250,230,220,220,210,100,－,Ｍ,56,0,-5,-5,4,3,MA系／ガンダム系／新機動戦記ガンダムW
7252,G.F.F.M.C.仕様ガンダムデスサイズヘル(DM) ,1,498,70,80,74,700,16,250,230,220,220,210,100,－,Ｍ,56,0,2,0,4,-2,MS系／ガンダム系／新機動戦記ガンダムW
7253,P.V.仕様ガンダムF90,0,453,50,116,70,520,15,250,260,260,240,200,120,－,Ｍ,39,18750,-5,-5,2,3,MS系／ガンダム系／連邦軍・ティターンズ・地球連合／機動戦士ガンダムF90
7254,MFU装備仕様エアリアル,0,440,33,80,80,400,18,300,300,300,300,300,10,NT6,Ｍ,32,18000,2,-4,3,-2,MS系／ガンダム系／水星の魔女
7255,ブリジット,0,80,2,55,70,100,10,50,50,90,80,80,7000,－,ＳＳ,7,620000,3,-5,-6,-3,人系
7256,ワイバリオン,0,250,54,62,60,410,20,150,150,160,160,100,60,強5,Ｍ,71,22060,-4,-5,2,4,その他／スパロボシリーズ
7257,グラディオン,0,720,58,60,70,875,20,250,250,230,230,200,100,強5,Ｍ,71,110090,2,-5,2,-2,その他／スパロボシリーズ
7258,ビクトリーグラディオン,0,780,62,70,70,875,20,250,250,240,240,200,100,強5,Ｍ,71,110090,2,-5,2,3,その他／スパロボシリーズ
7259,ティターンズ仕様アクア・ハンブラビII,0,235,40,84,60,230,18,300,300,300,300,300,30,－,Ｍ,29,18000,-5,3,0,0,MA系／連邦軍・ティターンズ・地球連合／アドバンス・オブ・ゼータ
7260,レジオン仕様アクア・ハンブラビII,0,235,40,84,60,230,18,300,300,300,300,300,30,－,Ｍ,29,18000,-5,3,0,0,MA系／連邦軍・ティターンズ・地球連合／アドバンス・オブ・ゼータ
7261,アクア・バーザム,0,408,43,88,65,460,23,150,175,175,180,0,60,－,Ｍ,33,16740,0,3,0,-4,MS系／連邦軍・ティターンズ・地球連合／アドバンス・オブ・ゼータ
7262,アクア・ウーンドウォート,0,485,59,120,70,518,22,300,300,300,300,300,110,－,Ｍ,41,60160,0,3,0,-4,MS系／ガンダム系／連邦軍・ティターンズ・地球連合／アドバンス・オブ・ゼータ
7263,アクア・ウーンドウォート(MA) ,1,485,59,100,70,518,22,300,300,300,300,300,110,－,Ｍ,41,0,0,3,0,-4,MA系／ガンダム系／連邦軍・ティターンズ・地球連合／アドバンス・オブ・ゼータ
7264,ウーンドウォート・ラーII,0,490,59,120,70,514,22,300,300,300,300,300,120,－,Ｍ,42,61540,0,-4,3,0,MS系／ガンダム系／連邦軍・ティターンズ・地球連合／アドバンス・オブ・ゼータ
7265,シン専用VF-0D フェニックス,0,324,25,79,70,175,18,120,120,120,120,120,110,－,Ｍ,29,14430,-2,-3,4,-5,マクロスシリーズ／車輌・戦闘機系／専用機
7266,シン専用VF-0D フェニックス(G) ,1,324,23,75,70,175,18,120,120,120,120,120,110,－,Ｓ,29,0,1,1,1,-5,その他／マクロスシリーズ／専用機
7267,シン専用VF-0D フェニックス(B) ,1,324,27,70,70,175,18,120,120,120,120,120,110,－,Ｍ,29,0,4,-3,3,-5,その他／マクロスシリーズ／専用機
7268,モロッコ戦線仕様ジム,0,275,24,44,60,300,18,0,0,50,50,0,30,－,Ｍ,20,6870,1,0,2,0,MS系／ジム系／連邦軍・ティターンズ・地球連合
7269,サザビーFF,0,482,50,94,85,534,25,210,240,200,180,0,200,NT5,Ｍ,40,29020,2,-4,3,-5,MS系／ジオン・ネオジオン軍・ザフト
7270,サイコ・ザク・マークII,0,380,35,77,52,374,18,60,75,165,165,90,40,強4,Ｍ,38,14370,3,-5,-5,-4,MS系／ザク系／ジオン・ネオジオン軍・ザフト
7271,H5はやぶさ,0,492,39,90,70,530,39,150,150,350,350,350,50,－,Ｍ,49,150500,4,-4,-5,1,その他／スパロボシリーズ
7272,カズマ(KS),0,60,5,38,90,200,9,100,500,600,500,100,300,NT7,ＳＳ,28,205946665,2,-3,-6,-5,人系
7273,Gサンダーゲート,0,260,50,65,60,400,24,140,140,120,120,100,50,－,Ｍ,34,9000,-5,-5,2,3,その他／スパロボシリーズ
7274,ルブリス・ウル,0,460,36,72,80,400,21,200,200,200,200,200,150,強5,Ｍ,32,16800,2,-4,3,-5,MS系／ガンダム系／水星の魔女
7275,ルブリス・ソーン,0,380,36,84,80,400,14,200,200,200,200,200,150,強5,Ｍ,32,16800,2,-4,3,-5,MS系／ガンダム系／水星の魔女
7276,ディバインゴールドフレーム,0,417,38,79,82,486,18,285,295,270,280,270,80,強4,Ｍ,44,13650,3,-3,4,1,MS系／ガンダム系／ガンダムSEED ASTRAY、MSV
7277,ヘラクレス21,0,324,25,55,40,175,12,10,50,50,50,0,10,－,Ｓ,25,4830,2,-5,-6,-5,その他／スパロボシリーズ
7278,ボクサー,0,324,29,50,40,175,12,10,50,50,50,0,10,－,Ｓ,25,4230,2,-2,-6,-5,その他／スパロボシリーズ
7279,砲手仕様ザクII,0,275,24,38,82,300,18,0,30,0,30,100,60,－,Ｍ,19,7560,0,-4,2,-5,MS系／ザク系／ジオン・ネオジオン軍・ザフト
7280,マグナパレス,0,785,80,125,130,1000,28,3000,3000,3000,3000,4000,500,強5,Ｍ,124,43290000,3,0,2,0,その他／ファイブスター物語
7281,鉄人29号OX,0,810,84,52,60,610,18,500,500,200,200,200,300,－,Ｍ,62,59260,3,-3,-5,-4,その他／スパロボシリーズ
7282,鉄人29号OX(MA) ,1,810,84,52,60,610,18,500,500,200,200,200,300,－,Ｍ,62,0,-3,-3,-5,2,その他／スパロボシリーズ
7283,オルディーネ,0,340,27,58,53,300,12,210,250,250,220,0,80,NT4,Ｓ,32,13830,2,-3,-5,2,その他／スパロボシリーズ
7284,V.F.G.VF-31A カイロスSP,0,450,44,120,115,480,19,220,280,220,220,220,160,－,Ｍ,58,67000,-5,-5,3,3,マクロスシリーズ／車輌・戦闘機系／人系
7285,V.F.G.VF-31A カイロスSP(G) ,1,450,40,109,115,480,19,220,280,220,220,220,160,－,Ｓ,58,0,2,2,2,2,その他／マクロスシリーズ／人系
7286,V.F.G.VF-31A カイロスSP(B) ,1,450,49,100,95,480,19,220,280,220,220,220,160,－,Ｍ,58,0,3,-5,3,-1,その他／マクロスシリーズ／人系
7287,セルマ仕様高機動型ザク地上用,0,348,26,56,55,355,19,30,50,50,30,30,60,－,Ｍ,33,7660,4,-5,-5,-4,MS系／ザク系／ジオン・ネオジオン軍・ザフト／専用機
7288,ウォルド仕様高機動型ザク地上用,0,348,26,56,85,355,19,30,50,50,30,90,90,－,Ｍ,33,7660,4,-5,-5,-4,MS系／ザク系／ジオン・ネオジオン軍・ザフト／専用機
7289,ゼンダライオン,0,360,32,46,55,450,20,300,300,200,100,0,30,－,Ｓ,37,40000,-3,-4,0,3,その他／スパロボシリーズ
7290,サンデー号,0,350,30,52,60,400,20,300,300,200,100,0,30,－,Ｍ,35,40000,-3,-4,0,3,その他／スパロボシリーズ
7291,タイムボカンロボ,0,600,50,50,70,600,30,300,300,200,5500,0,160,－,Ｌ,60,500000,-3,-4,0,3,その他／スパロボシリーズ
7292,グリーンホーンAB,0,580,58,72,70,540,20,175,215,155,190,190,70,－,Ｍ,59,32800,5,-3,-6,-1,その他／ゾイドシリーズ／スパロボシリーズ
7293,ファイヤーショベル,0,770,70,50,55,875,20,280,380,350,250,250,200,強5,Ｍ,69,52060,3,-3,1,-5,その他／勇者・エルドランシリーズ
7294,パワーダグオン,0,780,67,55,55,875,20,280,380,350,250,250,250,強5,Ｍ,69,52060,3,-3,1,-5,その他／勇者・エルドランシリーズ
7295,ビルドタイガー,0,600,52,60,60,735,18,280,280,250,250,250,200,強5,Ｍ,57,52060,3,-3,2,1,その他／勇者・エルドランシリーズ
7296,スーパービルドタイガー,0,768,60,65,60,800,21,280,280,250,250,250,300,強5,Ｍ,66,78460,3,-3,2,1,その他／勇者・エルドランシリーズ
7297,ハイパーレッドジャックアーマー,0,180,12,49,60,170,5,300,100,60,60,30,120,－,ＳＳ,10,10500,3,-4,-5,-4,人系／車輌・戦闘機系
7298,レッドセプター ,1,180,12,49,60,170,5,300,100,60,60,30,120,－,ＳＳ,10,0,5,-5,-5,-5,人系／車輌・戦闘機系
7299,ハインドリー,0,380,34,70,55,350,18,300,300,300,300,300,100,－,Ｍ,26,12000,1,-4,3,2,MS系／水星の魔女
7300,柿崎専用VF-1A バルキリー,0,330,29,90,80,210,15,170,170,170,170,150,50,－,Ｍ,32,15030,-2,-2,5,5,マクロスシリーズ／車輌・戦闘機系／専用機
7301,柿崎専用VF-1A バルキリー(G) ,1,330,27,85,70,210,15,170,170,170,170,150,50,－,Ｓ,32,0,1,1,1,1,その他／マクロスシリーズ／専用機
7302,柿崎専用VF-1A バルキリー(B) ,1,330,31,80,60,210,15,170,170,170,170,150,50,－,Ｍ,32,0,5,-2,3,-2,その他／マクロスシリーズ／専用機
7303,マックス専用VF-1A バルキリー,0,330,29,90,80,210,15,170,170,170,170,150,50,－,Ｍ,32,15030,-2,-2,5,5,マクロスシリーズ／車輌・戦闘機系／専用機
7304,マックス専用VF-1A バルキリー(G) ,1,330,27,85,70,210,15,170,170,170,170,150,50,－,Ｓ,32,0,1,1,1,1,その他／マクロスシリーズ／専用機
7305,マックス専用VF-1A バルキリー(B) ,1,330,31,80,60,210,15,170,170,170,170,150,50,－,Ｍ,32,0,5,-2,3,-2,その他／マクロスシリーズ／専用機
7306,ケンプファー・シュヴェーア,0,400,33,110,72,500,18,0,0,1650,1650,0,200,－,Ｍ,45,22120,2,-3,2,-3,MS系／ジオン・ネオジオン軍・ザフト／ガンダムビルドシリーズ
7307,AR仕様レーバテイン,0,384,29,130,75,525,15,400,400,220,250,200,150,－,Ｓ,47,146090,4,1,-5,-4,その他／スパロボシリーズ
7308,ヒルツ仕様デススティンガー,0,792,71,95,100,840,32,650,650,650,680,680,70,強4,Ｌ,73,218090,5,2,-4,-5,その他／ゾイドシリーズ／スパロボシリーズ／専用機
7309,EW仕様ガンダムエピオンCCC,0,548,55,113,84,678,17,250,240,230,240,210,100,強5,Ｍ,59,78340,2,-2,3,1,MS系／ガンダム系／新機動戦記ガンダムW／オリジナル系
7310,EW仕様ウイングガンダムゼロCCC,0,547,59,118,84,763,16,250,230,220,220,210,100,強5,Ｍ,55,110090,3,-5,2,3,MS系／ガンダム系／新機動戦記ガンダムW／オリジナル系
7311,エクリプスガンダム2号機,0,480,58,100,84,600,28,600,690,620,620,620,200,強5,Ｍ,72,137990,3,-3,4,1,MS系／ガンダム系／ガンダムSEED ASTRAY、MSV
7312,エクリプスガンダム2号機(MA) ,1,480,58,100,84,600,28,600,690,620,620,620,200,強5,Ｍ,72,0,-3,-3,5,2,MA系／ガンダム系／ガンダムSEED ASTRAY、MSV
7313,ガンダムアストレアII,0,435,42,84,74,540,18,240,240,240,240,0,150,－,Ｍ,52,19530,2,-3,2,2,MS系／ガンダム系／ガンダム00
7314,ザンアストレアII,0,435,42,84,74,540,18,240,240,240,240,0,100,－,Ｍ,52,19530,2,-3,2,2,MS系／ガンダム系／ガンダム00
7315,アルト,0,400,38,50,60,400,16,200,200,200,200,200,30,－,Ｍ,27,18000,2,-3,0,0,その他／スパロボシリーズ／量産機
7316,ポルタノヴァ,0,410,40,46,60,400,16,200,200,200,200,200,30,－,Ｍ,27,18000,2,-3,0,0,その他／スパロボシリーズ／量産機
7317,スピナティオ,0,380,38,54,60,400,16,200,200,200,200,200,30,－,Ｍ,27,18000,2,-3,0,0,その他／スパロボシリーズ／量産機
7318,航空艦斑鳩,0,922,47,48,91,466,100,180,180,180,180,0,450,－,Ｍ,80,14520,-2,2,0,2,艦船系／スパロボシリーズ
7319,ダモクレス,0,3000,150,20,150,800,300,400,400,5500,5500,5000,1100,－,ＬＬ,196,3780150,-6,-6,-3,0,艦船系／スパロボシリーズ
7320,マジンガーZEST,0,560,67,44,55,420,18,190,190,195,195,195,200,－,Ｍ,45,59260,2,-2,-5,-4,その他／スパロボシリーズ
7321,ドックマン仕様スコープドッグ,0,250,14,65,60,300,10,0,0,150,150,0,10,－,ＳＳ,31,3030,5,-5,-5,-5,その他／ボトムズシリーズ／専用機
7322,ガナード専用スコープドッグ,0,250,14,65,60,300,10,0,0,150,150,0,10,－,ＳＳ,31,3030,5,-5,-5,-5,その他／ボトムズシリーズ／専用機
7323,改修仕様エアリアル,0,480,36,86,80,440,18,300,300,300,300,300,190,NT6,Ｍ,45,19800,2,-4,3,-2,MS系／ガンダム系／水星の魔女
7324,イントルーダー(AB),0,148,12,70,60,175,10,50,50,50,20,0,60,－,ＳＳ,10,310,5,-5,-5,-4,その他／スパロボシリーズ／専用機
7325,イントルーダー(RA) ,1,148,20,80,60,175,10,50,50,250,20,0,60,－,ＳＳ,10,0,3,-5,-2,-4,その他／スパロボシリーズ／専用機
7326,最上改二,0,600,77,39,86,800,238,150,114,90,0,90,300,－,ＬＬ,72,137090,0,3,-9,-3,艦船系／人系／艦これ
7327,最上改二特,0,610,78,39,80,800,238,200,195,150,0,90,300,－,ＬＬ,72,155090,0,3,-9,-3,艦船系／人系／艦これ
7328,谷風改丁,0,330,51,53,42,500,118,55,160,135,220,85,165,－,ＬＬ,48,28060,0,3,-9,-3,艦船系／人系／艦これ
7329,巻雲改二,0,330,53,48,43,500,119,90,150,100,150,80,165,－,ＬＬ,48,22060,0,3,-9,-5,艦船系／人系／艦これ
7330,風雲改二,0,330,53,48,45,500,119,90,150,100,145,100,165,－,ＬＬ,48,22060,0,3,-9,-5,艦船系／人系／艦これ
7331,沖波改二,0,330,53,48,44,500,119,90,150,90,145,110,165,－,ＬＬ,48,22060,0,3,-9,-5,艦船系／人系／艦これ
7332,朝霜改二,0,330,53,47,44,500,119,90,150,90,145,140,165,－,ＬＬ,48,22060,0,3,-9,-5,艦船系／人系／艦これ
7333,夕張改二,0,410,65,40,52,330,139,90,250,290,245,150,200,－,ＬＬ,46,64060,0,3,-9,-4,艦船系／人系／艦これ
7334,夕張改二特,0,410,66,39,50,330,139,90,250,290,245,150,200,－,ＬＬ,46,64060,0,3,-9,-4,艦船系／人系／艦これ
7335,夕張改二丁,0,410,64,40,54,330,139,90,250,290,245,150,200,－,ＬＬ,46,64060,0,3,-9,-4,艦船系／人系／艦これ
7336,敷波改二,0,310,51,58,48,500,118,65,140,80,150,150,165,－,ＬＬ,48,22060,0,3,-9,-5,艦船系／人系／艦これ
7337,浦波改二,0,310,51,47,44,500,118,90,140,140,125,145,165,－,ＬＬ,48,22060,0,3,-9,-5,艦船系／人系／艦これ
7338,高波,0,160,19,47,19,500,119,50,120,45,135,60,1,－,ＬＬ,39,19530,0,3,-9,-5,艦船系／人系／艦これ
7339,高波改,0,320,49,48,54,500,119,50,120,45,135,60,50,－,ＬＬ,48,22060,0,3,-9,-5,艦船系／人系／艦これ
7340,高波改二,0,330,53,48,58,500,119,80,150,100,150,60,100,－,ＬＬ,49,22060,0,3,-9,-5,艦船系／人系／艦これ
7341,秋雲改二,0,330,53,47,42,500,119,90,150,90,140,90,150,－,ＬＬ,48,22060,0,3,-9,-5,艦船系／人系／艦これ
7342,球磨改二,0,460,70,42,58,500,162,110,160,160,200,80,230,－,ＬＬ,54,52060,0,3,-9,-4,艦船系／人系／艦これ
7343,球磨改二丁,0,460,70,41,53,500,162,85,0,165,240,80,230,－,ＬＬ,54,52060,0,3,-9,-4,艦船系／人系／艦これ
7344,ノーザンプトン,0,440,47,36,51,980,182,180,80,100,0,50,220,－,ＬＬ,68,110090,0,3,-9,-3,艦船系／人系／艦これ
7345,ノーザンプトン改,0,550,73,34,52,980,182,225,100,150,0,60,270,－,ＬＬ,73,119090,0,3,-9,-3,艦船系／人系／艦これ
7346,ガンビア・ベイMk.II,0,530,61,28,70,512,156,15,0,125,200,80,260,－,ＬＬ,56,64060,0,3,-9,-3,艦船系／人系／艦これ
7347,能代改二,0,530,72,43,61,600,174,150,140,135,160,65,260,－,ＬＬ,68,76060,0,3,-9,-5,艦船系／人系／艦これ
7348,矢矧改二,0,540,73,45,60,600,174,150,140,125,155,85,260,－,ＬＬ,61,83090,0,3,-9,-5,艦船系／人系／艦これ
7349,矢矧改二乙,0,530,74,42,60,600,174,150,120,180,150,85,260,－,ＬＬ,61,101090,0,3,-9,-5,艦船系／人系／艦これ
7350,曙改二,0,310,54,62,46,500,118,50,125,110,150,90,150,－,ＬＬ,49,22060,0,3,-9,-5,艦船系／人系／艦これ
7351,磯波改二,0,300,50,45,43,500,118,65,140,145,140,75,150,－,ＬＬ,47,22060,0,3,-9,-5,艦船系／人系／艦これ
7352,山風改二,0,300,50,50,41,400,118,70,180,85,150,50,150,－,ＬＬ,43,22060,0,3,-9,-5,艦船系／人系／艦これ
7353,山風改二丁,0,300,51,49,41,400,118,70,120,80,140,50,150,－,ＬＬ,43,22060,0,3,-9,-5,艦船系／人系／艦これ
7354,親潮改二,0,330,54,48,42,500,118,90,150,95,150,105,160,－,ＬＬ,48,22060,0,3,-9,-5,艦船系／人系／艦これ
7355,カブール,0,570,67,21,29,480,168,265,40,75,0,110,280,－,ＬＬ,53,245090,0,3,-9,-3,艦船系／人系／艦これ
7356,カブール改,0,730,87,29,40,480,168,310,0,200,0,115,360,－,ＬＬ,61,263090,0,3,-9,-3,艦船系／人系／艦これ
7357,カブールnuovo,0,780,91,31,58,480,168,320,40,240,0,120,390,－,ＬＬ,65,290090,0,3,-9,-3,艦船系／人系／艦これ
7358,龍鳳改二,0,630,74,37,80,500,215,0,0,160,160,210,310,－,ＬＬ,62,146090,0,3,-9,-3,艦船系／人系／艦これ
7359,龍鳳改二戊,0,610,73,40,77,500,215,0,0,150,180,210,300,－,ＬＬ,61,92090,0,3,-9,-3,艦船系／人系／艦これ
7360,鳳翔改二,0,570,67,36,82,500,168,0,0,120,165,250,280,－,ＬＬ,59,70060,0,3,-9,-3,艦船系／人系／艦これ
7361,鳳翔改二戦,0,570,69,33,76,500,168,0,0,120,170,250,280,－,ＬＬ,59,70060,0,3,-9,-3,艦船系／人系／艦これ
7362,天霧改二,0,310,52,54,44,500,118,65,150,75,135,165,150,－,ＬＬ,48,22060,0,3,-9,-5,艦船系／人系／艦これ
7363,天霧改二丁,0,310,53,53,44,500,118,65,90,70,125,165,150,－,ＬＬ,48,22060,0,3,-9,-5,艦船系／人系／艦これ
7364,早潮,0,160,19,42,19,500,118,50,120,40,110,45,1,－,ＬＬ,38,19530,0,3,-9,-5,艦船系／人系／艦これ
7365,早潮改二,0,330,52,47,41,500,118,85,150,95,150,75,160,－,ＬＬ,48,22060,0,3,-9,-5,艦船系／人系／艦これ
7366,サミュエル・B・ロバーツMk.II,0,290,47,48,52,600,93,50,120,145,255,200,140,－,ＬＬ,50,22060,0,3,-9,-3,艦船系／人系／艦これ
7367,タスカルーサ,0,430,49,36,55,650,179,180,0,90,0,85,210,－,ＬＬ,56,110090,0,3,-9,-3,艦船系／人系／艦これ
7368,ラングレー,0,310,30,22,68,566,189,70,0,160,80,135,300,－,ＬＬ,48,70060,0,3,-9,-3,艦船系／人系／艦これ
7369,ラングレー改,0,440,60,30,68,566,189,90,0,170,90,175,160,－,ＬＬ,55,83090,0,3,-9,-3,艦船系／人系／艦これ
7370,レンジャー,0,480,39,28,68,1150,234,0,0,140,0,100,300,－,ＬＬ,75,119090,0,3,-9,-3,艦船系／人系／艦これ
7371,マサチューセッツ,0,790,92,27,47,750,207,810,0,400,0,200,1,－,ＬＬ,74,596120,0,3,-9,-3,艦船系／人系／艦これ
7372,マサチューセッツ改,0,910,109,35,59,750,207,860,0,580,0,360,450,－,ＬＬ,81,644120,0,3,-9,-3,艦船系／人系／艦これ
7373,ジャン・バール,0,840,89,35,48,850,247,320,0,110,0,110,1,－,ＬＬ,80,312590,0,3,-9,-3,艦船系／人系／艦これ
7374,榛名改二乙,0,850,93,38,53,800,214,515,0,536,0,177,200,－,ＬＬ,79,404120,0,3,-9,-3,艦船系／人系／艦これ
7375,榛名改二丙,0,850,93,38,52,800,214,515,0,536,0,177,200,－,ＬＬ,79,404120,0,3,-9,-3,艦船系／人系／艦これ
7376,深雪改二 ,1,310,52,48,51,500,118,50,135,50,100,50,150,－,ＬＬ,48,0,0,3,-9,-5,艦船系／人系／艦これ
7377,時雨改三 ,1,340,57,63,51,400,118,175,280,180,265,250,170,－,ＬＬ,47,0,0,3,-9,-5,艦船系／人系／艦これ
7378,冬月,0,210,29,44,28,800,134,80,80,350,120,38,1,－,ＬＬ,51,34060,0,3,-9,-1,艦船系／人系／艦これ
7379,冬月改,0,380,53,50,49,800,134,110,110,410,140,185,50,－,ＬＬ,61,34060,0,3,-9,-1,艦船系／人系／艦これ
7380,ネモ・カノン,0,460,34,62,65,463,19,120,140,0,180,100,90,－,Ｍ,42,12660,2,-3,2,-4,MS系／ジム系／エウーゴ・カラバ／機動戦士Zガンダム／量産機
7381,ダイノガイスト,0,1200,83,100,65,1000,32,1300,1290,1270,1250,1250,960,強5,Ｌ,93,128030,2,-3,2,2,その他／勇者・エルドランシリーズ
7382,ラビオット,0,420,40,52,63,410,16,200,200,200,200,200,30,－,Ｍ,30,19800,2,-3,0,0,その他／スパロボシリーズ／量産機
7383,シエルノヴァ,0,430,42,48,63,410,16,200,200,200,200,200,30,－,Ｍ,30,19800,2,-3,0,0,その他／スパロボシリーズ／量産機
7384,フェンサー仕様スピナティア,0,400,40,56,63,410,16,200,200,200,200,200,30,－,Ｍ,30,19800,2,-3,0,0,その他／スパロボシリーズ／量産機
7385,ディランザ・ソル,0,460,39,70,78,390,18,300,300,300,300,300,200,－,Ｍ,42,18100,2,-4,3,-2,MS系／水星の魔女
7386,轟龍(JM) ,1,768,58,75,60,700,30,280,290,250,250,250,200,－,Ｍ,65,0,-5,-5,3,3,その他／勇者・エルドランシリーズ
7387,マイトガンナー,0,576,50,70,80,525,18,290,290,250,250,250,200,強5,Ｍ,52,20020,2,-3,1,-5,その他／勇者・エルドランシリーズ
7388,マイトガンナー(TM) ,1,576,41,65,80,525,18,290,290,250,250,250,200,強5,Ｍ,52,0,4,-5,-5,-5,その他／勇者・エルドランシリーズ
7389,PM仕様グレートマイトガイン,0,888,62,75,80,840,30,1300,1300,1250,1250,1250,600,－,Ｌ,75,147530,2,-1,2,2,その他／勇者・エルドランシリーズ
7390,ザウォート・ヘヴィ,0,415,31,68,60,350,18,300,300,300,300,300,100,－,Ｍ,27,13200,1,-4,3,2,MS系／水星の魔女
7391,ガンダム・シュバルゼッテ,0,490,40,84,80,440,18,300,300,300,300,300,80,強5,Ｍ,46,18810,2,-4,3,-2,MS系／ガンダム系／水星の魔女
7392,ラーガンダム,0,480,44,87,72,510,18,330,330,330,330,0,100,－,Ｍ,48,14360,2,-1,2,-1,MS系／ガンダム系／ガンダムビルドシリーズ
7393,ビルドストライクEG,0,524,54,101,70,500,20,350,370,250,270,230,100,－,Ｍ,50,204050,3,-4,3,1,MS系／ガンダム系／ガンダムビルドシリーズ
7394,キャリバーン,0,490,38,90,82,500,18,300,300,300,300,300,300,NT9,Ｍ,59,23560,2,-4,3,-2,MS系／ガンダム系／水星の魔女
7395,中距離支援仕様ジム,0,275,24,44,60,300,18,0,0,50,50,0,30,－,Ｍ,20,6870,1,0,2,0,MS系／ジム系／連邦軍・ティターンズ・地球連合
7396,測距手仕様ザクIIF2型,0,280,26,52,50,300,18,0,30,0,30,100,1,－,Ｍ,19,8040,2,-4,2,-3,MS系／ザク系／ジオン・ネオジオン軍・ザフト
7397,ジェーナス,0,150,18,44,20,550,108,60,150,110,200,85,100,－,ＬＬ,40,28060,0,3,-9,-5,艦船系／人系／艦これ
7398,ガガガガール,0,170,60,70,80,900,10,573,573,573,573,573,22920,NT8,ＳＳ,65,67860000,3,-3,3,3,人系
7399,V.F.G.ケーニッヒ・モンスター,0,700,78,35,80,700,20,280,320,270,270,290,100,－,Ｌ,71,76000,0,-2,1,2,その他／マクロスシリーズ
7400,V.F.G.ケーニッヒ・モンスター(G) ,1,700,78,35,99,700,20,280,320,270,270,290,100,－,Ｌ,71,0,0,-2,0,0,その他／マクロスシリーズ
7401,V.F.G.ケーニッヒ・モンスター(D) ,1,700,78,35,90,700,20,280,320,270,270,290,100,－,Ｌ,71,0,1,-2,1,-2,その他／マクロスシリーズ
7402,八幡丸,0,360,32,24,47,850,180,0,0,60,0,25,5,－,ＬＬ,58,40060,0,3,-9,-3,艦船系／人系／艦これ
7403,神バーニングガンダム,0,500,54,95,50,500,18,280,330,290,50,0,30,－,Ｍ,50,41500,4,-2,3,1,MS系／ガンダム系／ガンダムビルドシリーズ
7404,リオデガロン,0,500,50,60,50,700,30,300,300,300,300,200,50,NT5,Ｍ,64,15000,3,-3,-4,-1,その他／スパロボシリーズ
7405,ハインドリー・シュトルム,0,400,36,72,75,350,18,300,300,300,300,300,100,－,Ｍ,28,15000,1,-4,3,2,MS系／量産機／水星の魔女
7406,岸波,0,160,19,46,24,500,119,50,120,45,140,50,1,－,ＬＬ,38,19530,0,3,-9,-5,艦船系／人系／艦これ
7407,早波,0,160,19,44,23,500,119,50,120,45,140,50,1,－,ＬＬ,38,19530,0,3,-9,-5,艦船系／人系／艦これ
7408,デミバーディング,0,325,22,48,65,350,22,200,200,200,200,200,100,－,Ｍ,18,8000,3,-5,2,-3,MS系／専用機／水星の魔女
7409,第2形態仕様端白星,0,510,54,98,90,594,18,390,390,390,390,390,150,－,Ｍ,54,35480,3,-4,2,0,MS系／ガンダム系／鉄血のオルフェンズ
7410,Jタイプ仕様ガンダムF90,0,453,54,108,70,520,15,250,260,260,240,200,120,－,Ｍ,39,18450,2,-3,2,-5,MS系／ガンダム系／連邦軍・ティターンズ・地球連合／機動戦士ガンダムF90
7411,Qタイプ仕様ガンダムF90,0,453,48,118,65,480,15,250,260,260,240,200,120,－,Ｍ,39,18450,2,-3,2,-5,MS系／ガンダム系／連邦軍・ティターンズ・地球連合／機動戦士ガンダムF90
7412,フレッチャー,0,180,20,45,33,490,114,120,200,320,500,300,100,－,ＬＬ,39,31060,0,3,-9,-5,艦船系／人系／艦これ
7413,フレッチャー改,0,350,52,46,62,490,114,120,200,320,520,400,50,－,ＬＬ,50,31060,0,3,-9,-5,艦船系／人系／艦これ
7414,フレッチャー改Mod.2,0,370,54,47,64,490,114,160,290,450,520,470,1100,－,ＬＬ,51,34060,0,3,-9,-5,艦船系／人系／艦これ
7415,フレッチャーMk.II,0,380,56,47,66,490,114,160,0,500,550,470,100,－,ＬＬ,51,40060,0,3,-9,-5,艦船系／人系／艦これ
7416,ジョンストン,0,170,20,45,32,490,114,120,200,320,500,170,100,－,ＬＬ,39,28060,0,3,-9,-5,艦船系／人系／艦これ
7417,ジョンストン改,0,340,52,46,60,490,114,120,200,320,520,400,100,－,ＬＬ,50,28060,0,3,-9,-5,艦船系／人系／艦これ
7418,ボッシュ専用ジムIII,0,368,39,84,60,408,18,140,165,150,150,150,5,－,Ｍ,29,15780,2,-3,2,-4,MS系／ジム系／連邦軍・ティターンズ・地球連合／機動戦士ガンダムF90／専用機
7419,グレンダイザーS,0,756,100,75,70,900,30,300,300,270,270,270,300,NT2,Ｍ,74,48020,2,-3,2,3,その他／スパロボシリーズ
7420,グレンダイザーS(S) ,1,756,100,68,70,900,30,300,300,270,270,270,300,NT2,Ｍ,74,0,0,-4,3,3,その他／スパロボシリーズ
7421,グレンダイザーS(RA),0,756,120,72,70,900,30,300,300,270,270,270,300,NT2,Ｍ,74,48020,0,-4,2,-4,その他／スパロボシリーズ
7422,ヘイウッド,0,170,20,43,33,490,114,120,200,320,490,180,100,－,ＬＬ,39,28060,0,3,-9,-5,艦船系／人系／艦これ
7423,ヘイウッド改,0,340,52,45,61,490,114,120,200,320,520,380,100,－,ＬＬ,50,28060,0,3,-9,-5,艦船系／人系／艦これ
7424,葛城,0,480,52,34,70,800,227,0,0,270,0,200,50,－,ＬＬ,64,96590,0,3,-9,-3,艦船系／人系／艦これ
7425,葛城改,0,600,78,37,78,800,227,0,0,320,0,300,1150,－,ＬＬ,71,114590,0,3,-9,-3,艦船系／人系／艦これ
7426,トロハチ,0,100,6,8,40,100,8,0,0,10,0,0,1,－,ＳＳ,10,1068,-3,-5,3,-4,その他／連邦軍・ティターンズ・地球連合／ガンダムUC
7427,ルブリス量産試作モデル,0,400,30,73,70,360,18,200,200,200,200,200,100,強5,Ｍ,28,14000,2,-4,3,-5,MS系／ガンダム系／水星の魔女
7428,ガンヴォルヴァ,0,410,32,76,70,350,18,200,200,200,200,200,100,強7,Ｍ,28,15000,2,-4,3,-5,MS系／ガンダム系／水星の魔女
7429,雲鷹,0,390,35,23,52,850,180,0,0,140,340,80,50,－,ＬＬ,59,43060,0,3,-9,-3,艦船系／人系／艦これ
7430,雲鷹改,0,470,52,24,64,850,180,0,0,80,325,45,50,－,ＬＬ,65,52060,0,3,-9,-3,艦船系／人系／艦これ
7431,雲鷹改二,0,490,55,36,68,850,180,90,0,120,375,70,150,－,ＬＬ,67,64060,0,3,-9,-3,艦船系／人系／艦これ
7432,デミギャリソン,0,314,22,50,70,360,16,100,100,100,100,100,100,－,Ｍ,18,9000,2,-5,2,-3,MS系／水星の魔女／量産機
7433,アブルッツィ,0,370,33,34,80,410,187,120,0,90,0,120,50,－,ＬＬ,47,92090,0,3,-9,-4,艦船系／人系／艦これ
7434,ガリバルディ,0,370,33,34,40,410,187,120,0,90,0,120,50,－,ＬＬ,47,92090,0,3,-9,-4,艦船系／人系／艦これ
7435,ガリバルディ改,0,520,75,38,48,410,187,120,0,90,250,300,100,－,ＬＬ,53,101090,0,3,-9,-4,艦船系／人系／艦これ
7436,戦艦レ級,0,1800,110,34,90,500,270,300,500,1000,3000,5000,5000,－,ＬＬ,135,801200,-5,3,-9,-5,艦船系／人系／艦これ／量産機
7437,戦艦レ級elite,0,2700,130,34,90,500,270,300,500,1000,3000,5100,10000,－,ＬＬ,167,860120,-5,3,-9,-5,艦船系／人系／艦これ／量産機
7438,浴衣仕様綾波,0,150,19,41,19,500,118,50,135,60,100,60,50,－,ＬＬ,37,19530,0,3,-9,-5,艦船系／人系／艦これ
7439,浴衣仕様敷波,0,150,19,41,19,500,118,50,135,60,100,50,50,－,ＬＬ,37,19530,0,3,-9,-5,艦船系／人系／艦これ
7440,浴衣仕様藤波,0,160,19,46,24,500,119,50,120,60,130,45,50,－,ＬＬ,38,19530,0,3,-9,-5,艦船系／人系／艦これ
7441,浴衣仕様古鷹,0,360,34,33,39,700,185,150,60,80,0,50,50,－,ＬＬ,53,79060,0,3,-9,-4,艦船系／人系／艦これ
7442,浴衣仕様由良改二,0,450,67,43,63,500,162,70,125,180,245,80,50,－,ＬＬ,54,43060,0,3,-9,-4,艦船系／人系／艦これ
7443,浴衣仕様神威,0,360,18,13,15,800,151,15,0,40,0,85,50,－,ＬＬ,53,28060,0,3,-9,-3,艦船系／人系／艦これ
7444,浴衣仕様神威改,0,370,29,13,48,800,151,30,0,60,0,95,50,－,ＬＬ,56,31060,0,3,-9,-3,艦船系／人系／艦これ
7445,浴衣仕様神威改母,0,390,33,16,54,800,151,35,0,70,50,10,50,－,ＬＬ,58,40060,0,3,-9,-3,艦船系／人系／艦これ
7446,浴衣仕様択捉,0,90,16,40,14,800,77,20,0,35,175,185,50,－,ＬＬ,45,12030,0,3,-9,-3,艦船系／人系／艦これ
7447,択捉改,0,170,33,56,28,800,77,20,0,35,370,400,50,－,ＬＬ,51,12030,0,3,-9,-3,艦船系／人系／艦これ
7448,浴衣仕様松輪,0,90,16,39,15,800,77,20,0,35,175,35,50,－,ＬＬ,45,12030,0,3,-9,-3,艦船系／人系／艦これ
7449,浴衣仕様リベッチオ,0,150,18,48,20,400,106,45,110,55,150,70,50,－,ＬＬ,34,19530,0,3,-9,-5,艦船系／人系／艦これ
7450,浴衣仕様朝霜,0,160,19,47,19,500,119,50,120,45,175,80,50,－,ＬＬ,38,55060,0,3,-9,-5,艦船系／人系／艦これ
7451,ボルトロン,0,857,60,56,50,715,60,350,350,350,330,300,900,－,Ｌ,66,59220,2,0,2,2,その他／勇者・エルドランシリーズ
7452,水着仕様レーベレヒト・マース,0,180,22,36,24,190,119,40,120,60,160,30,50,－,ＬＬ,28,28060,0,3,-9,-5,艦船系／人系／艦これ
7453,水着仕様海風,0,160,19,44,19,400,118,50,120,60,115,50,50,－,ＬＬ,14,55060,0,3,-9,-5,艦船系／人系／艦これ
7454,水着仕様コマンダン・テスト,0,420,50,20,70,600,167,140,0,90,0,85,50,－,ＬＬ,54,186590,0,3,-9,-3,艦船系／人系／艦これ
7455,水着仕様最上,0,410,59,35,39,800,200,200,90,100,0,50,50,－,ＬＬ,60,114590,0,3,-9,-4,艦船系／人系／艦これ
7456,水着仕様三隈,0,400,59,31,39,870,200,200,90,90,0,25,50,－,ＬＬ,62,114590,0,3,-9,-4,艦船系／人系／艦これ
7457,夏真っ盛り仕様伊401,0,200,24,13,45,700,122,10,195,0,0,100,50,－,ＬＬ,46,19530,0,6,-9,-5,艦船系／人系／艦これ
7458,里帰り水着仕様U-511,0,80,16,18,28,672,51,10,110,0,0,150,200,－,ＬＬ,42,52060,0,6,-9,-5,艦船系／人系／艦これ
7459,里帰り水着仕様呂500,0,130,21,24,34,672,54,20,120,0,0,176,50,－,ＬＬ,53,52060,0,6,-9,-5,艦船系／人系／艦これ
7460,浴衣仕様白露,0,160,19,43,19,400,118,50,120,60,105,150,50,－,ＬＬ,34,19530,0,3,-9,-5,艦船系／人系／艦これ
7461,浴衣仕様秋月,0,200,27,47,29,800,134,80,80,350,135,50,50,－,ＬＬ,51,31060,0,3,-9,-1,艦船系／人系／艦これ
7462,浴衣仕様陸奥,0,800,89,24,39,550,215,470,0,155,0,15,50,－,ＬＬ,67,344090,0,3,-9,-3,艦船系／人系／艦これ
7463,ブルックリン,0,380,39,31,67,800,185,290,0,260,0,170,200,－,ＬＬ,60,92090,0,3,-9,-4,艦船系／人系／艦これ
7464,ブルックリン改,0,530,67,37,77,800,185,290,0,260,0,370,50,－,ＬＬ,68,101090,0,3,-9,-4,艦船系／人系／艦これ
7465,ホノルル,0,380,39,32,65,800,185,290,0,260,0,150,50,－,ＬＬ,60,92090,0,3,-9,-4,艦船系／人系／艦これ
7466,ホノルル改,0,530,67,38,76,800,185,290,0,260,0,270,50,－,ＬＬ,68,101090,0,3,-9,-4,艦船系／人系／艦これ
7467,ヘレナ,0,390,40,33,64,800,185,300,0,300,0,90,200,－,ＬＬ,60,92090,0,3,-9,-4,艦船系／人系／艦これ
7468,ヘレナ改,0,530,69,39,76,800,185,360,0,400,0,130,50,－,ＬＬ,68,101090,0,3,-9,-4,艦船系／人系／艦これ
7469,アトランタ,0,270,29,34,40,850,165,160,220,800,100,170,200,－,ＬＬ,55,76060,0,3,-9,0,艦船系／人系／艦これ
7470,日進,0,450,45,26,80,800,198,160,0,200,0,90,100,－,ＬＬ,63,76060,0,3,-9,-3,艦船系／人系／艦これ
7471,ゴトランド,0,320,46,36,70,400,134,160,160,180,360,200,150,－,ＬＬ,45,46060,0,3,-9,-4,艦船系／人系／艦これ
7472,ゴトランド改,0,430,63,37,55,400,134,170,170,660,380,240,200,－,ＬＬ,49,52060,0,3,-9,-4,艦船系／人系／艦これ
7473,ゴトランド・アンドラ,0,470,67,37,72,400,134,160,160,300,360,260,300,－,ＬＬ,52,58060,0,3,-9,-3,艦船系／人系／艦これ
7474,マエストラーレ,0,150,18,48,20,400,106,90,220,110,300,140,100,－,ＬＬ,34,22060,0,3,-9,-5,艦船系／人系／艦これ
7475,マエストラーレ改,0,290,50,49,46,400,106,130,270,220,400,170,100,－,ＬＬ,43,22060,0,3,-9,-5,艦船系／人系／艦これ
7476,日進甲,0,490,47,36,96,800,198,200,0,250,0,100,200,－,ＬＬ,66,92090,0,3,-9,-3,艦船系／人系／艦これ
7477,平戸,0,90,16,39,15,265,77,40,0,70,340,110,50,－,ＬＬ,27,12030,0,3,-9,-4,艦船系／人系／艦これ
7478,福江,0,90,16,41,13,265,77,40,0,70,350,360,50,－,ＬＬ,27,12030,0,3,-9,-4,艦船系／人系／艦これ
7479,御蔵,0,90,16,40,14,265,78,40,0,90,400,120,80,－,ＬＬ,27,12030,0,3,-9,-4,艦船系／人系／艦これ
7480,御蔵改,0,170,33,54,29,265,78,50,0,160,400,150,50,－,ＬＬ,33,12030,0,3,-9,-4,艦船系／人系／艦これ
7481,能美,0,90,16,41,13,265,78,40,0,90,380,130,50,－,ＬＬ,27,12030,0,3,-9,-4,艦船系／人系／艦これ
7482,能美改,0,170,33,52,28,265,78,50,0,160,390,160,50,－,ＬＬ,32,12030,0,3,-9,-4,艦船系／人系／艦これ
7483,倉橋,0,90,16,40,14,265,78,40,0,90,400,180,50,－,ＬＬ,27,12030,0,3,-9,-4,艦船系／人系／艦これ
7484,倉橋改,0,170,33,54,29,265,78,50,0,160,400,230,50,－,ＬＬ,32,12030,0,3,-9,-4,艦船系／人系／艦これ
7485,屋代,0,90,16,39,15,265,78,40,0,90,400,200,50,－,ＬＬ,27,12030,0,3,-9,-4,艦船系／人系／艦これ
7486,屋代改,0,170,33,53,30,265,78,50,0,160,390,300,50,－,ＬＬ,32,12030,0,3,-9,-4,艦船系／人系／艦これ
7487,ガンダムマックスター(TM) ,1,552,58,75,65,630,16,240,100,230,150,240,250,強4,Ｍ,55,0,-5,2,1,2,MS系／ガンダム系／機動武闘伝Gガンダム
7488,鵜来,0,90,16,38,14,265,78,40,0,90,400,200,50,－,ＬＬ,27,12030,0,3,-9,-4,艦船系／人系／艦これ
7489,鵜来改,0,170,33,53,30,265,78,50,0,160,390,300,50,－,ＬＬ,32,12030,0,3,-9,-4,艦船系／人系／艦これ
7490,稲木,0,90,18,37,14,265,78,40,0,90,410,90,50,－,ＬＬ,27,12030,0,3,-9,-4,艦船系／人系／艦これ
7491,昭南,0,90,17,39,14,265,78,40,0,100,380,90,50,－,ＬＬ,37,12030,0,3,-9,-4,艦船系／人系／艦これ
7492,第四号海防艦,0,80,15,39,11,450,69,30,0,50,300,180,50,－,ＬＬ,32,12030,0,3,-9,-4,艦船系／人系／艦これ
7493,第二十二号海防艦,0,80,15,39,13,450,69,30,0,40,300,190,50,－,ＬＬ,32,12030,0,3,-9,-4,艦船系／人系／艦これ
7494,第三〇号海防艦,0,90,15,38,11,450,69,30,0,40,300,170,50,－,ＬＬ,32,12030,0,3,-9,-4,艦船系／人系／艦これ
7495,水中仕様ジム・ドミナンス,0,308,29,54,55,336,18,50,0,50,0,0,70,－,Ｍ,21,7830,2,3,-5,-4,MS系／ジム系／連邦軍・ティターンズ・地球連合／戦慄のブルー
7496,夏雲,0,160,19,40,19,519,118,100,240,90,210,60,50,－,ＬＬ,39,22060,0,3,-9,-5,艦船系／人系／艦これ
7497,夏雲改,0,310,49,42,36,519,118,100,240,90,240,80,50,－,ＬＬ,47,22060,0,3,-9,-5,艦船系／人系／艦これ
7498,峯雲,0,160,19,41,18,519,118,100,240,90,210,60,50,－,ＬＬ,39,22060,0,3,-9,-5,艦船系／人系／艦これ
7499,八丈,0,90,16,42,13,800,78,50,0,70,310,400,50,－,ＬＬ,45,12030,0,3,-9,-3,艦船系／人系／艦これ
7500,改装設計図 ,1,5,5,5,5,5,5,0,0,0,0,0,1,－,Ｍ,5,0,0,0,0,0,その他
7503,石垣,0,90,16,41,15,800,78,40,0,60,320,90,50,－,ＬＬ,45,12030,0,3,-9,-3,艦船系／人系／艦これ
7504,デ・ロイテル,0,280,31,35,42,680,170,210,0,200,100,90,200,－,ＬＬ,50,58060,0,3,-9,-5,艦船系／人系／艦これ
7505,パース,0,290,32,33,40,780,169,210,0,200,100,90,200,－,ＬＬ,50,58060,0,3,-9,-5,艦船系／人系／艦これ
7506,パース改,0,450,68,36,50,780,169,320,240,280,200,220,100,－,ＬＬ,63,70060,0,3,-9,-5,艦船系／人系／艦これ
7507,グレカーレ,0,150,18,47,20,400,106,90,220,100,300,140,200,－,ＬＬ,34,22060,0,3,-9,-3,艦船系／人系／艦これ
7508,グレカーレ改,0,290,51,19,46,400,106,120,180,360,380,400,200,－,ＬＬ,41,22060,0,3,-9,-3,艦船系／人系／艦これ
7509,伊47,0,140,20,13,27,700,109,20,360,0,0,470,50,－,ＬＬ,44,18030,0,6,-9,-5,艦船系／人系／艦これ
7510,伊201,0,120,16,39,39,580,79,10,200,0,0,240,50,－,ＬＬ,39,18030,0,6,-9,-5,艦船系／人系／艦これ
7511,伊201改,0,130,18,43,48,580,79,10,200,0,0,240,50,－,ＬＬ,42,28060,0,6,-9,-5,艦船系／人系／艦これ
7512,伊203,0,120,16,40,38,580,79,10,200,0,0,230,50,－,ＬＬ,39,18030,0,6,-9,-5,艦船系／人系／艦これ
7513,伊203改,0,130,18,44,48,580,79,10,220,0,0,240,50,－,ＬＬ,42,28060,0,6,-9,-5,艦船系／人系／艦これ
7514,初期生産型ザク,0,236,17,35,40,252,18,0,0,10,0,0,5,－,Ｍ,23,4590,2,-3,2,-4,MS系／ザク系／ジオン・ネオジオン軍・ザフト／MSV(モビルスーツバリエーション)／量産機
7515,サーモン,0,120,18,15,10,1100,93,10,280,0,0,160,50,－,ＬＬ,55,15030,0,6,-9,-5,艦船系／人系／艦これ
7516,サーモン改,0,150,22,16,45,1100,93,10,280,0,0,170,50,－,ＬＬ,58,15030,0,6,-9,-5,艦船系／人系／艦これ
7517,スキャンプ,0,130,20,17,41,1100,95,10,350,0,0,110,50,－,ＬＬ,57,18030,0,6,-9,-5,艦船系／人系／艦これ
7518,ジャスティスガンダムRTC,0,480,46,96,90,594,18,250,280,250,240,220,100,強4,Ｍ,58,43620,3,-3,3,2,MS系／ガンダム系／ガンダムSEED／オリジナル系
7519,フリーダムガンダムRTC,0,480,46,101,90,594,18,260,280,220,240,220,100,強4,Ｍ,56,35560,2,-4,3,4,MS系／ガンダム系／ガンダムSEED／ガンダムSEED DESTINY／オリジナル系
7520,宗谷,0,220,35,27,12,500,82,10,0,80,80,550,100,－,ＬＬ,37,19530,0,3,-9,-5,艦船系／人系／艦これ
7521,灯台補給船仕様宗谷,0,230,40,26,18,500,82,0,0,0,0,650,100,－,ＬＬ,40,15030,0,3,-9,-5,艦船系／人系／艦これ
7522,南極観測船仕様宗谷,0,260,62,27,32,500,82,0,0,0,0,770,100,－,ＬＬ,44,18030,0,3,-9,-5,艦船系／人系／艦これ
7523,ソー,0,600,50,55,60,730,999,5000,3000,6000,3000,3000,5000,NT10,ＳＳ,58,17730050,3,-3,0,0,人系
7524,山汐丸,0,360,19,14,53,900,148,20,0,160,230,30,100,－,ＬＬ,59,40060,0,3,-9,-5,艦船系／人系／艦これ
7525,熊野丸,0,380,34,14,56,600,152,40,0,150,220,170,100,－,ＬＬ,50,46060,0,4,-9,-5,艦船系／人系／艦これ
7526,熊野丸改,0,400,46,16,60,600,152,120,0,170,300,220,50,－,ＬＬ,52,64060,0,4,-9,-5,艦船系／人系／艦これ
7527,第百一号輸送艦,0,110,19,29,9,300,80,20,0,70,0,80,100,－,ＬＬ,28,12030,0,3,-9,-5,艦船系／人系／艦これ
7528,迅鯨,0,320,28,13,38,1040,125,60,0,120,0,110,50,－,ＬＬ,62,28060,0,3,-9,-3,艦船系／人系／艦これ
7529,迅鯨改,0,380,34,15,44,1040,125,80,0,140,0,160,50,－,ＬＬ,65,28060,0,3,-9,-3,艦船系／人系／艦これ
7530,長鯨,0,320,28,13,38,1040,125,60,0,120,0,110,50,－,ＬＬ,62,28060,0,3,-9,-3,艦船系／人系／艦これ
7531,長鯨改,0,370,34,14,43,1040,125,80,0,130,0,200,50,－,ＬＬ,64,28060,0,3,-9,-3,艦船系／人系／艦これ
7532,朝日,0,360,29,6,1,700,129,20,0,60,0,170,50,－,ＬＬ,49,28060,0,3,-9,-4,艦船系／人系／艦これ
7533,朝日改,0,370,34,5,4,700,129,10,0,60,0,180,50,－,ＬＬ,49,34060,0,3,-9,-4,艦船系／人系／艦これ
7534,Gトップ0型,0,288,41,80,50,350,15,120,150,120,100,0,20,－,Ｍ,33,13810,-5,-5,3,3,連邦軍・ティターンズ・地球連合／車輌・戦闘機系／M-MSV(大河原邦夫コレクション)
7535,Gベース0型,0,288,41,80,50,350,15,120,150,120,100,0,20,－,Ｍ,33,13810,-5,-5,3,3,連邦軍・ティターンズ・地球連合／車輌・戦闘機系／M-MSV(大河原邦夫コレクション)
7536,ルクシオン,0,1080,54,50,100,880,160,300,300,300,300,300,200,－,ＸＬ,81,146030,-6,-6,1,0,艦船系／スパロボシリーズ
7537,シロッコ,0,150,18,48,20,400,106,45,110,55,150,70,50,－,ＬＬ,34,22060,0,3,-9,-5,艦船系／人系／艦これ
7538,薄雲,0,150,19,39,19,500,118,100,270,100,190,70,100,－,ＬＬ,37,22060,0,3,-9,-5,艦船系／人系／艦これ
7539,白雲,0,150,19,37,19,500,118,100,270,100,190,80,100,－,ＬＬ,37,22060,0,3,-9,-5,艦船系／人系／艦これ
7540,有明,0,160,19,43,19,400,118,100,270,80,210,100,100,－,ＬＬ,34,22060,0,3,-9,-5,艦船系／人系／艦これ
7541,夕暮,0,160,19,43,20,400,118,100,270,80,210,100,100,－,ＬＬ,34,22060,0,3,-9,-5,艦船系／人系／艦これ
7542,ブースターキャノン仕様レドラー,0,348,34,85,50,245,17,190,230,220,185,120,50,－,Ｍ,32,12030,-4,-5,-5,4,その他／ゾイドシリーズ／スパロボシリーズ／量産機
7543,サイレンススズカ,0,100,6,90,65,500,2,2000,3000,3000,1000,1000,2000,NT8,ＳＳ,42,22079200,6,-1,-6,-4,人系
7544,巻波,0,160,19,43,23,500,119,100,240,110,240,80,100,－,ＬＬ,39,22060,0,3,-9,-5,艦船系／人系／艦これ
7545,玉波,0,160,19,46,23,500,119,100,240,120,220,80,100,－,ＬＬ,39,22060,0,3,-9,-5,艦船系／人系／艦これ
7546,涼波,0,160,19,42,22,500,119,100,240,120,240,60,100,－,ＬＬ,39,22060,0,3,-9,-5,艦船系／人系／艦これ
7547,グール,0,350,42,80,64,330,18,0,200,230,160,120,600,強7,Ｍ,36,12740,3,-3,-4,-4,MS系／ジオン・ネオジオン軍・ザフト
7548,秋霜,0,160,19,46,20,500,119,100,240,80,270,110,100,－,ＬＬ,39,22060,0,3,-9,-5,艦船系／人系／艦これ
7549,コマンダンテ・カッペリーニ,0,100,18,17,5,1050,73,50,190,0,0,330,200,－,ＬＬ,52,18030,0,6,-9,-5,艦船系／人系／艦これ
7550,コマンダンテ・カッペリーニ改,0,110,19,17,5,1050,73,50,190,0,0,350,100,－,ＬＬ,52,15030,0,6,-9,-5,艦船系／人系／艦これ
7551,UIT-24,0,120,20,17,5,1050,73,50,190,0,0,350,100,－,ＬＬ,52,18030,0,6,-9,-5,艦船系／人系／艦これ
7552,伊503,0,130,22,17,5,1050,73,50,190,0,0,430,100,－,ＬＬ,53,18030,0,6,-9,-5,艦船系／人系／艦これ
7553,後期仕様ガンダム・ファラクト,0,430,33,78,75,400,18,300,300,300,300,300,100,強5,Ｍ,32,18000,1,-4,3,2,MS系／ガンダム系／水星の魔女
7554,ネヴァダ,0,740,71,20,36,1100,177,720,0,200,0,330,1000,－,ＬＬ,82,299090,0,3,-9,-3,艦船系／人系／艦これ
7555,ネヴァダ改,0,890,71,27,50,1100,177,770,0,330,0,400,100,－,ＬＬ,88,362090,0,3,-9,-3,艦船系／人系／艦これ
7556,ネヴァダ改Mod.2,0,900,96,27,50,1100,177,820,0,500,0,450,100,－,ＬＬ,90,362090,0,3,-9,-3,艦船系／人系／艦これ
7557,ジャヴェリン,0,150,18,44,20,550,108,120,300,220,400,300,100,－,ＬＬ,39,28060,0,3,-9,-5,艦船系／人系／艦これ
7558,ジャヴェリン改,0,310,50,44,20,550,108,120,300,220,400,390,100,－,ＬＬ,47,28060,0,3,-9,-5,艦船系／人系／艦これ
7559,量産型リコ専用ザク,0,275,21,43,42,300,18,0,30,0,30,0,10,－,Ｍ,17,6750,2,-3,2,-4,MS系／ザク系／ジオン・ネオジオン軍・ザフト／量産機／専用機
7560,ロドニー,0,820,92,21,42,700,216,720,0,240,0,120,100,－,ＬＬ,73,362090,0,3,-9,-3,艦船系／人系／艦これ
7561,ロドニー改,0,920,105,23,48,700,216,405,0,150,0,140,100,－,ＬＬ,78,452120,0,3,-9,-3,艦船系／人系／艦これ
7562,タグ仕様ゲルググJ,0,336,30,78,72,397,19,0,155,100,155,190,50,－,Ｍ,27,11040,2,-3,2,-4,MS系／ジオン・ネオジオン軍・ザフト／ゲルググ系
7563,海風改二,0,310,51,49,51,400,118,150,380,190,280,200,100,－,ＬＬ,34,22060,0,3,-9,-5,艦船系／人系／艦これ
7564,天津風改二,0,350,63,56,44,500,118,160,300,260,290,190,1100,－,ＬＬ,50,28060,0,3,-9,-3,艦船系／人系／艦これ
7565,浴衣仕様長波,0,160,19,47,19,500,119,50,120,45,135,65,50,－,ＬＬ,39,19530,0,3,-5,-5,艦船系／人系／艦これ
7566,浴衣仕様朧,0,150,19,41,19,500,118,50,135,60,100,50,50,－,ＬＬ,37,19530,0,3,-9,-5,艦船系／人系／艦これ
7567,レッドドルフィン隊仕様ザク・マリンタイプ,0,308,21,56,42,252,18,0,20,0,30,0,40,－,Ｍ,24,6630,0,4,-5,-2,MS系／ザク系／ジオン・ネオジオン軍・ザフト／MSV(モビルスーツバリエーション)
7568,浴衣仕様浦風,0,160,19,44,19,500,118,50,120,65,130,65,50,－,ＬＬ,39,19530,0,3,-9,-3,艦船系／人系／艦これ
7569,浴衣仕様浜風,0,160,19,44,19,500,118,50,120,45,120,120,50,－,ＬＬ,39,22060,0,3,-9,-3,艦船系／人系／艦これ
7570,ルブリス・アノクタ,0,470,38,72,80,400,18,200,200,200,200,200,200,強5,Ｍ,34,18000,2,-4,3,-5,MS系／ガンダム系／水星の魔女
7571,浴衣仕様江風,0,160,19,44,19,400,118,50,125,45,105,50,50,－,ＬＬ,34,55060,0,3,-9,-5,艦船系／人系／艦これ
7572,浴衣仕様雷,0,150,19,42,19,500,118,50,120,60,105,40,50,－,ＬＬ,37,19530,0,3,-9,-5,艦船系／人系／艦これ
7573,浴衣仕様電,0,150,19,42,19,500,118,50,120,60,105,40,50,－,ＬＬ,37,19530,0,3,-9,-5,艦船系／人系／艦これ
7574,トイボックス,0,362,44,82,80,600,11,400,400,400,400,400,200,NT9,Ｓ,47,14330,3,-3,0,-3,その他／スパロボシリーズ
7575,浴衣仕様長良,0,260,29,37,39,500,162,70,120,65,100,70,50,－,ＬＬ,43,40060,0,3,-5,-4,艦船系／人系／艦これ
7576,浴衣仕様名取,0,260,29,37,39,500,162,70,120,65,100,60,50,－,ＬＬ,43,40060,0,3,-5,-4,艦船系／人系／艦これ
7577,ブルG,0,425,60,56,72,522,18,0,120,200,430,40,200,－,Ｍ,37,14310,2,-3,2,-3,MS系／連邦軍・ティターンズ・地球連合／MSV(モビルスーツバリエーション)
7578,浴衣仕様球磨,0,250,29,36,39,500,162,70,120,65,45,50,50,－,ＬＬ,43,40060,0,3,-5,-4,艦船系／人系／艦これ
7579,浴衣仕様多摩,0,250,29,36,39,500,162,70,120,65,45,40,1,－,ＬＬ,43,40060,0,3,-5,-4,艦船系／人系／艦これ
7580,浴衣仕様大淀改,0,470,68,40,84,870,192,185,70,185,65,150,50,－,ＬＬ,69,64060,0,3,-5,-4,艦船系／人系／艦これ
7581,浴衣仕様神通改二,0,510,69,41,54,500,162,130,190,90,175,65,50,－,ＬＬ,56,52060,0,3,-5,-4,艦船系／人系／艦これ
7582,浴衣仕様瑞穂,0,410,42,19,74,800,192,60,0,80,0,40,50,－,ＬＬ,61,182090,0,3,-9,-3,艦船系／人系／艦これ
7583,バレット,0,276,23,50,90,262,6,0,0,100,200,300,3500,強1,ＳＳ,26,9130000,2,-4,-6,-4,人系
7584,桃の節句仕様第四号海防艦,0,80,15,39,11,450,69,30,0,50,300,180,50,－,ＬＬ,32,12030,0,3,-6,-4,艦船系／人系／艦これ
7585,桃の節句仕様夕雲,0,160,19,47,19,500,119,50,120,45,135,60,50,－,ＬＬ,39,19530,0,3,-5,-5,艦船系／人系／艦これ
7586,桃の節句仕様松輪,0,90,16,39,15,800,77,20,0,35,175,35,50,－,ＬＬ,45,12030,0,3,-9,-3,艦船系／人系／艦これ
7587,MM仕様サイバスター(精霊憑依),0,590,78,135,80,570,28,390,390,370,370,270,200,NT9,Ｍ,60,320000,2,-2,2,6,その他／バンプレストオリジナル
7588,MM仕様サイバード(精霊憑依) ,1,590,48,140,70,570,28,290,290,270,270,170,200,NT5,Ｍ,60,0,-5,0,2,6,その他／バンプレストオリジナル
7589,桃の節句仕様佐渡,0,90,16,39,15,800,77,20,0,35,175,35,1,－,ＬＬ,45,12030,0,3,-9,-3,艦船系／人系／艦これ
7590,バレンタイン仕様リベッチオ,0,150,18,48,20,400,106,45,110,55,150,70,50,－,ＬＬ,34,55060,0,3,-9,-5,艦船系／人系／艦これ
7591,テッカマンエビル,0,390,40,120,50,530,10,200,200,200,0,200,130,強3,ＳＳ,45,52020,1,-5,4,2,人系／スパロボシリーズ
7592,ブラスターテッカマンエビル,0,410,52,126,50,690,10,1200,1200,1200,0,200,130,強5,ＳＳ,53,73620,1,-5,4,2,人系／スパロボシリーズ
7593,バレンタイン仕様マエストラーレ,0,150,18,48,20,400,106,90,220,110,300,140,100,－,ＬＬ,34,22060,0,3,-9,-5,艦船系／人系／艦これ
7594,バレンタイン仕様シロッコ,0,150,18,48,20,400,106,45,110,55,150,70,50,－,ＬＬ,34,22060,0,3,-9,-5,艦船系／人系／艦これ
7595,アッグジン,0,400,38,54,52,300,19,60,80,80,15,0,100,－,Ｍ,34,11910,2,-5,4,-5,MS系／ジオン・ネオジオン軍・ザフト
7596,バレンタイン仕様ジョンストン,0,170,20,45,32,490,114,120,200,320,500,170,50,－,ＬＬ,39,28060,0,3,-9,-5,艦船系／人系／艦これ
7597,サトノダイヤモンド,0,115,15,70,70,560,2,2000,3000,1000,3000,1000,2000,NT8,ＳＳ,42,42536200,6,-1,-6,-4,人系
7598,バレンタイン仕様パース,0,290,32,33,40,780,169,210,0,200,100,90,50,－,ＬＬ,50,58060,0,3,-9,-5,艦船系／人系／艦これ
7599,エルドラドートレス,0,297,24,60,60,383,16,0,0,170,170,0,100,－,Ｍ,33,8770,2,-3,2,-5,MS系／ガンダムビルドシリーズ
7600,バレンタイン仕様明石,0,390,19,8,5,800,154,10,10,5,5,5,50,－,ＬＬ,53,52060,0,2,-9,-6,艦船系／人系／艦これ
7601,節分仕様迅鯨,0,320,28,13,38,1040,125,60,0,120,0,110,50,－,ＬＬ,62,28060,0,3,-9,-3,艦船系／人系／艦これ
7602,ラインバレル・オーバードライブ,0,560,32,94,103,300,21,200,200,350,300,300,140,強4,Ｍ,56,78400,3,-4,0,0,その他／スパロボシリーズ
7603,私服仕様酒匂,0,310,32,36,45,600,174,95,115,85,135,100,50,－,ＬＬ,59,55060,0,3,-9,-5,艦船系／人系／艦これ
7604,節分仕様伊47,0,140,20,13,27,700,109,20,360,0,0,470,50,－,ＬＬ,44,18030,0,6,-9,-5,艦船系／人系／艦これ
7605,ルブリス・ジウ,0,470,38,72,80,400,18,200,200,200,200,200,200,強5,Ｍ,34,18000,2,-4,3,-5,MS系／ガンダム系／水星の魔女
7606,節分仕様鳳翔,0,300,39,24,36,500,168,95,0,50,0,100,50,－,ＬＬ,44,40060,0,3,-9,-3,艦船系／人系／艦これ
7607,節分仕様朧,0,150,19,41,19,500,118,50,135,60,100,50,50,－,ＬＬ,17,19530,0,3,-9,-5,艦船系／人系／艦これ
7608,晴れ着仕様川内改二,0,480,69,43,55,500,162,135,130,100,295,70,50,－,ＬＬ,55,52060,0,3,-9,-4,艦船系／人系／艦これ
7609,イモータルジャスティス,0,510,48,110,90,590,18,470,500,350,370,350,1200,強5,Ｍ,55,66600,1,-4,3,3,MS系／ガンダム系／機動戦士ガンダムSEED FREEDOM
7610,イモータルジャスティス(MA) ,1,510,48,110,90,590,18,470,500,350,370,350,1200,強5,Ｍ,55,0,1,-4,3,4,MA系／ガンダム系／機動戦士ガンダムSEED FREEDOM
7611,ライジングフリーダム,0,510,48,110,90,590,18,470,500,350,370,350,1300,強5,Ｍ,55,66600,1,-4,3,3,MS系／ガンダム系／機動戦士ガンダムSEED FREEDOM
7612,ライジングフリーダム(MA) ,1,510,48,110,90,590,18,470,500,350,370,350,1300,強5,Ｍ,55,0,1,-4,3,4,MA系／ガンダム系／機動戦士ガンダムSEED FREEDOM
7613,MS少女ガンキャノン,0,305,39,48,68,354,18,0,0,0,95,95,500,－,ＳＳ,33,9270,2,-1,2,-1,MS系／連邦軍・ティターンズ・地球連合／人系
7614,MS少女ズゴック,0,307,28,52,42,333,18,0,0,95,95,0,500,－,ＳＳ,17,9630,2,3,-5,-5,MS系／ジオン・ネオジオン軍・ザフト／人系
7615,晴れ着仕様龍鳳,0,390,38,27,64,500,215,155,0,120,0,100,50,－,ＬＬ,49,64060,0,3,-9,-3,艦船系／人系／艦これ
7616,晴れ着仕様龍鳳改,0,480,57,30,74,500,215,155,0,120,0,100,50,－,ＬＬ,54,67060,0,3,-9,-3,艦船系／人系／艦これ
7617,晴れ着仕様ヒューストン,0,430,47,36,50,650,182,370,160,200,0,120,200,－,ＬＬ,56,110090,0,3,-9,-3,艦船系／人系／艦これ
7618,晴れ着仕様睦月,0,130,18,37,17,450,102,30,90,35,80,60,100,－,ＬＬ,34,18030,0,3,-9,-5,艦船系／人系／艦これ
7619,晴れ着仕様神鷹,0,380,35,22,48,800,198,0,0,70,180,45,50,－,ＬＬ,57,43060,0,3,-9,-3,艦船系／人系／艦これ
7620,晴れ着仕様ガンビア・ベイ,0,280,19,18,60,512,156,0,0,100,100,60,50,－,ＬＬ,44,43060,0,3,-9,-3,艦船系／人系／艦これ
7621,後期仕様ダリルバルデ,0,460,38,70,76,400,18,300,300,300,300,300,100,強2,Ｍ,32,17100,2,-4,3,-2,MS系／水星の魔女
7622,晴れ着仕様衣笠,0,370,37,33,39,700,185,150,60,80,0,100,50,－,ＬＬ,54,79060,0,3,-9,-4,艦船系／人系／艦これ
7623,晴れ着仕様衣笠改二,0,530,73,38,54,700,185,270,235,210,0,65,50,－,ＬＬ,63,110090,0,3,-9,-4,艦船系／人系／艦これ
7624,後期仕様ミカエリス,0,430,32,68,80,400,18,200,200,200,200,200,100,－,Ｍ,31,15000,2,-4,3,-2,MS系／水星の魔女
7625,晴れ着仕様比叡改二丙,0,860,90,39,53,800,214,315,0,120,0,65,50,－,ＬＬ,79,404120,0,3,-9,-3,艦船系／人系／艦これ
7626,クリスマス仕様如月,0,130,18,37,17,450,102,30,90,35,80,50,50,－,ＬＬ,34,18030,0,3,-9,-5,艦船系／人系／艦これ
7627,ガンダム試作壱型,0,480,44,87,72,510,18,330,330,330,330,0,200,－,Ｍ,48,14360,2,-1,2,-1,MS系／ガンダム系／ガンダムビルドシリーズ
7628,クリスマス仕様伊47,0,140,20,13,27,700,109,20,360,0,0,470,50,－,ＬＬ,44,18030,0,6,-9,-5,艦船系／人系／艦これ
7629,クリスマス仕様迅鯨,0,320,28,13,38,1040,125,60,0,120,0,110,50,－,ＬＬ,62,28060,0,3,-9,-3,艦船系／人系／艦これ
7630,クリスマス仕様迅鯨改,0,380,34,15,44,1040,125,80,0,140,0,160,50,－,ＬＬ,65,28060,0,3,-9,-3,艦船系／人系／艦これ
7631,美少女コンボイ,0,480,60,52,60,530,15,250,250,250,250,250,2100,強5,Ｓ,55,92000,4,-2,-3,-5,人系
7632,美少女メガトロン,0,436,69,52,60,470,15,250,250,250,250,250,2100,強5,Ｓ,51,98300,4,-2,-3,-5,その他／スパロボシリーズ
7633,クリスマス仕様潮,0,150,19,41,19,500,118,50,135,60,100,50,50,－,ＬＬ,37,19530,0,3,-9,-5,艦船系／人系／艦これ
7634,クリスマス仕様潮改二,0,330,58,65,48,500,118,50,175,120,280,160,50,－,ＬＬ,50,19530,0,3,-9,-5,艦船系／人系／艦これ
7635,クリスマス仕様速吸,0,430,15,9,40,900,161,20,0,50,25,35,50,－,ＬＬ,60,330590,0,3,-9,-3,艦船系／人系／艦これ
7636,クリスマス仕様大鯨,0,390,37,24,48,500,215,495,65,0,80,100,50,－,ＬＬ,38,31060,0,3,-9,-3,艦船系／人系／艦これ
7637,クリスマス仕様龍鳳,0,390,38,27,64,500,215,155,0,120,0,100,50,－,ＬＬ,39,64060,0,3,-9,-3,艦船系／人系／艦これ
7638,クリスマス仕様龍鳳改,0,480,57,30,74,500,215,155,0,120,0,100,50,－,ＬＬ,44,67060,0,3,-9,-3,艦船系／人系／艦これ
7639,あばたーふみな,0,237,50,123,50,550,18,2370,2370,2370,2370,2370,2370,－,Ｍ,42,11130000,3,-4,3,1,MS系／ガンダム系／ガンダムビルドシリーズ
7640,クリスマス仕様第四号海防艦,0,80,15,39,11,450,69,30,0,50,300,180,50,－,ＬＬ,32,12030,0,3,-9,-4,艦船系／人系／艦これ
7641,清霜改二,0,330,53,45,43,500,119,180,290,200,280,270,1100,－,ＬＬ,48,19530,0,3,-9,-5,艦船系／人系／艦これ
7642,清霜改二丁,0,330,54,45,50,500,119,160,230,200,270,270,10,－,ＬＬ,48,19530,0,3,-9,-5,艦船系／人系／艦これ
7643,パーフェクトストライクフリーダムルージュ,0,550,55,123,90,720,18,370,400,250,270,250,1550,強5,Ｍ,87,109490,1,-4,4,3,MS系／ガンダム系／ガンダムSEED DESTINY
7644,ハロウィン仕様野分,0,160,19,44,19,500,118,50,120,60,120,70,50,－,ＬＬ,39,19530,0,3,-9,-5,艦船系／人系／艦これ
7645,F作業仕様村雨,0,160,19,43,19,400,118,50,120,45,105,50,50,－,ＬＬ,34,19530,0,3,-9,-5,艦船系／人系／艦これ
7646,F作業仕様村雨改二,0,310,51,48,47,400,118,80,140,90,145,85,50,－,ＬＬ,44,19530,0,3,-9,-5,艦船系／人系／艦これ
7647,秋の味覚仕様潮改二,0,330,58,65,48,500,118,50,175,120,280,160,1,－,ＬＬ,50,19530,0,3,-9,-5,艦船系／人系／艦これ
7648,モンブラン仕様リシュリュー,0,850,90,36,50,850,247,320,0,110,0,110,50,－,ＬＬ,80,312590,0,3,-9,-3,艦船系／人系／艦これ
7649,ティフォエウスガンダム,0,498,50,93,76,848,21,450,500,300,450,450,100,－,Ｍ,66,42040,2,-4,4,2,MS系／ガンダム系／ガンダム00
7650,浴衣仕様狭霧,0,150,19,40,19,500,118,50,135,60,100,30,50,－,ＬＬ,37,19530,0,3,-9,-5,艦船系／人系／艦これ
7651,浴衣v2仕様狭霧,0,150,19,40,19,500,118,50,135,60,100,30,50,－,ＬＬ,37,19530,0,3,-9,-5,艦船系／人系／艦これ
7652,クタン双竜型,0,402,30,58,62,530,33,300,300,360,360,300,30,－,Ｍ,42,52000,-5,-4,2,0,MA系／その他／鉄血のオルフェンズ
7653,鰻祭り仕様伊47,0,140,20,13,27,700,109,20,360,0,0,470,50,－,ＬＬ,44,18030,0,6,-9,-5,艦船系／人系／艦これ
7654,浴衣仕様明石,0,390,19,8,5,800,154,10,10,5,5,5,50,－,ＬＬ,53,52060,0,2,-9,-6,艦船系／人系／艦これ
7655,ティフォエウスガンダム・キメラ,0,700,65,113,96,1090,25,1450,1500,1300,1450,1450,180,－,Ｍ,80,78000,2,-4,4,2,MS系／ガンダム系／ガンダム00
7656,浴衣仕様屋代,0,90,16,39,15,265,78,40,0,90,400,200,50,－,ＬＬ,27,12030,0,3,-9,-4,艦船系／人系／艦これ
7657,浴衣仕様迅鯨,0,320,28,13,38,1040,125,60,0,120,0,110,50,－,ＬＬ,62,28060,0,3,-9,-3,艦船系／人系／艦これ
7658,浴衣仕様サウスダコタ,0,790,93,28,48,750,207,810,0,400,0,200,50,－,ＬＬ,74,596120,0,3,-9,-3,艦船系／人系／艦これ
7659,浴衣仕様サウスダコタ改,0,910,108,36,60,750,207,860,0,580,0,360,50,－,ＬＬ,81,644120,0,3,-9,-3,艦船系／人系／艦これ
7660,水着仕様グレカーレ,0,150,18,47,20,400,106,90,220,100,300,140,50,－,ＬＬ,34,22060,0,3,-9,-3,艦船系／人系／艦これ
7661,水着仕様ゴトランド,0,320,46,36,70,400,134,160,160,180,360,200,50,－,ＬＬ,45,46060,0,3,-9,-4,艦船系／人系／艦これ
7662,水着仕様ゴトランド・アンドラ,0,470,67,37,72,400,134,160,160,300,360,260,50,－,ＬＬ,52,58060,0,3,-9,-3,艦船系／人系／艦これ
7663,水着仕様リシュリュー,0,850,90,36,50,850,247,320,0,110,0,110,50,－,ＬＬ,80,312590,0,3,-9,-3,艦船系／人系／艦これ
7664,水着仕様夕張改二,0,410,65,40,52,330,139,90,250,290,245,150,50,－,ＬＬ,46,64060,0,3,-9,-4,艦船系／人系／艦これ
7665,水着仕様夕張改二特,0,410,66,39,50,330,139,90,250,290,245,150,50,－,ＬＬ,46,64060,0,3,-9,-4,艦船系／人系／艦これ
7666,水着仕様夕張改二丁,0,410,64,40,54,330,139,90,250,290,245,150,50,－,ＬＬ,46,64060,0,3,-9,-4,艦船系／人系／艦これ
7667,オオトリストライク,0,442,40,88,60,530,20,180,240,100,120,80,50,強5,Ｍ,36,19860,2,-4,3,4,MS系／ガンダム系／連邦軍・ティターンズ・地球連合／ガンダムSEED
7668,水着仕様マエストラーレ,0,150,18,48,20,400,106,90,220,110,300,140,50,－,ＬＬ,34,22060,0,3,-9,-5,艦船系／人系／艦これ
7669,水着仕様マエストラーレ改,0,290,50,49,46,400,106,130,270,220,400,170,50,－,ＬＬ,43,22060,0,3,-9,-5,艦船系／人系／艦これ
7670,オオトリ仕様アストレイレッドフレーム,0,324,32,77,70,342,30,210,220,220,220,220,30,－,Ｍ,48,9060,-1,-3,-3,4,MS系／ガンダム系／ガンダムSEED ASTRAY、MSV
7671,水着仕様フレッチャー,0,180,20,45,33,490,114,120,200,320,500,300,50,－,ＬＬ,39,31060,0,3,-9,-5,艦船系／人系／艦これ
7672,水着仕様フレッチャー改,0,350,52,46,62,490,114,120,200,320,520,400,50,－,ＬＬ,50,31060,0,3,-9,-5,艦船系／人系／艦これ
7673,水着仕様フレッチャー改Mod.2,0,370,54,47,64,490,114,160,290,450,520,470,50,－,ＬＬ,51,34060,0,3,-9,-5,艦船系／人系／艦これ
7674,水着仕様フレッチャーMk.II,0,380,56,47,66,490,114,160,0,500,550,470,50,－,ＬＬ,51,40060,0,3,-9,-5,艦船系／人系／艦これ
7675,オオトリ仕様アストレイブルーフレーム,0,324,32,77,70,342,30,210,220,220,220,220,30,－,Ｍ,48,9060,-1,-3,-3,4,MS系／ガンダム系／ガンダムSEED ASTRAY、MSV
7676,水着仕様秋津洲,0,320,25,32,42,800,114,30,0,60,0,60,50,－,ＬＬ,55,52060,0,3,-9,-3,艦船系／人系／艦これ
7677,水着仕様ヒューストン,0,430,47,36,50,650,182,370,160,200,0,120,50,－,ＬＬ,56,110090,0,3,-9,-3,艦船系／人系／艦これ
7678,水着仕様ヒューストン改,0,540,73,36,53,650,182,460,200,300,0,200,50,－,ＬＬ,62,114590,0,3,-9,-3,艦船系／人系／艦これ
7679,水着仕様有明改,0,300,49,44,39,400,118,100,270,80,160,120,50,－,ＬＬ,43,22060,0,3,-9,-5,艦船系／人系／艦これ
7680,水着仕様白露改二,0,310,50,50,50,400,118,80,140,85,150,80,50,－,ＬＬ,44,19530,0,3,-9,-5,艦船系／人系／艦これ
7681,パーフェクトオオトリ仕様ストライクノワール,0,458,45,92,60,629,17,220,240,220,220,220,30,－,Ｍ,52,19860,-1,-3,-3,4,MS系／ガンダム系／連邦軍・ティターンズ・地球連合／ガンダムSEED ASTRAY、MSV
7682,水着仕様風雲改二,0,330,53,48,45,500,119,90,150,100,145,100,50,－,ＬＬ,48,22060,0,3,-9,-5,艦船系／人系／艦これ
7683,水着仕様沖波改二,0,330,53,48,44,500,119,90,150,90,145,110,50,－,ＬＬ,48,22060,0,3,-9,-5,艦船系／人系／艦これ
7684,Ver.2.0仕様フリーダムガンダムRTC,0,480,46,101,90,594,18,260,280,220,240,220,100,強4,Ｍ,56,35560,2,-4,3,4,MS系／ガンダム系／ガンダムSEED／ガンダムSEED DESTINY／オリジナル系
7685,水着仕様巻雲改二,0,330,53,48,43,500,119,90,150,100,150,80,50,－,ＬＬ,48,22060,0,3,-9,-5,艦船系／人系／艦これ
7686,私物の夏水着仕様伊47改,0,180,21,14,30,700,109,20,360,0,0,500,50,－,ＬＬ,44,22060,0,6,-9,-5,艦船系／人系／艦これ
7687,ディマージュ,0,384,50,100,70,385,10,150,150,120,120,100,90,－,Ｓ,41,15010,1,-4,4,3,その他／スパロボシリーズ／量産機
7688,花束仕様ジョンストン,0,170,20,45,32,490,114,120,200,320,500,170,50,－,ＬＬ,39,28060,0,3,-9,-5,艦船系／人系／艦これ
7689,春の花束仕様金剛改二丙,0,860,91,40,51,800,214,380,100,160,0,90,50,－,ＬＬ,79,404120,0,3,-9,-3,艦船系／人系／艦これ
7690,ルビー,0,65,5,44,90,300,9,3000,3000,6000,3000,6000,161000,－,ＳＳ,28,6100,2,-3,-9,0,人系
7691,春の花束仕様択捉改,0,170,33,56,28,800,77,20,0,35,370,400,50,－,ＬＬ,51,12030,0,3,-9,-3,艦船系／人系／艦これ
7692,春の花束仕様曙改,0,300,49,45,39,500,118,60,140,75,120,60,50,－,ＬＬ,46,55060,0,3,-9,-5,艦船系／人系／艦これ
7693,レイファルクス,0,410,51,56,71,400,16,200,200,200,200,200,150,強3,Ｍ,40,13560,3,-5,3,1,その他／量産機
7694,春の花束仕様朧改,0,300,49,45,39,500,118,60,140,75,120,60,50,－,ＬＬ,46,19530,0,3,-9,-5,艦船系／人系／艦これ
7695,お出かけ仕様明石,0,390,19,8,5,800,154,10,10,5,5,5,50,－,ＬＬ,53,52060,0,2,-9,-6,艦船系／人系／艦これ
7696,お買物仕様平戸,0,90,16,39,15,265,77,40,0,70,340,110,50,－,ＬＬ,27,12030,0,3,-9,-4,艦船系／人系／艦これ
7697,お買物仕様御蔵,0,90,16,40,14,265,78,40,0,90,400,120,50,－,ＬＬ,27,12030,0,3,-9,-4,艦船系／人系／艦これ
7698,桃の節句仕様峯雲,0,160,19,41,18,519,118,100,240,90,210,60,50,－,ＬＬ,39,22060,0,3,-9,-5,艦船系／人系／艦これ
7699,桃の節句仕様ゴトランド,0,320,46,36,70,400,134,160,160,180,360,200,50,－,ＬＬ,45,46060,0,3,-9,-4,艦船系／人系／艦これ
7700,桃の節句仕様リシュリュー,0,850,90,36,50,850,247,320,0,110,0,110,50,－,ＬＬ,80,312590,0,3,-9,-3,艦船系／人系／艦これ
7701,バレンタイン仕様グレカーレ,0,150,18,47,20,400,106,90,220,100,300,140,50,－,ＬＬ,34,22060,0,3,-9,-3,艦船系／人系／艦これ
7702,バレンタイン仕様早波,0,160,19,44,23,500,119,50,120,45,140,50,50,－,ＬＬ,38,19530,0,3,-9,-5,艦船系／人系／艦これ
7703,バレンタイン仕様福江,0,90,16,41,13,265,77,40,0,70,350,360,50,－,ＬＬ,27,12030,0,3,-9,-4,艦船系／人系／艦これ
7704,バレンタイン仕様秋霜,0,160,19,46,20,500,119,100,240,80,270,110,50,－,ＬＬ,39,22060,0,3,-9,-5,艦船系／人系／艦これ
7705,バレンタイン仕様早霜,0,160,19,47,19,500,119,60,120,75,135,55,50,－,ＬＬ,38,19530,0,3,-9,-5,艦船系／人系／艦これ
7706,ディジェ・トラバーシア,0,425,48,108,70,432,18,260,280,250,250,200,100,NT5,Ｍ,46,30160,0,-5,4,0,MS系／ジオン・ネオジオン軍・ザフト／専用機
7707,スペシャルウィーク,0,130,18,65,58,550,2,2000,3000,1000,3000,1000,2000,NT8,ＳＳ,42,4743115,6,-1,-6,-4,人系
7708,節分仕様松輪,0,90,16,39,15,800,77,20,0,35,175,35,50,－,ＬＬ,45,12030,0,3,-9,-3,艦船系／人系／艦これ
7709,節分仕様デ・ロイテル,0,280,31,35,42,680,170,210,0,200,100,90,200,－,ＬＬ,50,58060,0,3,-9,-5,艦船系／人系／艦これ
7710,警視庁仕様ハンターウルフ,0,294,34,85,58,332,10,160,190,160,180,170,80,強3,Ｍ,33,11000,5,-4,-6,-1,その他／ゾイドシリーズ／スパロボシリーズ
7711,晴れ着仕様比叡改二,0,830,95,36,52,800,214,315,0,120,0,65,50,－,ＬＬ,78,330590,0,3,-9,-3,艦船系／人系／艦これ
7712,晴れ着仕様サミュエル・B・ロバーツ,0,140,17,38,20,600,93,40,60,100,240,150,50,－,ＬＬ,40,19530,0,3,-9,-3,艦船系／人系／艦これ
7713,晴れ着仕様サミュエル・B・ロバーツ改,0,270,43,48,48,600,93,50,120,140,250,200,50,－,ＬＬ,49,19530,0,3,-9,-3,艦船系／人系／艦これ
7714,ジェダキャノン,0,483,58,81,78,303,22,140,165,150,190,150,30,－,Ｍ,42,17710,1,-4,2,-4,MS系／ジム系／連邦軍・ティターンズ・地球連合
7715,スーパーエンゲージガンダム,0,454,44,86,64,550,18,130,165,165,165,0,60,－,Ｍ,43,31820,3,-4,3,-3,MS系／ガンダム系／連邦軍・ティターンズ・地球連合
7716,ブースター装備仕様エンゲージガンダム,0,434,38,89,64,510,18,130,165,165,165,0,60,－,Ｍ,43,29820,3,-4,3,-3,MS系／ガンダム系／連邦軍・ティターンズ・地球連合
7717,インコム仕様エンゲージガンダム,0,444,38,86,74,473,18,130,165,165,165,0,60,－,Ｍ,44,31820,3,-4,3,-3,MS系／ガンダム系／連邦軍・ティターンズ・地球連合
7718,ファンネル仕様エンゲージガンダム,0,444,38,86,74,473,18,130,165,165,165,0,60,NT6,Ｍ,44,31820,3,-4,3,-3,MS系／ガンダム系／連邦軍・ティターンズ・地球連合
7719,エンゲージハンマ,0,500,40,89,64,490,18,130,165,165,165,0,60,－,Ｍ,46,37820,3,-4,3,-3,MS系／ガンダム系／連邦軍・ティターンズ・地球連合
7720,BWS仕様エンゲージガンダム,0,448,38,88,64,453,18,130,165,165,165,0,60,－,Ｍ,44,31820,3,-4,3,-3,MS系／ガンダム系／連邦軍・ティターンズ・地球連合
7721,Aプラン仕様FAエンゲージガンダム,0,510,42,60,84,510,18,130,165,165,165,0,60,－,Ｍ,45,39820,3,-4,3,-3,MS系／ガンダム系／連邦軍・ティターンズ・地球連合
7722,Bプラン仕様FAエンゲージガンダム,0,444,38,86,64,510,18,130,165,165,165,0,60,NT7,Ｍ,43,39820,3,-4,3,-3,MS系／ガンダム系／連邦軍・ティターンズ・地球連合
7723,Cプラン仕様FAエンゲージガンダム,0,440,72,86,64,520,18,130,165,165,165,0,60,－,Ｍ,48,39820,3,-4,3,-3,MS系／ガンダム系／連邦軍・ティターンズ・地球連合
7724,スノーマン,0,3,1,0,1,1,14,0,0,0,0,0,1224,－,Ｍ,1,1224,-5,-5,-5,-5,その他／ポケットの中の戦争／スパロボシリーズ
7725,サンタ,0,5,1,0,1,1,16,0,0,0,0,0,1225,－,Ｍ,1,1225,-5,-5,-5,-5,その他／ポケットの中の戦争／スパロボシリーズ
7726,クリスマス仕様深雪,0,150,19,40,19,500,118,50,135,50,100,50,1,－,ＬＬ,37,19530,0,3,-6,-5,艦船系／人系／艦これ
7727,クリスマス仕様親潮,0,160,19,44,19,500,118,50,120,45,115,65,50,－,ＬＬ,38,19530,0,3,-9,-5,艦船系／人系／艦これ
7728,ティターンズ仕様フライルー,0,422,45,113,60,454,25,150,285,285,285,0,50,－,Ｍ,45,46540,2,-3,2,-4,MS系／連邦軍・ティターンズ・地球連合／アドバンス・オブ・ゼータ
7729,ティターンズ仕様フライルー(MA) ,1,422,45,120,60,454,25,150,285,285,285,0,50,－,Ｍ,45,0,-5,-5,5,3,MA系／連邦軍・ティターンズ・地球連合／アドバンス・オブ・ゼータ
7730,クリスマス・イヴ仕様デ・ロイテル,0,280,31,35,42,680,170,210,0,200,100,90,50,－,ＬＬ,50,58060,0,3,-9,-5,艦船系／人系／艦これ
7731,クリスマス仕様デ・ロイテル,0,280,31,35,42,680,170,210,0,200,100,90,50,－,ＬＬ,50,58060,0,3,-9,-5,艦船系／人系／艦これ
7732,GAU仕様フライルー,0,462,45,113,60,454,25,150,285,285,285,0,90,－,Ｍ,46,48540,2,-3,2,-4,MS系／連邦軍・ティターンズ・地球連合／アドバンス・オブ・ゼータ
7733,クリスマス仕様択捉,0,90,16,40,14,800,77,20,0,35,175,185,50,－,ＬＬ,45,12030,0,3,-9,-3,艦船系／人系／艦これ
7734,晴れ着仕様赤城,0,690,54,28,69,800,261,365,0,160,0,60,50,－,ＬＬ,71,132590,0,3,-9,-3,艦船系／人系／艦これ
7735,SP仕様スタービルドストライク,0,524,45,92,60,500,30,250,270,150,170,130,50,－,Ｍ,55,44700,3,-4,3,1,MS系／ガンダム系／ガンダムビルドシリーズ
7736,バトルクラフト,0,336,37,100,60,280,15,200,200,200,200,200,50,－,Ｍ,34,12010,0,-2,1,1,車輌・戦闘機系／スパロボシリーズ
7737,バトルマリン,0,372,42,70,60,280,15,200,200,200,200,200,50,－,Ｍ,34,12010,0,-2,1,1,車輌・戦闘機系／スパロボシリーズ
7738,バトルタンク,0,360,58,60,60,280,15,200,200,200,200,200,50,－,Ｍ,34,12010,3,-4,0,-5,車輌・戦闘機系／スパロボシリーズ
7739,バトルクラッシャー,0,348,33,100,60,280,15,200,200,200,200,200,50,－,Ｍ,34,12010,0,-4,2,3,車輌・戦闘機系／スパロボシリーズ
7740,バトルジェット,0,336,29,100,60,280,15,200,200,200,200,200,50,－,Ｍ,34,12010,-5,-3,3,4,車輌・戦闘機系／スパロボシリーズ
7741,アサルトバスターガンスマッシャー,0,405,39,83,75,460,18,200,230,190,195,200,20,－,Ｍ,30,16830,2,-2,2,0,MS系／機動戦士Vガンダム／リガ・ミリティア／量産機
7742,晴れ着仕様風雲,0,160,19,47,19,500,119,50,125,50,135,65,50,－,ＬＬ,38,55060,0,3,-9,-5,艦船系／人系／艦これ
7743,ハロウィン仕様グレカーレ,0,150,18,47,20,400,106,90,220,100,300,140,50,－,ＬＬ,34,22060,0,3,-9,-3,艦船系／人系／艦これ
7744,リゼルN型,0,435,54,120,78,460,20,270,290,320,320,320,30,NT4,Ｍ,49,43660,2,-3,2,-4,MS系／連邦軍・ティターンズ・地球連合／ガンダムUC
7745,ハロウィン仕様夕立,0,160,19,43,19,400,118,50,120,45,105,50,50,－,ＬＬ,34,19530,0,3,-6,-5,艦船系／人系／艦これ
7746,ハロウィン仕様夕立改二,0,310,52,46,49,400,118,210,250,130,250,100,50,－,ＬＬ,44,19530,0,3,-9,-5,艦船系／人系／艦これ
7747,ガブスレイβ,0,410,52,105,87,460,18,160,185,185,185,185,40,－,Ｍ,46,46480,2,-3,2,-4,MS系／連邦軍・ティターンズ・地球連合／機動戦士Zガンダム
7748,法被仕様対馬,0,90,16,41,13,800,77,20,0,35,180,35,50,－,ＬＬ,45,12030,0,3,-9,-3,艦船系／人系／艦これ
7749,水着仕様ジョンストン,0,170,20,45,32,490,114,120,200,320,500,170,50,－,ＬＬ,39,28060,0,3,-9,-5,艦船系／人系／艦これ
7750,水着仕様ジョンストン改,0,340,52,46,60,490,114,120,200,320,520,400,50,－,ＬＬ,50,28060,0,3,-9,-5,艦船系／人系／艦これ
7751,量産型ガンキャノンII,0,318,28,56,75,340,18,100,0,0,0,100,30,－,Ｍ,30,9870,2,-3,2,-4,MS系／連邦軍・ティターンズ・地球連合
7752,水着仕様サミュエル・B・ロバーツ,0,140,17,38,20,600,93,40,60,100,240,150,50,－,ＬＬ,40,19530,0,3,-9,-3,艦船系／人系／艦これ
7753,水着仕様サミュエル・B・ロバーツ改,0,270,43,48,48,600,93,50,120,140,250,200,50,－,ＬＬ,49,19530,0,3,-9,-3,艦船系／人系／艦これ
7754,ジェガンH型,0,390,45,92,61,425,19,140,165,150,150,150,25,－,Ｍ,32,18240,1,-4,2,-4,MS系／ジム系／連邦軍・ティターンズ・地球連合
7755,水着仕様村雨改二,0,310,51,48,47,400,118,80,140,90,145,85,50,－,ＬＬ,44,19530,0,3,-9,-5,艦船系／人系／艦これ
7756,梅雨仕様大井,0,250,29,37,39,500,162,70,120,65,45,85,50,－,ＬＬ,43,40060,0,3,-5,-4,艦船系／人系／艦これ
7757,リゼルN型ディフェンサーgユニット,0,435,54,120,78,460,20,270,290,320,320,320,30,強5,Ｍ,49,43660,2,-3,2,-4,MS系／連邦軍・ティターンズ・地球連合／ガンダムUC
7758,梅雨仕様ガンビア・ベイ,0,280,19,18,60,512,156,0,0,100,100,60,50,－,ＬＬ,44,43060,0,3,-9,-3,艦船系／人系／艦これ
7759,梅雨仕様佐渡,0,90,16,39,15,800,77,20,0,35,175,35,1,－,ＬＬ,45,12030,0,3,-9,-3,艦船系／人系／艦これ
7760,ゲルググL,0,320,30,61,54,354,19,0,90,115,135,0,50,－,Ｍ,23,10440,2,-3,2,-4,MS系／ジオン・ネオジオン軍・ザフト／ゲルググ系
7761,梅雨仕様早波,0,160,19,44,23,500,119,50,120,45,140,50,50,－,ＬＬ,38,19530,0,3,-9,-5,艦船系／人系／艦これ
7762,梅雨B仕様早波,0,160,19,44,23,500,119,50,120,45,140,50,50,－,ＬＬ,38,19530,0,3,-9,-5,艦船系／人系／艦これ
7763,マグナ・マーテル,0,409,50,120,70,496,18,240,200,200,185,200,1,強6,Ｍ,48,49780,2,-3,2,-4,MS系／ジオン・ネオジオン軍・ザフト
7764,ボルトランダー,0,348,33,100,60,315,10,200,200,200,200,200,50,－,Ｍ,36,12010,2,1,1,1,車輌・戦闘機系／スパロボシリーズ
7765,ボルトフリゲート,0,396,46,80,60,280,10,200,200,200,200,200,50,－,Ｍ,36,12010,-5,1,1,1,車輌・戦闘機系／スパロボシリーズ
7766,ボルトパンザー,0,420,50,70,60,350,10,200,200,200,200,200,50,－,Ｍ,38,12010,0,-2,1,1,車輌・戦闘機系／スパロボシリーズ
7767,ボルトボンバー,0,396,41,90,60,280,10,200,200,200,200,200,50,－,Ｍ,36,12010,-5,-5,1,1,車輌・戦闘機系／スパロボシリーズ
7768,ボルトクルーザー,0,384,37,105,60,280,10,200,200,200,200,200,50,－,Ｍ,36,12010,0,-5,2,2,車輌・戦闘機系／スパロボシリーズ
7769,ボルテスV(重戦車モード) ,1,840,50,60,70,630,58,280,280,250,250,250,100,－,Ｌ,63,0,4,-1,2,1,その他／スパロボシリーズ
7770,ボアザン円盤,0,660,54,70,80,700,30,1000,1000,1000,1000,1000,100,－,Ｌ,50,9010,-5,-5,3,3,車輌・戦闘機系／スパロボシリーズ
7771,スカールーク,0,1440,54,55,80,895,160,1280,1280,1250,1250,1250,480,－,ＬＬ,93,200090,-5,0,2,2,艦船系／スパロボシリーズ
7772,鷹メカ,0,600,83,115,80,945,30,2000,2000,2000,2000,2000,300,－,Ｍ,72,64020,0,-5,4,4,車輌・戦闘機系／スパロボシリーズ
7773,ソーラーファルコン,0,980,50,50,85,1400,150,1180,1210,1200,1300,1300,370,－,ＬＬ,93,860040,-5,-4,2,2,艦船系／スパロボシリーズ
7774,もぐもぐ仕様早波,0,160,19,44,23,500,119,50,120,45,140,50,50,－,ＬＬ,38,19530,0,3,-9,-5,艦船系／人系／艦これ
7775,梅雨仕様天霧,0,150,20,41,20,500,118,50,135,60,100,55,50,－,ＬＬ,38,19530,0,3,-9,-5,艦船系／人系／艦これ
7776,瑞雲仕様択捉,0,90,16,40,14,800,77,20,0,35,175,185,50,－,ＬＬ,45,12030,0,3,-9,-3,艦船系／人系／艦これ
7777,バンプレイオス,0,1560,75,80,150,1400,75,1000,1000,1000,1000,1000,8765,NT10,Ｍ,151,43105000,2,-3,4,2,その他／バンプレストオリジナル
7778,ビグ・ザムール(高速戦闘形態) ,1,660,52,48,92,514,50,230,300,100,220,305,450,NT6,Ｌ,52,0,1,-5,2,-4,MA系／ジオン・ネオジオン軍・ザフト／アドバンス・オブ・ゼータ
7779,ガンナー装備仕様ムゲンライガー,0,570,80,80,72,430,20,340,340,340,120,120,1,－,Ｍ,63,35200,4,-3,-5,0,その他／ゾイドシリーズ／スパロボシリーズ
7780,第2形態仕様ガンダム・バルバトス,0,365,32,66,68,340,18,180,180,180,180,180,120,強7,Ｍ,40,9740,3,-4,2,0,MS系／ガンダム系／鉄血のオルフェンズ
7781,第3形態仕様ガンダム・バルバトス,0,398,35,62,70,340,18,190,190,190,190,190,120,強7,Ｍ,42,11960,3,-4,2,0,MS系／ガンダム系／鉄血のオルフェンズ
7782,桜仕様松輪,0,90,16,39,15,800,77,20,0,35,175,35,50,－,ＬＬ,45,12030,0,3,-9,-3,艦船系／人系／艦これ
7783,花束仕様夕雲改二,0,330,53,48,45,500,119,90,150,100,150,90,50,－,ＬＬ,48,19530,0,3,-9,-5,艦船系／人系／艦これ
7784,ドルメル・ドゥーエ,0,468,75,95,70,380,18,100,260,260,200,200,60,－,Ｍ,48,19950,2,-2,3,0,MS系／ジオン・ネオジオン軍・ザフト／オリジナル系
7785,メルトランディ大型フリゲート艦,0,1000,50,30,120,1000,300,2000,1000,1000,1000,1000,400,強5,ＸＬ,100,11280000,-6,-6,0,0,艦船系／マクロスシリーズ
7786,ラプラミズ旗艦,0,1630,62,30,120,1100,300,2000,1000,1000,1000,1000,650,強5,ＸＬ,110,11280000,-6,-6,0,0,艦船系／マクロスシリーズ
7787,モルク・ラプラミズ,0,3430,62,20,150,1400,500,2000,1000,1000,1000,1000,14000,強5,ＸＬ,200,299280000,-6,-6,-3,-6,艦船系／マクロスシリーズ
7788,セブンチェンジャー,0,696,46,100,60,870,25,380,380,350,350,350,300,強5,Ｍ,68,64020,3,0,2,2,その他／勇者・エルドランシリーズ
7789,セブンチェンジャー(ジェット) ,1,696,37,95,60,875,25,380,380,350,350,350,300,強5,Ｍ,68,0,-5,-5,3,3,車輌・戦闘機系／勇者・エルドランシリーズ
7790,セブンチェンジャー(潜水艦) ,1,696,46,80,50,875,25,380,380,350,350,350,300,強5,Ｍ,68,0,-9,3,1,1,車輌・戦闘機系／勇者・エルドランシリーズ
7791,セブンチェンジャー(トレーラー) ,1,696,37,65,50,875,25,380,380,350,350,350,300,強5,Ｍ,68,0,3,-4,-3,-9,車輌・戦闘機系／勇者・エルドランシリーズ
7792,セブンチェンジャー(戦車) ,1,696,54,70,55,875,25,380,380,350,350,350,300,強5,Ｍ,68,0,3,-4,-2,-9,車輌・戦闘機系／勇者・エルドランシリーズ
7793,セブンチェンジャー(ジャガー) ,1,696,41,110,50,870,25,380,380,350,350,350,300,強5,Ｍ,68,0,3,-3,1,-5,その他／勇者・エルドランシリーズ
7794,セブンチェンジャー(グリフォン) ,1,696,39,110,50,870,25,380,380,350,350,350,300,強5,Ｍ,68,0,1,-5,3,3,その他／勇者・エルドランシリーズ
7795,お買物仕様海風,0,160,19,44,19,400,118,50,120,60,115,50,50,－,ＬＬ,34,55060,0,3,-9,-5,艦船系／人系／艦これ
7796,お出掛け仕様吹雪,0,150,19,40,19,500,118,50,135,50,100,85,50,－,ＬＬ,37,19530,0,3,-6,-5,艦船系／人系／艦これ
7797,ダイアナンA,0,492,79,50,55,525,20,150,150,125,125,125,160,－,Ｍ,47,40020,2,-2,-5,-4,その他／スパロボシリーズ
7798,ラインX1,0,624,58,55,55,420,20,200,200,210,210,210,160,－,Ｍ,47,40020,2,2,-5,-5,その他／スパロボシリーズ
7799,お出掛け仕様三隈,0,400,59,31,39,870,200,200,90,90,0,25,50,－,ＬＬ,62,114590,0,3,-9,-4,艦船系／人系／艦これ
7800,お出掛け仕様夕雲,0,160,19,47,19,500,119,50,120,45,135,60,50,－,ＬＬ,39,19530,0,3,-5,-5,艦船系／人系／艦これ
7801,節分仕様天霧,0,150,20,41,20,500,118,50,135,60,100,55,50,－,ＬＬ,38,19530,0,3,-9,-5,艦船系／人系／艦これ
7802,桃の節句仕様福江,0,90,16,41,13,265,77,40,0,70,350,360,50,－,ＬＬ,27,12030,0,3,-9,-4,艦船系／人系／艦これ
7803,桃の節句仕様対馬,0,90,16,41,13,800,77,20,0,35,180,35,50,－,ＬＬ,45,12030,0,3,-9,-3,艦船系／人系／艦これ
7804,MS少女アッガイ,0,275,22,52,42,300,19,10,30,30,15,0,500,－,ＳＳ,25,6810,2,3,-5,-4,MS系／ジオン・ネオジオン軍・ザフト／人系
7805,MS少女ズゴックS型,0,339,30,61,42,333,18,0,0,95,95,0,500,－,ＳＳ,29,9630,2,3,-5,-4,MS系／ジオン・ネオジオン軍・ザフト／人系
7806,バレンタイン仕様イタリア,0,920,92,35,52,705,224,405,0,220,0,150,50,－,ＬＬ,78,524120,0,3,-9,-3,艦船系／人系／艦これ
7807,バレンタイン仕様リットリオ,0,880,86,28,44,705,224,390,0,200,0,100,50,－,ＬＬ,75,452120,0,3,-9,-3,艦船系／人系／艦これ
7808,オデット二世,0,560,30,35,80,2000,220,0,250,100,130,190,100,－,ＬＬ,68,50000,-5,-5,3,0,艦船系／スパロボシリーズ
7809,バレンタイン仕様古鷹,0,360,34,33,39,700,185,150,60,80,0,50,50,－,ＬＬ,53,79060,0,3,-9,-4,艦船系／人系／艦これ
7810,バレンタイン仕様舞風,0,160,19,45,19,500,118,50,120,45,120,50,50,－,ＬＬ,38,19530,0,3,-9,-3,艦船系／人系／艦これ
7811,エンゲージゼロ・サイコミュ試験型,0,450,43,85,68,470,18,170,195,195,195,0,80,NT5,Ｍ,45,29820,2,-4,3,-2,MS系／ガンダム系／連邦軍・ティターンズ・地球連合
7812,エンゲージゼロ・インコム搭載型,0,450,43,85,68,470,18,170,195,195,195,0,80,NT5,Ｍ,45,29820,2,-4,3,-2,MS系／ガンダム系／連邦軍・ティターンズ・地球連合
7813,エンゲージゼロ・ヨンファヴィン,0,450,43,93,73,470,18,170,195,195,195,0,80,NT5,Ｍ,45,29820,2,-4,3,-2,MS系／ガンダム系／連邦軍・ティターンズ・地球連合
7814,キタサンブラック,0,150,18,65,52,550,2,2000,3000,3000,1000,1000,2000,NT8,ＳＳ,42,8664215,6,-1,-6,-4,人系
7815,エンジェルリンクス号,0,740,32,52,160,850,100,200,300,120,150,190,100,－,Ｌ,75,110000,-5,-5,5,3,艦船系／スパロボシリーズ
7816,ブラックガイン,0,480,50,70,50,400,15,110,110,100,130,100,1,－,Ｍ,42,22020,4,-5,1,1,その他／勇者・エルドランシリーズ
7817,バレンタイン仕様リシュリュー,0,850,90,36,50,850,247,320,0,110,0,110,50,－,ＬＬ,80,312590,0,3,-9,-3,艦船系／人系／艦これ
7818,バレンタイン仕様狭霧,0,150,19,40,19,500,118,50,135,60,100,30,50,－,ＬＬ,37,19530,0,3,-9,-5,艦船系／人系／艦これ
7819,晴れ着仕様加賀,0,710,59,27,69,800,238,279,0,84,0,30,50,－,ＬＬ,72,132590,0,3,-9,-3,艦船系／人系／艦これ
7820,晴れ着仕様荒潮,0,160,19,43,19,519,118,50,120,45,105,50,50,－,ＬＬ,39,19530,0,3,-6,-5,艦船系／人系／艦これ
7821,スナイパー仕様ラウンドフェイサー,0,336,54,65,80,280,15,100,100,100,100,100,25,－,Ｍ,34,6010,4,-5,-5,-2,その他／スパロボシリーズ
7822,ペリスコープ仕様ラウンドフェイサー,0,336,54,65,80,280,15,100,100,100,100,100,25,－,Ｍ,34,6010,4,-5,-5,-2,その他／スパロボシリーズ
7823,節分仕様阿賀野,0,300,32,37,45,600,174,130,120,85,125,50,50,－,ＬＬ,48,55060,0,3,-9,-5,艦船系／人系／艦これ
7824,節分仕様峯雲,0,160,19,41,18,519,118,100,240,90,210,60,50,－,ＬＬ,39,22060,0,3,-9,-5,艦船系／人系／艦これ
7825,節分仕様択捉,0,90,16,40,14,800,77,20,0,35,175,185,50,－,ＬＬ,45,12030,0,3,-9,-3,艦船系／人系／艦これ
7826,節分仕様狭霧,0,150,19,40,19,500,118,50,135,60,100,30,50,－,ＬＬ,37,19530,0,3,-9,-5,艦船系／人系／艦これ
7827,火力増強仕様ガンダムダブルオースカイ,0,605,60,123,77,763,20,300,300,300,300,300,200,－,Ｍ,70,32260,2,-4,3,3,MS系／ガンダム系／ガンダムビルドシリーズ
7828,クリスマス仕様酒匂,0,310,32,36,45,600,174,95,115,85,135,100,50,－,ＬＬ,59,55060,0,3,-9,-5,艦船系／人系／艦これ
7829,クリスマス仕様福江,0,90,16,41,13,265,77,40,0,70,350,360,50,－,ＬＬ,27,12030,0,3,-9,-4,艦船系／人系／艦これ
7830,クリスマス仕様マエストラーレ,0,150,18,48,20,400,106,90,220,110,300,140,50,－,ＬＬ,34,22060,0,3,-9,-5,艦船系／人系／艦これ
7831,プロペラント装備仕様ジオング,0,490,43,80,74,556,20,180,0,0,185,185,100,NT3,Ｍ,40,43260,-5,-5,4,-5,MS系／ジオン・ネオジオン軍・ザフト／オリジナル系
7832,クリスマス仕様瑞鶴,0,620,49,39,69,970,257,360,0,145,0,200,50,－,ＬＬ,75,128090,0,3,-9,-3,艦船系／人系／艦これ
7833,クリスマス仕様ゴトランド,0,320,46,36,70,400,134,160,160,180,360,200,50,－,ＬＬ,45,46060,0,3,-9,-4,艦船系／人系／艦これ
7834,クリスマス仕様松輪,0,90,16,39,15,800,77,20,0,35,175,35,50,－,ＬＬ,45,12030,0,3,-9,-3,艦船系／人系／艦これ
7835,クリスマス仕様浜波,0,160,19,46,24,500,119,50,120,60,130,50,50,－,ＬＬ,38,19530,0,3,-9,-5,艦船系／人系／艦これ
7836,アサルトウォーカー ,1,580,76,62,90,500,50,600,400,400,400,400,130,NT7,Ｌ,64,0,2,-2,3,3,その他／スパロボシリーズ
7837,アーマゲドン ,1,580,76,55,120,500,50,600,400,400,400,400,130,NT7,Ｌ,64,0,4,-2,2,-3,その他／スパロボシリーズ
7838,ベクターデルタ,0,330,33,100,60,350,20,600,400,400,400,400,50,NT7,Ｍ,36,18010,-5,-5,2,2,車輌・戦闘機系／スパロボシリーズ／量産機
7839,ベクターオメガ,0,330,37,90,60,350,20,600,400,400,400,400,50,NT7,Ｍ,36,18010,-5,-5,2,2,車輌・戦闘機系／スパロボシリーズ／量産機
7840,ベクターアルファ,0,330,33,95,60,350,20,600,400,400,400,400,50,NT7,Ｍ,36,18010,-5,-5,2,2,車輌・戦闘機系／スパロボシリーズ／量産機
7841,アクエリオンエンジェル,0,600,74,86,70,524,50,600,400,400,400,400,1,NT7,Ｌ,85,200000,3,-1,2,2,その他／スパロボシリーズ
7842,ルオ商会仕様ディジェ,0,410,50,102,60,447,18,160,180,0,0,0,45,－,Ｍ,44,29220,2,-5,-5,0,MS系／エウーゴ・カラバ
7843,クリスマス仕様岸波,0,160,19,46,24,500,119,50,120,45,140,50,50,－,ＬＬ,38,19530,0,3,-9,-5,艦船系／人系／艦これ
7844,シュークリーム仕様リシュリュー,0,850,90,36,50,850,247,320,0,110,0,110,50,－,ＬＬ,80,312590,0,3,-9,-3,艦船系／人系／艦これ
7845,秋の私服仕様対馬,0,90,16,41,13,800,77,20,0,35,180,35,50,－,ＬＬ,45,12030,0,3,-9,-3,艦船系／人系／艦これ
7846,秋の私服仕様不知火改二,0,330,54,49,43,500,118,90,150,100,150,120,50,－,ＬＬ,48,19530,0,3,-9,-5,艦船系／人系／艦これ
7847,CFGゴルディーマーグ,0,600,83,65,60,490,10,280,280,250,250,250,2100,強3,Ｌ,51,40020,2,-1,0,2,その他／人系／勇者・エルドランシリーズ
7848,CFGスターガオガイガー,0,680,75,55,60,630,30,290,290,260,260,260,2100,強4,Ｌ,65,164090,2,-1,2,3,その他／人系／勇者・エルドランシリーズ
7849,秋の私服仕様白露改二,0,310,50,50,50,400,118,80,140,85,150,80,50,－,ＬＬ,44,19530,0,3,-9,-5,艦船系／人系／艦これ
7850,秋の味覚仕様瑞穂,0,410,42,19,74,800,192,60,0,80,0,40,50,－,ＬＬ,61,182090,0,3,-9,-3,艦船系／人系／艦これ
7851,A-IMGN仕様龍王丸,0,456,42,75,70,700,19,280,280,220,200,200,150,－,Ｍ,52,40020,3,-3,-1,-5,その他／スパロボシリーズ
7852,A-IMGN仕様鳳王 ,1,456,42,75,70,700,19,280,280,220,200,200,150,－,Ｍ,52,0,-5,-5,0,3,その他／スパロボシリーズ
7853,ハロウィン仕様朝潮,0,160,19,43,19,519,118,50,120,60,105,60,50,－,ＬＬ,39,19530,0,3,-6,-5,艦船系／人系／艦これ
7854,ハロウィン仕様朝潮改二,0,310,52,49,57,519,118,90,180,110,130,85,50,－,ＬＬ,49,19530,0,3,-9,-5,艦船系／人系／艦これ
7855,ハロウィン仕様朝潮改二丁,0,340,55,47,55,519,118,60,180,150,225,85,50,－,ＬＬ,50,19530,0,3,-9,-5,艦船系／人系／艦これ
7856,サンホ仕様高機動型ザク地上用,0,348,26,56,55,355,19,30,50,50,30,30,60,－,Ｍ,33,7660,4,-5,-5,-4,MS系／ザク系／ジオン・ネオジオン軍・ザフト／専用機
7857,ダナン仕様高機動型ザク地上用,0,348,26,56,55,355,19,30,50,50,30,30,60,－,Ｍ,33,7660,4,-5,-5,-4,MS系／ザク系／ジオン・ネオジオン軍・ザフト／専用機
7858,秋刀魚仕様漣,0,150,19,41,19,500,118,50,135,60,100,50,50,－,ＬＬ,37,19530,0,3,-6,-5,艦船系／人系／艦これ
7859,秋刀魚仕様朧,0,150,19,41,19,500,118,50,135,60,100,50,50,－,ＬＬ,37,19530,0,3,-9,-5,艦船系／人系／艦これ
7860,フルアーマー・アレックス,0,400,44,68,60,425,18,140,100,130,155,100,30,NT2,Ｍ,30,17570,2,-3,2,-3,MS系／ガンダム系／連邦軍・ティターンズ・地球連合
7861,秋刀魚仕様潮,0,150,19,41,19,500,118,50,135,60,100,50,50,－,ＬＬ,37,19530,0,3,-9,-5,艦船系／人系／艦これ
7862,秋刀魚仕様曙,0,150,19,41,19,500,118,50,135,60,100,50,50,－,ＬＬ,37,19530,0,3,-6,-5,艦船系／人系／艦これ
7863,秋刀魚仕様初月,0,200,28,48,28,800,134,90,75,350,130,35,50,－,ＬＬ,51,31060,0,3,-9,-1,艦船系／人系／艦これ
7864,サタニクスガンダム,0,606,59,102,80,744,18,560,530,510,420,410,300,－,Ｍ,63,31800,2,-1,2,-1,MS系／ガンダム系／ガンダムビルドシリーズ
7865,ネプテイトガンダム,0,606,48,110,80,784,18,560,530,510,420,410,300,－,Ｍ,64,157700,2,-1,3,-5,MS系／ガンダム系／ガンダムビルドシリーズ
7866,プルタインガンダム,0,618,50,108,80,550,18,560,530,510,420,410,300,－,Ｍ,66,220700,2,-1,3,-5,MS系／ガンダム系／ガンダムビルドシリーズ
7867,F作業仕様大潮,0,160,19,43,19,519,118,50,120,45,105,50,50,－,ＬＬ,39,19530,0,3,-6,-5,艦船系／人系／艦これ
7868,F作業仕様大潮改二,0,310,51,47,54,519,118,85,165,100,130,85,50,－,ＬＬ,49,19530,0,3,-9,-5,艦船系／人系／艦これ
7869,煌・ギラーガ,0,506,54,102,75,440,20,380,300,240,250,200,150,強4,Ｍ,48,27000,2,-5,2,2,MS系／ガンダムビルドシリーズ
7870,秋刀魚仕様祥鳳,0,320,39,28,69,780,205,0,0,70,0,50,50,－,ＬＬ,57,64060,0,3,-9,-3,艦船系／人系／艦これ
7871,秋刀魚仕様満潮,0,160,19,43,19,519,118,50,120,45,105,50,50,－,ＬＬ,39,19530,0,3,-6,-5,艦船系／人系／艦これ
7872,素体仕様ライガーゼロ,0,396,46,110,60,420,20,250,250,130,150,80,110,－,Ｍ,43,44860,5,-4,-6,0,その他／ゾイドシリーズ／スパロボシリーズ
7873,秋刀魚仕様ゴトランド,0,320,46,36,70,400,134,160,160,180,360,200,50,－,ＬＬ,45,46060,0,3,-9,-4,艦船系／人系／艦これ
7874,秋刀魚仕様ガンビア・ベイ,0,280,19,18,60,512,156,0,0,100,100,60,50,－,ＬＬ,44,43060,0,3,-9,-3,艦船系／人系／艦これ
7875,F9ノ1改,0,498,46,120,90,534,16,980,960,960,970,930,921,NT3,Ｍ,58,3885000,2,-3,2,0,MS系／ガンダム系／連邦軍・ティターンズ・地球連合／機動戦士ガンダムF91
7876,F9ノ1改(SM) ,1,498,46,126,90,320,16,980,960,960,970,930,921,NT3,Ｍ,58,0,2,-3,2,0,MS系／ガンダム系／連邦軍・ティターンズ・地球連合／機動戦士ガンダムF91
7877,秋刀魚仕様コマンダン・テスト,0,420,50,20,70,600,167,140,0,90,0,85,50,－,ＬＬ,54,186590,0,3,-9,-3,艦船系／人系／艦これ
7878,秋刀魚仕様沖波,0,160,19,47,21,500,119,50,120,45,140,50,50,－,ＬＬ,38,19530,0,3,-9,-5,艦船系／人系／艦これ
7879,宇宙仕様ポルタノヴァ,0,410,40,46,60,400,16,200,200,200,200,200,30,－,Ｍ,27,18000,-2,-3,2,0,その他／スパロボシリーズ／量産機
7880,秋刀魚仕様岸波,0,160,19,46,24,500,119,50,120,45,140,50,50,－,ＬＬ,38,19530,0,3,-9,-5,艦船系／人系／艦これ
7881,秋刀魚仕様朝霜,0,160,19,47,19,500,119,50,120,45,175,80,50,－,ＬＬ,38,55060,0,3,-9,-5,艦船系／人系／艦これ
7882,ファイヤージェット,0,480,40,55,60,520,26,120,120,120,110,100,10,強2,Ｍ,45,28020,-5,-5,2,2,その他／勇者・エルドランシリーズ
7883,ファイヤーストラトス,0,400,40,65,30,300,3,200,200,200,200,200,10,強5,ＳＳ,33,6010,3,-3,-3,-5,車輌・戦闘機系／勇者・エルドランシリーズ
7884,ファイヤーラダー,0,288,33,60,30,180,5,200,200,200,200,200,20,強5,Ｓ,24,3010,3,-3,-3,-5,車輌・戦闘機系／勇者・エルドランシリーズ
7885,ファイヤーレスキュー,0,288,33,60,30,180,4,200,200,200,200,200,30,強5,ＳＳ,24,3010,3,-3,-3,-5,車輌・戦闘機系／勇者・エルドランシリーズ
7886,ファイヤージャンボ,0,516,50,60,30,350,50,200,200,200,200,200,40,強5,Ｍ,39,18010,-5,-5,3,3,車輌・戦闘機系／勇者・エルドランシリーズ
7887,ルナマリア専用ゲルググメナース,0,470,44,85,70,480,18,300,300,200,200,200,50,強6,Ｍ,46,15600,2,-3,-4,3,MS系／ゲルググ系／ジオン・ネオジオン軍・ザフト／機動戦士ガンダムSEED FREEDOM／専用機
7888,タマモクロス,0,105,8,70,90,570,2,2000,3000,1000,1000,3000,2000,NT8,ＳＳ,42,23810680,6,-1,-6,-4,人系
7889,秋刀魚仕様福江,0,90,16,41,13,265,77,40,0,70,350,360,50,－,ＬＬ,27,12030,0,3,-9,-4,艦船系／人系／艦これ
7890,秋刀魚仕様択捉,0,90,16,40,14,800,77,20,0,35,175,185,50,－,ＬＬ,45,12030,0,3,-9,-3,艦船系／人系／艦これ
7891,水着仕様涼月,0,210,29,45,27,800,134,80,80,350,125,135,50,－,ＬＬ,51,31060,0,3,-9,-1,艦船系／人系／艦これ
7892,水着仕様涼月改,0,380,55,51,48,800,134,110,110,410,140,185,50,－,ＬＬ,61,31060,0,3,-9,-1,艦船系／人系／艦これ
7893,TB仕様アッガイ,0,200,17,38,40,170,10,10,30,30,15,0,1,－,Ｓ,19,4230,1,3,-5,-3,MS系／ジオン・ネオジオン軍・ザフト
7894,水着仕様山風,0,160,19,42,18,400,118,55,120,40,95,30,1,－,ＬＬ,34,19530,0,3,-9,-5,艦船系／人系／艦これ
7895,水着仕様霞改二,0,310,52,52,54,519,118,80,165,120,140,185,50,－,ＬＬ,49,19530,0,3,-9,-5,艦船系／人系／艦これ
7896,水着仕様霞改二乙,0,310,52,56,56,519,118,60,150,160,140,185,50,－,ＬＬ,49,19530,0,3,-9,-5,艦船系／人系／艦これ
7897,水着仕様高波,0,160,19,47,19,500,119,50,120,45,135,60,50,－,ＬＬ,39,19530,0,3,-9,-5,艦船系／人系／艦これ
7898,白上フブキ専用ガトリングフォックス,0,250,30,98,66,350,10,200,200,140,130,130,155,強5,Ｍ,30,10500,5,-3,-5,0,その他／ゾイドシリーズ／スパロボシリーズ／専用機
7899,水着仕様巻雲,0,330,53,48,43,500,119,90,150,100,150,80,50,－,ＬＬ,48,22060,0,3,-9,-5,艦船系／人系／艦これ
7900,水着仕様瑞穂,0,410,42,19,74,800,192,60,0,80,0,40,50,－,ＬＬ,61,182090,0,3,-9,-3,艦船系／人系／艦これ
7901,夏服＆かき氷仕様松輪,0,90,16,39,15,800,77,20,0,35,175,35,50,－,ＬＬ,45,12030,0,3,-9,-3,艦船系／人系／艦これ
7902,夏服＆かき氷仕様択捉,0,90,16,40,14,800,77,20,0,35,175,185,50,－,ＬＬ,45,12030,0,3,-9,-3,艦船系／人系／艦これ
7903,夏服＆かき氷仕様択捉改,0,170,33,56,28,800,77,20,0,35,370,400,50,－,ＬＬ,51,12030,0,3,-9,-3,艦船系／人系／艦これ
7904,デスルター,0,435,36,67,68,360,18,300,300,300,300,300,100,－,Ｍ,29,12000,2,-4,3,-2,MS系／水星の魔女／量産機
7905,かき氷仕様ガンビア・ベイ,0,280,19,18,60,512,156,0,0,100,100,60,50,－,ＬＬ,44,43060,0,3,-9,-3,艦船系／人系／艦これ
7906,梅雨仕様藤波,0,160,19,46,24,500,119,50,120,60,130,45,50,－,ＬＬ,38,19530,0,3,-9,-5,艦船系／人系／艦これ
7907,梅雨仕様浜波,0,160,19,46,24,500,119,50,120,60,130,50,50,－,ＬＬ,38,19530,0,3,-9,-5,艦船系／人系／艦これ
7908,梅雨仕様福江,0,90,16,41,13,265,77,40,0,70,350,360,50,－,ＬＬ,27,12030,0,3,-9,-4,艦船系／人系／艦これ
7909,梅雨仕様択捉,0,90,16,40,14,800,77,20,0,35,175,185,50,－,ＬＬ,45,12030,0,3,-9,-3,艦船系／人系／艦これ
7910,梅雨仕様狭霧,0,150,19,40,19,500,118,50,135,60,100,30,50,－,ＬＬ,37,19530,0,3,-9,-5,艦船系／人系／艦これ
7911,ライオソード,0,408,50,65,40,560,10,250,250,220,220,220,30,強5,Ｓ,44,15010,2,0,0,-5,その他／勇者・エルドランシリーズ
7912,ライアン ,1,408,50,65,40,560,10,250,250,220,220,220,30,強5,Ｓ,44,0,2,0,0,-5,その他／勇者・エルドランシリーズ
7913,春の花束A仕様長波改二,0,330,53,48,44,500,119,90,150,100,150,150,50,－,ＬＬ,48,19530,0,3,-9,-5,艦船系／人系／艦これ
7914,春の花束B仕様長波改二,0,330,53,48,44,500,119,90,150,100,150,150,50,－,ＬＬ,48,19530,0,3,-9,-5,艦船系／人系／艦これ
7915,春の花束仕様天霧,0,150,20,41,20,500,118,50,135,60,100,55,50,－,ＬＬ,38,19530,0,3,-9,-5,艦船系／人系／艦これ
7916,春の私服仕様大和,0,930,108,27,39,720,263,620,0,250,0,60,50,－,ＬＬ,78,1100120,0,3,-9,-3,艦船系／人系／艦これ
7917,ブラックナイトスコードルドラ,0,580,58,124,90,600,18,370,400,250,270,250,650,強6,Ｍ,60,124100,1,-4,3,3,MS系／その他／機動戦士ガンダムSEED FREEDOM
7918,ブラックナイトスコードシヴァ,0,580,58,124,90,600,18,370,400,250,270,250,100,強6,Ｍ,60,124100,1,-4,3,3,MS系／その他／機動戦士ガンダムSEED FREEDOM
7919,春の花束仕様ガンビア・ベイ,0,280,19,18,60,512,156,0,0,100,100,60,50,－,ＬＬ,44,43060,0,3,-9,-3,艦船系／人系／艦これ
7920,お出かけ仕様村雨,0,160,19,43,19,400,118,50,120,45,105,50,50,－,ＬＬ,34,19530,0,3,-6,-5,艦船系／人系／艦これ
7921,キッドファイター,0,396,46,70,40,520,10,250,250,220,220,220,30,強5,Ｓ,42,15010,-5,-5,3,3,車輌・戦闘機系／勇者・エルドランシリーズ
7922,キッドタンク ,1,430,50,65,40,520,10,250,250,220,220,220,30,強5,Ｓ,42,0,3,-4,0,-5,車輌・戦闘機系／勇者・エルドランシリーズ
7923,ガンキッド ,1,396,46,70,40,520,10,250,250,220,220,220,30,強5,Ｓ,42,0,2,0,0,-5,その他／勇者・エルドランシリーズ
7924,お出かけ仕様村雨改二,0,310,51,48,47,400,118,80,140,90,145,85,50,－,ＬＬ,44,19530,0,3,-9,-5,艦船系／人系／艦これ
7925,お出かけ仕様弥生,0,130,18,37,17,450,102,30,90,35,80,50,50,－,ＬＬ,34,18030,0,3,-9,-5,艦船系／人系／艦これ
7926,ファイヤーシャトル,0,516,43,50,40,520,50,200,200,200,200,200,80,強5,Ｍ,44,28020,-5,-5,3,1,車輌・戦闘機系／勇者・エルドランシリーズ
7927,グランバード,0,516,43,60,40,520,21,250,250,220,220,220,80,強5,Ｍ,44,28020,2,0,2,-5,その他／勇者・エルドランシリーズ
7928,ジェットグランバード,0,660,50,70,50,700,21,250,250,220,220,220,80,強5,Ｍ,58,40020,3,2,3,2,その他／勇者・エルドランシリーズ
7929,ハイパーガラバ,0,1200,85,110,50,700,100,3800,3800,3600,3600,3000,818,NT10,ＬＬ,123,175430,-6,-5,0,3,その他／スパロボシリーズ
7930,暗黒大将軍,0,1500,96,95,50,1000,35,3000,3000,3000,3000,3000,770,強5,Ｍ,103,110030,3,0,-5,3,その他／スパロボシリーズ
7931,MS少女宇宙用装備ジム,0,275,24,43,60,300,18,0,10,30,30,0,500,－,Ｍ,20,6810,2,-3,2,-4,MS系／ジム系／連邦軍・ティターンズ・地球連合／人系
7932,お出かけ仕様朧,0,150,19,41,19,500,118,50,135,60,100,50,50,－,ＬＬ,37,19530,0,3,-9,-5,艦船系／人系／艦これ
7933,水着仕様漣,0,150,19,41,19,500,118,50,135,60,100,50,50,－,ＬＬ,37,19530,0,3,-6,-5,艦船系／人系／艦これ
7934,水着仕様龍田,0,230,29,35,19,500,162,55,90,40,90,85,1,－,ＬＬ,40,31060,0,3,-5,-4,艦船系／人系／艦これ
7935,水着仕様夕立改二,0,310,52,46,49,400,118,210,250,130,250,100,50,－,ＬＬ,44,19530,0,3,-9,-5,艦船系／人系／艦これ
7936,フォースインパルスSpecII,0,460,46,96,85,600,17,200,230,140,150,0,180,強5,Ｍ,50,40780,2,-3,2,2,MS系／ガンダム系／ジオン・ネオジオン軍・ザフト／機動戦士ガンダムSEED FREEDOM
7937,デスティニーガンダムSpecII,0,548,60,118,95,750,20,310,380,240,250,200,330,強5,Ｍ,73,173540,2,-4,3,3,MS系／ガンダム系／ジオン・ネオジオン軍・ザフト／機動戦士ガンダムSEED FREEDOM
7938,ゼウス仕様デスティニー,0,548,60,106,95,800,20,310,380,240,250,200,200,強5,Ｍ,74,197870,-5,-4,3,3,MS系／ガンダム系／ジオン・ネオジオン軍・ザフト／機動戦士ガンダムSEED FREEDOM
7939,新春仕様夕雲,0,160,19,47,19,500,119,50,120,45,135,60,50,－,ＬＬ,39,19530,0,3,-5,-5,艦船系／人系／艦これ
7940,バレンタイン仕様弥生,0,130,18,37,17,450,102,30,90,35,80,50,50,－,ＬＬ,34,18030,0,3,-9,-5,艦船系／人系／艦これ
7941,リクオー,0,410,50,72,60,500,25,300,250,300,250,200,80,－,Ｌ,41,20000,4,0,-1,-4,その他／勇者・エルドランシリーズ
7942,クウオー,0,360,40,78,60,500,25,300,250,300,250,200,80,－,Ｌ,41,20000,-4,0,1,4,その他／勇者・エルドランシリーズ
7943,テイオー,0,400,45,76,60,500,25,300,250,300,250,200,80,－,Ｌ,41,20000,2,0,1,-4,その他／勇者・エルドランシリーズ
7944,ベクターソル,0,360,33,95,60,350,20,600,400,400,400,400,50,NT7,Ｍ,36,18010,-5,-5,2,2,車輌・戦闘機系／スパロボシリーズ
7945,ベクターマーズ,0,360,38,90,60,350,20,600,400,400,400,400,50,NT7,Ｍ,36,18010,-5,-5,2,2,車輌・戦闘機系／スパロボシリーズ
7946,ベクタールナ,0,330,33,100,60,350,20,600,400,400,400,400,50,NT7,Ｍ,36,18010,-5,-5,2,2,車輌・戦闘機系／スパロボシリーズ
7947,水着仕様明石改,0,450,27,10,6,800,154,45,0,95,0,60,100,－,ＬＬ,56,64060,0,2,-9,-6,艦船系／人系／艦これ
7948,水着仕様白露改,0,300,49,45,39,400,118,90,185,90,155,150,50,－,ＬＬ,43,19530,0,3,-9,-5,艦船系／人系／艦これ
7949,水着仕様天龍,0,230,29,35,19,500,162,55,90,40,90,85,50,－,ＬＬ,40,31060,0,3,-5,-4,艦船系／人系／艦これ
7950,水着仕様潮,0,150,19,41,19,500,118,50,135,60,100,50,50,－,ＬＬ,37,19530,0,3,-9,-5,艦船系／人系／艦これ
7951,水着仕様潮改二,0,330,58,65,48,500,118,50,175,120,280,160,50,－,ＬＬ,50,19530,0,3,-9,-5,艦船系／人系／艦これ
7952,銀河眼の時空竜,0,960,80,60,80,900,20,573,573,573,573,573,107,NT8,Ｍ,80,4630000,0,-3,3,3,その他／スパロボシリーズ
7953,秋の味覚仕様潮,0,150,19,41,19,500,118,50,135,60,100,50,50,－,ＬＬ,37,19530,0,3,-9,-5,艦船系／人系／艦これ
7954,秋の味覚B仕様潮改二,0,330,58,65,48,500,118,50,175,120,280,160,50,－,ＬＬ,50,19530,0,3,-9,-5,艦船系／人系／艦これ
7955,水着仕様村雨改,0,300,49,45,39,400,118,90,165,105,155,60,50,－,ＬＬ,43,19530,0,3,-9,-5,艦船系／人系／艦これ
7956,秋の味覚仕様千代田,0,400,39,20,69,550,185,165,0,70,0,50,50,－,ＬＬ,51,64060,0,3,-9,-3,艦船系／人系／艦これ
7957,秋の味覚仕様千歳,0,400,39,20,69,550,192,165,0,70,0,50,50,－,ＬＬ,51,64060,0,3,-9,-3,艦船系／人系／艦これ
7958,ライスシャワー,0,100,8,75,65,550,2,2000,3000,1000,3000,1000,2000,NT8,ＳＳ,42,35754860,6,-1,-6,-4,人系
7959,秋刀魚仕様村雨,0,160,19,43,19,400,118,50,120,45,105,50,50,－,ＬＬ,34,19530,0,3,-9,-5,艦船系／人系／艦これ
7960,バレンタイン仕様叢雲改二,0,310,50,50,42,500,118,70,160,135,140,75,50,－,ＬＬ,47,55060,0,3,-9,-5,艦船系／人系／艦これ
7961,節分仕様清霜,0,160,19,47,19,500,119,50,120,45,135,60,1,－,ＬＬ,38,19530,0,3,-9,-5,艦船系／人系／艦これ
7962,節分仕様瑞穂,0,410,42,19,74,800,192,60,0,80,0,40,50,－,ＬＬ,61,182090,0,3,-9,-3,艦船系／人系／艦これ
7963,三隈改二,0,590,73,38,82,870,200,310,380,30,0,25,300,－,ＬＬ,73,26020,0,3,-9,-4,艦船系／人系／艦これ
7964,三隈改二特,0,590,75,35,89,870,200,310,460,350,0,12,300,－,ＬＬ,74,34020,0,3,-9,-4,艦船系／人系／艦これ
7965,新春仕様瑞穂,0,410,42,19,74,800,192,60,0,80,0,40,50,－,ＬＬ,61,182090,0,3,-9,-3,艦船系／人系／艦これ
7966,F作業仕様曙,0,150,19,41,19,500,118,50,135,60,100,50,50,－,ＬＬ,37,19530,0,3,-6,-5,艦船系／人系／艦これ
7967,バレンタイン仕様曙,0,150,19,41,19,500,118,50,135,60,100,50,50,－,ＬＬ,37,19530,0,3,-6,-5,艦船系／人系／艦これ
7968,秋の味覚仕様春雨,0,160,19,43,19,400,118,50,120,45,105,50,50,－,ＬＬ,39,19530,0,3,-9,-5,艦船系／人系／艦これ
7969,ソニックバードレウス,0,220,27,82,68,380,15,140,155,130,65,30,20,－,Ｓ,32,8700,1,-5,-4,3,その他／ゾイドシリーズ／スパロボシリーズ
7970,ビーストライガー禍鎧,0,308,32,90,60,390,15,190,230,220,185,120,20,－,Ｍ,36,9600,4,-3,-5,0,その他／ゾイドシリーズ／スパロボシリーズ
7971,バレンタイン仕様春雨,0,160,19,43,19,400,118,50,120,45,105,50,50,－,ＬＬ,39,19530,0,3,-9,-5,艦船系／人系／艦これ
7972,水着仕様時雨改二,0,310,52,62,43,400,118,175,280,180,265,250,50,－,ＬＬ,45,19530,0,3,-9,-5,艦船系／人系／艦これ
7973,新春仕様巻雲,0,330,53,48,43,500,119,90,150,100,150,80,50,－,ＬＬ,48,22060,0,3,-9,-5,艦船系／人系／艦これ
7974,秋刀魚仕様磯風,0,160,19,44,19,500,118,50,120,90,120,80,50,－,ＬＬ,39,19530,0,3,-9,-3,艦船系／人系／艦これ
7975,秋刀魚仕様磯風改,0,330,49,47,49,500,118,50,120,90,120,80,50,－,ＬＬ,39,22060,0,3,-9,-3,艦船系／人系／艦これ
7976,バレンタイン仕様卯月,0,130,18,37,17,450,102,30,90,35,80,50,50,－,ＬＬ,34,18030,0,3,-9,-5,艦船系／人系／艦これ
7977,バレンタイン仕様衣笠改二,0,530,73,38,54,700,185,270,235,210,0,65,50,－,ＬＬ,63,110090,0,3,-9,-4,艦船系／人系／艦これ
7978,ハロウィン仕様ローマ,0,880,85,27,46,705,224,395,0,220,0,30,50,－,ＬＬ,75,452120,0,3,-9,-3,艦船系／人系／艦これ
7979,ハイングラ,0,380,35,70,75,350,18,300,300,300,300,300,100,－,Ｍ,28,14000,1,-4,3,2,MS系／量産機／水星の魔女
7980,水着仕様リットリオ,0,880,86,28,44,705,224,390,0,200,0,100,50,－,ＬＬ,75,452120,0,3,-9,-3,艦船系／人系／艦これ
7981,クリスマス仕様リットリオ,0,880,86,28,44,705,224,390,0,200,0,100,50,－,ＬＬ,75,452120,0,3,-9,-3,艦船系／人系／艦これ
7982,水着仕様イタリア,0,920,92,35,52,705,224,405,0,220,0,150,50,－,ＬＬ,78,524120,0,3,-9,-3,艦船系／人系／艦これ
7983,オクトーバーフェスト仕様レーベレヒト・マース,0,180,22,36,24,190,119,40,120,60,160,30,50,－,ＬＬ,28,28060,0,3,-9,-5,艦船系／人系／艦これ
7984,梅雨仕様高波,0,160,19,47,19,500,119,50,120,45,135,60,50,－,ＬＬ,39,19530,0,3,-9,-5,艦船系／人系／艦これ
7985,梅雨仕様村雨改,0,300,49,45,39,400,118,90,165,105,155,60,50,－,ＬＬ,43,19530,0,3,-9,-5,艦船系／人系／艦これ
7986,梅雨仕様祥鳳,0,320,39,28,69,780,205,0,0,70,0,50,50,－,ＬＬ,57,64060,0,3,-9,-3,艦船系／人系／艦これ
7987,バレンタイン仕様浜風,0,160,19,44,19,500,118,50,120,45,120,120,50,－,ＬＬ,39,22060,0,3,-9,-3,艦船系／人系／艦これ
7988,バレンタイン仕様時雨改二,0,310,52,62,43,400,118,175,280,180,265,250,50,－,ＬＬ,45,19530,0,3,-9,-5,艦船系／人系／艦これ
7989,バレンタイン仕様如月,0,130,18,37,17,450,102,30,90,35,80,50,50,－,ＬＬ,34,18030,0,3,-9,-5,艦船系／人系／艦これ
7990,バレンタイン仕様睦月,0,130,18,37,17,450,102,30,90,35,80,60,100,－,ＬＬ,34,18030,0,3,-9,-5,艦船系／人系／艦これ
7991,春の花束仕様瑞穂,0,410,42,19,74,800,192,60,0,80,0,40,50,－,ＬＬ,61,182090,0,3,-9,-3,艦船系／人系／艦これ
7992,春の花束仕様春雨改,0,300,49,45,39,400,118,85,175,100,170,60,50,－,ＬＬ,43,19530,0,3,-9,-5,艦船系／人系／艦これ
7993,春の花束A仕様長波,0,160,19,47,19,500,119,50,120,45,135,65,50,－,ＬＬ,39,19530,0,3,-5,-5,艦船系／人系／艦これ
7994,春の花束B仕様長波,0,160,19,47,19,500,119,50,120,45,135,65,50,－,ＬＬ,39,19530,0,3,-5,-5,艦船系／人系／艦これ
7995,春の花束仕様夕雲,0,160,19,47,19,500,119,50,120,45,135,60,50,－,ＬＬ,39,19530,0,3,-5,-5,艦船系／人系／艦これ
7996,封印されし者の左足,0,100,50,50,150,100,10,573,573,573,573,573,1000,NT10,Ｍ,30,573,0,0,0,0,その他／スパロボシリーズ
7997,封印されし者の右足,0,100,50,50,150,100,10,573,573,573,573,573,2000,NT10,Ｍ,30,5730,0,0,0,0,その他／スパロボシリーズ
7998,封印されし者の左腕,0,100,50,50,150,100,10,573,573,573,573,573,4000,NT10,Ｍ,30,101900,0,0,0,0,その他／スパロボシリーズ
7999,封印されし者の右腕,0,100,50,50,150,100,10,573,573,573,573,573,8000,NT10,Ｍ,30,27930000,0,0,0,0,その他／スパロボシリーズ
8000,エクゾディア,0,100,50,50,150,100,10,573,573,573,573,573,573,NT10,Ｍ,50,285780000,0,0,0,0,その他／スパロボシリーズ
8001,ガイサック,0,320,30,67,60,300,10,150,150,0,0,0,60,強3,Ｓ,32,28000,5,1,-4,-4,その他／ゾイドシリーズ／スパロボシリーズ
8002,水着仕様朧,0,150,19,41,19,500,118,50,135,60,100,50,50,－,ＬＬ,37,19530,0,3,-9,-5,艦船系／人系／艦これ
8003,水着仕様朧改,0,300,49,45,39,500,118,60,140,75,120,60,50,－,ＬＬ,46,19530,0,3,-9,-5,艦船系／人系／艦これ
8004,水着仕様龍鳳,0,390,38,27,64,500,215,155,0,120,0,100,50,－,ＬＬ,49,64060,0,3,-9,-3,艦船系／人系／艦これ
8005,梅雨仕様夕立改二,0,310,52,46,49,400,118,210,250,130,250,100,50,－,ＬＬ,44,19530,0,3,-9,-5,艦船系／人系／艦これ
8006,フレズヴェルク・アーテル,0,390,23,80,60,335,16,200,200,200,200,200,50,強3,Ｍ,37,14180,1,-5,3,3,その他／スパロボシリーズ
8007,フレズヴェルク・アーテル(MA) ,1,390,23,80,60,335,16,200,200,200,200,200,50,強3,Ｍ,37,0,-1,-5,4,4,その他／スパロボシリーズ
8008,梅雨仕様夕張,0,320,29,42,39,330,139,85,100,50,65,60,50,－,ＬＬ,38,40060,0,3,-5,-4,艦船系／人系／艦これ
8009,水着仕様風雲,0,160,19,47,19,500,119,50,125,50,135,65,50,－,ＬＬ,38,55060,0,3,-9,-5,艦船系／人系／艦これ
8010,ターミナスtypeR606,0,432,46,90,60,450,20,250,280,250,100,50,90,－,Ｍ,43,28020,-1,-2,-4,3,その他／スパロボシリーズ
8011,ターミナスtypeR606(VM) ,1,432,46,80,60,450,20,250,280,250,100,50,90,－,Ｍ,43,0,2,-2,-4,-5,スパロボシリーズ／車輌・戦闘機系
8012,ターミナスtypeR808,0,396,46,75,60,450,20,250,280,250,100,50,90,－,Ｍ,41,28020,-1,-2,-4,3,その他／スパロボシリーズ
8013,ターミナスtypeR808(VM) ,1,396,46,65,60,450,20,250,280,250,100,50,90,－,Ｍ,41,0,-1,-2,-4,3,スパロボシリーズ／車輌・戦闘機系
8014,水着仕様扶桑,0,670,79,19,33,800,205,370,0,115,0,25,50,－,ＬＬ,69,294590,0,3,-9,-3,艦船系／人系／艦これ
8015,水着仕様大和,0,930,108,27,39,720,263,620,0,250,0,60,50,－,ＬＬ,78,1100120,0,3,-9,-3,艦船系／人系／艦これ
8016,レヴァナントアイ・イーギル,0,382,29,59,80,380,21,200,200,200,200,200,50,－,Ｍ,34,12030,2,-4,-5,0,その他／スパロボシリーズ
8017,ハルファイター,0,220,19,50,45,250,8,120,150,120,0,0,20,NT5,Ｍ,23,2140,-5,-5,3,3,連邦軍・ティターンズ・地球連合／車輌・戦闘機系
8018,Nタイプ仕様ガンダムF90,0,453,50,116,70,520,15,250,260,260,240,200,120,NT5,Ｍ,41,18450,3,-3,-5,-2,MS系／ガンダム系／連邦軍・ティターンズ・地球連合／機動戦士ガンダムF90
8019,水着仕様大淀,0,340,34,35,80,870,192,120,0,90,0,120,50,－,ＬＬ,62,55060,0,3,-9,-4,艦船系／人系／艦これ
8020,水着仕様大淀改,0,470,68,40,84,870,192,185,70,185,65,150,50,－,ＬＬ,69,64060,0,3,-9,-4,艦船系／人系／艦これ
8021,アンサラー,0,2200,30,20,150,800,300,400,400,500,500,3000,1100,－,ＸＬ,127,980120,-6,-6,0,0,艦船系／スパロボシリーズ
8022,水着仕様大鯨,0,390,37,24,48,500,215,495,65,0,80,100,50,－,ＬＬ,48,31060,0,3,-9,-3,艦船系／人系／艦これ
8023,梅雨仕様早霜,0,160,19,47,19,500,119,60,120,75,135,55,50,－,ＬＬ,38,19530,0,3,-9,-5,艦船系／人系／艦これ
8024,ビューナスA,0,540,87,55,50,525,20,380,380,390,390,390,100,－,Ｍ,49,52020,3,-3,2,-4,その他／スパロボシリーズ
8025,ゼルフィカールNE,0,410,34,77,69,420,16,200,200,200,200,200,70,－,Ｍ,40,13960,2,-4,3,1,その他／スパロボシリーズ
8026,梅雨仕様千代田,0,400,39,20,69,550,185,165,0,70,0,50,50,－,ＬＬ,51,64060,0,3,-9,-3,艦船系／人系／艦これ
8027,梅雨仕様千歳,0,400,39,20,69,550,192,165,0,70,0,50,50,－,ＬＬ,51,64060,0,3,-9,-3,艦船系／人系／艦これ
8028,白兵戦仕様輝鎚・乙,0,500,85,28,60,400,15,200,200,200,200,200,70,－,Ｍ,43,13260,3,-4,-5,0,その他／スパロボシリーズ
8029,狙撃仕様輝鎚・乙,0,500,85,28,95,400,15,200,200,200,200,200,70,－,Ｍ,45,13260,3,-4,-5,0,その他／スパロボシリーズ
8030,梅雨仕様清霜,0,160,19,47,19,500,119,50,120,45,135,60,50,－,ＬＬ,38,19530,0,3,-9,-5,艦船系／人系／艦これ
8031,梅雨仕様瑞穂,0,410,42,19,74,800,192,60,0,80,0,40,50,－,ＬＬ,61,182090,0,3,-9,-3,艦船系／人系／艦これ
8032,空中戦仕様アルト,0,400,38,50,60,400,16,200,200,200,200,200,30,－,Ｍ,27,18000,0,-3,0,2,その他／スパロボシリーズ／量産機
8033,陸戦仕様アルト,0,400,38,50,60,400,16,200,200,200,200,200,30,－,Ｍ,27,18000,2,-3,0,0,その他／スパロボシリーズ／量産機
8034,水着仕様榛名改二,0,810,93,39,49,800,214,515,0,536,0,177,50,－,ＬＬ,78,330590,0,3,-9,-3,艦船系／人系／艦これ
8035,梅雨仕様曙,0,150,19,41,19,500,118,50,135,60,100,50,50,－,ＬＬ,37,19530,0,3,-6,-5,艦船系／人系／艦これ
8036,モビルポッド装備仕様MS少女ジム,0,295,24,43,65,300,18,0,10,30,30,0,505,－,ＳＳ,20,6810,0,-3,2,-4,MS系／ジム系／連邦軍・ティターンズ・地球連合／人系
8037,ドゥルガーII,0,400,39,58,70,400,16,200,200,200,200,200,70,強3,Ｍ,39,12330,3,-5,3,1,その他／スパロボシリーズ
8038,水着仕様曙,0,150,19,41,19,500,118,50,135,60,100,50,50,－,ＬＬ,37,19530,0,3,-6,-5,艦船系／人系／艦これ
8039,水着仕様山城,0,670,79,19,33,800,205,370,0,115,0,25,50,－,ＬＬ,69,294590,0,3,-9,-3,艦船系／人系／艦これ
8040,水中仕様ポルタノヴァ,0,410,40,46,60,400,16,200,200,200,200,200,30,－,Ｍ,27,18000,-3,2,0,0,その他／スパロボシリーズ／量産機
8041,梅雨仕様最上,0,410,59,35,39,800,200,200,90,100,0,50,50,－,ＬＬ,60,114590,0,3,-9,-4,艦船系／人系／艦これ
8042,水着仕様五十鈴,0,260,29,37,39,500,162,70,120,65,200,60,50,－,ＬＬ,43,40060,0,3,-5,-4,艦船系／人系／艦これ
8043,三二式伍型・漸雷,0,400,40,60,60,420,15,200,200,200,200,200,70,－,Ｍ,35,13030,3,-4,-5,0,その他／スパロボシリーズ／量産機
8044,三二式伍型丙・漸雷強襲装備型,0,400,40,62,60,420,15,200,200,200,200,200,70,－,Ｍ,35,13030,3,-4,-5,0,その他／スパロボシリーズ
8045,三八式一型・榴雷改,0,400,40,62,60,420,15,200,200,200,200,200,140,－,Ｍ,35,13030,3,-4,-5,0,その他／スパロボシリーズ
8046,アフロさん,0,420,58,40,50,350,16,180,180,190,190,190,100,強5,ＳＳ,36,23220,5,-2,-5,-4,その他／スパロボシリーズ／人系
8047,ダイアナさん,0,492,79,50,55,525,20,150,150,125,125,125,100,強5,ＳＳ,47,40020,2,-2,-5,-4,その他／スパロボシリーズ／人系
8048,浴衣仕様ダイアナさん,0,492,79,50,55,525,20,150,150,125,125,125,1,強5,ＳＳ,47,40020,2,-2,-5,-4,その他／スパロボシリーズ／人系
8049,水着仕様沖波,0,160,19,47,21,500,119,50,120,45,140,50,50,－,ＬＬ,38,19530,0,3,-9,-5,艦船系／人系／艦これ
8050,水着仕様リベッチオ,0,150,18,48,20,400,106,45,110,55,150,70,50,－,ＬＬ,34,55060,0,3,-9,-5,艦船系／人系／艦これ
8051,ビューちゃん,0,540,87,55,50,525,20,380,380,390,390,390,100,－,ＳＳ,49,52020,3,-3,2,-4,その他／スパロボシリーズ／人系
8052,水着仕様ビューちゃん,0,540,87,55,50,525,20,380,380,390,390,390,1,－,ＳＳ,49,52020,3,-3,2,-4,その他／スパロボシリーズ／人系
8053,水着仕様マックス・シュルツ,0,180,22,36,24,190,119,40,120,60,160,30,50,－,ＬＬ,28,28060,0,3,-9,-5,艦船系／人系／艦これ
8054,秋刀魚仕様龍鳳,0,390,38,27,64,500,215,155,0,120,0,100,50,－,ＬＬ,49,64060,0,3,-9,-3,艦船系／人系／艦これ
8055,バルチャー改,0,400,43,55,60,380,16,200,200,200,200,200,70,強3,Ｍ,38,12630,1,-5,3,-4,その他／スパロボシリーズ
8056,バルチャー改(MA) ,1,400,43,55,60,380,16,200,200,200,200,200,70,強3,Ｍ,38,0,0,-5,3,1,MA系／スパロボシリーズ
8057,秋刀魚仕様夕雲,0,160,19,47,19,500,119,50,120,45,135,60,50,－,ＬＬ,39,19530,0,3,-5,-5,艦船系／人系／艦これ
8058,秋刀魚仕様扶桑,0,670,79,19,33,800,205,370,0,115,0,25,50,－,ＬＬ,69,294590,0,3,-9,-3,艦船系／人系／艦これ
8059,ゴールドフォー,0,458,55,120,92,492,14,340,360,290,320,340,100,強4,Ｍ,52,62420,2,-1,4,2,その他／スパロボシリーズ／専用機
8060,ケレス大戦仕様ゴールドフォー,0,488,55,120,92,492,14,340,360,290,320,340,200,強4,Ｍ,53,68420,2,-1,4,2,その他／スパロボシリーズ／専用機
8061,秋刀魚仕様大鯨,0,390,37,24,48,500,215,495,65,0,80,100,50,－,ＬＬ,48,31060,0,3,-9,-3,艦船系／人系／艦これ
8062,秋刀魚仕様多摩,0,250,29,36,39,500,162,70,120,65,45,40,50,－,ＬＬ,43,40060,0,3,-5,-4,艦船系／人系／艦これ
8063,JACK SUIT,0,365,66,120,80,300,10,450,470,330,330,250,150,NT7,ＳＳ,42,47840,2,-2,0,-1,その他／スパロボシリーズ
8064,秋祭り法被仕様吹雪,0,150,19,40,19,500,118,50,135,50,100,85,50,－,ＬＬ,37,19530,0,3,-6,-5,艦船系／人系／艦これ
8065,秋祭り法被仕様吹雪改二,0,310,50,49,54,500,118,75,150,175,130,85,50,－,ＬＬ,48,55060,0,3,-9,-5,艦船系／人系／艦これ
8066,アメイジングバルバトスルプス,0,575,57,114,100,650,18,1390,1390,1390,1390,1390,400,強7,Ｍ,60,56620,3,-4,2,1,MS系／ガンダム系／ガンダムビルドシリーズ
8067,エスポジットα,0,380,38,56,60,400,16,200,200,200,200,200,30,－,Ｍ,27,18000,0,-3,0,2,その他／スパロボシリーズ／量産機
8068,エスポジットα(MA) ,1,380,38,56,60,400,16,200,200,200,200,200,30,－,Ｍ,27,0,0,-3,0,2,その他／スパロボシリーズ／量産機
8069,エスポジットβ,0,380,38,56,60,400,16,200,200,200,200,200,30,－,Ｍ,27,18000,0,-3,0,2,その他／スパロボシリーズ／量産機
8070,エスポジットβ(MA) ,1,380,38,56,60,400,16,200,200,200,200,200,30,－,Ｍ,27,0,0,-3,0,2,その他／スパロボシリーズ／量産機
8071,秋刀魚仕様時雨改二,0,310,52,62,43,400,118,175,280,180,265,250,50,－,ＬＬ,45,19530,0,3,-9,-5,艦船系／人系／艦これ
8072,秋刀魚仕様ザラ,0,420,54,33,36,830,182,180,0,90,0,50,50,－,ＬＬ,61,294590,0,3,-9,-3,艦船系／人系／艦これ
8073,レプリギャレオン,0,480,37,70,50,400,10,200,200,170,170,170,80,強3,Ｍ,48,28020,3,-1,0,0,その他／勇者・エルドランシリーズ
8074,ダブちゃん,0,432,71,90,40,420,10,300,300,270,270,270,100,－,ＳＳ,43,52020,0,-5,1,2,その他／スパロボシリーズ
8075,アイマケ仕様ダブちゃん,0,442,71,90,40,420,10,300,300,270,270,270,100,－,ＳＳ,43,52020,0,-5,1,2,その他／スパロボシリーズ
8076,CS仕様ダブちゃん,0,452,71,90,40,420,10,300,300,270,270,270,100,－,ＳＳ,43,52020,0,-5,1,2,その他／スパロボシリーズ
8077,秋刀魚仕様あきつ丸改,0,400,43,17,59,500,152,160,0,75,0,85,50,－,ＬＬ,49,64060,0,4,-9,-5,艦船系／人系／艦これ
8078,節分仕様明石,0,390,19,8,5,800,154,10,10,5,5,5,50,－,ＬＬ,53,52060,0,2,-9,-6,艦船系／人系／艦これ
8079,ストライクフリーダム弐式,0,548,55,122,90,720,18,370,400,250,270,250,250,強5,Ｍ,82,106400,1,-4,4,3,MS系／ガンダム系／機動戦士ガンダムSEED FREEDOM
8080,マイティーストライクフリーダム,0,598,55,132,95,900,18,1370,1400,1250,1270,1250,2600,強5,Ｍ,91,415200,1,-4,4,3,MS系／ガンダム系／機動戦士ガンダムSEED FREEDOM
8081,ジェノシザース,0,516,54,57,70,750,20,300,300,300,300,300,150,強3,Ｍ,51,56820,6,-4,-5,-2,その他／ゾイドシリーズ／スパロボシリーズ
8082,節分仕様明石改,0,450,27,10,6,800,154,45,0,95,0,60,50,－,ＬＬ,56,64060,0,2,-9,-6,艦船系／人系／艦これ
8083,新春仕様鳳翔,0,300,39,24,36,500,168,95,0,50,0,100,50,－,ＬＬ,44,40060,0,3,-9,-3,艦船系／人系／艦これ
8084,クファンジャル,0,396,33,70,60,450,16,200,200,200,200,200,70,－,Ｍ,34,12060,2,-4,-5,1,その他／量産機
8085,もりりん,0,460,72,31,55,500,16,400,400,400,400,400,100,－,ＳＳ,44,26000,2,-2,-5,-5,その他／スパロボシリーズ／人系
8086,せわしん,0,466,70,31,55,500,16,400,400,400,400,400,100,－,ＳＳ,44,26000,2,-2,-5,-5,その他／スパロボシリーズ／人系
8087,のそりん,0,469,73,31,55,500,16,400,400,400,400,400,100,－,ＳＳ,44,26000,2,-2,-5,-5,その他／スパロボシリーズ／人系
8088,節分仕様風雲,0,160,19,47,19,500,119,50,125,50,135,65,50,－,ＬＬ,38,55060,0,3,-9,-5,艦船系／人系／艦これ
8089,バレンタイン仕様高波,0,160,19,47,19,500,119,50,120,45,135,60,50,－,ＬＬ,39,19530,0,3,-9,-5,艦船系／人系／艦これ
8090,FAワイバーン,0,400,43,55,60,440,16,200,200,200,200,200,70,強3,Ｍ,38,12630,1,-5,3,-4,その他／スパロボシリーズ
8091,FAワイバーン(MA) ,1,400,43,55,60,440,16,200,200,200,200,200,70,強3,Ｍ,38,0,0,-5,3,1,MA系／スパロボシリーズ
8092,節分仕様浦波,0,150,19,42,19,500,118,50,135,50,100,85,50,－,ＬＬ,37,55060,0,3,-9,-5,艦船系／人系／艦これ
8093,お買い物仕様ポーラ,0,420,53,32,35,830,182,175,0,80,0,45,50,－,ＬＬ,61,294590,0,3,-9,-3,艦船系／人系／艦これ
8094,アグネス専用ギャンシュトローム,0,470,44,86,70,480,18,200,230,100,100,100,70,強6,Ｍ,49,16600,2,-3,2,2,MS系／ギャン系／ジオン・ネオジオン軍・ザフト／機動戦士ガンダムSEED FREEDOM／専用機
8095,節分仕様コマンダン・テスト,0,420,50,20,70,600,167,140,0,90,0,85,50,－,ＬＬ,54,186590,0,3,-9,-3,艦船系／人系／艦これ
8096,バレンタイン仕様コマンダン・テスト,0,420,50,20,70,600,167,140,0,90,0,85,50,－,ＬＬ,34,186590,0,3,-9,-3,艦船系／人系／艦これ
8097,SFシラヌイ仕様アカツキ,0,464,45,92,70,530,18,360,390,220,240,220,100,－,Ｍ,56,28360,2,-4,4,0,MS系／ガンダム系／機動戦士ガンダムSEED FREEDOM
8098,セカンドジャイヴ,0,395,36,58,60,410,16,200,200,200,200,200,50,－,Ｍ,38,12930,2,-4,-5,-4,その他／スパロボシリーズ
8099,セカンドジャイヴ(SM) ,1,395,36,40,60,410,16,200,200,200,200,200,50,－,Ｍ,38,0,5,-5,-5,-5,その他／スパロボシリーズ
8100,ベアー号,0,324,33,80,50,175,10,600,400,400,400,400,30,－,Ｍ,28,11410,-5,-5,2,2,車輌・戦闘機系／スパロボシリーズ
8101,ジャガー号,0,312,25,90,50,175,10,600,400,400,400,400,30,－,Ｍ,28,10810,-5,-5,2,2,車輌・戦闘機系／スパロボシリーズ
8102,イーグル号,0,324,25,90,50,175,10,600,400,400,400,400,30,－,Ｍ,28,10810,-5,-5,2,2,車輌・戦闘機系／スパロボシリーズ
8103,ポセイドン号,0,384,37,90,50,315,10,600,400,400,400,400,40,－,Ｍ,36,20820,-5,-5,2,2,車輌・戦闘機系／スパロボシリーズ
8104,ライガー号,0,360,29,100,50,175,10,600,400,400,400,400,40,－,Ｍ,30,19810,-5,-5,2,2,車輌・戦闘機系／スパロボシリーズ
8105,ドラゴン号,0,372,29,100,50,175,10,600,400,400,400,400,40,－,Ｍ,31,19810,-5,-5,2,2,車輌・戦闘機系／スパロボシリーズ
8106,バレンタイン仕様朧,0,150,19,41,19,500,118,50,135,60,100,50,50,－,ＬＬ,37,19530,0,3,-9,-5,艦船系／人系／艦これ
8107,梅雨仕様漣,0,150,19,41,19,500,118,50,135,60,100,50,50,－,ＬＬ,37,19530,0,3,-6,-5,艦船系／人系／艦これ
8108,ダークホーンHS,0,580,58,75,70,540,20,175,215,155,190,190,80,－,Ｍ,60,36800,5,-3,-6,-1,その他／ゾイドシリーズ／スパロボシリーズ
8109,特殊部隊所属仕様ポルタノヴァ,0,415,40,49,70,400,16,200,200,200,200,200,30,－,Ｍ,27,18000,2,-3,0,0,その他／スパロボシリーズ
8110,X777部隊所属仕様アルト,0,410,42,50,65,400,16,200,200,200,200,200,30,－,Ｍ,27,18000,2,-3,0,0,その他／スパロボシリーズ
8111,バンクーバ,0,850,60,35,140,700,80,200,280,0,0,200,50,－,Ｌ,67,40000,-2,-2,1,-1,艦船系／スパロボシリーズ／量産機
8112,おうみ,0,850,60,35,140,700,80,200,280,0,0,200,50,－,Ｌ,67,40000,-2,-2,1,-1,艦船系／スパロボシリーズ／量産機
8113,まみや,0,850,60,35,140,700,80,200,280,0,0,200,50,－,Ｌ,67,40000,-2,-2,1,-1,艦船系／スパロボシリーズ／量産機
8114,エルベ,0,850,60,35,140,700,80,200,280,0,0,200,50,－,Ｌ,67,40000,-2,-2,1,-1,艦船系／スパロボシリーズ／量産機
8115,アムンゼン,0,850,60,35,140,700,80,200,280,0,0,200,50,－,Ｌ,67,40000,-2,-2,1,-1,艦船系／スパロボシリーズ／量産機
8116,コロッサス,0,850,60,35,140,700,80,200,280,0,0,200,50,－,Ｌ,67,40000,-2,-2,1,-1,艦船系／スパロボシリーズ／量産機
8117,ツインターボ,0,100,6,77,50,410,2,2000,3000,3000,2000,2000,2000,NT8,ＳＳ,42,8615000,6,-1,-6,-4,人系
8118,ガンドノード,0,466,34,82,80,425,18,300,300,300,300,300,60,強5,Ｍ,32,19000,0,-4,4,-3,MS系／ガンダム系／水星の魔女
8119,伊36,0,140,19,10,9,2590,108,20,360,0,0,460,50,－,ＬＬ,106,18030,0,6,-9,-5,艦船系／人系／艦これ
8120,伊36改,0,180,20,10,9,2590,108,130,880,0,0,480,100,－,ＬＬ,108,18030,0,6,-9,-5,艦船系／人系／艦これ
8121,ヤクトファルクス,0,390,49,53,65,400,16,200,200,200,200,200,100,強3,Ｍ,38,10560,3,-5,3,1,その他／量産機
8122,ファイアーフォックス,0,380,42,86,65,400,20,160,200,140,160,180,50,－,Ｍ,48,12000,5,-3,-5,0,その他／ゾイドシリーズ／スパロボシリーズ
8123,ミリオンα,0,500,57,46,55,400,10,190,190,195,195,195,50,－,Ｍ,34,16000,2,-2,-5,-4,その他／スパロボシリーズ
8124,バイオンβ,0,520,57,44,55,400,18,190,190,195,195,195,50,－,Ｍ,34,16000,2,-2,-5,-4,その他／スパロボシリーズ
8125,ダイオンγ,0,510,57,42,55,400,15,190,190,195,195,195,50,－,Ｍ,34,16000,2,-2,-5,-4,その他／スパロボシリーズ
8126,ミリちゃん,0,432,62,32,55,550,16,400,400,400,400,400,100,－,ＳＳ,44,40000,2,-2,-5,-5,その他／スパロボシリーズ／人系
8127,バンちゃん,0,464,86,30,55,550,16,400,400,400,400,400,100,－,ＳＳ,41,40000,2,-2,-5,-5,その他／スパロボシリーズ／人系
8128,イオちゃん,0,500,57,27,55,550,16,400,400,400,400,400,100,－,ＳＳ,45,40000,2,-2,-5,-5,その他／スパロボシリーズ／人系
8129,セイバータイガーゴールド,0,450,48,79,63,480,10,190,220,230,195,130,90,－,Ｍ,45,25400,5,-3,-5,0,その他／ゾイドシリーズ／スパロボシリーズ
8130,梅雨仕様扶桑,0,670,79,19,33,800,205,370,0,115,0,25,50,－,ＬＬ,69,294590,0,3,-9,-3,艦船系／人系／艦これ
8131,秋の私服仕様白露,0,160,19,43,19,400,118,50,120,60,105,150,50,－,ＬＬ,34,19530,0,3,-9,-5,艦船系／人系／艦これ
8132,秋の私服仕様天霧,0,150,20,41,20,500,118,50,135,60,100,55,50,－,ＬＬ,38,19530,0,3,-9,-5,艦船系／人系／艦これ
8133,桃の節句仕様潮,0,150,19,41,19,500,118,50,135,60,100,50,50,－,ＬＬ,37,19530,0,3,-9,-5,艦船系／人系／艦これ
8134,桃の節句仕様潮改二,0,330,58,65,48,500,118,50,175,120,280,160,50,－,ＬＬ,50,19530,0,3,-9,-5,艦船系／人系／艦これ
8135,ジェンタオ,0,435,36,46,89,430,16,220,220,220,220,220,90,－,Ｍ,41,16250,2,-4,-5,1,その他／スパロボシリーズ／量産機
8136,EA仕様ジィダオ,0,435,36,68,69,430,16,220,220,220,220,220,90,－,Ｍ,42,14250,2,-4,-5,1,その他／スパロボシリーズ／量産機
8137,ブレードライガーミラージュ,0,456,42,119,75,490,10,290,310,330,290,200,150,－,Ｍ,50,42860,5,-3,-5,1,その他／ゾイドシリーズ／スパロボシリーズ
8138,桃の節句仕様瑞穂,0,410,42,19,74,800,192,60,0,80,0,40,50,－,ＬＬ,61,182090,0,3,-9,-3,艦船系／人系／艦これ
8139,バレンタイン仕様水無月,0,130,18,37,17,450,102,30,90,35,85,65,50,－,ＬＬ,34,18030,0,3,-9,-5,艦船系／人系／艦これ
8140,梅雨仕様神威,0,360,18,13,15,800,151,15,0,40,0,85,50,－,ＬＬ,53,28060,0,3,-9,-3,艦船系／人系／艦これ
8141,梅雨仕様神威改,0,370,29,13,48,800,151,30,0,60,0,95,50,－,ＬＬ,56,31060,0,3,-9,-3,艦船系／人系／艦これ
8142,梅雨仕様神威改母,0,390,33,16,54,800,151,35,0,70,50,10,50,－,ＬＬ,58,40060,0,3,-9,-3,艦船系／人系／艦これ
8143,デザート仕様シールドライガー,0,408,42,100,60,420,20,190,230,220,185,120,50,－,Ｍ,42,28060,4,-3,-5,0,その他／ゾイドシリーズ／スパロボシリーズ
8144,ブレードライガーAB,0,456,42,110,75,490,20,280,300,320,280,200,100,－,Ｍ,48,30460,5,-4,-5,1,その他／ゾイドシリーズ／スパロボシリーズ
8145,お買い物仕様榛名,0,630,69,30,39,800,214,315,0,120,0,75,50,－,ＬＬ,68,272090,0,3,-9,-3,艦船系／人系／艦これ
8146,お買い物仕様鹿島,0,360,27,25,36,700,133,65,55,75,65,100,50,－,ＬＬ,52,31060,0,3,-9,-4,艦船系／人系／艦これ
8147,桃の節句仕様山風,0,160,19,42,18,400,118,55,120,40,95,30,50,－,ＬＬ,34,55060,0,3,-9,-5,艦船系／人系／艦これ
8148,FA金剛,0,395,26,80,60,335,16,200,200,200,200,200,50,強3,Ｍ,36,12180,2,0,1,1,その他／量産機
8149,FA金剛(CM) ,1,395,26,80,60,335,16,200,200,200,200,200,50,強3,Ｍ,36,0,-5,3,-5,-5,その他／スパロボシリーズ／量産機
8150,秋の私服仕様狭霧,0,150,19,40,19,500,118,50,135,60,100,30,50,－,ＬＬ,37,19530,0,3,-9,-5,艦船系／人系／艦これ
8151,秋の私服＆秋刀魚仕様狭霧,0,150,19,40,19,500,118,50,135,60,100,30,50,－,ＬＬ,37,19530,0,3,-9,-5,艦船系／人系／艦これ
8152,Zちゃん(NEO),0,650,58,31,50,550,16,400,400,400,400,400,100,－,ＳＳ,50,40000,2,-2,-5,-5,その他／スパロボシリーズ／人系
8153,グレちゃん(NEO),0,462,73,32,50,550,16,400,400,400,400,400,100,－,ＳＳ,49,40000,2,-2,-5,-5,その他／スパロボシリーズ／人系
8154,グレンダちゃん,0,580,64,30,55,550,16,400,400,400,400,400,100,－,ＳＳ,49,40000,2,-2,-5,-5,その他／スパロボシリーズ／人系
8155,MS少女ブラウ・ブロ,0,452,28,59,75,482,30,175,0,0,0,170,501,NT2,Ｌ,43,18750,-5,-5,3,-5,MA系／ジオン・ネオジオン軍・ザフト／人系
8156,イグアン,0,372,42,85,55,210,16,100,100,120,120,0,30,－,Ｓ,32,7810,5,-4,-6,-1,その他／ゾイドシリーズ／スパロボシリーズ／量産機
8157,秋刀魚仕様卯月,0,130,18,37,17,450,102,30,90,35,80,50,50,－,ＬＬ,34,18030,0,3,-9,-5,艦船系／人系／艦これ
8158,秋の私服仕様リシュリュー,0,850,90,36,50,850,247,320,0,110,0,110,50,－,ＬＬ,80,312590,0,3,-9,-3,艦船系／人系／艦これ
8159,桃の節句仕様コマンダン・テスト,0,420,50,20,70,600,167,140,0,90,0,85,50,－,ＬＬ,54,186590,0,3,-9,-3,艦船系／人系／艦これ
8160,ゲッたん,0,458,72,30,55,550,16,400,400,400,400,400,150,－,ＳＳ,45,40000,2,-2,-5,-5,その他／スパロボシリーズ／人系
8161,ハロウィン仕様ゲッちゃんドラゴン,0,595,49,31,55,550,16,400,400,400,400,400,150,－,ＳＳ,49,40000,2,-2,-5,-5,その他／スパロボシリーズ／人系
8162,正月仕様ゲッちゃんドラゴン,0,469,94,29,55,550,16,400,400,400,400,400,150,－,ＳＳ,47,40000,2,-2,-5,-5,その他／スパロボシリーズ／人系
8163,一般仕様ボゾン,0,307,19,70,60,204,15,70,70,60,60,0,20,NT3,Ｓ,44,12750,3,-2,0,5,その他／スパロボシリーズ／量産機
8164,ジャブロー仕様グフ飛行試験型,0,292,28,62,48,340,18,0,60,0,80,0,50,－,Ｍ,26,8460,3,1,-5,1,MS系／ジオン・ネオジオン軍・ザフト／機動戦士Zガンダム／グフ系
8165,帝国仕様ライガーゼロ,0,396,46,110,60,420,20,250,250,130,150,80,90,－,Ｍ,43,44860,5,-4,-6,0,その他／ゾイドシリーズ／スパロボシリーズ
8166,F作業仕様ヴェールヌイ,0,370,58,47,44,500,118,185,235,210,305,100,50,－,ＬＬ,50,28060,0,3,-9,-5,艦船系／人系／艦これ
8167,秋の私服仕様不知火,0,160,19,44,19,500,118,50,120,45,120,50,50,－,ＬＬ,38,19530,0,3,-6,-5,艦船系／人系／艦これ
8168,秋の私服仕様藤波,0,160,19,46,24,500,119,50,120,60,130,45,50,－,ＬＬ,38,19530,0,3,-9,-5,艦船系／人系／艦これ
8169,秋冬制服仕様朝雲,0,160,19,43,19,519,118,50,120,45,105,40,50,－,ＬＬ,39,19530,0,3,-9,-5,艦船系／人系／艦これ
8170,キューティーゲッちゃん,0,490,71,32,55,550,16,400,400,400,400,400,150,－,ＳＳ,49,40000,2,-2,-5,-5,その他／スパロボシリーズ／人系
8171,メイド仕様ゲッちゃん,0,432,86,32,55,550,16,400,400,400,400,400,150,－,ＳＳ,49,40000,2,-2,-5,-5,その他／スパロボシリーズ／人系
8172,ゲッちゃんZ,0,489,79,30,55,550,16,400,400,400,400,400,150,－,ＳＳ,49,40000,2,-2,-5,-5,その他／スパロボシリーズ／人系
8173,カカオ仕様ゲッちゃん,0,390,85,32,55,550,16,400,400,400,400,400,150,－,ＳＳ,49,40000,2,-2,-5,-5,その他／スパロボシリーズ／人系
8174,ゴスロリ仕様ゲッちゃんドラゴン,0,624,76,29,55,550,16,400,400,400,400,400,150,－,ＳＳ,51,40000,2,-2,-5,-5,その他／スパロボシリーズ／人系
8175,ゲッドラさん,0,653,75,28,55,550,16,400,400,400,400,400,150,－,ＳＳ,49,40000,2,-2,-5,-5,その他／スパロボシリーズ／人系
8176,私服仕様ゲッドラさん,0,480,82,32,55,550,16,400,400,400,400,400,150,－,ＳＳ,49,40000,2,-2,-5,-5,その他／スパロボシリーズ／人系
8177,ゲッちゃんドラゴンLR,0,484,68,30,55,550,16,400,400,400,400,400,150,－,ＳＳ,49,80000,2,-2,-5,-5,その他／スパロボシリーズ／人系
8178,秋の私服仕様蒼龍,0,500,49,33,69,760,227,320,0,130,0,50,50,－,ＬＬ,63,110090,0,3,-9,-3,艦船系／人系／艦これ
8179,秋の私服仕様川内,0,260,29,38,39,500,162,70,120,65,100,60,50,－,ＬＬ,43,40060,0,3,-5,-4,艦船系／人系／艦これ
8180,ハロウィン仕様瑞穂,0,410,42,19,74,800,192,60,0,80,0,40,50,－,ＬＬ,61,182090,0,3,-9,-3,艦船系／人系／艦これ
8181,ワイルドライガー,0,300,32,94,60,390,15,190,230,220,185,120,20,－,Ｓ,36,9600,4,-3,-5,0,その他／ゾイドシリーズ／スパロボシリーズ
8182,紅蓮仕様ワイルドライガー,0,305,32,95,60,390,15,190,230,220,185,120,20,－,Ｓ,37,11600,4,-3,-5,0,その他／ゾイドシリーズ／スパロボシリーズ
8183,ガンパー,0,456,40,80,50,350,40,300,300,300,300,300,30,－,Ｍ,39,12010,-5,-3,2,2,車輌・戦闘機系／スパロボシリーズ
8184,ベラリオス,0,432,40,85,50,350,29,300,300,300,300,300,30,強5,Ｍ,39,12010,3,-3,2,-5,その他／スパロボシリーズ
8185,アトラウス,0,420,46,85,50,350,38,300,300,300,300,300,30,NT5,Ｍ,39,13210,3,-3,2,-5,その他／スパロボシリーズ
8186,TFO,0,276,62,65,50,350,7,100,200,200,200,200,10,－,Ｓ,33,23220,-5,-5,4,4,車輌・戦闘機系／スパロボシリーズ
8187,スペイザー,0,720,100,70,50,910,34,600,400,400,400,400,80,－,Ｌ,71,128030,-5,-5,3,2,車輌・戦闘機系／スパロボシリーズ
8188,ダブルスペイザー,0,432,70,90,50,420,30,200,200,200,200,200,40,－,Ｍ,43,52020,-5,-5,2,3,車輌・戦闘機系／スパロボシリーズ
8189,マリンスペイザー,0,420,70,85,50,420,25,200,200,200,200,200,40,－,Ｍ,43,52020,-5,3,2,3,車輌・戦闘機系／スパロボシリーズ
8190,ドリルスペイザー,0,456,75,75,50,420,25,200,200,200,200,200,40,－,Ｍ,43,52020,2,-5,2,2,車輌・戦闘機系／スパロボシリーズ
8191,秋の私服仕様秋雲,0,160,19,45,19,500,119,50,120,45,120,70,50,－,ＬＬ,39,19530,0,3,-9,-5,艦船系／人系／艦これ
8192,秋冬制服仕様山雲,0,160,19,43,19,519,118,50,120,45,115,35,50,－,ＬＬ,39,19530,0,3,-9,-5,艦船系／人系／艦これ
8193,晩秋の私服仕様狭霧,0,150,19,40,19,500,118,50,135,60,100,30,50,－,ＬＬ,37,19530,0,3,-9,-5,艦船系／人系／艦これ
8194,売り子仕様風雲,0,160,19,47,19,500,119,50,125,50,135,65,50,－,ＬＬ,38,55060,0,3,-9,-5,艦船系／人系／艦これ
8195,節分仕様如月,0,130,18,37,17,450,102,30,90,35,80,50,50,－,ＬＬ,34,18030,0,3,-9,-5,艦船系／人系／艦これ
8196,節分仕様朝霜,0,160,19,47,19,500,119,50,120,45,175,80,50,－,ＬＬ,38,55060,0,3,-9,-5,艦船系／人系／艦これ
8197,年末年始仕様対馬,0,90,16,41,13,800,77,20,0,35,180,35,50,－,ＬＬ,45,12030,0,3,-9,-3,艦船系／人系／艦これ
8198,晴れ着仕様対馬,0,90,16,41,13,800,77,20,0,35,180,35,50,－,ＬＬ,45,12030,0,3,-9,-3,艦船系／人系／艦これ
8199,クリスマス仕様佐渡,0,90,16,39,15,800,77,20,0,35,175,35,1,－,ＬＬ,45,12030,0,3,-9,-3,艦船系／人系／艦これ
8200,節分仕様佐渡,0,90,16,39,15,800,77,20,0,35,175,35,1,－,ＬＬ,45,12030,0,3,-9,-3,艦船系／人系／艦これ
8201,アンサング,0,460,38,92,68,440,13,200,350,300,320,200,130,－,Ｓ,49,43000,4,-6,0,0,その他／スパロボシリーズ
8202,ドラム,0,130,21,17,43,1100,95,10,350,0,0,330,50,－,ＬＬ,57,18030,0,6,-9,-5,艦船系／人系／艦これ
8203,平安丸,0,360,18,14,30,1870,163,50,0,10,0,60,50,－,ＬＬ,98,28060,0,3,-9,-3,艦船系／人系／艦これ
8204,平安丸改,0,390,34,16,39,1870,163,50,0,10,0,60,50,－,ＬＬ,98,28060,0,3,-9,-3,艦船系／人系／艦これ
8205,クリスマス仕様狭霧,0,150,19,40,19,500,118,50,135,60,100,30,50,－,ＬＬ,37,19530,0,3,-9,-5,艦船系／人系／艦これ
8206,晴れ着仕様リシュリュー,0,850,90,36,50,850,247,320,0,110,0,110,50,－,ＬＬ,80,312590,0,3,-9,-3,艦船系／人系／艦これ
8207,八周年仕様朧,0,150,19,41,19,500,118,50,135,60,100,50,50,－,ＬＬ,37,19530,0,3,-9,-5,艦船系／人系／艦これ
8208,八周年仕様漣,0,150,19,41,19,500,118,50,135,60,100,50,50,－,ＬＬ,37,19530,0,3,-6,-5,艦船系／人系／艦これ
8209,バレンタイン仕様潮,0,150,19,41,19,500,118,50,135,60,100,50,50,－,ＬＬ,37,19530,0,3,-9,-5,艦船系／人系／艦これ
8210,八周年仕様潮,0,150,19,41,19,500,118,50,135,60,100,50,50,－,ＬＬ,37,19530,0,3,-9,-5,艦船系／人系／艦これ
8211,八周年仕様潮改二,0,330,58,65,48,500,118,50,175,120,280,160,50,－,ＬＬ,50,19530,0,3,-9,-5,艦船系／人系／艦これ
8212,クリスマス仕様ライガ様,0,539,80,31,55,550,16,400,400,400,400,400,150,－,ＳＳ,49,40000,2,-2,-5,-5,その他／スパロボシリーズ／人系
8213,ナースライガ様,0,439,70,32,55,550,16,400,400,400,400,400,150,－,ＳＳ,44,40000,2,-2,-5,-5,その他／スパロボシリーズ／人系
8214,グレートライガ様,0,450,64,32,55,550,16,400,400,400,400,400,150,－,ＳＳ,44,40000,2,-2,-5,-5,その他／スパロボシリーズ／人系
8215,制服仕様ライガ様,0,463,87,32,55,550,16,400,400,400,400,400,150,－,ＳＳ,46,40000,2,-2,-5,-5,その他／スパロボシリーズ／人系
8216,浴衣仕様ライガ様,0,646,60,30,55,550,16,400,400,400,400,400,150,－,ＳＳ,51,40000,2,-2,-5,-5,その他／スパロボシリーズ／人系
8217,ライガ様CE,0,464,77,36,55,550,16,400,400,400,400,400,150,－,ＳＳ,49,40000,2,-2,-5,-5,その他／スパロボシリーズ／人系
8218,お花見仕様迅鯨,0,320,28,13,38,1040,125,60,0,120,0,110,50,－,ＬＬ,62,28060,0,3,-9,-3,艦船系／人系／艦これ
8219,お花見仕様迅鯨改,0,380,34,15,44,1040,125,80,0,140,0,160,50,－,ＬＬ,65,28060,0,3,-9,-3,艦船系／人系／艦これ
8220,バレンタイン仕様神風,0,120,17,39,18,640,102,25,60,25,100,150,50,－,ＬＬ,41,18030,0,3,-9,-3,艦船系／人系／艦これ
8221,八周年仕様曙,0,150,19,41,19,500,118,50,135,60,100,50,50,－,ＬＬ,37,19530,0,3,-6,-5,艦船系／人系／艦これ
8222,八周年仕様曙改二,0,310,54,62,46,500,118,50,125,110,150,90,50,－,ＬＬ,49,22060,0,3,-9,-5,艦船系／人系／艦これ
8223,花束仕様曙改二,0,310,54,62,46,500,118,50,125,110,150,90,50,－,ＬＬ,49,22060,0,3,-9,-5,艦船系／人系／艦これ
8224,バレンタイン仕様球磨,0,250,29,36,39,500,162,70,120,65,45,50,50,－,ＬＬ,43,40060,0,3,-5,-4,艦船系／人系／艦これ
8225,お祝い仕様八丈,0,90,16,42,13,800,78,50,0,70,310,400,50,－,ＬＬ,45,12030,0,3,-9,-3,艦船系／人系／艦これ
8226,お出掛け仕様天津風,0,180,25,48,19,500,118,50,140,110,130,90,50,－,ＬＬ,39,28060,0,3,-9,-3,艦船系／人系／艦これ
8227,花束仕様風雲改二,0,330,53,48,45,500,119,90,150,100,145,100,50,－,ＬＬ,48,22060,0,3,-9,-5,艦船系／人系／艦これ
8228,レイヴェンラプター,0,360,37,92,65,280,9,220,250,250,60,80,60,－,Ｓ,36,12230,5,-4,-4,-5,その他／ゾイドシリーズ／スパロボシリーズ
8229,アムロ専用ディジェDC,0,400,48,98,60,447,18,160,180,0,0,0,40,－,Ｍ,43,21820,2,-5,-5,0,MS系／エウーゴ・カラバ／機動戦士Zガンダム／専用機
8230,春の花束C仕様長波,0,160,19,47,19,500,119,50,120,45,135,65,50,－,ＬＬ,39,19530,0,3,-5,-5,艦船系／人系／艦これ
8231,春の花束C仕様長波改二,0,330,53,48,44,500,119,90,150,100,150,150,50,－,ＬＬ,48,19530,0,3,-9,-5,艦船系／人系／艦これ
8232,梅雨仕様水無月,0,130,18,37,17,450,102,30,90,35,85,65,50,－,ＬＬ,34,18030,0,3,-9,-5,艦船系／人系／艦これ
8233,梅雨仕様宗谷,0,220,35,27,12,500,82,10,0,80,80,550,50,－,ＬＬ,37,19530,0,3,-9,-5,艦船系／人系／艦これ
8234,梅雨灯台補給船仕様宗谷,0,230,40,26,18,500,82,0,0,0,0,650,50,－,ＬＬ,40,15030,0,3,-9,-5,艦船系／人系／艦これ
8235,梅雨南極観測船仕様宗谷,0,260,62,27,32,500,82,0,0,0,0,770,50,－,ＬＬ,44,18030,0,3,-9,-5,艦船系／人系／艦これ
8236,花束仕様海風改二,0,310,51,49,51,400,118,150,380,190,280,200,50,－,ＬＬ,34,22060,0,3,-9,-5,艦船系／人系／艦これ
8237,花束仕様沖波改二,0,330,53,48,44,500,119,90,150,90,145,110,50,－,ＬＬ,48,22060,0,3,-9,-5,艦船系／人系／艦これ
8238,私服仕様伊203,0,120,16,40,38,580,79,10,200,0,0,230,50,－,ＬＬ,39,18030,0,6,-9,-5,艦船系／人系／艦これ
8239,初音ミク,0,390,39,39,39,390,39,39,39,39,39,39,39,強5,ＳＳ,39,1899000,0,0,0,0,その他／スパロボシリーズ／人系
8240,モエコレPULS仕様初音ミク,0,390,39,39,39,390,39,39,39,39,39,39,39,強5,ＳＳ,39,2680000,0,0,0,0,その他／スパロボシリーズ／人系
8241,ねんどろいど仕様初音ミク,0,390,39,39,39,390,39,39,39,39,39,39,39,強5,ＳＳ,39,922800,0,0,0,0,その他／スパロボシリーズ／人系
8242,はちゅねミク,0,390,39,39,39,390,39,39,39,39,39,39,39,強5,ＳＳ,39,922800,0,0,0,0,その他／スパロボシリーズ／人系
8243,EXF仕様初音ミク,0,390,39,39,39,390,39,39,39,39,39,39,39,強5,ＳＳ,39,301100,0,0,0,0,その他／スパロボシリーズ／人系
8244,figma仕様初音ミク,0,390,39,39,39,390,39,39,39,39,39,39,39,強5,ＳＳ,39,732400,0,0,0,0,その他／スパロボシリーズ／人系
8245,figma柊かがみコスプレ仕様初音ミク,0,390,39,39,39,390,39,39,39,39,39,39,39,強5,ＳＳ,39,732400,0,0,0,0,その他／スパロボシリーズ／人系
8246,ミックミクかがみ,0,390,39,39,39,390,39,39,39,39,39,39,39,強5,ＳＳ,39,1113200,0,0,0,0,その他／スパロボシリーズ／人系
8247,figmaライブステージ仕様初音ミク,0,390,39,39,39,390,39,39,39,39,39,39,39,強5,ＳＳ,39,732400,0,0,0,0,その他／スパロボシリーズ／人系
8248,マックスファクトリー仕様初音ミク,0,390,39,39,39,390,39,39,39,39,39,39,39,強5,ＳＳ,39,3470500,0,0,0,0,その他／スパロボシリーズ／人系
8249,ワールドイズマイン仕様初音ミク,0,390,39,39,39,390,39,39,39,39,39,39,39,強5,ＳＳ,39,3470500,0,0,0,0,その他／スパロボシリーズ／人系
8250,ねんどろいど仕様雪ミク,0,390,39,39,39,390,39,39,39,39,39,39,39,強5,ＳＳ,39,922800,0,0,0,0,その他／スパロボシリーズ／人系
8251,ガンダムバーンレプオス(DM) ,1,612,58,95,68,658,20,270,260,250,250,250,130,－,Ｍ,58,0,2,2,2,-5,MS系／ガンダム系／連邦軍・ティターンズ・地球連合／G-UNIT
8252,アンコールパッケージ仕様初音ミク,0,390,39,39,39,390,39,39,39,39,39,39,39,強5,ＳＳ,39,2880000,0,0,0,0,その他／スパロボシリーズ／人系
8253,moonVN02mix仕様初音ミク,0,390,39,39,39,390,39,39,39,39,39,39,39,強5,ＳＳ,39,5375000,0,0,0,0,その他／スパロボシリーズ／人系
8254,プレミアムフィギュア仕様初音ミク,0,390,39,39,39,390,39,39,39,39,39,39,39,強5,ＳＳ,39,342500,0,0,0,0,その他／スパロボシリーズ／人系
8255,Tony仕様初音ミク,0,390,39,39,39,390,39,39,39,39,39,39,39,強5,ＳＳ,39,3889500,0,0,0,0,その他／スパロボシリーズ／人系
8256,ねんどろいどAHMO・E仕様初音ミク,0,390,39,39,39,390,39,39,39,39,39,39,39,強5,ＳＳ,39,1456400,0,0,0,0,その他／スパロボシリーズ／人系
8257,2010仕様レーシングミク,0,390,39,39,39,390,39,39,39,39,39,39,39,強5,ＳＳ,39,2994500,0,0,0,0,その他／スパロボシリーズ／人系
8258,ねんどろいど応援仕様初音ミク,0,390,39,39,39,390,39,39,39,39,39,39,39,強5,ＳＳ,39,922800,0,0,0,0,その他／スパロボシリーズ／人系
8259,Lat式仕様初音ミク,0,390,39,39,39,390,39,39,39,39,39,39,39,強5,ＳＳ,39,1456400,0,0,0,0,その他／スパロボシリーズ／人系
8260,figmaアペンド仕様初音ミク,0,390,39,39,39,390,39,39,39,39,39,39,39,強5,ＳＳ,39,1037200,0,0,0,0,その他／スパロボシリーズ／人系
8261,ねんどろいどアペンド仕様初音ミク,0,390,39,39,39,390,39,39,39,39,39,39,39,強5,ＳＳ,39,1246800,0,0,0,0,その他／スパロボシリーズ／人系
8262,アペンド仕様初音ミク,0,390,39,39,39,390,39,39,39,39,39,39,39,強5,ＳＳ,39,3365500,0,0,0,0,その他／スパロボシリーズ／人系
8263,figma応援仕様初音ミク,0,390,39,39,39,390,39,39,39,39,39,39,39,強5,ＳＳ,39,922800,0,0,0,0,その他／スパロボシリーズ／人系
8264,恋は戦争仕様初音ミク,0,390,39,39,39,390,39,39,39,39,39,39,39,強5,ＳＳ,39,8446500,0,0,0,0,その他／スパロボシリーズ／人系
8265,恋色病棟仕様初音ミク,0,390,39,39,39,390,39,39,39,39,39,39,39,強5,ＳＳ,39,1430800,0,0,0,0,その他／スパロボシリーズ／人系
8266,ムサシ,0,634,86,55,75,700,60,634,634,634,634,634,634,－,Ｌ,60,2450000,1,1,1,1,その他／スパロボシリーズ
8267,HSP仕様初音ミク,0,390,39,39,39,390,39,39,39,39,39,39,39,強5,ＳＳ,39,3365500,0,0,0,0,その他／スパロボシリーズ／人系
8268,ねんどろいど週刊はじめての仕様初音ミク,0,390,39,39,39,390,39,39,39,39,39,39,39,強5,ＳＳ,39,1246800,0,0,0,0,その他／スパロボシリーズ／人系
8269,リデラード専用ブラックナイトスコードルドラ,0,580,58,124,90,600,18,370,400,250,270,250,1,強6,Ｍ,60,124100,1,-4,3,3,MS系／その他／機動戦士ガンダムSEED FREEDOM／専用機
8270,リュー専用ブラックナイトスコードルドラ,0,580,58,124,90,600,18,370,400,250,270,250,1,強6,Ｍ,60,124100,1,-4,3,3,MS系／その他／機動戦士ガンダムSEED FREEDOM／専用機
8271,ダニエル専用ブラックナイトスコードルドラ,0,580,58,124,90,600,18,370,400,250,270,250,1,強6,Ｍ,60,124100,1,-4,3,3,MS系／その他／機動戦士ガンダムSEED FREEDOM／専用機
8272,ワンフェス2009限定CM仕様初音ミク,0,390,39,39,39,390,39,39,39,39,39,39,39,強5,ＳＳ,39,1340000,0,0,0,0,その他／スパロボシリーズ／人系
8273,北海道フィギュアみやげ仕様初音ミク,0,390,39,39,39,390,39,39,39,39,39,39,39,強5,ＳＳ,39,37000,0,0,0,0,その他／スパロボシリーズ／人系
8274,LOL仕様初音ミク,0,390,39,39,39,390,39,39,39,39,39,39,39,強5,ＳＳ,39,1430800,0,0,0,0,その他／スパロボシリーズ／人系
8275,ねんどろいどふわふわコート仕様雪ミク,0,390,39,39,39,390,39,39,39,39,39,39,39,強5,ＳＳ,39,1246800,0,0,0,0,その他／スパロボシリーズ／人系
8276,ロミオとシンデレラ仕様初音ミク,0,390,39,39,39,390,39,39,39,39,39,39,39,強5,ＳＳ,39,1430800,0,0,0,0,その他／スパロボシリーズ／人系
8277,トラベリングムード仕様初音ミク,0,390,39,39,39,390,39,39,39,39,39,39,39,強5,ＳＳ,39,1430800,0,0,0,0,その他／スパロボシリーズ／人系
8278,ワールズエンド・ダンスホール仕様初音ミク,0,390,39,39,39,390,39,39,39,39,39,39,39,強5,ＳＳ,39,1340000,0,0,0,0,その他／スパロボシリーズ／人系
8279,VOiCE仕様初音ミク,0,390,39,39,39,390,39,39,39,39,39,39,39,強5,ＳＳ,39,1340000,0,0,0,0,その他／スパロボシリーズ／人系
8280,夢みることり仕様初音ミク,0,390,39,39,39,390,39,39,39,39,39,39,39,強5,ＳＳ,39,1430800,0,0,0,0,その他／スパロボシリーズ／人系
8281,ねんどろいどファミリーマート仕様初音ミク,0,390,39,39,39,390,39,39,39,39,39,39,39,強5,ＳＳ,39,1340000,0,0,0,0,その他／スパロボシリーズ／人系
8282,ファミリーマート仕様初音ミク,0,390,39,39,39,390,39,39,39,39,39,39,39,強5,ＳＳ,39,1340000,0,0,0,0,その他／スパロボシリーズ／人系
8283,Cheerful仕様初音ミク,0,390,39,39,39,390,39,39,39,39,39,39,39,強5,ＳＳ,39,4042000,0,0,0,0,その他／スパロボシリーズ／人系
8284,ねんどろいど浴衣仕様初音ミク,0,390,39,39,39,390,39,39,39,39,39,39,39,強5,ＳＳ,39,922800,0,0,0,0,その他／スパロボシリーズ／人系
8285,ねんどろいど2012仕様レーシングミク,0,390,39,39,39,390,39,39,39,39,39,39,39,強5,ＳＳ,39,1340000,0,0,0,0,その他／スパロボシリーズ／人系
8286,2011仕様レーシングミク,0,390,39,39,39,390,39,39,39,39,39,39,39,強5,ＳＳ,39,4042000,0,0,0,0,その他／スパロボシリーズ／人系
8287,ねんどろいど2011仕様レーシングミク,0,390,39,39,39,390,39,39,39,39,39,39,39,強5,ＳＳ,39,4042000,0,0,0,0,その他／スパロボシリーズ／人系
8288,Angel Breeze仕様初音ミク,0,390,39,39,39,390,39,39,39,39,39,39,39,強5,ＳＳ,39,1340000,0,0,0,0,その他／スパロボシリーズ／人系
8289,Anniversary Stage仕様シェリル,0,250,25,25,25,250,25,25,25,25,25,25,25,－,ＳＳ,25,15643500,0,0,0,0,その他／スパロボシリーズ／人系
8290,Anniversary Stage仕様ランカ,0,250,25,25,25,250,25,25,25,25,25,25,25,－,ＳＳ,25,15643500,0,0,0,0,その他／スパロボシリーズ／人系
8291,ツクヨミ仕様シェリル,0,250,25,25,25,250,25,25,25,25,25,25,25,－,ＳＳ,25,16780000,0,0,0,0,その他／スパロボシリーズ／人系
8292,アマテラス仕様ランカ,0,250,25,25,25,250,25,25,25,25,25,25,25,－,ＳＳ,25,16780000,0,0,0,0,その他／スパロボシリーズ／人系
8293,ポンちゃん,0,509,75,29,55,550,16,400,400,400,400,400,150,－,ＳＳ,47,40000,2,-2,-5,-5,その他／スパロボシリーズ／人系
8294,カカオ仕様ポンちゃん,0,484,83,30,55,550,16,400,400,400,400,400,150,－,ＳＳ,47,40000,2,-2,-5,-5,その他／スパロボシリーズ／人系
8295,振袖仕様ポンちゃん,0,520,82,31,55,550,16,400,400,400,400,400,150,－,ＳＳ,48,40000,2,-2,-5,-5,その他／スパロボシリーズ／人系
8296,ポンダイザー,0,553,64,29,55,550,16,400,400,400,400,400,150,－,ＳＳ,48,40000,2,-2,-5,-5,その他／スパロボシリーズ／人系
8297,私服仕様ポンちゃん,0,624,75,29,55,550,16,400,400,400,400,400,150,－,ＳＳ,49,40000,2,-2,-5,-5,その他／スパロボシリーズ／人系
8298,ハロウィン仕様ポンちゃん,0,779,79,29,55,550,16,400,400,400,400,400,150,－,ＳＳ,49,40000,2,-2,-5,-5,その他／スパロボシリーズ／人系
8299,ポンちゃんGR,0,624,88,39,55,550,16,400,400,400,400,400,150,－,ＳＳ,49,40000,2,-2,-5,-5,その他／スパロボシリーズ／人系
8300,ワイルドライガー黒王号,0,300,32,94,60,390,15,190,230,220,185,120,20,－,Ｓ,36,9600,4,-3,-5,0,その他／ゾイドシリーズ／スパロボシリーズ
8301,ねんどろいどサンタ仕様初音ミク,0,390,39,39,39,390,39,39,39,39,39,39,39,強5,ＳＳ,39,1340000,0,0,0,0,その他／スパロボシリーズ／人系
8302,figma2012仕様レーシングミク,0,390,39,39,39,390,39,39,39,39,39,39,39,強5,ＳＳ,39,1340000,0,0,0,0,その他／スパロボシリーズ／人系
8303,ねんどろいどいちご白無垢仕様雪ミク,0,390,39,39,39,390,39,39,39,39,39,39,39,強5,ＳＳ,39,1304000,0,0,0,0,その他／スパロボシリーズ／人系
8304,北海道フィギュアみやげvol.2仕様初音ミク,0,390,39,39,39,390,39,39,39,39,39,39,39,強5,ＳＳ,39,60000,0,0,0,0,その他／スパロボシリーズ／人系
8305,ねんどろいど仕様桜ミク,0,390,39,39,39,390,39,39,39,39,39,39,39,強5,ＳＳ,39,1265600,0,0,0,0,その他／スパロボシリーズ／人系
8306,ねんどろいど2.0仕様初音ミク,0,390,39,39,39,390,39,39,39,39,39,39,39,強5,ＳＳ,39,1265600,0,0,0,0,その他／スパロボシリーズ／人系
8307,I0専用ヘビーガンダム,0,458,44,60,75,450,18,350,365,345,345,370,50,NT5,Ｍ,43,38480,2,-4,2,-4,MS系／ガンダム系／連邦軍・ティターンズ・地球連合／専用機
8308,ミクダヨー,0,390,39,39,39,390,39,39,39,39,39,39,39,強5,ＳＳ,39,1340000,0,0,0,0,その他／スパロボシリーズ／人系
8309,Project DIVA f仕様初音ミク,0,390,39,39,39,390,39,39,39,39,39,39,39,強5,ＳＳ,39,1340000,0,0,0,0,その他／スパロボシリーズ／人系
8310,ヒルダ専用ギャンシュトローム,0,470,44,86,70,480,18,200,230,100,100,100,70,強6,Ｍ,49,16600,2,-3,2,2,MS系／ギャン系／ジオン・ネオジオン軍・ザフト／機動戦士ガンダムSEED FREEDOM／専用機
8311,ねんどろいど2013仕様レーシングミク,0,390,39,39,39,390,39,39,39,39,39,39,39,強5,ＳＳ,39,4042000,0,0,0,0,その他／スパロボシリーズ／人系
8312,ねんどろいど夏椿浴衣仕様初音ミク,0,390,39,39,39,390,39,39,39,39,39,39,39,強5,ＳＳ,39,999200,0,0,0,0,その他／スパロボシリーズ／人系
8313,Project DIVA extend仕様初音ミク,0,390,39,39,39,390,39,39,39,39,39,39,39,強5,ＳＳ,39,1340000,0,0,0,0,その他／スパロボシリーズ／人系
8314,Tda式アペンド仕様初音ミク,0,390,39,39,39,390,39,39,39,39,39,39,39,強5,ＳＳ,39,13089500,0,0,0,0,その他／スパロボシリーズ／人系
8315,デュナメスサーガ,0,386,42,85,68,400,18,190,190,0,190,190,50,－,Ｍ,40,15970,2,-4,2,1,MS系／ガンダム系／ガンダム00
8316,Project DIVA f SWみずたまビキニ仕様初音ミク,0,390,39,39,39,390,39,39,39,39,39,39,39,強5,ＳＳ,39,1340000,0,0,0,0,その他／スパロボシリーズ／人系
8317,2012仕様レーシングミク,0,390,39,39,39,390,39,39,39,39,39,39,39,強5,ＳＳ,39,3460000,0,0,0,0,その他／スパロボシリーズ／人系
8318,2012F仕様レーシングミク,0,390,39,39,39,390,39,39,39,39,39,39,39,強5,ＳＳ,39,5375000,0,0,0,0,その他／スパロボシリーズ／人系
8319,Lamp仕様初音ミク,0,390,39,39,39,390,39,39,39,39,39,39,39,強5,ＳＳ,39,1300000,0,0,0,0,その他／スパロボシリーズ／人系
8320,figma2.0仕様初音ミク,0,390,39,39,39,390,39,39,39,39,39,39,39,強5,ＳＳ,39,1265600,0,0,0,0,その他／スパロボシリーズ／人系
8321,figma2013仕様レーシングミク,0,390,39,39,39,390,39,39,39,39,39,39,39,強5,ＳＳ,39,1340000,0,0,0,0,その他／スパロボシリーズ／人系
8322,figma仕様雪ミク,0,390,39,39,39,390,39,39,39,39,39,39,39,強5,ＳＳ,39,1304000,0,0,0,0,その他／スパロボシリーズ／人系
8323,ねんどろいどMagical Snow仕様雪ミク,0,390,39,39,39,390,39,39,39,39,39,39,39,強5,ＳＳ,39,1494400,0,0,0,0,その他／スパロボシリーズ／人系
8324,北海道フィギュアみやげvol.3仕様初音ミク,0,390,39,39,39,390,39,39,39,39,39,39,39,強5,ＳＳ,39,60000,0,0,0,0,その他／スパロボシリーズ／人系
8325,骸音シーエ仕様初音ミク,0,390,39,39,39,390,39,39,39,39,39,39,39,強5,ＳＳ,39,5232500,0,0,0,0,その他／スパロボシリーズ／人系
8326,Zi-アポロ,0,420,42,119,68,600,10,500,570,470,470,420,200,－,Ｓ,50,176000,4,-4,-5,0,その他／コードギアス
8327,ねんどろいどセーラー服仕様初音ミク,0,390,39,39,39,390,39,39,39,39,39,39,39,強5,ＳＳ,39,1340000,0,0,0,0,その他／スパロボシリーズ／人系
8328,figmaセーラー服仕様初音ミク,0,390,39,39,39,390,39,39,39,39,39,39,39,強5,ＳＳ,39,1340000,0,0,0,0,その他／スパロボシリーズ／人系
8329,ねんどろいどセーラー服SP仕様初音ミク,0,390,39,39,39,390,39,39,39,39,39,39,39,強5,ＳＳ,39,1340000,0,0,0,0,その他／スパロボシリーズ／人系
8330,TYPE2020仕様初音ミク,0,390,39,39,39,390,39,39,39,39,39,39,39,強5,ＳＳ,39,5167000,0,0,0,0,その他／スパロボシリーズ／人系
8331,深海少女仕様初音ミク,0,390,39,39,39,390,39,39,39,39,39,39,39,強5,ＳＳ,39,7530000,0,0,0,0,その他／スパロボシリーズ／人系
8332,2013仕様レーシングミク,0,390,39,39,39,390,39,39,39,39,39,39,39,強5,ＳＳ,39,3817000,0,0,0,0,その他／スパロボシリーズ／人系
8333,初音未來,0,390,39,39,39,390,39,39,39,39,39,39,39,強5,ＳＳ,39,3817000,0,0,0,0,その他／スパロボシリーズ／人系
8334,Project DIVA 2nd仕様初音ミク,0,390,39,39,39,390,39,39,39,39,39,39,39,強5,ＳＳ,39,1340000,0,0,0,0,その他／スパロボシリーズ／人系
8335,ねんどろいどハロウィン仕様初音ミク,0,390,39,39,39,390,39,39,39,39,39,39,39,強5,ＳＳ,39,1335600,0,0,0,0,その他／スパロボシリーズ／人系
8336,ねんどろいど2014仕様レーシングミク,0,390,39,39,39,390,39,39,39,39,39,39,39,強5,ＳＳ,39,4042000,0,0,0,0,その他／スパロボシリーズ／人系
8337,TB仕様ブラウ・ブロ,0,452,28,59,75,482,30,175,0,0,0,170,50,NT5,Ｌ,43,18750,-5,-5,3,-5,MA系／ジオン・ネオジオン軍・ザフト
8338,Lat式Autumn仕様初音ミク,0,390,39,39,39,390,39,39,39,39,39,39,39,強5,ＳＳ,39,1340000,0,0,0,0,その他／スパロボシリーズ／人系
8339,Project DIVA Arcade仕様初音ミク,0,390,39,39,39,390,39,39,39,39,39,39,39,強5,ＳＳ,39,1340000,0,0,0,0,その他／スパロボシリーズ／人系
8340,TB仕様パーフェクトジオング,0,617,43,82,74,578,40,185,0,0,185,185,50,NT3,Ｌ,44,47380,-5,-3,4,-5,MS系／ジオン・ネオジオン軍・ザフト
8341,figma2013EV MIRAI仕様レーシングミク,0,390,39,39,39,390,39,39,39,39,39,39,39,強5,ＳＳ,39,1557600,0,0,0,0,その他／スパロボシリーズ／人系
8342,figma Snow Bell仕様雪ミク,0,390,39,39,39,390,39,39,39,39,39,39,39,強5,ＳＳ,39,1446800,0,0,0,0,その他／スパロボシリーズ／人系
8343,ソラトライオン,0,340,46,85,50,330,38,300,300,300,300,300,30,－,Ｍ,39,8000,-5,-3,3,3,その他／スパロボシリーズ
8344,ウミトライオン,0,330,40,85,50,330,29,300,300,300,300,300,30,－,Ｍ,39,8000,-5,-3,4,2,その他／スパロボシリーズ
8345,リクトライオン,0,350,40,80,50,330,40,300,300,300,300,300,30,－,Ｍ,39,8000,4,-3,-5,-5,車輌・戦闘機系／スパロボシリーズ
8346,デュエルブリッツ,0,435,45,87,80,595,30,240,250,200,200,200,100,強5,Ｍ,50,23200,-3,-4,5,2,MS系／ガンダム系／ジオン・ネオジオン軍・ザフト／機動戦士ガンダムSEED FREEDOM
8347,ねんどろいどSnow Bell仕様雪ミク,0,390,39,39,39,390,39,39,39,39,39,39,39,強5,ＳＳ,39,1446800,0,0,0,0,その他／スパロボシリーズ／人系
8348,figma2014仕様レーシングミク,0,390,39,39,39,390,39,39,39,39,39,39,39,強5,ＳＳ,39,1340000,0,0,0,0,その他／スパロボシリーズ／人系
8349,ライトニングバスター,0,417,40,69,102,595,18,200,220,60,100,140,100,強5,Ｍ,49,13000,2,-3,2,-4,MS系／ガンダム系／ジオン・ネオジオン軍・ザフト／機動戦士ガンダムSEED FREEDOM
8350,セパン仕様レーシングミク,0,390,39,39,39,390,39,39,39,39,39,39,39,強5,ＳＳ,39,4743000,0,0,0,0,その他／スパロボシリーズ／人系
8351,みくずきん,0,390,39,39,39,390,39,39,39,39,39,39,39,強5,ＳＳ,39,5206000,0,0,0,0,その他／スパロボシリーズ／人系
8352,ねんどろいど千本桜仕様初音未來,0,390,39,39,39,390,39,39,39,39,39,39,39,強5,ＳＳ,39,1335600,0,0,0,0,その他／スパロボシリーズ／人系
8353,Tell Your World仕様初音ミク,0,390,39,39,39,390,39,39,39,39,39,39,39,強5,ＳＳ,39,3909500,0,0,0,0,その他／スパロボシリーズ／人系
8354,ザク・マシーナリー,0,374,45,69,63,430,18,0,130,150,0,0,40,－,Ｍ,29,12310,2,-3,2,-5,MS系／ザク系／ジオン・ネオジオン軍・ザフト
8355,エルナルド専用ザク・マシーナリー,0,330,63,63,73,463,18,0,130,150,0,0,30,－,Ｍ,31,13670,2,-3,2,-5,MS系／ザク系／ジオン・ネオジオン軍・ザフト／専用機
8356,ドム・レゾナンス,0,312,30,58,50,336,18,0,120,120,0,0,10,－,Ｍ,22,11200,3,-2,-5,-4,MS系／ジオン・ネオジオン軍・ザフト／ドム系
8357,アサルト・マラサイ,0,358,37,78,60,408,17,145,145,145,145,0,20,－,Ｍ,35,14830,2,-3,2,-3,MS系／連邦軍・ティターンズ・地球連合
8358,ネモ・ベラトール,0,352,35,78,60,397,18,120,130,0,80,0,10,－,Ｍ,38,13660,2,-3,2,-4,MS系／ジム系／エウーゴ・カラバ
8359,ガザCZ,0,294,24,70,55,326,18,80,90,90,95,0,10,－,Ｍ,32,9120,0,-4,2,-5,MS系／ジオン・ネオジオン軍・ザフト
8360,アングリフ・ドーガ,0,384,43,89,80,485,20,0,175,120,170,170,20,－,Ｍ,32,17070,2,-3,2,-3,MS系／ザク系／ジオン・ネオジオン軍・ザフト
8361,スパーブ・ジェガン,0,392,47,94,58,445,19,140,165,150,150,150,10,－,Ｍ,33,22000,1,-4,2,-4,MS系／ジム系／連邦軍・ティターンズ・地球連合
8362,ゲルググLs,0,320,30,61,54,354,19,0,90,115,135,0,30,－,Ｍ,23,10440,2,-3,2,-4,MS系／ジオン・ネオジオン軍・ザフト／ゲルググ系
8363,アクト・ハイザック,0,336,32,70,55,354,18,0,0,0,100,0,20,－,Ｍ,34,11490,2,-3,2,-3,MS系／連邦軍・ティターンズ・地球連合／ザク系
8364,ジムII・ウェポンテスター,0,312,30,59,59,340,18,0,0,75,75,0,10,－,Ｍ,22,21100,2,-3,2,-4,MS系／ジム系／連邦軍・ティターンズ・地球連合
8365,ブラックナイトスコードカルラ,0,580,58,124,90,600,18,470,500,350,370,350,6100,強6,Ｍ,68,438800,1,-4,3,3,MS系／その他／機動戦士ガンダムSEED FREEDOM
8366,ねんどろいど2015仕様レーシングミク,0,390,39,39,39,390,39,39,39,39,39,39,39,強5,ＳＳ,39,1340000,0,0,0,0,その他／スパロボシリーズ／人系
8367,2014仕様レーシングミク,0,390,39,39,39,390,39,39,39,39,39,39,39,強5,ＳＳ,39,4280000,0,0,0,0,その他／スパロボシリーズ／人系
8368,桜ミクダヨー,0,390,39,39,39,390,39,39,39,39,39,39,39,強5,ＳＳ,39,965200,0,0,0,0,その他／スパロボシリーズ／人系
8369,江端里沙仕様初音ミク,0,390,39,39,39,390,39,39,39,39,39,39,39,強5,ＳＳ,39,8446500,0,0,0,0,その他／スパロボシリーズ／人系
8370,figma2014EV MIRAI仕様レーシングミク,0,390,39,39,39,390,39,39,39,39,39,39,39,強5,ＳＳ,39,1965000,0,0,0,0,その他／スパロボシリーズ／人系
8371,ままま式あぴミク,0,390,39,39,39,390,39,39,39,39,39,39,39,強5,ＳＳ,39,1340000,0,0,0,0,その他／スパロボシリーズ／人系
8372,CCC仕様レッドフレーム改,0,480,46,98,70,657,18,220,220,220,250,220,100,－,Ｍ,44,18960,2,-3,3,-4,MS系／ガンダム系／ガンダムSEED ASTRAY、MSV
8373,CCC仕様ガンダム・バルバトス,0,408,36,77,90,424,18,360,360,360,360,360,130,強7,Ｍ,47,14790,3,-4,2,0,MS系／ガンダム系／鉄血のオルフェンズ
8374,インフィニットジャスティス弐式,0,602,57,124,90,800,18,1370,1400,1250,1270,1250,2700,強5,Ｍ,89,415320,1,-4,4,4,MS系／ガンダム系／機動戦士ガンダムSEED FREEDOM
8375,νボール,0,147,20,40,85,170,15,0,0,10,0,0,300,NT9,Ｓ,20,3800,-5,-5,3,-5,その他／連邦軍・ティターンズ・地球連合／オリジナル系
8376,V3仕様初音ミク,0,390,39,39,39,390,39,39,39,39,39,39,39,強5,ＳＳ,39,12150500,0,0,0,0,その他／スパロボシリーズ／人系
8377,2014EV MIRAI仕様レーシングミク,0,390,39,39,39,390,39,39,39,39,39,39,39,強5,ＳＳ,39,6595000,0,0,0,0,その他／スパロボシリーズ／人系
8378,ねんどろいど中秋明月仕様初音ミク,0,390,39,39,39,390,39,39,39,39,39,39,39,強5,ＳＳ,39,1335600,0,0,0,0,その他／スパロボシリーズ／人系
8379,ねんどろいど雪ミクダヨー,0,390,39,39,39,390,39,39,39,39,39,39,39,強5,ＳＳ,39,965200,0,0,0,0,その他／スパロボシリーズ／人系
8380,figma2015仕様レーシングミク,0,390,39,39,39,390,39,39,39,39,39,39,39,強5,ＳＳ,39,1557600,0,0,0,0,その他／スパロボシリーズ／人系
8381,figma Snow Owl仕様雪ミク,0,390,39,39,39,390,39,39,39,39,39,39,39,強5,ＳＳ,39,2110000,0,0,0,0,その他／スパロボシリーズ／人系
8382,レジオン鹵獲仕様バーザムII,0,430,42,92,74,425,20,170,195,195,190,0,60,NT2,Ｍ,31,22000,2,-3,2,-4,MS系／ジオン・ネオジオン軍・ザフト／アドバンス・オブ・ゼータ
8383,2014タイ仕様レーシングミク,0,390,39,39,39,390,39,39,39,39,39,39,39,強5,ＳＳ,39,4280000,0,0,0,0,その他／スパロボシリーズ／人系
8384,水着仕様初音ミク,0,390,39,39,39,390,39,39,39,39,39,39,39,強5,ＳＳ,39,883600,0,0,0,0,その他／スパロボシリーズ／人系
8385,マジカルミライ2015仕様初音ミク,0,390,39,39,39,390,39,39,39,39,39,39,39,強5,ＳＳ,39,883600,0,0,0,0,その他／スパロボシリーズ／人系
8386,グレイテスト・アイドル仕様初音ミク,0,390,39,39,39,390,39,39,39,39,39,39,39,強5,ＳＳ,39,883600,0,0,0,0,その他／スパロボシリーズ／人系
8387,mebae仕様初音ミク,0,390,39,39,39,390,39,39,39,39,39,39,39,強5,ＳＳ,39,8446500,0,0,0,0,その他／スパロボシリーズ／人系
8388,SNOW MIKU,0,390,39,39,39,390,39,39,39,39,39,39,39,強5,ＳＳ,39,12150500,0,0,0,0,その他／スパロボシリーズ／人系
8389,ソラリ専用ザクII,0,275,24,43,42,300,18,0,30,0,30,0,10,－,Ｍ,17,6810,3,-3,-5,-4,MS系／ザク系／ジオン・ネオジオン軍・ザフト／専用機
8390,ガンダムEX,0,384,35,70,58,408,18,130,130,130,130,0,10,－,Ｍ,38,11490,2,-1,2,-1,MS系／ガンダム系／連邦軍・ティターンズ・地球連合
8391,2015仕様レーシングミク,0,390,39,39,39,390,39,39,39,39,39,39,39,強5,ＳＳ,39,5669000,0,0,0,0,その他／スパロボシリーズ／人系
8392,ねんどろいど獅子舞仕様初音ミク,0,390,39,39,39,390,39,39,39,39,39,39,39,強5,ＳＳ,39,1446800,0,0,0,0,その他／スパロボシリーズ／人系
8393,冬服仕様初音ミク,0,390,39,39,39,390,39,39,39,39,39,39,39,強5,ＳＳ,39,1340000,0,0,0,0,その他／スパロボシリーズ／人系
8394,花色衣仕様初音ミク,0,390,39,39,39,390,39,39,39,39,39,39,39,強5,ＳＳ,39,5206000,0,0,0,0,その他／スパロボシリーズ／人系
8395,オレンジブロッサム仕様初音ミク,0,390,39,39,39,390,39,39,39,39,39,39,39,強5,ＳＳ,39,7280000,0,0,0,0,その他／スパロボシリーズ／人系
8396,二次元ドリームフィーバー仕様初音ミク,0,390,39,39,39,390,39,39,39,39,39,39,39,強5,ＳＳ,39,5680000,0,0,0,0,その他／スパロボシリーズ／人系
8397,ムラサメ改,0,420,37,79,65,530,17,200,230,100,100,100,30,－,Ｍ,45,12670,2,-3,2,2,MS系／機動戦士ガンダムSEED FREEDOM
8398,ムラサメ改(MA) ,1,420,37,85,65,530,17,200,230,100,100,100,30,－,Ｍ,45,0,-5,-5,2,3,MA系／機動戦士ガンダムSEED FREEDOM
8399,ブレイバーン,0,600,68,48,59,500,10,200,200,200,200,200,500,強5,Ｓ,50,128000,2,-2,2,-2,その他／スパロボシリーズ
8400,ブレイサンダー ,1,600,68,48,49,500,10,200,200,200,200,200,500,強5,Ｓ,50,0,3,-2,2,-2,その他／スパロボシリーズ
8401,figma2015TeamUKYO応援仕様レーシングミク,0,390,39,39,39,390,39,39,39,39,39,39,39,強5,ＳＳ,39,5669000,0,0,0,0,その他／スパロボシリーズ／人系
8402,figma Twinkle Snow仕様雪ミク,0,390,39,39,39,390,39,39,39,39,39,39,39,強5,ＳＳ,39,2110000,0,0,0,0,その他／スパロボシリーズ／人系
8403,ねんどろいどTwinkle Snow仕様雪ミク,0,390,39,39,39,390,39,39,39,39,39,39,39,強5,ＳＳ,39,1826500,0,0,0,0,その他／スパロボシリーズ／人系
8404,リボンガール仕様初音ミク,0,390,39,39,39,390,39,39,39,39,39,39,39,強5,ＳＳ,39,1340000,0,0,0,0,その他／スパロボシリーズ／人系
8405,アルベド,0,650,200,70,95,800,12,2000,300,4000,4000,4000,2300,NT10,ＳＳ,66,1299280000,3,-1,-5,0,人系
8406,ねんどろいどマジカルミライ2016仕様初音ミク,0,390,39,39,39,390,39,39,39,39,39,39,39,強5,ＳＳ,39,1335600,0,0,0,0,その他／スパロボシリーズ／人系
8407,にゃんこ仕様初音ミク,0,390,39,39,39,390,39,39,39,39,39,39,39,強5,ＳＳ,39,1340000,0,0,0,0,その他／スパロボシリーズ／人系
8408,ギガッザム,0,560,52,46,74,490,47,130,200,0,140,225,150,NT5,Ｌ,40,60020,0,-4,2,1,MA系／ジオン・ネオジオン軍・ザフト／オリジナル系
8409,ギガッザム(MA) ,1,560,52,46,74,490,47,130,200,0,140,225,150,NT5,Ｌ,40,0,0,-4,3,1,MA系／ジオン・ネオジオン軍・ザフト／オリジナル系
8410,figmaふわふわコート仕様雪ミク,0,390,39,39,39,390,39,39,39,39,39,39,39,強5,ＳＳ,39,1874000,0,0,0,0,その他／スパロボシリーズ／人系
8411,Project DIVA 10th Anniversary仕様初音ミク,0,390,39,39,39,390,39,39,39,39,39,39,39,強5,ＳＳ,39,1340000,0,0,0,0,その他／スパロボシリーズ／人系
8412,2015タイ仕様レーシングミク,0,390,39,39,39,390,39,39,39,39,39,39,39,強5,ＳＳ,39,5316000,0,0,0,0,その他／スパロボシリーズ／人系
8413,夏服仕様初音ミク,0,390,39,39,39,390,39,39,39,39,39,39,39,強5,ＳＳ,39,1340000,0,0,0,0,その他／スパロボシリーズ／人系
8414,マジカルミライ2017仕様初音ミク,0,390,39,39,39,390,39,39,39,39,39,39,39,強5,ＳＳ,39,7180000,0,0,0,0,その他／スパロボシリーズ／人系
8415,ねんどろいどマジカルミライ2013仕様初音ミク,0,390,39,39,39,390,39,39,39,39,39,39,39,強5,ＳＳ,39,1632000,0,0,0,0,その他／スパロボシリーズ／人系
8416,TRICK or MIKU仕様初音ミク,0,390,39,39,39,390,39,39,39,39,39,39,39,強5,ＳＳ,39,7180000,0,0,0,0,その他／スパロボシリーズ／人系
8417,2017TeamUKYO応援仕様レーシングミク,0,390,39,39,39,390,39,39,39,39,39,39,39,強5,ＳＳ,39,1340000,0,0,0,0,その他／スパロボシリーズ／人系
8418,DT仕様ダブルオーコマンドクアンタ,0,564,60,125,87,806,18,450,500,550,550,450,10,NT7,Ｍ,66,182000,3,-4,3,4,MS系／ガンダム系／オリジナル系
8419,figma2017仕様レーシングミク,0,390,39,39,39,390,39,39,39,39,39,39,39,強5,ＳＳ,39,5669000,0,0,0,0,その他／スパロボシリーズ／人系
8420,ダンボー仕様初音ミク,0,390,39,39,39,390,39,39,39,39,39,39,39,強5,ＳＳ,39,580000,0,0,0,0,その他／スパロボシリーズ／人系
8421,ストームブリンガーP.F.,0,400,38,60,65,360,18,50,0,50,0,0,90,－,Ｍ,26,14440,2,-5,3,-2,MS系／ガンダム系／連邦軍・ティターンズ・地球連合
8422,ねんどろいど10th Anniversary仕様初音ミク,0,390,39,39,39,390,39,39,39,39,39,39,39,強5,ＳＳ,39,1446800,0,0,0,0,その他／スパロボシリーズ／人系
8423,2016仕様レーシングミク,0,390,39,39,39,390,39,39,39,39,39,39,39,強5,ＳＳ,39,5669000,0,0,0,0,その他／スパロボシリーズ／人系
8424,ケナンジ小隊仕様ベギルベウ・トルシュ,0,435,30,70,80,400,18,200,200,200,200,200,100,－,Ｍ,31,16500,3,-4,0,-5,MS系／水星の魔女
8425,figmaタンチョウ巫女仕様雪ミク,0,390,39,39,39,390,39,39,39,39,39,39,39,強5,ＳＳ,39,2058000,0,0,0,0,その他／スパロボシリーズ／人系
8426,ねんどろいどタンチョウ巫女仕様雪ミク,0,390,39,39,39,390,39,39,39,39,39,39,39,強5,ＳＳ,39,2058000,0,0,0,0,その他／スパロボシリーズ／人系
8427,ゲルググメナース,0,470,44,85,70,480,18,300,300,200,200,200,50,強6,Ｍ,46,15600,2,-3,-4,3,MS系／ゲルググ系／ジオン・ネオジオン軍・ザフト／機動戦士ガンダムSEED FREEDOM
8428,figma2016TeamUKYO応援仕様レーシングミク,0,390,39,39,39,390,39,39,39,39,39,39,39,強5,ＳＳ,39,3122500,0,0,0,0,その他／スパロボシリーズ／人系
8429,ハートハンター仕様初音ミク,0,390,39,39,39,390,39,39,39,39,39,39,39,強5,ＳＳ,39,6132000,0,0,0,0,その他／スパロボシリーズ／人系
8430,ブラストインパルスSpecII,0,460,48,88,85,600,17,200,230,140,150,150,180,強5,Ｍ,49,35260,2,-3,2,-4,MS系／ガンダム系／ジオン・ネオジオン軍・ザフト／機動戦士ガンダムSEED FREEDOM
8431,2016タイ仕様レーシングミク,0,390,39,39,39,390,39,39,39,39,39,39,39,強5,ＳＳ,39,5316000,0,0,0,0,その他／スパロボシリーズ／人系
8432,マイディアバニー仕様初音ミク,0,390,39,39,39,390,39,39,39,39,39,39,39,強5,ＳＳ,39,12613500,0,0,0,0,その他／スパロボシリーズ／人系
8433,ガンマックス,0,336,41,90,60,420,5,250,250,220,220,220,50,強5,Ｓ,39,16210,3,-4,1,-5,その他／勇者・エルドランシリーズ
8434,ガンマックス(GB),0,336,41,80,60,420,5,250,250,220,220,220,50,強5,Ｓ,38,16210,3,-4,1,-5,その他／勇者・エルドランシリーズ
8435,ガンマックス(GBM),0,360,37,60,60,420,5,250,250,220,220,220,50,強5,Ｓ,36,16210,3,-4,1,-5,その他／勇者・エルドランシリーズ
8436,apapico仕様初音ミク,0,390,39,39,39,390,39,39,39,39,39,39,39,強5,ＳＳ,39,1340000,0,0,0,0,その他／スパロボシリーズ／人系
8437,左仕様初音ミク,0,390,39,39,39,390,39,39,39,39,39,39,39,強5,ＳＳ,39,1340000,0,0,0,0,その他／スパロボシリーズ／人系
8438,ジャブロー仕様ジム・スナイパーカスタム,0,296,26,52,65,326,18,50,0,0,0,50,50,－,Ｍ,30,7680,2,-3,2,-4,MS系／ジム系／連邦軍・ティターンズ・地球連合／機動戦士Zガンダム／MSV(モビルスーツバリエーション)
8439,オリジナル春服仕様初音ミク,0,390,39,39,39,390,39,39,39,39,39,39,39,強5,ＳＳ,39,1340000,0,0,0,0,その他／スパロボシリーズ／人系
8440,MONQ仕様雪ミク,0,390,39,39,39,390,39,39,39,39,39,39,39,強5,ＳＳ,39,6132000,0,0,0,0,その他／スパロボシリーズ／人系
8441,ベジータ,0,588,46,70,75,630,10,700,700,700,700,500,3000,NT6,ＳＳ,85,1540040,5,0,-6,3,人系
8442,超サイヤ人ベジータ,0,588,50,80,75,570,10,800,800,800,800,600,3000,NT6,ＳＳ,87,1716040,5,0,-6,3,人系
8443,V4X仕様初音ミク,0,390,39,39,39,390,39,39,39,39,39,39,39,強5,ＳＳ,39,3400500,0,0,0,0,その他／スパロボシリーズ／人系
8444,中秋明月仕様初音ミク,0,390,39,39,39,390,39,39,39,39,39,39,39,強5,ＳＳ,39,3400500,0,0,0,0,その他／スパロボシリーズ／人系
8445,2016TeamUKYO応援仕様レーシングミク,0,390,39,39,39,390,39,39,39,39,39,39,39,強5,ＳＳ,39,7525500,0,0,0,0,その他／スパロボシリーズ／人系
8446,2017仕様レーシングミク,0,390,39,39,39,390,39,39,39,39,39,39,39,強5,ＳＳ,39,5669000,0,0,0,0,その他／スパロボシリーズ／人系
8447,ガンダム・ガミジン,0,515,52,72,70,610,18,390,390,390,390,390,280,強2,Ｍ,52,76000,2,-5,3,0,MS系／ガンダム系／鉄血のオルフェンズ
8448,孫悟空,0,600,42,75,75,630,10,593,593,593,593,593,3590,－,ＳＳ,80,1216000,5,0,-6,3,人系
8449,超サイヤ人孫悟空,0,600,46,85,80,630,10,1590,1590,1590,1590,1590,13590,－,ＳＳ,87,1216000,5,0,-6,3,人系
8450,草薙素子,0,240,25,60,60,380,10,168,168,900,680,900,2029,強5,ＳＳ,30,41440,3,-3,-6,-5,人系
8451,figmaV4X仕様初音ミク,0,390,39,39,39,390,39,39,39,39,39,39,39,強5,ＳＳ,39,3122500,0,0,0,0,その他／スパロボシリーズ／人系
8452,figma2018仕様レーシングミク,0,390,39,39,39,390,39,39,39,39,39,39,39,強5,ＳＳ,39,2891000,0,0,0,0,その他／スパロボシリーズ／人系
8453,ソードカラミティ初号機,0,448,44,83,78,551,18,280,300,260,100,140,50,－,Ｍ,48,17860,2,-2,2,-5,MS系／ガンダム系／連邦軍・ティターンズ・地球連合／ガンダムSEED ASTRAY、MSV
8454,ブーストレイダー,0,445,46,85,88,572,18,1280,2300,160,200,240,390,強5,Ｍ,46,92000,2,-3,3,-3,MS系／ガンダム系／連邦軍・ティターンズ・地球連合
8455,ブーストレイダー(MA) ,1,445,46,65,88,572,18,1280,2300,160,200,240,390,強5,Ｍ,46,0,-5,-5,3,4,MS系／ガンダム系／連邦軍・ティターンズ・地球連合
8456,ブーストレイダー(強襲形態) ,1,445,46,85,88,572,18,1280,2300,160,200,240,390,強5,Ｍ,46,0,2,-3,3,-3,MS系／ガンダム系／連邦軍・ティターンズ・地球連合
8457,ねんどろいど2018仕様レーシングミク,0,390,39,39,39,390,39,39,39,39,39,39,39,強5,ＳＳ,39,2058000,0,0,0,0,その他／スパロボシリーズ／人系
8458,カラフルドロップ仕様初音ミク,0,390,39,39,39,390,39,39,39,39,39,39,39,強5,ＳＳ,39,1340000,0,0,0,0,その他／スパロボシリーズ／人系
8459,クラウド,0,246,25,60,55,300,7,0,0,100,200,300,3500,強1,ＳＳ,28,12410000,2,-4,-6,-4,人系
8460,クラウド(HD) ,1,246,25,60,55,300,7,0,0,100,200,300,3500,強1,ＳＳ,28,0,5,-5,-6,-5,人系
8461,フレームミュージック・ガール仕様初音ミク,0,390,39,39,39,390,39,39,39,39,39,39,39,強5,ＳＳ,39,2180000,0,0,0,0,その他／スパロボシリーズ／人系
8462,ウィンターヒロイン仕様初音ミク,0,390,39,39,39,390,39,39,39,39,39,39,39,強5,ＳＳ,39,7202500,0,0,0,0,その他／スパロボシリーズ／人系
8463,2nd season Autumn仕様初音ミク,0,390,39,39,39,390,39,39,39,39,39,39,39,強5,ＳＳ,39,1340000,0,0,0,0,その他／スパロボシリーズ／人系
8464,2nd season Winter仕様初音ミク,0,390,39,39,39,390,39,39,39,39,39,39,39,強5,ＳＳ,39,1340000,0,0,0,0,その他／スパロボシリーズ／人系
8465,クリスマス2018仕様初音ミク,0,390,39,39,39,390,39,39,39,39,39,39,39,強5,ＳＳ,39,1340000,0,0,0,0,その他／スパロボシリーズ／人系
8466,10th Anniversary仕様初音ミク,0,390,39,39,39,390,39,39,39,39,39,39,39,強5,ＳＳ,39,10854000,0,0,0,0,その他／スパロボシリーズ／人系
8467,ストライクルージュ,0,433,40,67,50,424,18,180,240,100,120,80,50,－,Ｍ,41,17430,2,-3,2,2,MS系／ガンダム系／ガンダムSEED
8468,プロマキス・ヴィー,0,408,41,85,44,280,11,180,180,180,180,0,30,－,Ｍ,35,13210,5,-2,-2,-2,その他／スパロボシリーズ／量産機
8469,グレンダイザーU,0,720,100,75,70,900,20,300,300,270,270,270,200,NT5,Ｌ,83,128030,3,-3,3,-5,その他／スパロボシリーズ
8470,グレンダイザーU(スペイザー) ,1,720,102,70,70,900,20,300,300,270,270,270,200,NT5,Ｌ,83,0,-5,-3,3,3,その他／スパロボシリーズ
8471,タイトー制服仕様初音ミク,0,390,39,39,39,390,39,39,39,39,39,39,39,強5,ＳＳ,39,1340000,0,0,0,0,その他／スパロボシリーズ／人系
8472,2nd season Summer仕様初音ミク,0,390,39,39,39,390,39,39,39,39,39,39,39,強5,ＳＳ,39,1340000,0,0,0,0,その他／スパロボシリーズ／人系
8473,AOZ仕様ハイザック・カスタム,0,360,33,70,90,245,18,160,170,0,175,0,20,－,Ｍ,34,9610,2,-3,2,-4,MS系／ザク系／連邦軍・ティターンズ・地球連合／アドバンス・オブ・ゼータ
8474,2nd season Spring仕様初音ミク,0,390,39,39,39,390,39,39,39,39,39,39,39,強5,ＳＳ,39,1340000,0,0,0,0,その他／スパロボシリーズ／人系
8475,バースデーフィギュア2019仕様初音ミク,0,390,39,39,39,390,39,39,39,39,39,39,39,強5,ＳＳ,39,1340000,0,0,0,0,その他／スパロボシリーズ／人系
8476,ねんどろいどマジカルミライ2017仕様初音ミク,0,390,39,39,39,390,39,39,39,39,39,39,39,強5,ＳＳ,39,1520800,0,0,0,0,その他／スパロボシリーズ／人系
8477,ねんどろいどSnow Princess仕様雪ミク,0,390,39,39,39,390,39,39,39,39,39,39,39,強5,ＳＳ,39,2058000,0,0,0,0,その他／スパロボシリーズ／人系
8478,figma Snow Princess仕様雪ミク,0,390,39,39,39,390,39,39,39,39,39,39,39,強5,ＳＳ,39,2891000,0,0,0,0,その他／スパロボシリーズ／人系
8479,ねんどろいどシンフォニー2018-2019仕様初音ミク,0,390,39,39,39,390,39,39,39,39,39,39,39,強5,ＳＳ,39,1520800,0,0,0,0,その他／スパロボシリーズ／人系
8480,ファーヴニル,0,458,50,86,77,580,19,245,250,210,210,220,100,強3,Ｍ,50,46820,2,-4,3,-5,MS系／ガンダム系／エウーゴ・カラバ
8481,ヤヌス,0,950,70,50,85,800,20,200,220,195,195,195,300,強5,Ｌ,74,76020,3,-2,-5,1,その他／スパロボシリーズ
8482,ダイミダラー超型・孝一,0,566,93,65,82,700,23,220,220,200,200,220,350,NT5,Ｍ,60,40020,2,-4,3,-2,その他／スパロボシリーズ
8483,ガイロス仕様ヘルキャット,0,348,30,90,50,245,13,110,120,130,95,0,50,－,Ｍ,32,4510,5,-3,-5,0,その他／ゾイドシリーズ／スパロボシリーズ／量産機
8484,ウェディングドレス仕様初音ミク,0,390,39,39,39,390,39,39,39,39,39,39,39,強5,ＳＳ,39,8446500,0,0,0,0,その他／スパロボシリーズ／人系
8485,ねんどろいど仕様発音ミク,0,390,39,39,39,390,39,39,39,39,39,39,39,強5,ＳＳ,39,1520800,0,0,0,0,その他／スパロボシリーズ／人系
8486,プラズマX,0,350,40,60,90,500,8,3000,3000,3000,500,500,800,強7,ＳＳ,32,41110000,2,0,2,3,人系
8487,figma Magical Snow仕様雪ミク,0,390,39,39,39,390,39,39,39,39,39,39,39,強5,ＳＳ,39,2891000,0,0,0,0,その他／スパロボシリーズ／人系
8488,マジカルミライ2018仕様初音ミク,0,390,39,39,39,390,39,39,39,39,39,39,39,強5,ＳＳ,39,7326500,0,0,0,0,その他／スパロボシリーズ／人系
8489,こなた,0,57,13,42,90,100,5,142,142,142,142,142,573,－,ＳＳ,180,27930000,2,-4,-6,-5,人系
8490,ねんどろいどマジカルミライ2018仕様初音ミク,0,390,39,39,39,390,39,39,39,39,39,39,39,強5,ＳＳ,39,1632000,0,0,0,0,その他／スパロボシリーズ／人系
8491,オリジナル私服仕様初音ミク,0,390,39,39,39,390,39,39,39,39,39,39,39,強5,ＳＳ,39,1340000,0,0,0,0,その他／スパロボシリーズ／人系
8492,グランチュラ,0,150,22,50,55,300,10,50,80,150,0,0,10,強1,Ｓ,24,2500,4,-4,-5,-4,その他／ゾイドシリーズ／スパロボシリーズ
8493,キューティーハニー,0,300,25,70,60,300,8,3000,3000,3000,3000,3000,820,強6,ＳＳ,31,40280000,2,0,-5,0,人系
8494,ぬーどるストッパー仕様初音ミク,0,390,39,39,39,390,39,39,39,39,39,39,39,強5,ＳＳ,39,1340000,0,0,0,0,その他／スパロボシリーズ／人系
8495,Winter Live仕様初音ミク,0,390,39,39,39,390,39,39,39,39,39,39,39,強5,ＳＳ,39,1340000,0,0,0,0,その他／スパロボシリーズ／人系
8496,POP UP PARADE仕様レーシングミク,0,390,39,39,39,390,39,39,39,39,39,39,39,強5,ＳＳ,39,1198000,0,0,0,0,その他／スパロボシリーズ／人系
8497,2017タイ仕様レーシングミク,0,390,39,39,39,390,39,39,39,39,39,39,39,強5,ＳＳ,39,7780000,0,0,0,0,その他／スパロボシリーズ／人系
8498,LBR仕様ガンダムFSD,0,320,30,85,50,354,18,75,75,75,75,0,5,－,Ｍ,23,8460,3,-2,-5,-4,MS系／ガンダム系／連邦軍・ティターンズ・地球連合／THE ORIGIN
8499,キャノンガン,0,422,50,55,68,425,20,140,165,150,150,150,50,－,Ｍ,41,19010,1,-4,2,-4,MS系／ジム系／連邦軍・ティターンズ・地球連合
8500,ねんどろいど2019仕様レーシングミク,0,390,39,39,39,390,39,39,39,39,39,39,39,強5,ＳＳ,39,2058000,0,0,0,0,その他／スパロボシリーズ／人系
8501,figma2019仕様レーシングミク,0,390,39,39,39,390,39,39,39,39,39,39,39,強5,ＳＳ,39,2891000,0,0,0,0,その他／スパロボシリーズ／人系
8502,フルアームド・ヒュッケバイン,0,520,50,110,90,700,19,1000,1000,1000,1000,1000,750,－,Ｍ,59,113000,2,-2,4,3,その他／バンプレストオリジナル
8503,MIKU WITH YOU 2018仕様初音ミク,0,390,39,39,39,390,39,39,39,39,39,39,39,強5,ＳＳ,39,7180000,0,0,0,0,その他／スパロボシリーズ／人系
8504,2018タイ仕様レーシングミク,0,390,39,39,39,390,39,39,39,39,39,39,39,強5,ＳＳ,39,6280000,0,0,0,0,その他／スパロボシリーズ／人系
8505,2018 Challenging to the TOP仕様レーシングミク,0,390,39,39,39,390,39,39,39,39,39,39,39,強5,ＳＳ,39,6132000,0,0,0,0,その他／スパロボシリーズ／人系
8506,超歌舞伎 花街詞合鏡仕様初音ミク,0,390,39,39,39,390,39,39,39,39,39,39,39,強5,ＳＳ,39,9465000,0,0,0,0,その他／スパロボシリーズ／人系
8507,Figure-riseLABO V4X仕様初音ミク,0,390,39,39,39,390,39,39,39,39,39,39,39,強5,ＳＳ,39,2280000,0,0,0,0,その他／スパロボシリーズ／人系
8508,Winter image仕様初音ミク,0,390,39,39,39,390,39,39,39,39,39,39,39,強5,ＳＳ,39,1340000,0,0,0,0,その他／スパロボシリーズ／人系
8509,ヤクト・ヴァイゼ,0,490,56,112,70,665,21,290,250,170,190,0,200,－,Ｍ,56,47220,1,-5,3,-4,MS系／ジオン・ネオジオン軍・ザフト
8510,ねんどろいどSnow Parade仕様雪ミク,0,390,39,39,39,390,39,39,39,39,39,39,39,強5,ＳＳ,39,1780000,0,0,0,0,その他／スパロボシリーズ／人系
8511,figma V4 CHINESE仕様初音ミク,0,390,39,39,39,390,39,39,39,39,39,39,39,強5,ＳＳ,39,2891000,0,0,0,0,その他／スパロボシリーズ／人系
8512,PGTBB仕様ガンダムアストレア,0,365,40,91,66,395,22,230,230,0,230,230,30,－,Ｍ,39,14310,0,-4,3,3,MS系／ガンダム系／ガンダム00
8513,iXima仕様桜ミク,0,390,39,39,39,390,39,39,39,39,39,39,39,強5,ＳＳ,39,1340000,0,0,0,0,その他／スパロボシリーズ／人系
8514,やすも仕様桜ミク,0,390,39,39,39,390,39,39,39,39,39,39,39,強5,ＳＳ,39,1340000,0,0,0,0,その他／スパロボシリーズ／人系
8515,かも仮面仕様桜ミク,0,390,39,39,39,390,39,39,39,39,39,39,39,強5,ＳＳ,39,1340000,0,0,0,0,その他／スパロボシリーズ／人系
8516,プレシャスフィギュアf仕様初音ミク,0,390,39,39,39,390,39,39,39,39,39,39,39,強5,ＳＳ,39,4180000,0,0,0,0,その他／スパロボシリーズ／人系
8517,Tony晴着仕様レーシングミク,0,390,39,39,39,390,39,39,39,39,39,39,39,強5,ＳＳ,39,6132000,0,0,0,0,その他／スパロボシリーズ／人系
8518,3rd season Summer仕様初音ミク,0,390,39,39,39,390,39,39,39,39,39,39,39,強5,ＳＳ,39,1340000,0,0,0,0,その他／スパロボシリーズ／人系
8519,CD仕様ホワイトベース,0,720,33,45,110,800,130,170,270,130,150,230,10,－,ＬＬ,65,92030,-5,-4,3,2,艦船系／連邦軍・ティターンズ・地球連合
8520,MIKU WITH YOU 2019仕様初音ミク,0,390,39,39,39,390,39,39,39,39,39,39,39,強5,ＳＳ,39,14180000,0,0,0,0,その他／スパロボシリーズ／人系
8521,マジカルミライ2019仕様初音ミク,0,390,39,39,39,390,39,39,39,39,39,39,39,強5,ＳＳ,39,7180000,0,0,0,0,その他／スパロボシリーズ／人系
8522,エックスケー,0,495,50,102,60,610,18,390,390,390,390,390,100,強2,Ｍ,52,69400,2,-5,3,0,MS系／ガンダム系／鉄血のオルフェンズ
8523,韶華仕様初音ミク,0,390,39,39,39,390,39,39,39,39,39,39,39,強5,ＳＳ,39,11007500,0,0,0,0,その他／スパロボシリーズ／人系
8524,Pop idol仕様初音ミク,0,390,39,39,39,390,39,39,39,39,39,39,39,強5,ＳＳ,39,1340000,0,0,0,0,その他／スパロボシリーズ／人系
8525,カフェメイド仕様初音ミク,0,390,39,39,39,390,39,39,39,39,39,39,39,強5,ＳＳ,39,1340000,0,0,0,0,その他／スパロボシリーズ／人系
8526,ラッキー☆オーブ仕様初音ミク,0,390,39,39,39,390,39,39,39,39,39,39,39,強5,ＳＳ,39,8280000,0,0,0,0,その他／スパロボシリーズ／人系
8527,ストライクガンダム(再生機),0,434,42,84,60,537,17,210,230,230,200,200,90,－,Ｍ,46,15910,2,-4,2,2,MS系／ガンダム系／連邦軍・ティターンズ・地球連合
8528,アテナ専用ナイキック(G) ,1,408,48,100,70,420,20,200,200,180,180,180,30,－,Ｓ,43,0,1,1,1,1,スパロボシリーズ／車輌・戦闘機系
8529,figma Snow Parade仕様雪ミク,0,390,39,39,39,390,39,39,39,39,39,39,39,強5,ＳＳ,39,2280000,0,0,0,0,その他／スパロボシリーズ／人系
8530,シンフォニー2017仕様初音ミク,0,390,39,39,39,390,39,39,39,39,39,39,39,強5,ＳＳ,39,6595000,0,0,0,0,その他／スパロボシリーズ／人系
8531,陸戦仕様デルタカイ,0,480,60,129,80,496,19,270,290,320,320,320,50,－,Ｍ,52,68260,2,-4,2,-4,MS系／連邦軍・ティターンズ・地球連合
8532,陸戦仕様デルタカイ(WR) ,1,480,60,135,80,496,19,270,290,320,320,320,50,－,Ｍ,52,0,-6,-6,4,4,MA系／連邦軍・ティターンズ・地球連合
8533,旧共和国仕様ガイサック,0,320,30,67,60,300,10,150,150,0,0,0,5,強3,Ｓ,32,28000,5,1,-4,-4,その他／ゾイドシリーズ／スパロボシリーズ
8534,ぬーどるストッパーチャイナ仕様初音ミク,0,390,39,39,39,390,39,39,39,39,39,39,39,強5,ＳＳ,39,1340000,0,0,0,0,その他／スパロボシリーズ／人系
8535,3rd season Autumn仕様初音ミク,0,390,39,39,39,390,39,39,39,39,39,39,39,強5,ＳＳ,39,1340000,0,0,0,0,その他／スパロボシリーズ／人系
8536,トール,0,400,90,100,90,500,20,176,160,950,700,750,1060,NT8,ＳＳ,57,52280000,2,2,2,2,人系
8537,Costumesルームウェア仕様初音ミク,0,390,39,39,39,390,39,39,39,39,39,39,39,強5,ＳＳ,39,1340000,0,0,0,0,その他／スパロボシリーズ／人系
8538,Costumesチャイナドレス仕様初音ミク,0,390,39,39,39,390,39,39,39,39,39,39,39,強5,ＳＳ,39,1340000,0,0,0,0,その他／スパロボシリーズ／人系
8539,エコノミー,0,288,23,50,52,240,12,10,50,50,50,0,5,－,Ｓ,16,7210,2,-2,-5,-4,その他／スパロボシリーズ
8540,スタンダード,0,324,30,61,52,245,12,10,50,50,50,0,20,－,Ｓ,30,10810,2,-2,-5,-4,その他／スパロボシリーズ
8541,量産仕様スタンダード,0,324,30,61,52,245,12,10,50,50,50,0,5,－,Ｓ,30,10810,2,-2,-5,-4,その他／スパロボシリーズ
8542,超サイヤ人ゴジータ,0,636,55,91,80,690,10,1590,1590,1590,1590,1590,8200,－,ＳＳ,61,3495050,5,0,-6,3,人系
8543,スパイダーマン仕様スパイデス,0,100,17,60,55,300,7,50,80,150,0,-4,10,強1,Ｓ,23,1900,4,-4,-5,0,その他／ゾイドシリーズ／スパロボシリーズ
8544,ブラックスパイダーマン仕様スパイデス,0,100,17,60,55,300,7,50,80,150,0,0,10,強1,Ｓ,23,1900,4,-4,-5,0,その他／ゾイドシリーズ／スパロボシリーズ
8545,SOL644,0,700,90,90,90,600,32,2000,3000,3000,2200,1300,1800,強5,Ｍ,64,908000,4,-6,3,2,その他／スパロボシリーズ
8546,GNFP仕様ガンダム,0,384,35,70,58,408,18,130,130,130,130,0,10,NT4,Ｍ,38,11490,2,-1,2,-1,MS系／ガンダム系／連邦軍・ティターンズ・地球連合
8547,Princessマーメイド仕様初音ミク,0,390,39,39,39,390,39,39,39,39,39,39,39,強5,ＳＳ,39,1340000,0,0,0,0,その他／スパロボシリーズ／人系
8548,figma2020仕様レーシングミク,0,390,39,39,39,390,39,39,39,39,39,39,39,強5,ＳＳ,39,2280000,0,0,0,0,その他／スパロボシリーズ／人系
8549,ねんどろいど冬木小袖仕様初音ミク,0,390,39,39,39,390,39,39,39,39,39,39,39,強5,ＳＳ,39,1780000,0,0,0,0,その他／スパロボシリーズ／人系
8550,3rd season Winter仕様初音ミク,0,390,39,39,39,390,39,39,39,39,39,39,39,強5,ＳＳ,39,1340000,0,0,0,0,その他／スパロボシリーズ／人系
8551,V.F.G.VF-31D スクルドSP,0,450,44,120,115,480,19,220,280,220,220,220,150,－,Ｍ,58,67000,-5,-5,3,3,マクロスシリーズ／車輌・戦闘機系／人系
8552,V.F.G.VF-31D スクルドSP(G) ,1,450,40,109,115,480,19,220,280,220,220,220,150,－,Ｓ,58,0,2,2,2,2,その他／マクロスシリーズ／人系
8553,V.F.G.VF-31D スクルドSP(B) ,1,450,49,100,95,480,19,220,280,220,220,220,150,－,Ｍ,58,0,3,-5,3,-1,その他／マクロスシリーズ／人系
8554,ゼウス仕様アカツキ,0,464,45,82,70,565,18,360,390,220,240,220,100,－,Ｍ,57,33180,2,-4,4,0,MS系／ガンダム系／機動戦士ガンダムSEED FREEDOM
8555,ねんどろいどGlowing Snow仕様雪ミク,0,390,39,39,39,390,39,39,39,39,39,39,39,強5,ＳＳ,39,1916500,0,0,0,0,その他／スパロボシリーズ／人系
8556,2021仕様桜ミク,0,390,39,39,39,390,39,39,39,39,39,39,39,強5,ＳＳ,39,1340000,0,0,0,0,その他／スパロボシリーズ／人系
8557,鞠熾天,0,430,50,114,65,590,10,500,570,570,570,520,440,－,Ｓ,50,170000,3,-4,-4,4,その他／コードギアス
8558,デルタザイン,0,454,56,131,80,478,19,270,290,320,320,320,50,NT2,Ｍ,47,60700,2,-3,2,-5,MS系／連邦軍・ティターンズ・地球連合／ガンダムUC
8559,デルタザイン(MA) ,1,454,56,137,80,478,19,270,290,320,320,320,50,NT2,Ｍ,47,0,-5,-5,4,4,MA系／連邦軍・ティターンズ・地球連合／ガンダムUC
8560,第3次改装仕様宇宙戦艦ヤマト,0,1500,80,40,190,1800,100,270,400,230,265,400,100,－,ＬＬ,160,956000,-6,0,1,1,艦船系／スパロボシリーズ
8561,ドクター・ゲロ,0,540,41,70,70,530,10,1590,1590,1590,1590,1590,10000,強5,ＳＳ,49,13976700,3,-3,0,0,人系
8562,人造人間17号,0,588,46,75,70,560,10,160,450,840,580,830,8458,強6,ＳＳ,61,16916050,5,0,-6,3,人系
8563,第一形態仕様セル,0,780,50,85,80,780,10,2590,2590,2590,2590,2590,20000,強5,ＳＳ,68,2880000,5,0,5,1,人系
8564,第二形態仕様セル,0,780,55,85,80,780,10,3590,3590,3590,3590,3590,30000,強5,ＳＳ,69,6480000,5,0,5,3,人系
8565,セル,0,780,60,85,80,780,10,4590,4590,4590,4590,4590,50000,強5,ＳＳ,70,14280000,5,0,5,4,人系
8566,初梦仕様初音ミク,0,390,39,39,39,390,39,39,39,39,39,39,39,強5,ＳＳ,39,7280000,0,0,0,0,その他／スパロボシリーズ／人系
8567,マジカルミライ2020夏まつり仕様初音ミク,0,390,39,39,39,390,39,39,39,39,39,39,39,強5,ＳＳ,39,10480000,0,0,0,0,その他／スパロボシリーズ／人系
8568,ねんどろいどMIKU WITH YOU 2019仕様初音ミク,0,390,39,39,39,390,39,39,39,39,39,39,39,強5,ＳＳ,39,1780000,0,0,0,0,その他／スパロボシリーズ／人系
8569,2019仕様レーシングミク,0,390,39,39,39,390,39,39,39,39,39,39,39,強5,ＳＳ,39,9780000,0,0,0,0,その他／スパロボシリーズ／人系
8570,ソロモン仕様リック・ドム,0,300,28,56,48,326,18,0,0,90,90,0,5,－,Ｍ,20,9270,-3,-4,3,-5,MS系／ジオン・ネオジオン軍・ザフト／機動戦士ガンダム／ドム系／量産機
8571,ソロモン攻略戦仕様ボール,0,120,17,35,40,117,10,0,0,10,0,0,1,－,Ｓ,14,2910,-5,-5,3,-5,その他／連邦軍・ティターンズ・地球連合／機動戦士ガンダム／量産機
8572,ガンダムGファースト,0,528,54,110,77,680,21,300,300,250,270,280,100,－,Ｍ,58,46020,2,-3,2,-5,MS系／ガンダム系／連邦軍・ティターンズ・地球連合
8573,クロスボーン・ガンダムX1ハーフクロス,0,475,50,113,90,534,20,280,260,260,270,230,250,NT2,Ｍ,52,46000,3,-3,3,0,MS系／ガンダム系／機動戦士クロスボーンガンダム
8574,GFタンク,0,494,45,90,55,485,12,330,340,330,330,330,50,－,Ｍ,46,18900,2,-3,2,-5,MS系／連邦軍・ティターンズ・地球連合
8575,GFタンク(MA) ,1,494,45,90,55,485,12,330,340,330,330,330,50,－,Ｍ,46,0,4,-3,-2,-5,MS系／連邦軍・ティターンズ・地球連合
8576,メガラニカ仕様ガンダムMk-II,0,435,48,94,70,458,18,235,235,235,235,0,100,－,Ｍ,45,26200,2,-3,2,-3,MS系／ガンダム系／エウーゴ・カラバ
8577,オリジナル秋服仕様初音ミク,0,390,39,39,39,390,39,39,39,39,39,39,39,強5,ＳＳ,39,1340000,0,0,0,0,その他／スパロボシリーズ／人系
8578,MIKU EXPO Digital Stars 2020仕様初音ミク,0,390,39,39,39,390,39,39,39,39,39,39,39,強5,ＳＳ,39,10030000,0,0,0,0,その他／スパロボシリーズ／人系
8579,ねんどろいどきぐるみアグモン仕様初音ミク,0,390,39,39,39,390,39,39,39,39,39,39,39,強5,ＳＳ,39,1780000,0,0,0,0,その他／スパロボシリーズ／人系
8580,Wonderland赤ずきん仕様初音ミク,0,390,39,39,39,390,39,39,39,39,39,39,39,強5,ＳＳ,39,1340000,0,0,0,0,その他／スパロボシリーズ／人系
8581,ねんどろいどマジカルミライ2019仕様初音ミク,0,390,39,39,39,390,39,39,39,39,39,39,39,強5,ＳＳ,39,1780000,0,0,0,0,その他／スパロボシリーズ／人系
8582,2018summer仕様レーシングミク,0,390,39,39,39,390,39,39,39,39,39,39,39,強5,ＳＳ,39,6780000,0,0,0,0,その他／スパロボシリーズ／人系
8583,イノセント仕様初音ミク,0,390,39,39,39,390,39,39,39,39,39,39,39,強5,ＳＳ,39,1340000,0,0,0,0,その他／スパロボシリーズ／人系
8584,ナチュラル仕様初音ミク,0,390,39,39,39,390,39,39,39,39,39,39,39,強5,ＳＳ,39,1340000,0,0,0,0,その他／スパロボシリーズ／人系
8585,インフィニティ仕様初音ミク,0,390,39,39,39,390,39,39,39,39,39,39,39,強5,ＳＳ,39,1340000,0,0,0,0,その他／スパロボシリーズ／人系
8586,サマーフェス仕様初音ミク,0,390,39,39,39,390,39,39,39,39,39,39,39,強5,ＳＳ,39,1340000,0,0,0,0,その他／スパロボシリーズ／人系
8587,ねんどろいどif仕様初音ミク,0,390,39,39,39,390,39,39,39,39,39,39,39,強5,ＳＳ,39,1780000,0,0,0,0,その他／スパロボシリーズ／人系
8588,Wonderland白雪姫仕様初音ミク,0,390,39,39,39,390,39,39,39,39,39,39,39,強5,ＳＳ,39,1340000,0,0,0,0,その他／スパロボシリーズ／人系
8589,Birthday2021 Happy Cat仕様初音ミク,0,390,39,39,39,390,39,39,39,39,39,39,39,強5,ＳＳ,39,1340000,0,0,0,0,その他／スパロボシリーズ／人系
8590,Snow Princess仕様雪ミク,0,390,39,39,39,390,39,39,39,39,39,39,39,強5,ＳＳ,39,10552500,0,0,0,0,その他／スパロボシリーズ／人系
8591,YYB式仕様初音ミク,0,390,39,39,39,390,39,39,39,39,39,39,39,強5,ＳＳ,39,1198000,0,0,0,0,その他／スパロボシリーズ／人系
8592,Birthday2020 Sweet Angel仕様初音ミク,0,390,39,39,39,390,39,39,39,39,39,39,39,強5,ＳＳ,39,9180000,0,0,0,0,その他／スパロボシリーズ／人系
8593,ねんどろいどシンフォニー2020仕様初音ミク,0,390,39,39,39,390,39,39,39,39,39,39,39,強5,ＳＳ,39,2825500,0,0,0,0,その他／スパロボシリーズ／人系
8594,Memorial Dress仕様初音ミク,0,390,39,39,39,390,39,39,39,39,39,39,39,強5,ＳＳ,39,18975000,0,0,0,0,その他／スパロボシリーズ／人系
8595,ねんどろいど2021仕様レーシングミク,0,390,39,39,39,390,39,39,39,39,39,39,39,強5,ＳＳ,39,2371000,0,0,0,0,その他／スパロボシリーズ／人系
8596,シンフォニー2019仕様初音ミク,0,390,39,39,39,390,39,39,39,39,39,39,39,強5,ＳＳ,39,6680000,0,0,0,0,その他／スパロボシリーズ／人系
8597,ねんどろいどマジカルミライ2020WF仕様初音ミク,0,390,39,39,39,390,39,39,39,39,39,39,39,強5,ＳＳ,39,1780000,0,0,0,0,その他／スパロボシリーズ／人系
8598,Wonderlandラプンツェル仕様初音ミク,0,390,39,39,39,390,39,39,39,39,39,39,39,強5,ＳＳ,39,1340000,0,0,0,0,その他／スパロボシリーズ／人系
8599,Princessアラビアン仕様初音ミク,0,390,39,39,39,390,39,39,39,39,39,39,39,強5,ＳＳ,39,1340000,0,0,0,0,その他／スパロボシリーズ／人系
8600,figma Glowing Snow仕様雪ミク,0,390,39,39,39,390,39,39,39,39,39,39,39,強5,ＳＳ,39,2825500,0,0,0,0,その他／スパロボシリーズ／人系
8601,ミリア専用シュトゥルムフォーゲルII,0,430,40,117,95,470,20,180,180,170,170,170,20,－,Ｍ,45,54400,-2,-2,5,5,マクロスシリーズ／車輌・戦闘機系／専用機
8602,ミリア専用シュトゥルムフォーゲルII(G) ,1,430,38,110,85,470,20,180,180,170,170,170,20,－,Ｓ,45,0,1,1,1,1,その他／マクロスシリーズ／専用機
8603,ミリア専用シュトゥルムフォーゲルII(B) ,1,430,45,105,75,470,20,180,180,170,170,170,20,－,Ｍ,45,0,5,-5,3,-2,その他／マクロスシリーズ／専用機
8604,オーガスタ研究所仕様アクト・ザク,0,352,30,70,63,397,18,0,100,110,0,0,60,－,Ｍ,27,11100,2,-3,2,-5,MS系／ザク系／ジオン・ネオジオン軍・ザフト
8605,SF仕様ズゴック,0,602,74,120,90,800,18,1370,1400,1250,1270,1250,100,強5,Ｍ,89,415320,1,0,4,4,MS系／機動戦士ガンダムSEED FREEDOM
8606,ソル・コンバー,0,300,38,63,79,500,20,300,300,280,280,280,10,－,Ｍ,40,18000,1,-4,0,-5,その他／スパロボシリーズ
8607,イデオ・バスタ ,1,300,38,63,79,500,20,300,300,280,280,280,10,－,Ｍ,40,0,-4,-4,1,3,その他／スパロボシリーズ
8608,ソル・バニア,0,300,38,63,79,500,20,300,300,280,280,280,10,－,Ｍ,40,18000,1,-4,0,-5,その他／スパロボシリーズ
8609,イデオ・ノバ ,1,300,38,63,79,500,20,300,300,280,280,280,10,－,Ｍ,40,0,-4,-4,1,3,その他／スパロボシリーズ
8610,ソル・アンバー,0,300,38,63,79,500,20,300,300,280,280,280,10,－,Ｍ,40,18000,1,-4,0,-5,その他／スパロボシリーズ
8611,イデオ・デルタ ,1,300,38,63,79,500,20,300,300,280,280,280,10,－,Ｍ,40,0,-4,-4,1,3,その他／スパロボシリーズ
8612,γロボ,0,360,33,80,65,200,25,230,230,60,100,180,50,－,Ｍ,31,12010,0,3,0,0,その他／スパロボシリーズ
8613,βロボ,0,360,33,80,65,200,25,230,230,60,100,180,50,－,Ｍ,31,12010,0,0,0,3,その他／スパロボシリーズ
8614,αロボ,0,360,33,80,65,200,25,230,230,60,100,180,50,－,Ｍ,31,12010,3,0,0,0,その他／スパロボシリーズ
8615,マリンディメンジョン ,1,700,59,60,65,630,40,230,230,60,100,180,100,－,Ｌ,58,0,2,3,-5,-5,その他／スパロボシリーズ
8616,スカイディメンジョン ,1,700,50,80,65,630,40,230,230,60,100,180,100,－,Ｌ,58,0,2,-5,2,3,その他／スパロボシリーズ
8617,ムウ専用ムラサメ改,0,420,37,87,68,530,17,200,1230,100,100,100,150,－,Ｍ,46,13900,2,-3,2,2,MS系／機動戦士ガンダムSEED FREEDOM／専用機
8618,ムウ専用ムラサメ改(MA) ,1,420,37,93,68,530,17,200,1230,100,100,100,150,－,Ｍ,46,0,-5,-5,2,3,MA系／機動戦士ガンダムSEED FREEDOM／専用機
8619,ダイリュウオー,0,640,70,80,60,700,30,300,250,300,250,200,180,－,Ｌ,80,110000,2,0,1,3,その他／勇者・エルドランシリーズ
8620,リュウオー ,1,640,70,85,60,700,30,300,250,300,250,200,180,－,Ｌ,80,0,0,0,1,4,その他／勇者・エルドランシリーズ
8621,G・ドアーズ,0,432,51,108,80,400,20,210,240,200,180,0,200,NT6,Ｍ,45,33800,1,-5,3,-1,MS系／ジオン・ネオジオン軍・ザフト
8622,ピンクパンサー隊仕様ザク・デザートタイプ,0,275,24,43,55,300,18,50,50,50,55,0,80,－,Ｍ,28,13410,3,-3,-5,-4,MS系／ザク系／ジオン・ネオジオン軍・ザフト／MSV(モビルスーツバリエーション)
8623,シャア専用高機動型ザクII,0,300,21,69,52,310,18,0,140,140,140,0,150,－,Ｍ,30,8000,-4,-4,4,-4,MS系／ザク系／ジオン・ネオジオン軍・ザフト／THE ORIGIN／専用機
8624,アニス,0,208,40,80,90,500,15,1500,1500,1300,1000,1000,320,強5,ＳＳ,38,40020,3,-4,0,0,人系
8625,シーパンツァー,0,350,85,45,80,500,10,200,200,150,200,220,50,－,Ｓ,44,6000,2,2,-5,-4,その他／ゾイドシリーズ／スパロボシリーズ／量産機
8626,ソードインパルスSpecII,0,460,46,89,85,600,17,200,230,240,150,0,180,強5,Ｍ,48,35260,2,-3,2,-4,MS系／ガンダム系／ジオン・ネオジオン軍・ザフト／機動戦士ガンダムSEED FREEDOM
8627,マックス専用シュトゥルムフォーゲルII,0,430,40,117,95,470,20,180,180,170,170,170,20,－,Ｍ,45,54400,-2,-2,5,5,マクロスシリーズ／車輌・戦闘機系／専用機
8628,マックス専用シュトゥルムフォーゲルII(G) ,1,430,38,110,85,470,20,180,180,170,170,170,20,－,Ｓ,45,0,1,1,1,1,その他／マクロスシリーズ／専用機
8629,マックス専用シュトゥルムフォーゲルII(B) ,1,430,45,105,75,470,20,180,180,170,170,170,20,－,Ｍ,45,0,5,-5,3,-2,その他／マクロスシリーズ／専用機
8630,MS少女エルメス,0,464,35,70,99,496,30,200,150,0,0,185,500,NT3,ＳＳ,47,21160,-5,-5,3,-5,MA系／ジオン・ネオジオン軍・ザフト／人系
8631,MS少女エルメスちゃん,0,464,35,70,99,496,30,200,150,0,0,185,100,NT3,ＳＳ,47,21160,0,-5,3,-5,その他／ジオン・ネオジオン軍・ザフト／人系
8632,軍警ザク,0,288,22,45,44,320,18,0,30,0,30,0,100,－,Ｍ,28,7400,2,-3,2,-4,MS系／ザク系／ジオン・ネオジオン軍・ザフト／機動戦士Gundam GQuuuuuuX／量産機
8633,白いガンダム,0,400,36,73,60,425,18,130,130,130,130,0,100,－,Ｍ,40,12600,2,-1,2,-1,MS系／ガンダム系／連邦軍・ティターンズ・地球連合／機動戦士Gundam GQuuuuuuX
8634,赤いガンダム,0,400,36,78,68,445,18,190,190,130,130,0,200,NT2,Ｍ,41,13800,2,-1,2,-1,MS系／ガンダム系／ジオン・ネオジオン軍・ザフト／機動戦士Gundam GQuuuuuuX
8635,軽キャノン,0,340,36,55,70,370,18,0,0,0,195,95,150,－,Ｍ,35,10100,2,-1,2,-1,MS系／連邦軍・ティターンズ・地球連合／機動戦士Gundam GQuuuuuuX
8636,バーンドラゴン,0,500,60,50,49,500,10,200,200,200,200,200,200,強5,Ｓ,46,134000,3,-2,2,-2,その他／スパロボシリーズ
8637,バーンブレイバーン,0,650,68,52,59,500,10,200,200,200,200,200,300,強5,Ｓ,52,158000,2,-2,2,-2,その他／スパロボシリーズ
8638,エゥーゴ仕様ジムII(バリュートパック装備),0,312,30,59,59,340,18,0,0,75,75,0,50,－,Ｍ,22,21100,2,-3,2,-4,MS系／ジム系／エウーゴ・カラバ／機動戦士Zガンダム／量産機
8639,ジャブロー基地仕様ガンキャノン重装型,0,320,48,39,68,390,18,0,0,0,0,130,40,－,Ｍ,25,10230,2,-3,2,-4,MS系／連邦軍・ティターンズ・地球連合／MSV(モビルスーツバリエーション)／量産機
8640,複座仕様コスモタイガーII,0,150,15,75,50,300,9,180,180,185,185,180,10,－,Ｍ,29,6000,-4,-5,4,4,スパロボシリーズ／車輌・戦闘機系／量産機
8641,コスモゼロα1,0,180,18,85,65,370,9,180,180,185,185,180,40,－,Ｍ,39,18000,-4,-5,4,4,スパロボシリーズ／車輌・戦闘機系
8642,コスモパイソン,0,150,15,75,55,300,9,180,180,185,185,180,40,－,Ｍ,29,6000,-4,-5,4,4,スパロボシリーズ／車輌・戦闘機系／量産機
8643,コスモパイソン(高機動モード) ,1,150,15,85,45,300,9,180,180,185,185,180,40,－,Ｍ,29,0,-4,-5,4,4,スパロボシリーズ／車輌・戦闘機系／量産機
8644,ラー,0,396,33,55,80,455,25,300,380,300,200,200,50,強5,Ｍ,41,15010,2,-2,2,2,その他／スパロボシリーズ
8645,シン,0,396,37,45,80,525,25,300,380,300,200,200,50,強5,Ｍ,41,15010,2,-2,2,2,その他／スパロボシリーズ
8646,タイタン,0,360,37,45,80,45,15,525,380,300,200,200,50,強5,Ｍ,41,15010,2,-2,2,2,その他／スパロボシリーズ
8647,ウラヌス,0,360,37,45,80,45,15,525,380,300,200,200,50,強5,Ｍ,41,15010,2,-2,2,2,その他／スパロボシリーズ
8648,スフィンクス,0,432,37,45,80,45,25,525,380,300,200,200,50,強5,Ｍ,41,15010,2,-2,2,2,その他／スパロボシリーズ
8649,ガイヤー,0,324,37,70,85,525,15,380,380,300,200,200,50,NT5,Ｍ,42,22020,2,-2,2,2,その他／スパロボシリーズ
8650,マジンガーX,0,590,70,50,60,460,18,290,290,195,195,195,200,－,Ｍ,48,60020,2,-2,-5,3,その他／スパロボシリーズ
8651,ニキ・ヴァシュマール,0,350,26,58,50,400,12,100,250,250,50,0,50,－,Ｓ,35,12000,5,-2,-5,-3,その他／スパロボシリーズ
8652,ブングル・ローバー,0,324,36,75,52,245,10,150,150,145,145,0,10,－,Ｍ,31,8410,-4,-5,-4,1,その他／スパロボシリーズ
8653,ブングル・スキッパー,0,300,36,75,52,245,10,150,150,145,145,0,10,－,Ｍ,30,9610,-4,-5,-4,1,その他／スパロボシリーズ
8654,SF仕様アメイジングズゴック,0,660,74,120,95,900,18,1370,1400,1250,1270,1250,100,強5,Ｍ,83,478800,-5,1,4,4,MS系／機動戦士ガンダムSEED FREEDOM
8655,ジーライン,0,300,28,74,65,476,18,130,130,130,130,0,25,－,Ｍ,37,11490,2,-1,2,-1,MS系／連邦軍・ティターンズ・地球連合／M-MSV(大河原邦夫コレクション)
8656,フルアーマー・オーヴェロン,0,560,62,108,90,540,20,250,230,235,230,210,10,NT3,Ｍ,55,77540,2,-1,2,-4,MS系／ジオン・ネオジオン軍・ザフト
8657,ダイリューガ ,1,300,68,80,70,415,20,350,280,200,200,200,100,－,Ｍ,38,0,-5,-4,2,5,その他／スパロボシリーズ
8658,ダイリューガ(AM) ,1,300,72,80,70,415,20,350,280,200,200,200,100,－,Ｍ,38,0,4,-4,0,-5,その他／スパロボシリーズ
8659,ダイリューガ(HM) ,1,300,70,80,70,415,20,350,280,200,200,200,100,－,Ｍ,38,0,2,-4,2,2,その他／スパロボシリーズ
8660,アルティメットダンクーガ,0,980,80,50,85,1100,27,330,350,320,300,320,2500,－,Ｍ,83,1244000,3,-2,3,3,その他／スパロボシリーズ
8661,カイゼルファイヤー,0,660,55,70,40,700,40,300,300,300,300,300,300,－,Ｌ,35,64020,0,-2,-2,5,その他／スパロボシリーズ
8662,ナックルコング斉天,0,288,38,37,50,330,10,250,200,200,100,100,50,強5,Ｓ,29,15600,5,-3,-5,0,その他／ゾイドシリーズ／スパロボシリーズ
8663,ガトリングフォックス・ミツネ,0,250,30,98,66,350,10,200,200,140,130,130,50,強5,Ｓ,30,10500,5,-3,-5,0,その他／ゾイドシリーズ／スパロボシリーズ
8664,初音ミク仕様ザクII,0,390,39,93,93,390,18,3939,3939,3939,3939,3939,390,強5,Ｍ,39,1355756,3,-5,3,-5,MS系／ザク系／ジオン・ネオジオン軍・ザフト／オリジナル系
8665,初音ミク仕様ストライクフリーダム弐式,0,548,55,122,90,720,18,3939,3939,3939,3939,3939,390,強5,Ｍ,87,18976950,1,-4,4,3,MS系／ガンダム系／オリジナル系
8666,ガンレイド,0,440,50,118,70,510,15,230,240,240,210,100,180,－,Ｍ,47,18700,2,-3,2,-4,MS系／ガンダム系／連邦軍・ティターンズ・地球連合／量産機／機動戦士ガンダムF90
8667,リーベン・ヴォルフ,0,448,56,111,60,478,22,180,190,170,200,0,130,－,Ｍ,42,45600,2,-3,2,-4,MS系／ジオン・ネオジオン軍・ザフト／量産機／アドバンス・オブ・ゼータ
8668,ゴルゴン(BGG),0,400,54,38,50,450,20,210,210,200,200,180,50,強5,Ｍ,39,20000,2,-3,2,-4,その他／勇者・エルドランシリーズ
8669,空影,0,336,40,90,50,350,10,100,100,100,100,80,100,強5,Ｓ,36,15010,2,-3,2,-4,その他／勇者・エルドランシリーズ
8670,空影(鳥形態) ,1,336,36,85,50,350,10,100,100,100,100,80,100,強5,Ｓ,36,0,-5,-3,2,4,その他／勇者・エルドランシリーズ
8671,V.F.G.カイロス(マキナ),0,450,44,120,115,480,19,220,280,220,220,220,150,－,Ｍ,58,67000,-5,-5,3,3,マクロスシリーズ／車輌・戦闘機系／人系
8672,V.F.G.カイロス(マキナ)(G) ,1,450,40,109,115,480,19,220,280,220,220,220,150,－,Ｓ,58,0,2,2,2,2,その他／マクロスシリーズ／人系
8673,V.F.G.カイロス(マキナ)(B) ,1,450,49,100,95,480,19,220,280,220,220,220,150,－,Ｍ,58,0,3,-5,3,-1,その他／マクロスシリーズ／人系
8674,V.F.G.ジークフリード(フレイア),0,450,44,120,115,480,19,220,280,220,220,220,150,－,Ｍ,58,67000,-5,-5,3,3,マクロスシリーズ／車輌・戦闘機系／人系
8675,V.F.G.ジークフリード(フレイア)(G) ,1,450,40,109,115,480,19,220,280,220,220,220,150,－,Ｓ,58,0,2,2,2,2,その他／マクロスシリーズ／人系
8676,V.F.G.ジークフリード(フレイア)(B) ,1,450,49,100,95,480,19,220,280,220,220,220,150,－,Ｍ,58,0,3,-5,3,-1,その他／マクロスシリーズ／人系
8677,桜妖精仕様桜ミク,0,390,39,39,39,390,39,39,39,39,39,39,39,強5,ＳＳ,39,8180000,0,0,0,0,その他／スパロボシリーズ／人系
8678,ねんどろいどステージのセカイ仕様初音ミク,0,390,39,39,39,390,39,39,39,39,39,39,39,強5,ＳＳ,39,1916500,0,0,0,0,その他／スパロボシリーズ／人系
8679,figma2021仕様レーシングミク,0,390,39,39,39,390,39,39,39,39,39,39,39,強5,ＳＳ,39,3734500,0,0,0,0,その他／スパロボシリーズ／人系
8680,描き下ろしイラスト仕様桜ミク,0,390,39,39,39,390,39,39,39,39,39,39,39,強5,ＳＳ,39,1340000,0,0,0,0,その他／スパロボシリーズ／人系
8681,V.F.G.カイロス(レイナ),0,450,44,120,115,480,19,220,280,220,220,220,150,－,Ｍ,58,67000,-5,-5,3,3,マクロスシリーズ／車輌・戦闘機系／人系
8682,V.F.G.カイロス(レイナ)(G) ,1,450,40,109,115,480,19,220,280,220,220,220,150,－,Ｓ,58,0,2,2,2,2,その他／マクロスシリーズ／人系
8683,V.F.G.カイロス(レイナ)(B) ,1,450,49,100,95,480,19,220,280,220,220,220,150,－,Ｍ,58,0,3,-5,3,-1,その他／マクロスシリーズ／人系
8684,V.F.G.ジークフリード(カナメ),0,450,44,120,115,480,19,220,280,220,220,220,150,－,Ｍ,58,67000,-5,-5,3,3,マクロスシリーズ／車輌・戦闘機系／人系
8685,V.F.G.ジークフリード(カナメ)(G) ,1,450,40,109,115,480,19,220,280,220,220,220,150,－,Ｓ,58,0,2,2,2,2,その他／マクロスシリーズ／人系
8686,V.F.G.ジークフリード(カナメ)(B) ,1,450,49,100,95,480,19,220,280,220,220,220,150,－,Ｍ,58,0,3,-5,3,-1,その他／マクロスシリーズ／人系
8687,V.F.G.ジークフリード(美雲),0,450,44,120,115,480,19,220,280,220,220,220,150,－,Ｍ,58,67000,-5,-5,3,3,マクロスシリーズ／車輌・戦闘機系／人系
8688,V.F.G.ジークフリード(美雲)(G) ,1,450,40,109,115,480,19,220,280,220,220,220,150,－,Ｓ,58,0,2,2,2,2,その他／マクロスシリーズ／人系
8689,V.F.G.ジークフリード(美雲)(B) ,1,450,49,100,95,480,19,220,280,220,220,220,150,－,Ｍ,58,0,3,-5,3,-1,その他／マクロスシリーズ／人系
8690,V.F.G.スーパーメサイア,0,450,44,120,115,480,20,220,280,220,220,220,300,－,Ｍ,47,67000,-5,-5,3,3,マクロスシリーズ／車輌・戦闘機系／人系
8691,V.F.G.スーパーメサイア(G) ,1,450,40,109,115,480,20,220,280,220,220,220,300,－,Ｓ,47,0,2,2,2,2,その他／マクロスシリーズ／人系
8692,V.F.G.スーパーメサイア(B) ,1,450,49,100,95,480,20,220,280,220,220,220,300,－,Ｍ,47,0,3,-5,3,-1,その他／マクロスシリーズ／人系
8693,ナイスフッター,0,360,40,60,55,210,15,300,250,300,250,200,50,－,Ｍ,30,6010,5,-2,-2,2,車輌・戦闘機系／スパロボシリーズ
8694,ボディガンダー,0,312,33,85,55,210,15,300,250,300,250,200,50,－,Ｍ,29,6010,5,-2,-2,2,車輌・戦闘機系／スパロボシリーズ
8695,パワーハンダー,0,336,37,70,55,210,15,300,250,300,250,200,50,－,Ｍ,30,6010,5,-2,-2,2,車輌・戦闘機系／スパロボシリーズ
8696,グランヘッダー,0,300,29,90,55,210,15,300,250,300,250,200,50,－,Ｍ,29,6010,5,-2,-2,2,車輌・戦闘機系／スパロボシリーズ
8697,エルドラIV,0,540,50,45,55,400,57,300,250,300,250,200,100,－,Ｌ,42,28020,5,-2,-2,-2,その他／スパロボシリーズ
8698,ピンクアミーゴ,0,340,29,90,55,210,15,300,250,300,250,200,100,－,Ｌ,30,6010,5,-2,-2,2,車輌・戦闘機系／スパロボシリーズ
8699,ボルトマシン5号機,0,348,33,100,60,315,10,200,200,200,200,200,50,－,Ｍ,36,12010,2,1,1,1,車輌・戦闘機系／スパロボシリーズ
8700,ボルトマシン4号機,0,396,46,80,60,280,10,200,200,200,200,200,50,－,Ｍ,36,12010,-5,1,1,1,車輌・戦闘機系／スパロボシリーズ
8701,ボルトマシン3号機,0,420,50,70,60,350,10,200,200,200,200,200,50,－,Ｍ,38,12010,0,-2,1,1,車輌・戦闘機系／スパロボシリーズ
8702,ボルトマシン2号機,0,396,41,90,60,280,10,200,200,200,200,200,50,－,Ｍ,36,12010,-5,-5,1,1,車輌・戦闘機系／スパロボシリーズ
8703,ボルトマシン1号機,0,384,37,105,60,280,10,200,200,200,200,200,50,－,Ｍ,36,12010,0,-5,2,2,車輌・戦闘機系／スパロボシリーズ
8704,レガシー仕様ボルテスV,0,840,50,60,70,630,58,280,280,250,250,250,100,－,Ｌ,63,110090,2,-1,2,2,その他／スパロボシリーズ
8705,レガシー仕様ボルテスV(重戦車モード) ,1,840,50,60,70,630,58,280,280,250,250,250,100,－,Ｌ,63,0,4,-1,2,1,その他／スパロボシリーズ
8706,ゴッドガンダム弐,0,564,60,118,72,720,16,3000,3000,6500,3300,3000,1330,強5,Ｍ,71,6687000,3,0,2,-4,MS系／ガンダム系／機動武闘伝Gガンダム
8707,ロケットブースター装備仕様サンダーボルト,0,350,38,83,85,500,20,170,170,170,170,150,30,－,Ｍ,37,19000,-2,-2,5,5,マクロスシリーズ／車輌・戦闘機系
8708,ジャンボセイバー,0,400,40,60,60,500,12,120,120,80,120,100,50,強5,Ｓ,43,13410,1,-3,1,4,その他／勇者・エルドランシリーズ
8709,シャトルセイバー,0,388,40,70,60,500,10,120,120,80,120,100,50,強5,Ｓ,43,13410,1,-3,2,3,その他／勇者・エルドランシリーズ
8710,ジェットセイバー,0,386,40,70,60,500,10,120,120,80,120,100,50,強5,Ｓ,43,13410,1,-3,1,4,その他／勇者・エルドランシリーズ
8711,スカイセイバー,0,610,45,78,60,580,23,120,120,80,120,100,100,強5,Ｍ,44,15410,4,-2,1,4,その他／勇者・エルドランシリーズ
8712,ホークセイバー,0,390,40,70,60,500,12,120,120,80,120,100,50,強5,Ｓ,43,13410,4,0,1,-4,その他／勇者・エルドランシリーズ
8713,ペガサスセイバー,0,640,44,80,60,600,25,120,120,80,120,100,100,強5,Ｍ,45,16410,4,0,1,4,その他／勇者・エルドランシリーズ
8714,オーディアン,0,696,50,60,80,730,42,300,300,330,330,300,200,－,Ｌ,62,76020,3,-4,2,-5,その他／スパロボシリーズ
8715,LFF&HMBL装備仕様νガンダム,0,474,47,101,92,519,22,260,230,210,220,210,250,NT4,Ｍ,41,37680,2,-5,3,-4,MS系／ガンダム系／連邦軍・ティターンズ・地球連合
8716,グラスフェザー装備仕様ガンダム,0,384,35,70,58,408,18,130,130,130,130,0,30,強4,Ｍ,38,11490,2,-1,2,-1,MS系／ガンダム系／連邦軍・ティターンズ・地球連合
8717,パトロール隊仕様エクスカリバー,0,420,46,120,90,595,10,170,170,170,170,150,50,－,Ｍ,52,42420,-5,-5,4,4,マクロスシリーズ／車輌・戦闘機系／専用機
8718,パトロール隊仕様エクスカリバー(G) ,1,420,43,110,90,595,10,170,170,170,170,150,50,－,Ｓ,52,0,1,1,1,1,その他／マクロスシリーズ／専用機
8719,パトロール隊仕様エクスカリバー(B) ,1,420,50,100,90,595,10,170,170,170,170,150,50,－,Ｍ,52,0,5,-2,3,-2,その他／マクロスシリーズ／専用機
8720,2021春節仕様初音ミク,0,390,39,39,39,390,39,39,39,39,39,39,39,強5,ＳＳ,39,12180000,0,0,0,0,その他／スパロボシリーズ／人系
8721,2022春節仕様初音ミク,0,390,39,39,39,390,39,39,39,39,39,39,39,強5,ＳＳ,39,17180000,0,0,0,0,その他／スパロボシリーズ／人系
8722,ねんどろいどGrand Voyage仕様雪ミク,0,390,39,39,39,390,39,39,39,39,39,39,39,強5,ＳＳ,39,1916500,0,0,0,0,その他／スパロボシリーズ／人系
8723,figma Grand Voyage仕様雪ミク,0,390,39,39,39,390,39,39,39,39,39,39,39,強5,ＳＳ,39,2916500,0,0,0,0,その他／スパロボシリーズ／人系
8724,Wonderlandシンデレラ仕様初音ミク,0,390,39,39,39,390,39,39,39,39,39,39,39,強5,ＳＳ,39,1340000,0,0,0,0,その他／スパロボシリーズ／人系
8725,Princessアリス仕様初音ミク,0,390,39,39,39,390,39,39,39,39,39,39,39,強5,ＳＳ,39,1340000,0,0,0,0,その他／スパロボシリーズ／人系
8726,ねんどろいどNT仕様初音ミク,0,390,39,39,39,390,39,39,39,39,39,39,39,強5,ＳＳ,39,2098000,0,0,0,0,その他／スパロボシリーズ／人系
8727,3rd season Spring仕様初音ミク,0,390,39,39,39,390,39,39,39,39,39,39,39,強5,ＳＳ,39,1340000,0,0,0,0,その他／スパロボシリーズ／人系
8728,ザルク,0,400,30,74,50,300,20,120,120,110,90,0,60,－,Ｍ,35,20000,2,-4,0,1,その他／スパロボシリーズ
8729,ザルク(飛行形態) ,1,400,30,74,50,300,20,120,120,110,90,0,60,－,Ｍ,35,0,2,-4,0,1,その他／スパロボシリーズ
8730,ネオバード ,1,547,59,123,80,763,16,250,230,220,220,210,200,強5,Ｍ,60,0,-5,-5,3,3,MA系／ガンダム系／専用機／スパロボシリーズ
8731,デウスーラIII世,0,2000,110,30,190,2000,100,500,270,280,500,600,500,－,ＬＬ,156,3200000,-6,-5,1,1,艦船系／スパロボシリーズ
8732,キャトル,0,432,30,45,40,175,30,70,20,20,20,0,10,－,Ｍ,28,6010,1,-5,-5,-5,MS系／機動戦士ガンダムZZ
8733,トリオ・デ・トリオ仕様ベルリン,0,492,40,95,65,530,20,110,110,100,70,0,50,－,Ｍ,49,43620,3,1,1,-4,その他／ファイブスター物語
8734,指揮官仕様バルブド,0,384,33,90,65,350,20,140,160,100,100,0,40,－,Ｍ,37,16810,3,-4,2,1,その他／エルガイムシリーズ
8735,指揮官仕様ガンイージ,0,405,42,92,75,500,18,200,230,190,195,200,100,－,Ｍ,44,20820,2,-2,2,0,MS系／機動戦士Vガンダム／リガ・ミリティア
8736,ドラグナー2,0,528,50,80,70,490,20,190,200,150,180,150,20,－,Ｍ,48,40020,2,-3,2,1,その他／スパロボシリーズ
8737,ゾック・テュラン,0,430,39,45,65,450,23,0,0,0,165,0,50,－,Ｍ,40,16400,0,3,-5,-5,MS系／ジオン・ネオジオン軍・ザフト／オリジナル系
8738,TB仕様パーフェクト・ガンダム,0,396,35,96,62,390,18,160,175,165,165,110,100,強5,Ｍ,40,14870,2,-5,3,-5,MS系／ザク系／ジオン・ネオジオン軍・ザフト
8739,パーフェクトパーフェクトガンダム,0,490,50,80,80,550,20,210,220,185,190,190,100,－,Ｍ,50,44000,1,-4,3,-3,MS系／ガンダム系／連邦軍・ティターンズ・地球連合／オリジナル系
8740,2019タイ仕様レーシングミク,0,390,39,39,39,390,39,39,39,39,39,39,39,強5,ＳＳ,39,8371000,0,0,0,0,その他／スパロボシリーズ／人系
8741,猫耳ヘッドフォン仕様初音ミク,0,390,39,39,39,390,39,39,39,39,39,39,39,強5,ＳＳ,39,9180000,0,0,0,0,その他／スパロボシリーズ／人系
8742,Catch the Wave仕様初音ミク,0,390,39,39,39,390,39,39,39,39,39,39,39,強5,ＳＳ,39,1340000,0,0,0,0,その他／スパロボシリーズ／人系
8743,宇宙仕様シエルノヴァカスタム,0,400,40,65,60,400,18,110,120,90,100,110,30,－,Ｍ,38,9500,-2,-3,5,2,その他／スパロボシリーズ／量産機
8744,ねんどろいど招きミク仕様初音ミク,0,390,39,39,39,390,39,39,39,39,39,39,39,強5,ＳＳ,39,1916500,0,0,0,0,その他／スパロボシリーズ／人系
8745,SUGO戦応援イラスト仕様レーシングミク,0,390,39,39,39,390,39,39,39,39,39,39,39,強5,ＳＳ,39,6916500,0,0,0,0,その他／スパロボシリーズ／人系
8746,ねんどろいど15th Anniversary仕様初音ミク,0,390,39,39,39,390,39,39,39,39,39,39,39,強5,ＳＳ,39,3552500,0,0,0,0,その他／スパロボシリーズ／人系
8747,ねんどろいどマジカルミライ2021仕様初音ミク,0,390,39,39,39,390,39,39,39,39,39,39,39,強5,ＳＳ,39,2371000,0,0,0,0,その他／スパロボシリーズ／人系
8748,ヴァイエイト・シュイヴァン改,0,576,58,80,78,600,18,260,280,260,280,300,300,－,Ｍ,56,64020,2,-4,2,-5,MS系／G-UNIT
8749,ダイン,0,384,33,80,60,280,18,100,110,80,80,50,70,－,Ｍ,34,7210,1,-3,2,-5,その他／スパロボシリーズ／量産機
8750,改修仕様ジム・カスタム,0,345,34,72,58,397,18,50,90,140,140,0,70,－,Ｍ,28,13020,2,-5,2,-4,MS系／ジム系／連邦軍・ティターンズ・地球連合／オリジナル系
8751,クロニクル仕様初音ミク,0,390,39,39,39,390,39,39,39,39,39,39,39,強5,ＳＳ,39,9280000,0,0,0,0,その他／スパロボシリーズ／人系
8752,Wonderland眠れる森の美女仕様初音ミク,0,390,39,39,39,390,39,39,39,39,39,39,39,強5,ＳＳ,39,1340000,0,0,0,0,その他／スパロボシリーズ／人系
8753,ねんどろいどMIKU EXPO 2021仕様初音ミク,0,390,39,39,39,390,39,39,39,39,39,39,39,強5,ＳＳ,39,2530000,0,0,0,0,その他／スパロボシリーズ／人系
8754,愛されなくても君がいる仕様初音ミク,0,390,39,39,39,390,39,39,39,39,39,39,39,強5,ＳＳ,39,3280000,0,0,0,0,その他／スパロボシリーズ／人系
8755,ねんどろいど2022仕様レーシングミク,0,390,39,39,39,390,39,39,39,39,39,39,39,強5,ＳＳ,39,2462000,0,0,0,0,その他／スパロボシリーズ／人系
8756,Pretty Rabbit仕様初音ミク,0,390,39,39,39,390,39,39,39,39,39,39,39,強5,ＳＳ,39,12280000,0,0,0,0,その他／スパロボシリーズ／人系
8757,C装備仕様ナラティブガンダムGP,0,432,40,109,92,610,40,260,230,210,220,210,100,NT4,Ｍ,51,14100,2,-5,4,-2,MS系／ガンダム系／連邦軍・ティターンズ・地球連合
8758,ブラッディカイザル,0,336,50,110,60,450,10,130,140,130,130,120,30,－,Ｓ,42,28020,1,-4,3,3,その他／スパロボシリーズ／専用機
8759,ナッキィ・ブレン,0,384,30,90,60,560,15,260,270,260,260,90,80,NT5,Ｓ,44,18030,2,2,2,2,その他／スパロボシリーズ
8760,カント・ブレン,0,384,30,90,60,560,15,260,270,260,260,90,80,NT5,Ｓ,44,18030,2,2,2,2,その他／スパロボシリーズ
8761,ラッセ・ブレン,0,384,30,90,60,560,15,260,270,260,260,90,80,NT5,Ｓ,44,18030,2,2,2,2,その他／スパロボシリーズ
8762,ニュー・ラッセ・ブレン,0,384,30,90,60,560,15,260,270,260,260,90,40,NT5,Ｓ,44,18030,2,2,2,2,その他／スパロボシリーズ
8763,ナンガ・ブレン,0,384,30,90,60,560,15,260,270,260,260,90,40,NT5,Ｓ,44,18030,2,2,2,2,その他／スパロボシリーズ
8764,ミカエリス・カテドラルオーダー,0,460,32,70,85,450,18,300,300,300,300,300,400,－,Ｍ,49,200000,2,-4,3,-2,MS系／オリジナル系／水星の魔女
8765,ボカタ専用ゲルググ,0,384,33,74,60,380,18,110,110,125,125,125,100,－,Ｍ,37,11440,2,-3,2,-4,MS系／ジオン・ネオジオン軍・ザフト／ゲルググ系／専用機／機動戦士Gundam GQuuuuuuX
8766,スガイ専用ゲルググ,0,384,33,74,60,380,18,110,110,125,125,125,100,－,Ｍ,37,11440,2,-3,2,-4,MS系／ジオン・ネオジオン軍・ザフト／ゲルググ系／専用機／機動戦士Gundam GQuuuuuuX
8767,ガイア専用リック・ドム,0,390,40,68,56,300,18,0,0,90,90,0,200,－,Ｍ,35,12000,-4,-4,4,-5,MS系／ジオン・ネオジオン軍・ザフト／ドム系／専用機／機動戦士Gundam GQuuuuuuX
8768,ガイア専用リック・ドム(高機動形態) ,1,390,40,70,56,280,18,0,0,90,90,0,200,－,Ｍ,35,0,-4,-4,4,-5,MS系／ジオン・ネオジオン軍・ザフト／ドム系／専用機／機動戦士Gundam GQuuuuuuX
8769,パーフェクトフルアーマー・ユニコーン,0,650,85,140,82,670,19,290,260,240,250,240,300,NT7,Ｍ,67,212000,2,-2,2,-5,MS系／ガンダム系／連邦軍・ティターンズ・地球連合／オリジナル系
8770,ジークアクス,0,450,40,80,70,500,18,150,140,130,130,100,100,NT5,Ｍ,46,16000,2,2,5,-2,MS系／ガンダム系／機動戦士Gundam GQuuuuuuX
8771,フルアーマーV2アサルトバスター,0,650,75,90,85,620,18,280,280,250,300,270,100,－,Ｍ,69,76000,2,-3,1,1,MS系／ガンダム系／リガ・ミリティア／オリジナル系／機動戦士Vガンダム
8772,高速機動型ザク,0,315,24,82,54,310,12,80,80,0,0,80,50,NT2,Ｍ,30,11460,-3,-3,3,-2,MS系／ザク系／ジオン・ネオジオン軍・ザフト
8773,特攻突撃仕様フェニックス,0,326,25,70,80,210,18,185,185,180,170,0,100,－,Ｍ,30,14430,-2,-3,4,-5,マクロスシリーズ／車輌・戦闘機系／専用機
8774,特攻突撃仕様フェニックス(G) ,1,326,23,66,80,210,18,185,185,180,170,0,100,－,Ｓ,30,0,1,1,1,-5,その他／マクロスシリーズ／専用機
8775,特攻突撃仕様フェニックス(B) ,1,326,27,61,80,210,18,185,185,180,170,0,100,－,Ｍ,30,0,4,-3,3,-5,その他／マクロスシリーズ／専用機
8776,FAG金剛,0,480,50,55,85,420,16,160,170,120,160,190,250,強3,Ｍ,44,18010,2,0,1,-1,その他／スパロボシリーズ
8777,FAG金剛(CM) ,1,480,50,55,85,420,16,160,170,120,160,190,250,強3,Ｍ,44,0,-5,1,-5,-5,その他／スパロボシリーズ
8778,護衛艦仕様FAG金剛,0,480,50,55,85,420,16,160,170,120,160,190,100,強3,Ｍ,36,22020,2,0,1,1,その他／スパロボシリーズ
8779,護衛艦仕様FAG金剛(CM) ,1,480,50,55,85,420,16,160,170,120,160,190,100,強3,Ｍ,36,0,-5,3,-5,-5,その他／スパロボシリーズ
8780,ダブルオーダイバーアーク,0,460,45,100,82,610,18,295,295,295,295,0,50,－,Ｍ,51,28000,2,-3,2,4,MS系／ガンダム系／ガンダムビルドシリーズ
8781,エグザベ専用ギャン,0,475,45,85,75,550,18,160,150,140,120,110,100,NT6,Ｍ,49,18000,2,-5,5,1,MS系／ギャン系／ジオン・ネオジオン軍・ザフト／専用機／機動戦士Gundam GQuuuuuuX
8782,マークフィアー改アバドン,0,580,50,92,75,510,35,320,220,280,310,250,90,強4,Ｌ,50,44020,4,0,2,0,その他／スパロボシリーズ
8783,マッハスペリオン,0,576,50,80,65,630,21,190,210,195,195,195,150,強5,Ｍ,55,40020,2,-4,2,2,その他／勇者・エルドランシリーズ
8784,戦場ヶ原ひたぎ,0,70,12,120,90,300,7,350,300,400,350,300,7700,－,ＳＳ,28,37780000,4,-2,0,4,人系／スパロボシリーズ
8785,レヴェルノヴァ,0,420,45,55,50,380,18,100,110,100,110,120,30,－,Ｍ,38,9000,1,-2,1,0,その他／スパロボシリーズ／量産機
8786,ガルドノヴァ,0,480,55,45,55,420,18,95,115,90,105,115,30,－,Ｍ,38,11000,0,-2,2,4,その他／スパロボシリーズ／量産機
8787,フルアーマー陸戦型Zガンダム,0,520,75,100,82,450,19,260,280,220,240,230,100,NT7,Ｍ,52,70000,3,-3,-5,-3,MS系／ガンダム系／エウーゴ・カラバ／機動戦士Zガンダム
8788,R623部隊所属仕様ラビオット,0,480,60,45,50,400,18,110,120,110,100,120,30,－,Ｍ,41,12000,2,-3,0,-1,その他／スパロボシリーズ／量産機
8789,陸戦重武装仕様ラビオット,0,500,60,40,55,400,18,110,120,110,100,120,300,－,Ｍ,43,24000,2,-3,0,-1,その他／スパロボシリーズ／量産機
8790,カイ専用量産型ゲシュペンストMk-II,0,530,52,62,82,430,18,265,265,245,268,242,250,－,Ｍ,45,34000,3,-2,3,-3,その他／専用機／バンプレストオリジナル
8791,最終決戦仕様デスティニーガンダムSpecII,0,560,65,125,100,780,20,320,390,250,260,210,3200,強5,Ｍ,86,194000,2,-4,4,3,MS系／ガンダム系／ジオン・ネオジオン軍・ザフト／機動戦士ガンダムSEED FREEDOM
8792,エスポジットΘ,0,400,40,65,55,400,18,110,120,90,100,110,30,－,Ｍ,38,9500,0,-3,3,4,その他／スパロボシリーズ／量産機
8793,エスポジットΘ(MA) ,1,400,40,65,55,400,18,110,120,90,100,110,30,－,Ｍ,38,0,-4,-3,3,5,その他／スパロボシリーズ／量産機
8794,装甲突撃仕様エグザビークル,0,350,40,60,55,340,16,90,100,90,100,110,30,強3,Ｍ,34,8000,2,-3,0,-2,その他／スパロボシリーズ／量産機
8795,ナイト仕様スピナティオ,0,400,60,50,45,350,18,90,100,120,100,80,30,－,Ｍ,38,9500,2,-3,0,-1,その他／スパロボシリーズ／量産機
8796,将軍仕様スピナティオ,0,450,50,50,45,400,18,110,120,120,100,90,30,－,Ｍ,39,9500,2,-3,1,-1,その他／スパロボシリーズ／量産機
8797,アサシン仕様スピナティア,0,380,40,70,60,350,18,120,110,130,90,70,30,－,Ｍ,37,8500,2,-3,3,4,その他／スパロボシリーズ／量産機
8798,リーパー仕様スピナティア,0,400,40,65,55,360,18,110,120,130,90,80,30,－,Ｍ,37,9500,0,-3,2,3,その他／スパロボシリーズ／量産機
8799,マジカルミライ2021仕様初音ミク,0,390,39,39,39,390,39,39,39,39,39,39,39,強5,ＳＳ,39,12430000,0,0,0,0,その他／スパロボシリーズ／人系
8803,ヴォルパノヴァ,0,400,40,60,55,390,18,90,120,90,100,110,30,－,Ｍ,38,9500,2,-3,0,-1,その他／スパロボシリーズ／量産機
8804,ヴォルパノヴァ(QB) ,1,400,40,60,55,390,18,90,120,90,100,110,30,－,Ｍ,38,0,3,-4,0,-1,その他／スパロボシリーズ／量産機
8805,タンク仕様ヴォルパノヴァ,0,480,60,40,45,350,18,90,120,110,100,90,30,－,Ｍ,38,9500,3,-3,0,-2,その他／スパロボシリーズ／量産機
8806,タンク仕様ヴォルパノヴァ(MA) ,1,480,64,36,45,350,18,90,120,110,100,90,30,－,Ｍ,38,0,3,-3,0,-2,その他／スパロボシリーズ／量産機
8807,ジフレド,0,460,45,85,80,550,18,160,145,120,135,140,100,NT6,Ｍ,49,18000,2,-2,5,-1,MS系／ガンダム系／機動戦士Gundam GQuuuuuuX
8808,陸戦強化仕様レヴェルノヴァ,0,440,50,60,48,380,18,100,115,105,110,120,30,－,Ｍ,39,9500,4,-3,0,-1,その他／スパロボシリーズ／量産機
8809,プロヴェデル,0,480,60,40,45,400,36,110,120,90,100,130,30,－,Ｍ,40,12000,2,-3,0,-1,その他／スパロボシリーズ／量産機
8810,プロヴェデル(REX形態),0,480,66,36,45,400,36,110,120,90,100,130,30,－,Ｍ,40,12000,2,-3,0,-1,その他／スパロボシリーズ／量産機
8811,マークドライツェン改クロノス,0,560,45,95,70,500,35,310,230,290,270,240,90,強4,Ｌ,50,42020,3,0,3,1,その他／スパロボシリーズ
8812,HAL826,0,750,95,85,80,650,32,2200,3200,2800,2400,1500,1800,強4,Ｍ,66,1060000,2,-4,4,4,その他／スパロボシリーズ
8813,アチェルビーTYPE-A,0,380,40,65,60,360,18,110,120,90,100,110,30,強5,Ｍ,36,7500,0,-3,3,1,その他／スパロボシリーズ／量産機
8814,アチェルビーTYPE-B,0,380,40,65,60,360,18,110,120,90,100,110,30,強5,Ｍ,36,7500,0,-3,3,1,その他／スパロボシリーズ／量産機
8815,バファリオン,0,430,90,60,55,450,23,1350,1400,1500,1400,1200,1214,NT10,Ｍ,40,5350000,3,-1,2,2,その他／スパロボシリーズ
8816,レオン(BGG),0,373,50,80,50,350,10,210,210,200,200,180,100,強5,Ｍ,37,15010,2,-3,2,2,その他／勇者・エルドランシリーズ
8817,レオン(MA),0,373,46,75,50,350,10,210,210,200,200,180,100,強5,Ｍ,37,15010,-3,-3,3,3,その他／勇者・エルドランシリーズ
8818,カイザー,0,420,43,65,50,700,16,210,210,200,200,180,100,強5,Ｍ,49,18010,2,-3,2,-5,その他／勇者・エルドランシリーズ
8819,レオンカイザー,0,540,52,62,50,700,20,210,210,200,200,180,100,強5,Ｍ,54,46020,2,-3,2,2,その他／勇者・エルドランシリーズ
8820,Latidos-2022仕様初音ミク,0,390,39,39,39,390,39,39,39,39,39,39,39,強5,ＳＳ,39,1340000,0,0,0,0,その他／スパロボシリーズ／人系
8821,ブルーワン,0,500,50,82,60,440,15,400,400,400,300,300,150,強4,Ｍ,52,62420,2,0,2,2,その他／専用機／スパロボシリーズ
8822,パープルツー,0,380,35,70,120,430,12,400,400,300,400,300,150,強4,Ｍ,52,62420,-6,-6,3,2,その他／専用機／スパロボシリーズ
8823,ローズスリー,0,600,70,90,65,650,30,300,400,400,300,300,150,強4,Ｌ,52,62420,-6,-6,4,2,その他／専用機／スパロボシリーズ
8824,ブラックシックス,0,520,60,115,70,500,20,400,400,300,400,300,150,強4,Ｍ,52,62420,3,0,3,3,その他／専用機／スパロボシリーズ
8825,598専用モンキーロディ,0,320,30,55,70,260,17,115,115,115,110,105,50,強4,Ｍ,30,7000,-3,-3,3,0,MS系／ガンダム系／鉄血のオルフェンズ／専用機
8826,モンキークラブロディ,0,320,28,60,68,260,17,120,120,120,108,103,50,強4,Ｍ,30,7200,-3,-3,1,1,MS系／ガンダム系／鉄血のオルフェンズ／専用機
8827,ズゴックE(水中航行形態) ,1,336,33,65,54,347,18,0,0,120,120,0,70,－,Ｍ,29,0,-5,5,-5,-4,MS系／ジオン・ネオジオン軍・ザフト／ポケットの中の戦争／量産機
8828,ゲッター力士,0,324,33,80,50,175,10,600,400,400,400,400,50,－,Ｍ,28,11410,-5,-5,2,2,車輌・戦闘機系／スパロボシリーズ
8829,ゲッター般若,0,312,25,90,50,175,10,600,400,400,400,400,50,－,Ｍ,28,10810,-5,-5,2,2,車輌・戦闘機系／スパロボシリーズ
8830,ゲッター鬼,0,324,25,90,50,175,10,600,400,400,400,400,50,－,Ｍ,28,10810,-5,-5,2,2,車輌・戦闘機系／スパロボシリーズ
8831,ゲッター赤鬼,0,624,41,50,60,350,38,170,170,170,170,170,380,－,Ｌ,44,46060,0,-5,2,4,その他／スパロボシリーズ
8832,ゲッター燼鬼,0,624,41,50,60,350,38,170,170,170,170,170,300,－,Ｌ,44,46060,0,-5,2,4,その他／スパロボシリーズ
8833,ガンダム(GQ),0,384,35,70,58,408,18,130,130,130,130,0,100,－,Ｍ,38,11490,2,-1,2,-1,MS系／ガンダム系／連邦軍・ティターンズ・地球連合／機動戦士Gundam GQuuuuuuX
8834,ブレードライガーミラージュL,0,456,42,109,75,490,10,290,310,330,290,200,150,－,Ｍ,45,42860,5,-3,-5,1,その他／ゾイドシリーズ／スパロボシリーズ
8835,シールドDプライム ,1,500,60,80,70,450,18,200,240,230,200,150,410,強5,Ｍ,45,0,3,-2,3,0,その他／ゾイドシリーズ／スパロボシリーズ
8836,シールドDプライム(SL形態) ,1,500,45,110,65,450,18,190,230,230,180,120,410,強5,Ｍ,45,0,5,-3,-3,0,その他／ゾイドシリーズ／スパロボシリーズ
8837,ゼノレックス正規実用型2号機,0,500,45,110,70,500,10,170,190,160,150,140,100,－,Ｓ,50,86000,5,-3,-4,-3,その他／ゾイドシリーズ／新世紀エヴァンゲリオン
8838,ゼノレックス試験初号機,0,500,45,110,70,500,10,170,190,160,150,140,100,－,Ｓ,50,86000,5,-3,-4,-3,その他／ゾイドシリーズ／新世紀エヴァンゲリオン
8839,マーキュリー,0,418,46,95,70,490,20,120,120,100,150,120,310,－,Ｍ,45,80000,-3,-4,-5,5,その他／ゾイドシリーズ／スパロボシリーズ
8840,MLU装備仕様メッサーF02型,0,432,56,113,72,460,23,150,280,240,260,260,100,－,Ｍ,37,52720,3,-3,2,-5,MS系／連邦軍・ティターンズ・地球連合／閃光のハサウェイ／量産機
8841,星銃士ビスマルク,0,792,58,70,70,740,40,400,400,350,350,350,350,－,ＬＬ,66,170030,2,0,2,2,その他／スパロボシリーズ
8842,バトル1 ,1,792,58,70,70,740,40,400,400,350,350,350,350,－,ＬＬ,66,0,2,0,2,2,その他／スパロボシリーズ
8843,星銃士ビスマルク2号機,0,870,63,75,75,800,40,500,500,450,450,450,350,－,ＬＬ,72,200030,2,0,2,2,その他／スパロボシリーズ
8844,バトル2 ,1,870,63,75,75,800,40,500,500,450,450,450,350,－,ＬＬ,72,0,2,0,2,2,その他／スパロボシリーズ
8845,ドゥルガー・ゴールドリッター(AF),0,360,40,80,60,380,16,120,140,150,100,80,300,－,Ｍ,36,290000,1,-2,3,0,その他／人系／スパロボシリーズ
8846,ドゥルガー・ゴールドリッター,0,370,44,76,60,380,16,120,140,150,100,80,200,－,Ｍ,37,380000,1,-2,3,0,その他／人系／スパロボシリーズ
8847,フェイルノート,0,485,63,83,68,530,18,150,0,130,165,0,150,NT3,Ｍ,30,29300,2,-3,3,-2,MS系／ガンダム系／連邦軍・ティターンズ・地球連合
8848,ガンダム・ナイオン,0,480,36,92,85,480,18,280,290,280,290,300,400,NT8,Ｍ,57,41000,2,-3,2,-1,MS系／ガンダム系／水星の魔女
8849,ガンダム・ザガン,0,460,45,88,85,470,18,360,370,370,350,350,100,強5,Ｍ,47,13000,0,-4,4,-1,MS系／ガンダム系／鉄血のオルフェンズ
8850,V.F.G.ケーニッヒ・モンスターF,0,700,78,35,80,700,20,280,320,270,270,290,150,－,Ｌ,71,76000,0,-2,1,2,その他／マクロスシリーズ
8851,V.F.G.ケーニッヒ・モンスターF(G) ,1,700,78,35,99,700,20,280,320,270,270,290,150,－,Ｌ,71,0,0,-2,0,0,その他／マクロスシリーズ
8852,V.F.G.ケーニッヒ・モンスターF(D) ,1,700,78,35,90,700,20,280,320,270,270,290,150,－,Ｌ,71,0,1,-2,1,-2,その他／マクロスシリーズ
8853,白き秘宝仕様サーバイン,0,358,46,120,70,560,15,200,280,390,190,190,630,NT10,Ｓ,53,363350,3,-2,0,5,その他／スパロボシリーズ
8854,G-3ガンダム2,0,384,37,75,58,408,18,130,130,130,130,0,10,－,Ｍ,39,12660,2,-1,2,-1,MS系／ガンダム系／連邦軍・ティターンズ・地球連合／MSV(モビルスーツバリエーション)
8855,警視庁仕様ハンターウルフ2号機,0,220,25,92,70,320,10,180,190,150,120,110,50,強3,Ｓ,30,9500,5,-4,-3,0,その他／ゾイドシリーズ／スパロボシリーズ
8856,警視庁仕様ハンターウルフ2号機(高速移動形態),0,220,25,82,70,320,10,180,190,150,120,110,50,強3,Ｓ,30,9500,5,-4,-3,0,その他／ゾイドシリーズ／スパロボシリーズ
8857,マジンサーガ,0,720,95,42,60,550,20,220,220,225,225,225,150,NT10,Ｍ,56,125000,3,-3,5,2,その他／スパロボシリーズ
8858,矢吹健太朗×osoba仕様初音ミク,0,390,39,39,39,390,39,39,39,39,39,39,39,強5,ＳＳ,39,8371000,0,0,0,0,その他／スパロボシリーズ／人系
8859,MS少女ジオング,0,480,43,78,74,496,20,180,0,0,185,185,500,NT3,Ｍ,37,35260,-5,-5,4,-5,MS系／ジオン・ネオジオン軍・ザフト／人系
8860,Wonderland親指姫仕様初音ミク,0,390,39,39,39,390,39,39,39,39,39,39,39,強5,ＳＳ,39,1340000,0,0,0,0,その他／スパロボシリーズ／人系
8861,Light仕様初音ミク,0,390,39,39,39,390,39,39,39,39,39,39,39,強5,ＳＳ,39,1580000,0,0,0,0,その他／スパロボシリーズ／人系
8862,Dark仕様初音ミク,0,390,39,39,39,390,39,39,39,39,39,39,39,強5,ＳＳ,39,1580000,0,0,0,0,その他／スパロボシリーズ／人系
8863,仮面ライダーW サイクロンジョーカー,0,330,40,65,70,550,12,2100,2100,2100,2100,2100,2100,強5,ＳＳ,55,620000,4,0,-6,0,その他／スパロボシリーズ／人系／特撮系
8864,仮面ライダーW ヒートメタル ,1,330,60,60,65,550,12,2100,2100,2100,2100,2100,2100,強5,ＳＳ,55,0,4,-4,-6,-4,その他／スパロボシリーズ／人系／特撮系
8865,仮面ライダーW ルナトリガー ,1,330,35,55,90,550,12,2100,2100,2100,2100,2100,2100,強5,ＳＳ,55,0,4,0,-6,-2,その他／スパロボシリーズ／人系／特撮系
8866,仮面ライダーW ファングジョーカー,0,350,40,90,75,600,12,2189,2189,2189,2189,2189,2189,強6,ＳＳ,60,655600,5,0,-6,-2,その他／スパロボシリーズ／人系／特撮系
8867,仮面ライダーW サイクロンジョーカーエクストリーム,0,430,55,75,100,700,15,3210,3210,3210,3210,3210,12100,強7,ＳＳ,68,5330000,4,0,-6,-3,その他／スパロボシリーズ／人系／特撮系
8868,仮面ライダーエターナル,0,394,44,88,88,888,15,4444,4444,4444,4444,4444,8888,強7,ＳＳ,68,3280000,4,2,-6,2,その他／スパロボシリーズ／人系／特撮系
8869,2021仕様レーシングミク,0,390,39,39,39,390,39,39,39,39,39,39,39,強5,ＳＳ,39,8280000,0,0,0,0,その他／スパロボシリーズ／人系
8870,MIKU WITH YOU 2021仕様初音ミク,0,390,39,39,39,390,39,39,39,39,39,39,39,強5,ＳＳ,39,14180000,0,0,0,0,その他／スパロボシリーズ／人系
8871,X-4+,0,370,41,100,50,380,10,300,300,250,250,250,50,－,Ｓ,39,22020,2,-3,-5,-5,その他／スパロボシリーズ
8872,X-4+C,0,396,46,105,45,350,10,300,300,250,280,250,50,－,Ｓ,39,28020,2,-3,-5,-5,その他／スパロボシリーズ
8873,X-4RR,0,324,38,100,65,350,10,300,300,250,280,280,50,－,Ｓ,39,28020,2,-3,-5,-5,その他／スパロボシリーズ
8874,X-4S,0,408,46,115,60,450,6,370,370,300,300,300,50,－,Ｓ,44,40020,2,-3,-5,-5,その他／スパロボシリーズ
8875,R-GRAY1,0,420,40,110,75,550,23,300,300,300,300,280,80,－,Ｍ,49,40020,-5,-4,3,3,その他／スパロボシリーズ
8876,ねんどろいど冬麗仕様雪ミク,0,390,39,39,39,390,39,39,39,39,39,39,39,強5,ＳＳ,39,3371000,0,0,0,0,その他／スパロボシリーズ／人系
8877,ヴァンパイア仕様初音ミク,0,390,39,39,39,390,39,39,39,39,39,39,39,強5,ＳＳ,39,3280000,0,0,0,0,その他／スパロボシリーズ／人系
8878,シンフォニー5th Anniversary仕様初音ミク,0,390,39,39,39,390,39,39,39,39,39,39,39,強5,ＳＳ,39,15189000,0,0,0,0,その他／スパロボシリーズ／人系
8879,Land of the Eternal仕様初音ミク,0,390,39,39,39,390,39,39,39,39,39,39,39,強5,ＳＳ,39,12825500,0,0,0,0,その他／スパロボシリーズ／人系
8880,Wonderland長靴を履いた猫仕様初音ミク,0,390,39,39,39,390,39,39,39,39,39,39,39,強5,ＳＳ,39,1340000,0,0,0,0,その他／スパロボシリーズ／人系
8881,仮面ライダー1号,0,234,35,70,68,508,12,130,130,130,130,0,1300,強5,ＳＳ,38,11490,4,-1,-6,0,人系／特撮系
8882,仮面ライダー2号,0,242,35,65,68,508,12,130,130,130,130,0,200,強5,ＳＳ,38,11490,4,-1,-6,0,人系／特撮系
8883,仮面ライダーブレイド,0,350,60,65,60,500,12,2010,2010,2010,2010,2010,2010,強4,ＳＳ,55,584052,4,-2,-6,-4,人系／特撮系
8884,仮面ライダーブレイドジャックフォーム,0,385,55,85,63,600,12,2575,2575,2575,2575,2575,2010,強5,ＳＳ,60,810052,4,-2,-6,4,人系／特撮系
8885,仮面ライダーブレイドキングフォーム,0,500,130,55,65,700,15,3595,3595,3595,3595,3595,13210,強7,ＳＳ,70,5845650,4,-4,-6,-2,人系／特撮系
8886,ミレニアム,0,1320,67,70,110,1400,200,1700,2700,1300,1500,2300,1000,－,ＬＬ,100,900000,-5,-5,3,3,艦船系／機動戦士ガンダムSEED FREEDOM
8887,仮面ライダースカル,0,250,45,60,70,480,12,496,496,496,496,496,1496,強4,ＳＳ,38,79200,4,0,-6,-2,人系／スパロボシリーズ
8888,仮面ライダーアクセル,0,405,68,67,65,630,12,1906,1906,1906,1906,1906,1906,強5,ＳＳ,58,542400,4,-2,-6,-2,人系／特撮系
8889,仮面ライダーアクセル(BF) ,1,405,40,100,67,630,12,1906,1906,1906,1906,1906,1906,強5,ＳＳ,58,0,5,-6,-6,-6,人系／特撮系
8890,仮面ライダーアクセルトライアル,0,350,30,145,75,660,10,3336,3336,3336,3336,3336,3336,強5,ＳＳ,58,1114400,5,-2,-6,2,人系／特撮系
8891,アラクノガンダム,0,408,58,80,64,420,16,180,230,160,140,140,10,強1,Ｍ,42,18010,3,-3,2,-3,MS系／ガンダム系／機動武闘伝Gガンダム
8892,ネモ・ディフェンサー,0,366,35,74,70,430,18,140,150,0,80,0,65,－,Ｍ,39,16000,2,-3,2,-4,MS系／ジム系／エウーゴ・カラバ／アドバンス・オブ・ゼータ
8893,アドバンスド・ハイザック,0,396,37,85,65,440,18,0,0,0,100,0,80,－,Ｍ,41,10810,2,-3,2,-4,MS系／ザク系／連邦軍・ティターンズ・地球連合／アドバンス・オブ・ゼータ
8894,アドバンスド・マラサイ,0,410,41,89,70,395,17,145,145,145,145,0,80,－,Ｍ,41,12350,2,-3,2,-3,MS系／連邦軍・ティターンズ・地球連合／アドバンス・オブ・ゼータ
8895,仮面ライダーV3,0,250,39,70,80,560,12,300,300,300,300,0,1300,強5,ＳＳ,44,40000,4,-1,-6,1,人系／特撮系
8896,黄金バット,0,370,60,45,60,600,10,160,110,120,120,0,1930,NT7,ＳＳ,46,9115000,3,0,-5,2,人系／特撮系
8897,仮面ライダーギャレン,0,350,48,65,63,515,12,1527,1527,1527,1527,1527,2527,強4,ＳＳ,55,584052,4,-2,-6,-4,人系／特撮系
8898,仮面ライダーギャレンジャックフォーム,0,365,48,85,65,615,12,345,345,345,345,345,3345,強5,ＳＳ,60,1160000,4,-2,-6,3,人系／特撮系
8899,仮面ライダーギャレンブロークンヘッド ,1,365,8,45,65,615,12,345,345,345,345,345,3345,強5,ＳＳ,60,0,2,0,-6,-4,人系／特撮系
8900,仮面ライダーカリス,0,370,50,74,63,500,12,656,656,656,656,656,2656,強5,ＳＳ,56,810052,4,-2,-6,-4,人系／特撮系
8901,仮面ライダーワイルドカリス,0,450,58,93,70,700,15,3595,3595,3595,3595,3595,13210,強5,ＳＳ,68,5845650,5,-2,-6,-4,人系／特撮系
8902,ヘリオス,0,633,37,82,99,570,30,300,250,300,0,285,320,NT3,Ｌ,56,1260040,-5,-5,3,-5,MA系／ジオン・ネオジオン軍・ザフト／アドバンス・オブ・ゼータ
8903,ヘリオス(格闘戦形態) ,1,633,37,82,99,570,30,300,250,300,0,285,320,NT3,Ｌ,56,0,-5,-5,3,-5,MA系／ジオン・ネオジオン軍・ザフト／アドバンス・オブ・ゼータ
8904,ヘリオス・マリナー,0,633,37,82,99,570,30,300,250,300,0,285,220,NT3,Ｌ,56,1260040,-5,3,-5,-5,MA系／ジオン・ネオジオン軍・ザフト／アドバンス・オブ・ゼータ
8905,ヘリオス・マリナー(格闘戦形態) ,1,633,37,82,99,570,30,300,250,300,0,285,220,NT3,Ｌ,56,0,-5,3,-5,-5,MA系／ジオン・ネオジオン軍・ザフト／アドバンス・オブ・ゼータ
8906,七色仮面,0,50,18,55,50,300,10,80,80,70,70,70,1959,－,ＳＳ,11,8510,1,-5,-5,-5,人系／特撮系
8907,月光仮面,0,150,30,70,60,400,10,90,90,100,100,70,1958,－,ＳＳ,21,224300,1,-5,-5,-4,人系／特撮系
8908,仮面ライダーキバ,0,348,40,70,70,698,12,1980,1980,1980,1980,1980,1980,強5,ＳＳ,52,98280000,4,3,-6,3,人系／特撮系
8909,仮面ライダーキバエンペラーフォーム,0,420,45,75,76,698,15,2980,2980,2980,2980,2980,11980,強7,ＳＳ,65,14180000,4,3,-6,3,人系／特撮系
8910,ジムIIIエウリュアレ,0,385,39,80,80,350,18,140,165,150,150,150,100,NT4,Ｍ,29,23160,2,-3,2,-4,MS系／ジム系／連邦軍・ティターンズ・地球連合／機動戦士ガンダムF90
8911,ドムIII,0,456,54,85,62,530,20,300,300,100,100,0,150,－,Ｍ,47,52020,4,-3,-5,-5,MS系／ジオン・ネオジオン軍・ザフト／アドバンス・オブ・ゼータ／量産機
8912,Xライダー,0,280,48,75,85,620,12,500,500,500,500,500,3700,強5,ＳＳ,50,230000,4,5,-6,1,人系／特撮系
8913,ヒート・ドーパント,0,290,36,65,55,510,12,1110,1110,1110,1110,1110,1110,強5,ＳＳ,40,260000,4,-6,-6,-2,人系／特撮系
8914,ガルスS,0,445,46,86,64,525,19,290,325,340,110,0,150,－,Ｍ,46,41620,2,-3,2,-4,MS系／ジオン・ネオジオン軍・ザフト／アドバンス・オブ・ゼータ
8915,シティ7,0,1680,38,10,100,700,100,1350,1350,1350,1350,1350,70000,－,ＸＬ,70,6999280000,-6,-6,2,2,艦船系／マクロスシリーズ
8916,グランバーザム,0,477,41,83,65,425,19,150,175,175,180,0,150,－,Ｍ,30,15630,3,-4,0,-4,MS系／連邦軍・ティターンズ・地球連合／量産機／アドバンス・オブ・ゼータ
8917,グランバーザムII,0,530,42,92,74,425,20,170,195,195,190,0,160,NT2,Ｍ,31,22000,3,-4,0,-4,MS系／ジオン・ネオジオン軍・ザフト／アドバンス・オブ・ゼータ
8918,エイトマン,0,140,30,130,80,350,8,888,888,888,888,888,1963,強7,ＳＳ,32,500000,4,-3,-3,-5,人系
8919,ジェッター,0,90,15,60,80,200,8,520,520,520,520,520,1965,NT7,ＳＳ,25,1880000,4,-3,-5,2,人系
8920,ガ・ゾウムマリンタイプ,0,346,35,74,50,376,18,0,200,200,200,0,65,－,Ｍ,36,23040,0,3,-5,-5,MS系／ジオン・ネオジオン軍・ザフト／量産機／アドバンス・オブ・ゼータ
8921,ガ・ゾウムマリンタイプ(MA) ,1,346,35,74,50,376,18,0,200,200,200,0,65,－,Ｍ,36,0,-5,4,-5,-5,MA系／ジオン・ネオジオン軍・ザフト／量産機／アドバンス・オブ・ゼータ
8922,コルト専用ガ・ゾウムマリンタイプ,0,356,38,76,50,376,18,0,200,200,200,0,65,－,Ｍ,37,43040,0,3,-5,-5,MS系／ジオン・ネオジオン軍・ザフト／専用機／アドバンス・オブ・ゼータ
8923,コルト専用ガ・ゾウムマリンタイプ(MA) ,1,356,38,76,50,376,18,0,200,200,200,0,65,－,Ｍ,37,0,-5,4,-5,-5,MA系／ジオン・ネオジオン軍・ザフト／専用機／アドバンス・オブ・ゼータ
8924,デルタカイカイ,0,468,62,125,80,560,19,1270,1290,1320,1320,1320,150,NT6,Ｍ,52,122030,2,-4,2,-4,MS系／連邦軍・ティターンズ・地球連合／オリジナル系
8925,デルタカイカイ(WR) ,1,468,58,115,80,560,19,1270,1290,1320,1320,1320,150,NT6,Ｍ,52,0,-6,-6,4,4,MA系／連邦軍・ティターンズ・地球連合／オリジナル系
8926,ゆっこ,0,50,5,30,85,200,8,3000,3000,10000,3000,3000,2011,－,ＳＳ,5,147780000,3,-4,-5,-5,人系
8927,赤座あかり,0,40,5,20,200,200,8,3000,3000,3000,3000,3000,2011,－,ＳＳ,5,119280000,3,-4,-5,-4,人系
8928,千反田える,0,45,5,25,200,200,8,3000,3000,3000,3000,3000,2011,－,ＳＳ,5,208280000,3,-4,-5,-5,人系
8929,宮内れんげ,0,30,5,20,50,200,8,3000,3000,3000,3000,3000,2013,－,ＳＳ,5,175280000,3,-4,-5,-5,人系
8930,ガンダムマグナート,0,456,54,90,70,520,16,210,210,210,210,210,100,強5,Ｍ,48,40020,3,0,2,-4,MS系／ガンダム系／機動武闘伝Gガンダム
8931,パイシーズ(巡航形態) ,1,380,33,70,53,280,15,0,150,100,120,100,10,－,Ｍ,31,0,-5,4,-6,-6,MS系／新機動戦記ガンダムW
8932,ジョー,0,290,40,90,70,590,10,900,900,900,900,900,1964,強7,ＳＳ,45,565600,4,0,-1,2,人系
8933,MS少女パーフェクトガンダム,0,416,43,52,75,461,18,210,220,185,190,190,570,－,ＳＳ,31,37720,2,-4,2,-4,MS系／ガンダム系／連邦軍・ティターンズ・地球連合／人系
8934,サイクロン・ドーパント,0,269,32,70,77,496,12,3196,3196,3196,3196,3196,3196,強5,ＳＳ,40,1058400,2,0,-6,4,人系／特撮系
8935,ベロナ,0,120,30,60,40,180,10,0,20,20,0,0,50,－,Ｓ,19,5010,2,-4,3,-5,MS系／その他／量産機／ターンAガンダム
8936,ザクIII強行偵察型,0,466,50,100,95,560,21,180,170,160,270,300,120,－,Ｍ,52,68020,0,-3,2,-4,MS系／ザク系／ジオン・ネオジオン軍・ザフト／アドバンス・オブ・ゼータ
8937,ズサブースター・マリンタイプ,0,380,35,74,52,400,18,100,130,90,40,135,90,－,Ｍ,32,14000,-5,3,-5,-5,MS系／ジム系／連邦軍・ティターンズ・地球連合／アドバンス・オブ・ゼータ
8938,ゴルソドラン,0,878,71,92,50,854,20,210,210,200,200,180,300,強5,Ｍ,74,122150,2,-4,1,3,その他／勇者・エルドランシリーズ
8939,ルナ・ドーパント,0,397,54,42,67,667,12,1670,1670,1670,1670,1670,1670,強5,ＳＳ,40,448000,3,-2,-6,-4,人系／特撮系
8940,クィンリィ,0,500,59,122,70,514,22,300,300,300,300,300,220,－,Ｍ,42,82310,-5,-4,3,0,MS系／ガンダム系／連邦軍・ティターンズ・地球連合／アドバンス・オブ・ゼータ
8941,ミラージュガンダム,0,480,54,80,72,590,16,230,90,160,240,240,50,NT4,Ｍ,51,28000,3,-1,2,-4,MS系／ガンダム系／機動武闘伝Gガンダム
8942,キングゴジュラス,0,960,92,80,90,800,26,500,550,480,400,400,1990,強5,Ｍ,89,398280000,3,3,0,0,その他／ゾイドシリーズ／スパロボシリーズ
8943,タコ,0,496,76,5,75,400,11,120,150,160,160,150,200,－,Ｓ,38,134030,2,-5,-5,-5,スパロボシリーズ／車輌・戦闘機系
8944,GAU仕様ウーンドウォート,0,548,56,93,70,478,18,300,300,300,300,300,300,－,Ｍ,50,54820,0,-3,2,2,MS系／ガンダム系／連邦軍・ティターンズ・地球連合／アドバンス・オブ・ゼータ
8945,ドラグーンストライク,0,408,41,83,40,424,30,180,240,100,120,80,150,－,Ｍ,43,15000,2,-4,4,3,MS系／ガンダム系／ガンダムSEED DESTINY
8946,ライダーマン,0,200,30,60,65,470,12,400,400,400,300,200,1973,－,ＳＳ,32,14000,4,-2,-6,-2,人系／特撮系
8947,スカイマックス,0,360,40,80,60,500,10,120,120,120,110,100,50,強5,Ｓ,42,20020,3,-2,2,2,その他／勇者・エルドランシリーズ
8948,ダッシュマックス,0,384,46,65,60,500,10,120,120,120,110,100,50,強5,Ｓ,42,20020,3,-2,2,-4,その他／勇者・エルドランシリーズ
8949,ドリルマックス,0,396,50,60,60,500,10,120,120,120,110,100,50,強5,Ｓ,42,20020,3,-2,2,-4,その他／勇者・エルドランシリーズ
8950,ゴッドマックス,0,685,60,80,60,770,22,520,520,520,510,500,100,強5,Ｍ,64,110030,3,0,3,3,その他／勇者・エルドランシリーズ
8951,ガンダムグリープ(MA) ,1,540,50,105,76,730,25,250,250,250,240,240,130,－,Ｍ,60,0,0,-5,3,3,MA系／ガンダム系／G-UNIT
8952,ハイザック試作型,0,370,32,72,65,210,18,0,0,0,100,0,50,－,Ｍ,31,15010,2,-3,2,-5,MS系／ザク系／連邦軍・ティターンズ・地球連合／アドバンス・オブ・ゼータ
8953,マリン・ハイザック試作型,0,370,32,72,65,210,18,0,0,0,100,0,50,－,Ｍ,31,15010,2,3,-5,-5,MS系／ザク系／連邦軍・ティターンズ・地球連合／アドバンス・オブ・ゼータ
8954,フェンリス・ヴォルフ,0,498,56,114,60,478,22,180,190,170,200,0,100,強5,Ｍ,42,52000,2,-3,2,-4,MS系／ジオン・ネオジオン軍・ザフト／量産機／アドバンス・オブ・ゼータ
8955,01ガンダム,0,390,35,72,68,400,18,190,190,130,130,0,100,NT2,Ｍ,41,11800,2,-1,2,-1,MS系／ガンダム系／ジオン・ネオジオン軍・ザフト／機動戦士Gundam GQuuuuuuX
8956,ソードブレイカー,0,700,55,70,190,770,200,500,500,500,500,500,400,強5,ＬＬ,60,230030,-5,-5,3,3,艦船系／スパロボシリーズ
8957,地上侵略装備仕様イカ娘,0,60,4,30,50,160,9,100,100,100,100,100,2010,－,ＳＳ,13,114280000,0,5,-5,2,人系
8958,邪王真眼Zwei仕様小鳥遊六花,0,60,8,68,108,680,9,600,800,6000,800,680,2011,NT9,ＳＳ,38,121570000,5,0,0,1,人系
8959,シュバルツゼクスPTMk-V改仕様小鳥遊六花,0,60,8,68,68,680,9,600,800,6000,800,680,2011,NT9,ＳＳ,30,121570000,5,0,0,1,人系
8960,ヤールングレイプル仕様凸守早苗,0,55,8,70,65,680,9,600,800,7000,800,680,2011,NT9,ＳＳ,35,121570000,5,0,0,1,人系
8961,小吉さんMk-II仕様越谷小鞠,0,58,8,70,150,250,9,600,800,6000,800,680,2013,－,ＳＳ,9,175280000,5,-5,-5,0,人系
8962,鉄矢連射補助装置装備仕様白井黒子,0,60,8,70,70,340,10,161,45,78,56,79,2009,強5,ＳＳ,24,145550000,2,-3,-6,-4,人系
8963,レギオス・オメガ,0,432,33,105,80,500,15,170,170,170,170,170,100,－,Ｓ,47,80030,-5,-5,3,3,スパロボシリーズ／車輌・戦闘機系／量産機
8964,レギオス・オメガ(D) ,1,432,35,95,80,500,15,170,170,170,170,170,100,－,Ｓ,47,0,3,0,3,2,その他／スパロボシリーズ／量産機
8965,レギオス・オメガ(S) ,1,432,37,100,80,500,15,170,170,170,170,170,100,－,Ｓ,47,0,3,-5,3,-5,その他／スパロボシリーズ／量産機
8966,ジ・Oクロス,0,625,75,125,92,600,30,1240,1200,1200,1200,1200,550,NT3,Ｍ,61,290030,-5,-3,4,-5,MA系／連邦軍・ティターンズ・地球連合
8967,リバースターンX,0,630,70,125,83,780,20,200,200,150,160,150,220,強5,Ｍ,63,380040,0,-4,3,0,MS系／ガンダム系／ガンダムビルドシリーズ
8968,フェイクνガンダム,0,520,50,111,92,540,22,260,230,210,220,210,150,強5,Ｍ,40,170030,2,-5,3,-4,MS系／ガンダム系／連邦軍・ティターンズ・地球連合／ガンダムビルドシリーズ
8969,リインフォース,0,200,20,80,75,510,10,300,300,300,300,300,810,NT5,ＳＳ,35,740000,3,-4,-3,3,人系
8970,ボランゾルン,0,650,80,102,80,700,40,500,500,500,500,500,500,NT6,Ｌ,60,170000,0,-2,-5,4,その他／バンプレストオリジナル
8971,バーベイン,0,440,43,89,65,425,18,180,180,200,200,180,30,－,Ｍ,41,24000,-5,-5,3,-3,MS系／連邦軍・ティターンズ・地球連合／アドバンス・オブ・ゼータ
8972,ガルムレイド・ブレイズ,0,760,62,80,80,730,30,300,310,330,260,200,90,－,Ｌ,68,200030,3,-4,3,2,その他／バンプレストオリジナル
8973,アルバーダ専用量産型ゲシュペンストMk-II改,0,444,50,85,85,560,21,280,300,250,235,235,150,－,Ｍ,50,80030,3,0,3,0,その他／量産機／専用機／バンプレストオリジナル
8974,アルバーダ専用量産型ゲシュペンストMk-II改G,0,444,44,90,85,560,21,280,300,250,235,235,100,－,Ｍ,50,80030,3,0,3,0,その他／量産機／専用機／バンプレストオリジナル
8975,アルバーダ専用量産型ゲシュペンストMk-II改C,0,444,58,80,85,560,21,280,300,250,235,235,100,－,Ｍ,50,80030,3,0,3,0,その他／量産機／専用機／バンプレストオリジナル
8976,ビッグマイティ,0,612,90,45,50,600,50,220,200,200,200,200,150,－,Ｌ,54,200030,2,-2,0,-5,その他／スパロボシリーズ
8977,ウイングガンダムゼロEW仕様初音ミク,0,390,39,39,39,390,39,39,39,39,39,39,39,強5,ＳＳ,39,11780000,0,0,0,0,その他／スパロボシリーズ／人系
8978,GALAXY LIVE 2020仕様初音ミク,0,390,39,39,39,390,39,39,39,39,39,39,39,強5,ＳＳ,39,12780000,0,0,0,0,その他／スパロボシリーズ／人系
8979,SOLWA仕様初音ミク,0,390,39,39,39,390,39,39,39,39,39,39,39,強5,ＳＳ,39,10098000,0,0,0,0,その他／スパロボシリーズ／人系
8980,マカロン仕様初音ミク,0,390,39,39,39,390,39,39,39,39,39,39,39,強5,ＳＳ,39,1340000,0,0,0,0,その他／スパロボシリーズ／人系
8981,2022 Tropical Maid仕様レーシングミク,0,390,39,39,39,390,39,39,39,39,39,39,39,強5,ＳＳ,39,1340000,0,0,0,0,その他／スパロボシリーズ／人系
8982,ねんどろいど高山流水仕様初音ミク,0,390,39,39,39,390,39,39,39,39,39,39,39,強5,ＳＳ,39,2825500,0,0,0,0,その他／スパロボシリーズ／人系
8983,闇の書仕様リインフォース,0,460,50,80,90,800,10,2000,2000,4000,4000,4000,8344,強7,ＳＳ,63,740000,3,-2,2,3,人系
8984,トリガー・ドーパント,0,315,40,42,95,520,12,1065,1065,1065,1065,1065,1065,強5,ＳＳ,40,440000,5,-3,-6,-3,人系／特撮系
8985,LAMロックシンガー仕様初音ミク,0,390,39,39,39,390,39,39,39,39,39,39,39,強5,ＳＳ,39,5616000,0,0,0,0,その他／スパロボシリーズ／人系
8986,figma2022仕様レーシングミク,0,390,39,39,39,390,39,39,39,39,39,39,39,強5,ＳＳ,39,3825500,0,0,0,0,その他／スパロボシリーズ／人系
8987,ピエレッタ仕様初音ミク,0,390,39,39,39,390,39,39,39,39,39,39,39,強5,ＳＳ,39,1340000,0,0,0,0,その他／スパロボシリーズ／人系
8988,NT仕様初音ミク,0,390,39,39,39,390,39,39,39,39,39,39,39,強5,ＳＳ,39,9280000,0,0,0,0,その他／スパロボシリーズ／人系
8989,ライブ応援仕様初音ミク,0,390,39,39,39,390,39,39,39,39,39,39,39,強5,ＳＳ,39,1340000,0,0,0,0,その他／スパロボシリーズ／人系
8990,MIKU EXPO 2021 Online仕様初音ミク,0,390,39,39,39,390,39,39,39,39,39,39,39,強5,ＳＳ,39,16180000,0,0,0,0,その他／スパロボシリーズ／人系
8991,マジカルミライ10th仕様初音ミク,0,390,39,39,39,390,39,39,39,39,39,39,39,強5,ＳＳ,39,14180000,0,0,0,0,その他／スパロボシリーズ／人系
8992,ねんどろいどマジカルミライ10th仕様初音ミク,0,390,39,39,39,390,39,39,39,39,39,39,39,強5,ＳＳ,39,2825500,0,0,0,0,その他／スパロボシリーズ／人系
8993,ねんどろいどMIKU WITH YOU 2021仕様初音ミク,0,390,39,39,39,390,39,39,39,39,39,39,39,強5,ＳＳ,39,3734500,0,0,0,0,その他／スパロボシリーズ／人系
8994,高山流水仕様初音ミク,0,390,39,39,39,390,39,39,39,39,39,39,39,強5,ＳＳ,39,13571000,0,0,0,0,その他／スパロボシリーズ／人系
8995,Digital Stars 2021仕様初音ミク,0,390,39,39,39,390,39,39,39,39,39,39,39,強5,ＳＳ,39,14180000,0,0,0,0,その他／スパロボシリーズ／人系
8996,MY LITTLE PONY美少女仕様初音ミク,0,390,39,39,39,390,39,39,39,39,39,39,39,強5,ＳＳ,39,6280000,0,0,0,0,その他／スパロボシリーズ／人系
8997,シュープリーム仕様初音ミク,0,390,39,39,39,390,39,39,39,39,39,39,39,強5,ＳＳ,39,1340000,0,0,0,0,その他／スパロボシリーズ／人系
8998,真夏花火仕様初音ミク,0,390,39,39,39,390,39,39,39,39,39,39,39,強5,ＳＳ,39,14180000,0,0,0,0,その他／スパロボシリーズ／人系
8999,15th Anniversary仕様初音ミク,0,390,39,39,39,390,39,39,39,39,39,39,39,強5,ＳＳ,39,18975000,0,0,0,0,その他／スパロボシリーズ／人系
9000,ウイングガンダムゼロ・クロークドカスタム,0,547,60,118,84,763,16,250,230,220,220,210,300,強5,Ｍ,70,146990,3,-5,2,3,MS系／ガンダム系／新機動戦記ガンダムW
9001,天使の守護者装備仕様長門有希,0,50,8,40,150,300,6,160,154,78,56,0,2015,－,ＳＳ,25,153280000,1,-3,-6,-5,人系
9002,真ゲッタードラゴンブラック,0,706,65,116,65,605,38,300,300,270,270,270,300,－,Ｌ,61,126320,3,3,0,4,その他／スパロボシリーズ
9003,アーケイディア,0,2000,120,130,150,2500,22,5000,10000,5000,5000,5000,30000,強7,Ｍ,200,629280000,3,3,3,3,その他／スパロボシリーズ
9004,MS少女ハミングバード,0,448,50,118,80,532,17,210,200,180,210,170,500,NT1,ＳＳ,40,18270000,-5,-5,3,-4,MS系／ガンダム系／ガンダムセンチネル／人系
9005,MS少女ディープ・ストライカー,0,704,61,131,85,567,25,200,195,160,185,0,800,－,Ｓ,73,36255000,-6,-6,5,-6,MS系／ガンダム系／ガンダムセンチネル／人系
9006,バーベイン・ラーII ,1,480,43,91,68,465,18,220,220,200,200,180,30,－,Ｍ,42,0,-5,-5,3,-3,MS系／連邦軍・ティターンズ・地球連合／アドバンス・オブ・ゼータ
9007,メタル・ドーパント,0,418,100,46,50,450,12,1326,1326,1326,1326,1326,1326,強5,ＳＳ,40,327800,5,-3,-6,-3,人系／特撮系
9008,MS少女Ex-Sガンダム2,0,512,61,122,78,567,25,200,210,230,250,260,500,－,ＳＳ,62,82055000,2,-4,2,-4,MS系／ガンダム系／連邦軍・ティターンズ・地球連合／ガンダムセンチネル
9009,グラビリオン,0,900,46,90,80,800,80,1280,1280,1260,1260,1270,400,－,Ｌ,70,298400,0,-6,3,2,その他／バンプレストオリジナル
9010,ソルグラビリオン,0,1600,46,90,100,1000,80,2280,2280,2260,2260,2270,600,－,Ｌ,80,1071200,0,-6,3,2,その他／バンプレストオリジナル
9011,ゲシュペンストMk-III,0,420,43,100,60,350,21,250,250,270,220,200,70,－,Ｍ,40,34020,5,-3,3,-4,その他／量産機／バンプレストオリジナル
9012,アインストヴォルフ,0,1800,53,100,60,900,100,3250,3250,3270,3220,3200,600,－,ＬＬ,87,12785000,3,-3,3,0,その他／量産機／バンプレストオリジナル
9013,ガウ＝ラ・フューリア,0,4000,80,15,150,3000,500,2000,1000,1000,1000,1000,24000,強5,ＸＬ,200,2999280000,-6,-6,-3,-6,艦船系／マクロスシリーズ
9014,PHANTACi仕様ストライクフリーダム,0,548,55,122,90,720,18,370,400,250,270,250,250,強5,Ｍ,67,106490,1,-4,4,3,MS系／ガンダム系／オリジナル系
9015,Subculture仕様初音ミク,0,390,39,39,39,390,39,39,39,39,39,39,39,強5,ＳＳ,39,1340000,0,0,0,0,その他／スパロボシリーズ／人系
9016,ねんどろいど見返り美人仕様初音ミク,0,390,39,39,39,390,39,39,39,39,39,39,39,強5,ＳＳ,39,3280000,0,0,0,0,その他／スパロボシリーズ／人系
9017,39's Special Day仕様初音ミク,0,390,39,39,39,390,39,39,39,39,39,39,39,強5,ＳＳ,39,15280000,0,0,0,0,その他／スパロボシリーズ／人系
9018,NINJA仕様初音ミク,0,390,39,39,39,390,39,39,39,39,39,39,39,強5,ＳＳ,39,2580000,0,0,0,0,その他／スパロボシリーズ／人系
9019,figma冬麗仕様雪ミク,0,390,39,39,39,390,39,39,39,39,39,39,39,強5,ＳＳ,39,4689000,0,0,0,0,その他／スパロボシリーズ／人系
9021,Xタイプ仕様クラスターガンダム,0,440,54,115,105,735,20,280,260,260,270,230,200,NT2,Ｍ,58,52020,-2,-1,4,0,MS系／ガンダム系／連邦軍・ティターンズ・地球連合／シルエットフォーミュラ
9022,Xフォートレス ,1,440,54,105,105,735,20,280,260,260,270,230,200,NT2,Ｍ,58,0,-5,-5,4,2,MA系／ガンダム系／連邦軍・ティターンズ・地球連合／シルエットフォーミュラ
9023,キケロガ(GQ),0,480,30,70,75,630,32,175,0,0,0,170,100,NT2,Ｌ,50,86030,-5,-5,3,-5,MA系／ジオン・ネオジオン軍・ザフト／機動戦士Gundam GQuuuuuuX
9024,キケロガ(GQ)(MS) ,1,480,28,74,75,630,32,175,0,0,0,170,100,NT2,Ｌ,50,0,-5,-5,3,-5,MS系／ジオン・ネオジオン軍・ザフト／機動戦士Gundam GQuuuuuuX
9025,シャア専用ザク(GQ),0,345,24,50,54,320,18,0,30,0,30,0,200,－,Ｍ,28,7400,2,-3,2,-4,MS系／ザク系／ジオン・ネオジオン軍・ザフト／専用機／機動戦士Gundam GQuuuuuuX
9026,第4形態BM仕様ガンダム・バルバトス,0,408,36,77,90,424,18,360,360,360,360,360,160,強7,Ｍ,47,18790,3,-4,2,0,MS系／ガンダム系／鉄血のオルフェンズ
9027,ねんどろいどHappy 16th Birthday仕様初音ミク,0,390,39,39,39,390,39,39,39,39,39,39,39,強5,ＳＳ,39,3598000,0,0,0,0,その他／スパロボシリーズ／人系
9028,仮面ライダージョーカー,0,225,35,50,50,498,12,2010,2010,2010,2010,2010,2010,強7,ＳＳ,40,584000,5,-1,-6,-1,人系／特撮系
9029,海馬瀬人,0,30,2,20,80,150,7,0,7,0,0,0,1000,－,ＳＳ,21,101900,2,-2,-6,-4,人系
9030,青眼の白龍,0,960,70,90,90,900,20,3000,3000,2500,2500,2500,24000,NT7,Ｌ,80,69280000,2,-3,3,3,その他
9031,F-15Cイーグル,0,300,25,65,70,380,20,130,160,125,140,160,50,－,Ｍ,24,26020,-3,-5,-5,5,スパロボシリーズ／車輌・戦闘機系／量産機
9032,サタングロースP10,0,696,33,60,55,420,20,190,190,195,195,195,100,強6,Ｍ,38,32020,-5,-5,-5,3,その他／スパロボシリーズ
9033,MTV仕様初音ミク,0,390,39,39,39,390,39,39,39,39,39,39,39,強5,ＳＳ,39,11780000,0,0,0,0,その他／スパロボシリーズ／人系
9034,エクストリームガンダム・アイオス-F,0,580,42,105,105,600,20,500,500,400,400,400,150,NT5,Ｍ,60,92000,1,-2,3,3,MS系／ガンダム系／オリジナル系
9035,エクストリームガンダム・type-レオスIIVs.,0,580,48,115,100,650,20,1500,1500,1200,1200,1200,350,NT7,Ｍ,87,254000,3,-2,3,3,MS系／ガンダム系／オリジナル系
9036,トランゼクシア,0,340,44,53,55,360,14,0,0,0,0,0,200,－,ＳＳ,34,39600,4,-5,-5,-3,その他
9037,トランゼクシア(戦車形態) ,1,340,44,48,70,360,14,0,0,0,0,0,200,－,ＳＳ,34,0,5,-5,-5,-3,その他／車輌・戦闘機系
9038,シュトルムマイザー,0,400,54,65,60,450,14,0,0,0,0,0,500,強6,ＳＳ,41,79600,4,-5,-5,-2,その他
9039,シュトルムマイザー(戦車形態) ,1,400,50,60,70,450,14,0,0,0,0,0,500,強6,ＳＳ,41,0,5,-5,-5,-3,その他／車輌・戦闘機系
9040,シュトルムマイザー(砲戦形態) ,1,400,46,55,75,500,14,0,0,0,0,0,500,強6,ＳＳ,41,0,4,-5,-5,-2,その他／車輌・戦闘機系
9041,子ガンダム,0,384,35,70,58,408,18,130,130,130,130,0,10,－,Ｍ,38,11490,2,-1,2,-1,MS系／ガンダム系／連邦軍・ティターンズ・地球連合／オリジナル系
9042,丑ガンダム,0,384,35,70,58,408,18,130,130,130,130,0,20,－,Ｍ,38,11490,2,-1,2,-1,MS系／ガンダム系／連邦軍・ティターンズ・地球連合／オリジナル系
9043,クリスマス仕様初音ミク,0,390,39,39,39,390,39,39,39,39,39,39,39,強5,ＳＳ,39,1340000,0,0,0,0,その他／スパロボシリーズ／人系
9044,パンダ饅頭仕様初音ミク,0,390,39,39,39,390,39,39,39,39,39,39,39,強5,ＳＳ,39,3780000,0,0,0,0,その他／スパロボシリーズ／人系
9045,アーマディロリザード仕様サンドロック,0,431,50,71,76,487,16,250,230,220,220,210,150,－,Ｍ,45,18990,3,0,-4,-2,MS系／ガンダム系／新機動戦記ガンダムW
9046,96式艦戦,0,67,7,66,10,85,7,90,85,100,50,20,1,－,Ｍ,10,1300,-3,-5,-5,5,車輌・戦闘機系／量産機／艦これ
9047,零式艦戦32型,0,75,10,88,15,110,9,105,110,125,70,30,85,－,Ｍ,14,2200,-2,-5,-5,5,車輌・戦闘機系／量産機／艦これ
9048,零式艦戦52型,0,88,12,85,18,120,9,100,105,135,85,40,10,－,Ｍ,15,2400,-2,-5,-5,5,車輌・戦闘機系／量産機／艦これ
9049,零式艦戦62型,0,100,20,68,18,105,9,95,110,115,100,70,35,－,Ｍ,14,2900,-1,-5,-5,5,車輌・戦闘機系／量産機／艦これ
9050,97式艦攻,0,85,10,45,30,130,10,80,85,40,70,110,15,－,Ｍ,13,2200,-2,-5,-5,4,車輌・戦闘機系／量産機／艦これ
9051,天山,0,105,18,55,35,145,10,100,115,50,85,125,55,－,Ｍ,16,3500,-2,-5,-5,4,車輌・戦闘機系／量産機／艦これ
9052,覇界王ジェネシック,0,2500,130,92,120,1800,300,3030,3030,3030,3030,3030,18888,NT10,Ｌ,191,150780000,2,0,3,3,その他／勇者・エルドランシリーズ
9053,DiVE Armor仕様エックス,0,269,45,80,85,690,10,1690,1690,1690,4690,1690,6969,強7,ＳＳ,60,456400,4,1,2,0,人系
9054,DiVE Armor仕様アイリス,0,250,60,77,90,600,10,4690,1690,1690,1690,1690,6920,強7,ＳＳ,60,456800,3,0,2,3,人系
9055,DiVE Armor仕様ゼロ,0,280,40,96,72,540,10,1690,1690,4690,1690,1690,6900,強7,ＳＳ,60,456000,4,0,1,2,人系
9056,ロッグガン装備仕様スコープドッグ,0,250,14,65,60,300,10,0,0,150,150,0,150,－,ＳＳ,31,3030,5,-5,-5,-5,その他／ボトムズシリーズ／量産機
9057,ヴェスバー装着仕様Gキャノン,0,387,38,73,66,430,20,0,135,0,0,150,50,－,Ｍ,40,15150,2,-4,2,0,MS系／連邦軍・ティターンズ・地球連合／機動戦士ガンダムF91
9058,シャリア専用リック・ドム,0,390,40,72,56,300,18,0,0,90,90,0,250,－,Ｍ,36,14000,-4,-4,4,-5,MS系／ジオン・ネオジオン軍・ザフト／ドム系／専用機／機動戦士Gundam GQuuuuuuX
9059,RFケンプファー,0,516,80,100,68,450,18,0,0,465,465,0,280,－,Ｍ,50,28000,2,-3,3,-4,MS系／ジオン・ネオジオン軍・ザフト／機動戦士ガンダムF90
9060,メカポプ子,0,300,30,30,30,300,30,2025,1,2325,2325,2325,400,強5,Ｌ,67,980000,3,-2,0,0,その他
9061,メカポプ子(フォートレス),0,300,30,30,30,300,30,2025,1,2025,2025,2025,1400,強5,Ｍ,67,980000,-2,-2,3,3,その他
9062,グレートバリバリピピック,0,700,110,78,100,800,30,2025,1,2304,2305,2306,2000,強7,Ｌ,77,980000,1,-1,3,1,その他
9063,グスタフ・カール00型,0,432,56,113,78,460,18,150,175,150,150,150,50,－,Ｍ,37,52360,1,-3,2,-5,MS系／連邦軍・ティターンズ・地球連合／閃光のハサウェイ／量産機
9064,プロトタイプ高機動テストタイプザクII,0,275,21,50,42,300,18,0,80,80,80,0,40,－,Ｍ,17,6840,-4,-5,4,-4,MS系／ザク系／ジオン・ネオジオン軍・ザフト／MSV(モビルスーツバリエーション)
9065,グラヴァリン,0,800,95,74,100,1050,40,1500,1500,1500,1500,1500,1500,NT10,Ｌ,97,980000,3,0,3,2,スパロボシリーズ
9066,アリュゼウス,0,462,54,110,70,560,32,300,300,270,270,270,800,NT4,Ｍ,43,40200,-2,-5,3,3,MS系／ガンダム系／連邦軍・ティターンズ・地球連合／閃光のハサウェイ
9067,アリュゼウス(FF) ,1,462,54,90,70,560,32,300,300,270,270,270,800,NT4,Ｍ,43,0,-2,-5,3,3,MA系／ガンダム系／連邦軍・ティターンズ・地球連合／閃光のハサウェイ
9068,マーベリック専用メサイア,0,450,44,125,115,480,20,220,280,220,220,220,300,－,Ｍ,47,67000,-5,-5,3,3,マクロスシリーズ／車輌・戦闘機系／専用機
9069,マーベリック専用メサイア(G) ,1,450,40,114,115,480,20,220,280,220,220,220,300,－,Ｓ,47,0,2,2,2,2,その他／マクロスシリーズ／専用機
9070,マーベリック専用メサイア(B) ,1,450,49,105,95,480,20,220,280,220,220,220,300,－,Ｍ,47,0,3,-5,3,-1,その他／マクロスシリーズ／専用機
9071,ガウマン仕様メッサーM01型,0,432,56,113,72,460,23,150,280,240,260,260,50,－,Ｍ,37,52720,3,-3,2,-5,MS系／連邦軍・ティターンズ・地球連合／閃光のハサウェイ／量産機
9072,Digital Stars 2022仕様初音ミク,0,390,39,39,39,390,39,39,39,39,39,39,39,強5,ＳＳ,39,26280000,0,0,0,0,その他／スパロボシリーズ／人系
9073,2022仕様レーシングミク,0,390,39,39,39,390,39,39,39,39,39,39,39,強5,ＳＳ,39,14189000,0,0,0,0,その他／スパロボシリーズ／人系
9074,ハンブラビ(GQ),0,420,50,111,67,458,19,170,170,150,140,0,160,－,Ｍ,46,116000,2,-3,2,-4,MS系／連邦軍・ティターンズ・地球連合／機動戦士Gundam GQuuuuuuX
9075,ハンブラビ(GQ)(MA) ,1,420,50,117,67,458,19,170,170,150,140,0,160,－,Ｍ,46,0,-5,-5,4,3,MA系／連邦軍・ティターンズ・地球連合／機動戦士Gundam GQuuuuuuX
9076,グラビティカノン仕様ウルトラザウルス,0,1600,70,20,120,800,100,3000,4000,3000,4000,4000,3840,－,ＬＬ,107,20260000,2,0,-5,-5,その他／ゾイドシリーズ
9077,宇宙仕様キハール,0,384,50,70,58,350,20,250,250,190,190,0,550,－,Ｍ,37,41714,-5,-5,3,-5,MS系／連邦軍・ティターンズ・地球連合／アドバンス・オブ・ゼータ
9078,宇宙仕様キハール(MA) ,1,384,46,80,58,350,20,250,250,190,190,0,550,－,Ｍ,37,0,-5,-5,3,-5,MA系／連邦軍・ティターンズ・地球連合／アドバンス・オブ・ゼータ
9079,ダンデヴァイン,0,650,70,65,62,700,30,300,300,250,250,250,470,－,Ｍ,60,5267000,2,-4,1,3,その他／勇者・エルドランシリーズ
9080,マガツイカルガ,0,470,48,112,68,1100,18,420,380,400,440,480,2530,NT10,Ｍ,74,8472600,2,-4,1,4,その他／スパロボシリーズ
9081,魔人ブウ,0,820,50,80,85,820,17,3000,3000,3000,3000,3000,70900,NT5,ＳＳ,131,2054845000,4,0,2,1,人系
9082,魔人ブウ(純粋悪),0,820,45,85,85,820,17,3000,3000,3000,3000,3000,6000,NT5,ＳＳ,131,549280000,4,0,2,1,人系
9083,魔人ブウ(悪),0,820,55,88,85,820,17,4000,4000,4000,4000,4000,9000,NT5,ＳＳ,131,949280000,5,0,3,2,人系
9084,2021水着仕様サウスダコタ,0,790,93,28,48,750,207,810,0,400,0,200,100,－,ＬＬ,74,596120,0,3,-9,-3,艦船系／人系／艦これ
9085,2021水着仕様サウスダコタ改,0,910,108,36,60,750,207,860,0,580,0,360,100,－,ＬＬ,81,644120,0,3,-9,-3,艦船系／人系／艦これ
9086,2021水着仕様ワシントン,0,810,91,26,46,808,222,297,0,273,0,267,100,－,ＬＬ,77,572120,0,3,-9,-3,艦船系／人系／艦これ
9087,2021水着仕様ワシントン改,0,930,104,35,62,808,222,321,0,318,0,324,100,－,ＬＬ,83,602120,0,3,-9,-3,艦船系／人系／艦これ
9088,2021水着仕様高波改二,0,330,53,48,58,500,119,80,150,100,150,60,100,－,ＬＬ,49,22060,0,3,-9,-5,艦船系／人系／艦これ
9089,2021水着仕様迅鯨,0,320,28,13,38,1040,125,60,0,120,0,110,100,－,ＬＬ,62,28060,0,3,-9,-3,艦船系／人系／艦これ
9090,2021水着欧州遠征仕様迅鯨,0,320,28,13,38,1040,125,60,0,120,0,110,100,－,ＬＬ,62,28060,0,3,-9,-3,艦船系／人系／艦これ
9091,2021浴衣仕様第四号海防艦,0,80,15,39,11,450,69,30,0,50,300,180,100,－,ＬＬ,32,12030,0,3,-9,-4,艦船系／人系／艦これ
9092,夏のお嬢さん仕様丹陽,0,350,60,65,50,500,118,680,560,880,600,1000,100,－,ＬＬ,51,19530,0,3,-9,-5,艦船系／人系／艦これ
9093,2021水着仕様由良改二,0,450,67,43,63,500,162,70,125,180,245,80,100,－,ＬＬ,54,43060,0,3,-9,-4,艦船系／人系／艦これ
9094,2021水着仕様ホノルル,0,380,39,32,65,800,185,290,0,260,0,150,100,－,ＬＬ,60,92090,0,3,-9,-4,艦船系／人系／艦これ
9095,魔人ブウ(純粋),0,820,50,94,81,820,17,5000,5000,5000,5000,5000,11000,NT10,ＳＳ,131,1149280000,5,0,5,5,人系
9096,バルテウス,0,1100,125,70,95,800,45,1900,2600,1800,3200,3600,790,強4,Ｍ,100,1780000,1,-4,3,5,その他／スパロボシリーズ
9097,ガンダムF89,0,407,34,106,90,522,20,270,250,270,280,230,30,NT3,Ｍ,47,32780,2,-3,2,0,MS系／ガンダム系／連邦軍・ティターンズ・地球連合
9098,第4形態ライフル砲仕様ガンダム・バルバトス,0,408,36,77,90,424,18,360,360,360,360,360,160,強7,Ｍ,47,18790,-1,-4,3,0,MS系／ガンダム系／鉄血のオルフェンズ
9099,星街すいせい仕様サザビー,0,482,50,94,85,534,25,210,240,200,180,0,100,NT5,Ｍ,40,32980,2,-4,3,-5,MS系／ジオン・ネオジオン軍・ザフト／オリジナル系
9100,さくらみこ仕様νガンダム,0,474,47,101,92,519,22,260,230,210,220,210,100,NT4,Ｍ,40,36640,2,-5,3,-4,MS系／ガンダム系／連邦軍・ティターンズ・地球連合／オリジナル系
9101,ゴルドリーオ,0,510,48,76,70,432,11,1100,1100,1100,1100,0,200,NT7,Ｓ,56,19830,3,-3,-4,-5,その他／スパロボシリーズ
9102,ジルバティーガ,0,510,48,76,70,432,11,1100,1100,1100,1100,0,200,NT7,Ｓ,56,19830,3,-3,-4,-5,その他／スパロボシリーズ
9104,ヴァルライン,0,520,50,92,68,580,25,1100,1100,1100,1100,1100,400,強5,Ｍ,58,28000,3,-3,3,1,その他／スパロボシリーズ
9105,新地球連邦軍仕様ガンダムダブルエックス,0,580,60,108,70,763,17,280,270,230,270,210,200,NT2,Ｍ,62,78940,2,-2,3,0,MS系／ガンダム系／連邦軍・ティターンズ・地球連合／機動新世紀ガンダムX
9106,コン・バトラーV6,0,870,54,55,70,918,57,1400,1400,1500,1400,1400,150,－,Ｌ,64,170300,2,2,2,2,その他／スパロボシリーズ
9107,ゲルググR,0,320,31,63,58,372,19,0,165,165,165,0,30,－,Ｍ,24,10860,0,-4,3,-4,MS系／ジオン・ネオジオン軍・ザフト／量産機
9108,V2アサルトバスターキャノン,0,510,54,106,95,593,18,1400,1200,1200,1500,1600,100,－,Ｍ,69,58240,2,-2,1,1,MS系／ガンダム系／機動戦士Vガンダム／リガ・ミリティア
9109,ギャン(GQ),0,475,45,85,75,550,18,160,150,140,120,110,80,NT6,Ｍ,49,18000,2,-5,5,1,MS系／ギャン系／ジオン・ネオジオン軍・ザフト／専用機／機動戦士Gundam GQuuuuuuX
9110,セイラ専用軽キャノン,0,350,36,57,71,375,18,0,0,0,195,95,150,－,Ｍ,36,13100,2,-1,2,-1,MS系／連邦軍・ティターンズ・地球連合／専用機／機動戦士Gundam GQuuuuuuX
9111,量産型ルカ専用ザク,0,275,21,43,42,300,18,0,30,0,30,0,10,－,Ｍ,17,6750,2,-3,2,-4,MS系／ザク系／ジオン・ネオジオン軍・ザフト／量産機／専用機
9112,ガンダムジリウス,0,530,62,123,75,800,20,1000,1000,800,800,800,200,－,Ｍ,60,200000,0,-3,3,0,MS系／ガンダム系